v 3.469446951953614e-18 0.0624 0.0
v -0.0009184999999999966 0.062217400000000006 0.0
v -0.0009184999999999966 0.062217400000000006 0.008
v 3.469446951953614e-18 0.0624 0.008
v -0.0016969999999999971 0.061697 0.0
v -0.0016969999999999971 0.061697 0.008
v -0.002217399999999997 0.0609185 0.0
v -0.002217399999999997 0.0609185 0.008
v -0.0023999999999999968 0.06 0.0
v -0.0023999999999999968 0.06 0.008
v -0.002217399999999997 0.059081499999999995 0.0
v -0.002217399999999997 0.059081499999999995 0.008
v -0.0016969999999999971 0.058302999999999994 0.0
v -0.0016969999999999971 0.058302999999999994 0.008
v -0.0009184999999999966 0.0577826 0.0
v -0.0009184999999999966 0.0577826 0.008
v 3.469446951953614e-18 0.0576 0.0
v 3.469446951953614e-18 0.0576 0.008
v 0.0009185000000000026 0.0577826 0.0
v 0.0009185000000000026 0.0577826 0.008
v 0.001697000000000004 0.058302999999999994 0.0
v 0.001697000000000004 0.058302999999999994 0.008
v 0.002217400000000003 0.059081499999999995 0.0
v 0.002217400000000003 0.059081499999999995 0.008
v 0.002400000000000003 0.06 0.0
v 0.002400000000000003 0.06 0.008
v 0.002217400000000003 0.0609185 0.0
v 0.002217400000000003 0.0609185 0.008
v 0.001697000000000004 0.061697 0.0
v 0.001697000000000004 0.061697 0.008
v 0.0009185000000000026 0.062217400000000006 0.0
v 0.0009185000000000026 0.062217400000000006 0.008
v 3.469446951953614e-18 0.0632 0.0
v -0.0012245999999999967 0.0629565 0.0
v -0.0012245999999999967 0.0629565 0.008
v 3.469446951953614e-18 0.0632 0.008
v -0.002262699999999997 0.062262700000000004 0.0
v -0.002262699999999997 0.062262700000000004 0.008
v -0.0029564999999999965 0.061224600000000004 0.0
v -0.0029564999999999965 0.061224600000000004 0.008
v -0.003199999999999997 0.06 0.0
v -0.003199999999999997 0.06 0.008
v -0.0029564999999999965 0.058775400000000005 0.0
v -0.0029564999999999965 0.058775400000000005 0.008
v -0.002262699999999997 0.057737300000000005 0.0
v -0.002262699999999997 0.057737300000000005 0.008
v -0.0012245999999999967 0.0570435 0.0
v -0.0012245999999999967 0.0570435 0.008
v 3.469446951953614e-18 0.0568 0.0
v 3.469446951953614e-18 0.0568 0.008
v 0.0012246000000000028 0.0570435 0.0
v 0.0012246000000000028 0.0570435 0.008
v 0.002262700000000003 0.057737300000000005 0.0
v 0.002262700000000003 0.057737300000000005 0.008
v 0.0029565000000000025 0.058775400000000005 0.0
v 0.0029565000000000025 0.058775400000000005 0.008
v 0.003200000000000003 0.06 0.0
v 0.003200000000000003 0.06 0.008
v 0.0029565000000000025 0.061224600000000004 0.0
v 0.0029565000000000025 0.061224600000000004 0.008
v 0.002262700000000003 0.062262700000000004 0.0
v 0.002262700000000003 0.062262700000000004 0.008
v 0.0012246000000000028 0.0629565 0.0
v 0.0012246000000000028 0.0629565 0.008
v -0.003199999999999997 0.06 0.0
v -0.0023999999999999968 0.06 0.0
v -0.002217399999999997 0.059081499999999995 0.0
v -0.0029564999999999965 0.058775400000000005 0.0
v -0.0016969999999999971 0.058302999999999994 0.0
v -0.002262699999999997 0.057737300000000005 0.0
v -0.0009184999999999966 0.0577826 0.0
v -0.0012245999999999967 0.0570435 0.0
v 3.469446951953614e-18 0.0576 0.0
v 3.469446951953614e-18 0.0568 0.0
v 0.0009185000000000026 0.0577826 0.0
v 0.0012246000000000028 0.0570435 0.0
v 0.001697000000000004 0.058302999999999994 0.0
v 0.002262700000000003 0.057737300000000005 0.0
v 0.002217400000000003 0.059081499999999995 0.0
v 0.0029565000000000025 0.058775400000000005 0.0
v 0.002400000000000003 0.06 0.0
v 0.003200000000000003 0.06 0.0
v 0.002217400000000003 0.0609185 0.0
v 0.0029565000000000025 0.061224600000000004 0.0
v 0.001697000000000004 0.061697 0.0
v 0.002262700000000003 0.062262700000000004 0.0
v 0.0009185000000000026 0.062217400000000006 0.0
v 0.0012246000000000028 0.0629565 0.0
v 3.469446951953614e-18 0.0624 0.0
v 3.469446951953614e-18 0.0632 0.0
v -0.0009184999999999966 0.062217400000000006 0.0
v -0.0012245999999999967 0.0629565 0.0
v -0.0016969999999999971 0.061697 0.0
v -0.002262699999999997 0.062262700000000004 0.0
v -0.002217399999999997 0.0609185 0.0
v -0.0029564999999999965 0.061224600000000004 0.0
v 3.469446951953614e-18 0.054400000000000004 0.0
v -0.0009184999999999966 0.0542174 0.0
v -0.0009184999999999966 0.0542174 0.008
v 3.469446951953614e-18 0.054400000000000004 0.008
v -0.0016969999999999971 0.053696999999999995 0.0
v -0.0016969999999999971 0.053696999999999995 0.008
v -0.002217399999999997 0.05291849999999999 0.0
v -0.002217399999999997 0.05291849999999999 0.008
v -0.0023999999999999968 0.052000000000000005 0.0
v -0.0023999999999999968 0.052000000000000005 0.008
v -0.002217399999999997 0.0510815 0.0
v -0.002217399999999997 0.0510815 0.008
v -0.0016969999999999971 0.050303 0.0
v -0.0016969999999999971 0.050303 0.008
v -0.0009184999999999966 0.049782599999999996 0.0
v -0.0009184999999999966 0.049782599999999996 0.008
v 3.469446951953614e-18 0.049600000000000005 0.0
v 3.469446951953614e-18 0.049600000000000005 0.008
v 0.0009185000000000026 0.049782599999999996 0.0
v 0.0009185000000000026 0.049782599999999996 0.008
v 0.001697000000000004 0.050303 0.0
v 0.001697000000000004 0.050303 0.008
v 0.002217400000000003 0.0510815 0.0
v 0.002217400000000003 0.0510815 0.008
v 0.002400000000000003 0.052000000000000005 0.0
v 0.002400000000000003 0.052000000000000005 0.008
v 0.002217400000000003 0.05291849999999999 0.0
v 0.002217400000000003 0.05291849999999999 0.008
v 0.001697000000000004 0.053696999999999995 0.0
v 0.001697000000000004 0.053696999999999995 0.008
v 0.0009185000000000026 0.0542174 0.0
v 0.0009185000000000026 0.0542174 0.008
v 3.469446951953614e-18 0.0552 0.0
v -0.0012245999999999967 0.054956500000000005 0.0
v -0.0012245999999999967 0.054956500000000005 0.008
v 3.469446951953614e-18 0.0552 0.008
v -0.002262699999999997 0.0542627 0.0
v -0.002262699999999997 0.0542627 0.008
v -0.0029564999999999965 0.0532246 0.0
v -0.0029564999999999965 0.0532246 0.008
v -0.003199999999999997 0.052000000000000005 0.0
v -0.003199999999999997 0.052000000000000005 0.008
v -0.0029564999999999965 0.0507754 0.0
v -0.0029564999999999965 0.0507754 0.008
v -0.002262699999999997 0.0497373 0.0
v -0.002262699999999997 0.0497373 0.008
v -0.0012245999999999967 0.049043500000000004 0.0
v -0.0012245999999999967 0.049043500000000004 0.008
v 3.469446951953614e-18 0.048799999999999996 0.0
v 3.469446951953614e-18 0.048799999999999996 0.008
v 0.0012246000000000028 0.049043500000000004 0.0
v 0.0012246000000000028 0.049043500000000004 0.008
v 0.002262700000000003 0.0497373 0.0
v 0.002262700000000003 0.0497373 0.008
v 0.0029565000000000025 0.0507754 0.0
v 0.0029565000000000025 0.0507754 0.008
v 0.003200000000000003 0.052000000000000005 0.0
v 0.003200000000000003 0.052000000000000005 0.008
v 0.0029565000000000025 0.0532246 0.0
v 0.0029565000000000025 0.0532246 0.008
v 0.002262700000000003 0.0542627 0.0
v 0.002262700000000003 0.0542627 0.008
v 0.0012246000000000028 0.054956500000000005 0.0
v 0.0012246000000000028 0.054956500000000005 0.008
v -0.003199999999999997 0.052000000000000005 0.0
v -0.0023999999999999968 0.052000000000000005 0.0
v -0.002217399999999997 0.0510815 0.0
v -0.0029564999999999965 0.0507754 0.0
v -0.0016969999999999971 0.050303 0.0
v -0.002262699999999997 0.0497373 0.0
v -0.0009184999999999966 0.049782599999999996 0.0
v -0.0012245999999999967 0.049043500000000004 0.0
v 3.469446951953614e-18 0.049600000000000005 0.0
v 3.469446951953614e-18 0.048799999999999996 0.0
v 0.0009185000000000026 0.049782599999999996 0.0
v 0.0012246000000000028 0.049043500000000004 0.0
v 0.001697000000000004 0.050303 0.0
v 0.002262700000000003 0.0497373 0.0
v 0.002217400000000003 0.0510815 0.0
v 0.0029565000000000025 0.0507754 0.0
v 0.002400000000000003 0.052000000000000005 0.0
v 0.003200000000000003 0.052000000000000005 0.0
v 0.002217400000000003 0.05291849999999999 0.0
v 0.0029565000000000025 0.0532246 0.0
v 0.001697000000000004 0.053696999999999995 0.0
v 0.002262700000000003 0.0542627 0.0
v 0.0009185000000000026 0.0542174 0.0
v 0.0012246000000000028 0.054956500000000005 0.0
v 3.469446951953614e-18 0.054400000000000004 0.0
v 3.469446951953614e-18 0.0552 0.0
v -0.0009184999999999966 0.0542174 0.0
v -0.0012245999999999967 0.054956500000000005 0.0
v -0.0016969999999999971 0.053696999999999995 0.0
v -0.002262699999999997 0.0542627 0.0
v -0.002217399999999997 0.05291849999999999 0.0
v -0.0029564999999999965 0.0532246 0.0
v 3.469446951953614e-18 0.0464 0.0
v -0.0009184999999999966 0.046217400000000006 0.0
v -0.0009184999999999966 0.046217400000000006 0.008
v 3.469446951953614e-18 0.0464 0.008
v -0.0016969999999999971 0.045697 0.0
v -0.0016969999999999971 0.045697 0.008
v -0.002217399999999997 0.0449185 0.0
v -0.002217399999999997 0.0449185 0.008
v -0.0023999999999999968 0.044 0.0
v -0.0023999999999999968 0.044 0.008
v -0.002217399999999997 0.0430815 0.0
v -0.002217399999999997 0.0430815 0.008
v -0.0016969999999999971 0.042303 0.0
v -0.0016969999999999971 0.042303 0.008
v -0.0009184999999999966 0.0417826 0.0
v -0.0009184999999999966 0.0417826 0.008
v 3.469446951953614e-18 0.0416 0.0
v 3.469446951953614e-18 0.0416 0.008
v 0.0009185000000000026 0.0417826 0.0
v 0.0009185000000000026 0.0417826 0.008
v 0.001697000000000004 0.042303 0.0
v 0.001697000000000004 0.042303 0.008
v 0.002217400000000003 0.0430815 0.0
v 0.002217400000000003 0.0430815 0.008
v 0.002400000000000003 0.044 0.0
v 0.002400000000000003 0.044 0.008
v 0.002217400000000003 0.0449185 0.0
v 0.002217400000000003 0.0449185 0.008
v 0.001697000000000004 0.045697 0.0
v 0.001697000000000004 0.045697 0.008
v 0.0009185000000000026 0.046217400000000006 0.0
v 0.0009185000000000026 0.046217400000000006 0.008
v 3.469446951953614e-18 0.047200000000000006 0.0
v -0.0012245999999999967 0.0469565 0.0
v -0.0012245999999999967 0.0469565 0.008
v 3.469446951953614e-18 0.047200000000000006 0.008
v -0.002262699999999997 0.046262700000000004 0.0
v -0.002262699999999997 0.046262700000000004 0.008
v -0.0029564999999999965 0.045224600000000004 0.0
v -0.0029564999999999965 0.045224600000000004 0.008
v -0.003199999999999997 0.044 0.0
v -0.003199999999999997 0.044 0.008
v -0.0029564999999999965 0.042775400000000005 0.0
v -0.0029564999999999965 0.042775400000000005 0.008
v -0.002262699999999997 0.041737300000000005 0.0
v -0.002262699999999997 0.041737300000000005 0.008
v -0.0012245999999999967 0.0410435 0.0
v -0.0012245999999999967 0.0410435 0.008
v 3.469446951953614e-18 0.0408 0.0
v 3.469446951953614e-18 0.0408 0.008
v 0.0012246000000000028 0.0410435 0.0
v 0.0012246000000000028 0.0410435 0.008
v 0.002262700000000003 0.041737300000000005 0.0
v 0.002262700000000003 0.041737300000000005 0.008
v 0.0029565000000000025 0.042775400000000005 0.0
v 0.0029565000000000025 0.042775400000000005 0.008
v 0.003200000000000003 0.044 0.0
v 0.003200000000000003 0.044 0.008
v 0.0029565000000000025 0.045224600000000004 0.0
v 0.0029565000000000025 0.045224600000000004 0.008
v 0.002262700000000003 0.046262700000000004 0.0
v 0.002262700000000003 0.046262700000000004 0.008
v 0.0012246000000000028 0.0469565 0.0
v 0.0012246000000000028 0.0469565 0.008
v -0.003199999999999997 0.044 0.0
v -0.0023999999999999968 0.044 0.0
v -0.002217399999999997 0.0430815 0.0
v -0.0029564999999999965 0.042775400000000005 0.0
v -0.0016969999999999971 0.042303 0.0
v -0.002262699999999997 0.041737300000000005 0.0
v -0.0009184999999999966 0.0417826 0.0
v -0.0012245999999999967 0.0410435 0.0
v 3.469446951953614e-18 0.0416 0.0
v 3.469446951953614e-18 0.0408 0.0
v 0.0009185000000000026 0.0417826 0.0
v 0.0012246000000000028 0.0410435 0.0
v 0.001697000000000004 0.042303 0.0
v 0.002262700000000003 0.041737300000000005 0.0
v 0.002217400000000003 0.0430815 0.0
v 0.0029565000000000025 0.042775400000000005 0.0
v 0.002400000000000003 0.044 0.0
v 0.003200000000000003 0.044 0.0
v 0.002217400000000003 0.0449185 0.0
v 0.0029565000000000025 0.045224600000000004 0.0
v 0.001697000000000004 0.045697 0.0
v 0.002262700000000003 0.046262700000000004 0.0
v 0.0009185000000000026 0.046217400000000006 0.0
v 0.0012246000000000028 0.0469565 0.0
v 3.469446951953614e-18 0.0464 0.0
v 3.469446951953614e-18 0.047200000000000006 0.0
v -0.0009184999999999966 0.046217400000000006 0.0
v -0.0012245999999999967 0.0469565 0.0
v -0.0016969999999999971 0.045697 0.0
v -0.002262699999999997 0.046262700000000004 0.0
v -0.002217399999999997 0.0449185 0.0
v -0.0029564999999999965 0.045224600000000004 0.0
v 3.469446951953614e-18 0.038400000000000004 0.0
v -0.0009184999999999966 0.0382174 0.0
v -0.0009184999999999966 0.0382174 0.008
v 3.469446951953614e-18 0.038400000000000004 0.008
v -0.0016969999999999971 0.037697 0.0
v -0.0016969999999999971 0.037697 0.008
v -0.002217399999999997 0.0369185 0.0
v -0.002217399999999997 0.0369185 0.008
v -0.0023999999999999968 0.036000000000000004 0.0
v -0.0023999999999999968 0.036000000000000004 0.008
v -0.002217399999999997 0.0350815 0.0
v -0.002217399999999997 0.0350815 0.008
v -0.0016969999999999971 0.034303 0.0
v -0.0016969999999999971 0.034303 0.008
v -0.0009184999999999966 0.033782599999999996 0.0
v -0.0009184999999999966 0.033782599999999996 0.008
v 3.469446951953614e-18 0.033600000000000005 0.0
v 3.469446951953614e-18 0.033600000000000005 0.008
v 0.0009185000000000026 0.033782599999999996 0.0
v 0.0009185000000000026 0.033782599999999996 0.008
v 0.001697000000000004 0.034303 0.0
v 0.001697000000000004 0.034303 0.008
v 0.002217400000000003 0.0350815 0.0
v 0.002217400000000003 0.0350815 0.008
v 0.002400000000000003 0.036000000000000004 0.0
v 0.002400000000000003 0.036000000000000004 0.008
v 0.002217400000000003 0.0369185 0.0
v 0.002217400000000003 0.0369185 0.008
v 0.001697000000000004 0.037697 0.0
v 0.001697000000000004 0.037697 0.008
v 0.0009185000000000026 0.0382174 0.0
v 0.0009185000000000026 0.0382174 0.008
v 3.469446951953614e-18 0.0392 0.0
v -0.0012245999999999967 0.038956500000000005 0.0
v -0.0012245999999999967 0.038956500000000005 0.008
v 3.469446951953614e-18 0.0392 0.008
v -0.002262699999999997 0.0382627 0.0
v -0.002262699999999997 0.0382627 0.008
v -0.0029564999999999965 0.0372246 0.0
v -0.0029564999999999965 0.0372246 0.008
v -0.003199999999999997 0.036000000000000004 0.0
v -0.003199999999999997 0.036000000000000004 0.008
v -0.0029564999999999965 0.0347754 0.0
v -0.0029564999999999965 0.0347754 0.008
v -0.002262699999999997 0.0337373 0.0
v -0.002262699999999997 0.0337373 0.008
v -0.0012245999999999967 0.0330435 0.0
v -0.0012245999999999967 0.0330435 0.008
v 3.469446951953614e-18 0.032799999999999996 0.0
v 3.469446951953614e-18 0.032799999999999996 0.008
v 0.0012246000000000028 0.0330435 0.0
v 0.0012246000000000028 0.0330435 0.008
v 0.002262700000000003 0.0337373 0.0
v 0.002262700000000003 0.0337373 0.008
v 0.0029565000000000025 0.0347754 0.0
v 0.0029565000000000025 0.0347754 0.008
v 0.003200000000000003 0.036000000000000004 0.0
v 0.003200000000000003 0.036000000000000004 0.008
v 0.0029565000000000025 0.0372246 0.0
v 0.0029565000000000025 0.0372246 0.008
v 0.002262700000000003 0.0382627 0.0
v 0.002262700000000003 0.0382627 0.008
v 0.0012246000000000028 0.038956500000000005 0.0
v 0.0012246000000000028 0.038956500000000005 0.008
v -0.003199999999999997 0.036000000000000004 0.0
v -0.0023999999999999968 0.036000000000000004 0.0
v -0.002217399999999997 0.0350815 0.0
v -0.0029564999999999965 0.0347754 0.0
v -0.0016969999999999971 0.034303 0.0
v -0.002262699999999997 0.0337373 0.0
v -0.0009184999999999966 0.033782599999999996 0.0
v -0.0012245999999999967 0.0330435 0.0
v 3.469446951953614e-18 0.033600000000000005 0.0
v 3.469446951953614e-18 0.032799999999999996 0.0
v 0.0009185000000000026 0.033782599999999996 0.0
v 0.0012246000000000028 0.0330435 0.0
v 0.001697000000000004 0.034303 0.0
v 0.002262700000000003 0.0337373 0.0
v 0.002217400000000003 0.0350815 0.0
v 0.0029565000000000025 0.0347754 0.0
v 0.002400000000000003 0.036000000000000004 0.0
v 0.003200000000000003 0.036000000000000004 0.0
v 0.002217400000000003 0.0369185 0.0
v 0.0029565000000000025 0.0372246 0.0
v 0.001697000000000004 0.037697 0.0
v 0.002262700000000003 0.0382627 0.0
v 0.0009185000000000026 0.0382174 0.0
v 0.0012246000000000028 0.038956500000000005 0.0
v 3.469446951953614e-18 0.038400000000000004 0.0
v 3.469446951953614e-18 0.0392 0.0
v -0.0009184999999999966 0.0382174 0.0
v -0.0012245999999999967 0.038956500000000005 0.0
v -0.0016969999999999971 0.037697 0.0
v -0.002262699999999997 0.0382627 0.0
v -0.002217399999999997 0.0369185 0.0
v -0.0029564999999999965 0.0372246 0.0
v 3.469446951953614e-18 0.0304 0.0
v -0.0009184999999999966 0.030217400000000002 0.0
v -0.0009184999999999966 0.030217400000000002 0.008
v 3.469446951953614e-18 0.0304 0.008
v -0.0016969999999999971 0.029697 0.0
v -0.0016969999999999971 0.029697 0.008
v -0.002217399999999997 0.0289185 0.0
v -0.002217399999999997 0.0289185 0.008
v -0.0023999999999999968 0.028 0.0
v -0.0023999999999999968 0.028 0.008
v -0.002217399999999997 0.0270815 0.0
v -0.002217399999999997 0.0270815 0.008
v -0.0016969999999999971 0.026303 0.0
v -0.0016969999999999971 0.026303 0.008
v -0.0009184999999999966 0.025782600000000003 0.0
v -0.0009184999999999966 0.025782600000000003 0.008
v 3.469446951953614e-18 0.025599999999999998 0.0
v 3.469446951953614e-18 0.025599999999999998 0.008
v 0.0009185000000000026 0.025782600000000003 0.0
v 0.0009185000000000026 0.025782600000000003 0.008
v 0.001697000000000004 0.026303 0.0
v 0.001697000000000004 0.026303 0.008
v 0.002217400000000003 0.0270815 0.0
v 0.002217400000000003 0.0270815 0.008
v 0.002400000000000003 0.028 0.0
v 0.002400000000000003 0.028 0.008
v 0.002217400000000003 0.0289185 0.0
v 0.002217400000000003 0.0289185 0.008
v 0.001697000000000004 0.029697 0.0
v 0.001697000000000004 0.029697 0.008
v 0.0009185000000000026 0.030217400000000002 0.0
v 0.0009185000000000026 0.030217400000000002 0.008
v 3.469446951953614e-18 0.0312 0.0
v -0.0012245999999999967 0.0309565 0.0
v -0.0012245999999999967 0.0309565 0.008
v 3.469446951953614e-18 0.0312 0.008
v -0.002262699999999997 0.0302627 0.0
v -0.002262699999999997 0.0302627 0.008
v -0.0029564999999999965 0.0292246 0.0
v -0.0029564999999999965 0.0292246 0.008
v -0.003199999999999997 0.028 0.0
v -0.003199999999999997 0.028 0.008
v -0.0029564999999999965 0.026775399999999998 0.0
v -0.0029564999999999965 0.026775399999999998 0.008
v -0.002262699999999997 0.025737299999999998 0.0
v -0.002262699999999997 0.025737299999999998 0.008
v -0.0012245999999999967 0.0250435 0.0
v -0.0012245999999999967 0.0250435 0.008
v 3.469446951953614e-18 0.024800000000000003 0.0
v 3.469446951953614e-18 0.024800000000000003 0.008
v 0.0012246000000000028 0.0250435 0.0
v 0.0012246000000000028 0.0250435 0.008
v 0.002262700000000003 0.025737299999999998 0.0
v 0.002262700000000003 0.025737299999999998 0.008
v 0.0029565000000000025 0.026775399999999998 0.0
v 0.0029565000000000025 0.026775399999999998 0.008
v 0.003200000000000003 0.028 0.0
v 0.003200000000000003 0.028 0.008
v 0.0029565000000000025 0.0292246 0.0
v 0.0029565000000000025 0.0292246 0.008
v 0.002262700000000003 0.0302627 0.0
v 0.002262700000000003 0.0302627 0.008
v 0.0012246000000000028 0.0309565 0.0
v 0.0012246000000000028 0.0309565 0.008
v -0.003199999999999997 0.028 0.0
v -0.0023999999999999968 0.028 0.0
v -0.002217399999999997 0.0270815 0.0
v -0.0029564999999999965 0.026775399999999998 0.0
v -0.0016969999999999971 0.026303 0.0
v -0.002262699999999997 0.025737299999999998 0.0
v -0.0009184999999999966 0.025782600000000003 0.0
v -0.0012245999999999967 0.0250435 0.0
v 3.469446951953614e-18 0.025599999999999998 0.0
v 3.469446951953614e-18 0.024800000000000003 0.0
v 0.0009185000000000026 0.025782600000000003 0.0
v 0.0012246000000000028 0.0250435 0.0
v 0.001697000000000004 0.026303 0.0
v 0.002262700000000003 0.025737299999999998 0.0
v 0.002217400000000003 0.0270815 0.0
v 0.0029565000000000025 0.026775399999999998 0.0
v 0.002400000000000003 0.028 0.0
v 0.003200000000000003 0.028 0.0
v 0.002217400000000003 0.0289185 0.0
v 0.0029565000000000025 0.0292246 0.0
v 0.001697000000000004 0.029697 0.0
v 0.002262700000000003 0.0302627 0.0
v 0.0009185000000000026 0.030217400000000002 0.0
v 0.0012246000000000028 0.0309565 0.0
v 3.469446951953614e-18 0.0304 0.0
v 3.469446951953614e-18 0.0312 0.0
v -0.0009184999999999966 0.030217400000000002 0.0
v -0.0012245999999999967 0.0309565 0.0
v -0.0016969999999999971 0.029697 0.0
v -0.002262699999999997 0.0302627 0.0
v -0.002217399999999997 0.0289185 0.0
v -0.0029564999999999965 0.0292246 0.0
v 0.006400000000000003 0.0216 0.008
v 0.006400000000000003 0.0664 0.008
v -0.006399999999999997 0.0664 0.008
v -0.006399999999999997 0.0216 0.008
v -0.006399999999999997 0.0664 0.008
v -0.006399999999999997 0.0664 0.0
v -0.006399999999999997 0.0216 0.0
v -0.006399999999999997 0.0216 0.008
v -0.006399999999999997 0.0216 0.008
v -0.006399999999999997 0.0216 0.0
v 0.006400000000000003 0.0216 0.0
v 0.006400000000000003 0.0216 0.008
v 0.006400000000000003 0.0216 0.008
v 0.006400000000000003 0.0216 0.0
v 0.006400000000000003 0.0664 0.0
v 0.006400000000000003 0.0664 0.008
v 0.006400000000000003 0.0664 0.008
v 0.006400000000000003 0.0664 0.0
v -0.006399999999999997 0.0664 0.0
v -0.006399999999999997 0.0664 0.008
v -0.007999999999999997 0.02 0.0
v -0.006399999999999997 0.0216 0.0
v -0.006399999999999997 0.0664 0.0
v -0.007999999999999997 0.068 0.0
v 0.008000000000000004 0.02 0.0
v 0.006400000000000003 0.0216 0.0
v 0.008000000000000004 0.068 0.0
v 0.006400000000000003 0.0664 0.0
v 0.008000000000000004 0.02 0.0096
v 0.008000000000000004 0.068 0.0096
v -0.007999999999999997 0.068 0.0096
v -0.007999999999999997 0.02 0.0096
v -0.007999999999999997 0.068 0.0096
v -0.007999999999999997 0.068 0.0
v -0.007999999999999997 0.02 0.0
v -0.007999999999999997 0.02 0.0096
v -0.007999999999999997 0.02 0.0096
v -0.007999999999999997 0.02 0.0
v 0.008000000000000004 0.02 0.0
v 0.008000000000000004 0.02 0.0096
v 0.008000000000000004 0.02 0.0096
v 0.008000000000000004 0.02 0.0
v 0.008000000000000004 0.068 0.0
v 0.008000000000000004 0.068 0.0096
v 0.008000000000000004 0.068 0.0096
v 0.008000000000000004 0.068 0.0
v -0.007999999999999997 0.068 0.0
v -0.007999999999999997 0.068 0.0096
v -0.003999999999999997 0.0664 0.0096
v -0.004918499999999997 0.0662174 0.0096
v -0.004918499999999997 0.0662174 0.0112
v -0.003999999999999997 0.0664 0.0112
v -0.005696999999999997 0.065697 0.0096
v -0.005696999999999997 0.065697 0.0112
v -0.006217399999999996 0.0649185 0.0096
v -0.006217399999999996 0.0649185 0.0112
v -0.006399999999999997 0.064 0.0096
v -0.006399999999999997 0.064 0.0112
v -0.006217399999999996 0.0630815 0.0096
v -0.006217399999999996 0.0630815 0.0112
v -0.005696999999999997 0.062303 0.0096
v -0.005696999999999997 0.062303 0.0112
v -0.004918499999999997 0.06178260000000001 0.0096
v -0.004918499999999997 0.06178260000000001 0.0112
v -0.003999999999999997 0.0616 0.0096
v -0.003999999999999997 0.0616 0.0112
v -0.0030814999999999966 0.06178260000000001 0.0096
v -0.0030814999999999966 0.06178260000000001 0.0112
v -0.002302999999999997 0.062303 0.0096
v -0.002302999999999997 0.062303 0.0112
v -0.001782599999999997 0.0630815 0.0096
v -0.001782599999999997 0.0630815 0.0112
v -0.0015999999999999964 0.064 0.0096
v -0.0015999999999999964 0.064 0.0112
v -0.001782599999999997 0.0649185 0.0096
v -0.001782599999999997 0.0649185 0.0112
v -0.002302999999999997 0.065697 0.0096
v -0.002302999999999997 0.065697 0.0112
v -0.0030814999999999966 0.0662174 0.0096
v -0.0030814999999999966 0.0662174 0.0112
v -0.004918499999999997 0.0662174 0.0112
v -0.003999999999999997 0.0664 0.0112
v -0.003999999999999997 0.064 0.0112
v -0.005696999999999997 0.065697 0.0112
v -0.006217399999999996 0.0649185 0.0112
v -0.006399999999999997 0.064 0.0112
v -0.006217399999999996 0.0630815 0.0112
v -0.005696999999999997 0.062303 0.0112
v -0.004918499999999997 0.06178260000000001 0.0112
v -0.003999999999999997 0.0616 0.0112
v -0.0030814999999999966 0.06178260000000001 0.0112
v -0.002302999999999997 0.062303 0.0112
v -0.001782599999999997 0.0630815 0.0112
v -0.0015999999999999964 0.064 0.0112
v -0.001782599999999997 0.0649185 0.0112
v -0.002302999999999997 0.065697 0.0112
v -0.0030814999999999966 0.0662174 0.0112
v -0.003999999999999997 0.058399999999999994 0.0096
v -0.004918499999999997 0.0582174 0.0096
v -0.004918499999999997 0.0582174 0.0112
v -0.003999999999999997 0.058399999999999994 0.0112
v -0.005696999999999997 0.057697 0.0096
v -0.005696999999999997 0.057697 0.0112
v -0.006217399999999996 0.0569185 0.0096
v -0.006217399999999996 0.0569185 0.0112
v -0.006399999999999997 0.055999999999999994 0.0096
v -0.006399999999999997 0.055999999999999994 0.0112
v -0.006217399999999996 0.055081500000000005 0.0096
v -0.006217399999999996 0.055081500000000005 0.0112
v -0.005696999999999997 0.054303000000000004 0.0096
v -0.005696999999999997 0.054303000000000004 0.0112
v -0.004918499999999997 0.0537826 0.0096
v -0.004918499999999997 0.0537826 0.0112
v -0.003999999999999997 0.053599999999999995 0.0096
v -0.003999999999999997 0.053599999999999995 0.0112
v -0.0030814999999999966 0.0537826 0.0096
v -0.0030814999999999966 0.0537826 0.0112
v -0.002302999999999997 0.054303000000000004 0.0096
v -0.002302999999999997 0.054303000000000004 0.0112
v -0.001782599999999997 0.055081500000000005 0.0096
v -0.001782599999999997 0.055081500000000005 0.0112
v -0.0015999999999999964 0.055999999999999994 0.0096
v -0.0015999999999999964 0.055999999999999994 0.0112
v -0.001782599999999997 0.0569185 0.0096
v -0.001782599999999997 0.0569185 0.0112
v -0.002302999999999997 0.057697 0.0096
v -0.002302999999999997 0.057697 0.0112
v -0.0030814999999999966 0.0582174 0.0096
v -0.0030814999999999966 0.0582174 0.0112
v -0.004918499999999997 0.0582174 0.0112
v -0.003999999999999997 0.058399999999999994 0.0112
v -0.003999999999999997 0.055999999999999994 0.0112
v -0.005696999999999997 0.057697 0.0112
v -0.006217399999999996 0.0569185 0.0112
v -0.006399999999999997 0.055999999999999994 0.0112
v -0.006217399999999996 0.055081500000000005 0.0112
v -0.005696999999999997 0.054303000000000004 0.0112
v -0.004918499999999997 0.0537826 0.0112
v -0.003999999999999997 0.053599999999999995 0.0112
v -0.0030814999999999966 0.0537826 0.0112
v -0.002302999999999997 0.054303000000000004 0.0112
v -0.001782599999999997 0.055081500000000005 0.0112
v -0.0015999999999999964 0.055999999999999994 0.0112
v -0.001782599999999997 0.0569185 0.0112
v -0.002302999999999997 0.057697 0.0112
v -0.0030814999999999966 0.0582174 0.0112
v -0.003999999999999997 0.0504 0.0096
v -0.004918499999999997 0.050217399999999995 0.0096
v -0.004918499999999997 0.050217399999999995 0.0112
v -0.003999999999999997 0.0504 0.0112
v -0.005696999999999997 0.049697000000000005 0.0096
v -0.005696999999999997 0.049697000000000005 0.0112
v -0.006217399999999996 0.048918500000000004 0.0096
v -0.006217399999999996 0.048918500000000004 0.0112
v -0.006399999999999997 0.048 0.0096
v -0.006399999999999997 0.048 0.0112
v -0.006217399999999996 0.0470815 0.0096
v -0.006217399999999996 0.0470815 0.0112
v -0.005696999999999997 0.046303 0.0096
v -0.005696999999999997 0.046303 0.0112
v -0.004918499999999997 0.04578260000000001 0.0096
v -0.004918499999999997 0.04578260000000001 0.0112
v -0.003999999999999997 0.0456 0.0096
v -0.003999999999999997 0.0456 0.0112
v -0.0030814999999999966 0.04578260000000001 0.0096
v -0.0030814999999999966 0.04578260000000001 0.0112
v -0.002302999999999997 0.046303 0.0096
v -0.002302999999999997 0.046303 0.0112
v -0.001782599999999997 0.0470815 0.0096
v -0.001782599999999997 0.0470815 0.0112
v -0.0015999999999999964 0.048 0.0096
v -0.0015999999999999964 0.048 0.0112
v -0.001782599999999997 0.048918500000000004 0.0096
v -0.001782599999999997 0.048918500000000004 0.0112
v -0.002302999999999997 0.049697000000000005 0.0096
v -0.002302999999999997 0.049697000000000005 0.0112
v -0.0030814999999999966 0.050217399999999995 0.0096
v -0.0030814999999999966 0.050217399999999995 0.0112
v -0.004918499999999997 0.050217399999999995 0.0112
v -0.003999999999999997 0.0504 0.0112
v -0.003999999999999997 0.048 0.0112
v -0.005696999999999997 0.049697000000000005 0.0112
v -0.006217399999999996 0.048918500000000004 0.0112
v -0.006399999999999997 0.048 0.0112
v -0.006217399999999996 0.0470815 0.0112
v -0.005696999999999997 0.046303 0.0112
v -0.004918499999999997 0.04578260000000001 0.0112
v -0.003999999999999997 0.0456 0.0112
v -0.0030814999999999966 0.04578260000000001 0.0112
v -0.002302999999999997 0.046303 0.0112
v -0.001782599999999997 0.0470815 0.0112
v -0.0015999999999999964 0.048 0.0112
v -0.001782599999999997 0.048918500000000004 0.0112
v -0.002302999999999997 0.049697000000000005 0.0112
v -0.0030814999999999966 0.050217399999999995 0.0112
v -0.003999999999999997 0.0424 0.0096
v -0.004918499999999997 0.0422174 0.0096
v -0.004918499999999997 0.0422174 0.0112
v -0.003999999999999997 0.0424 0.0112
v -0.005696999999999997 0.041697 0.0096
v -0.005696999999999997 0.041697 0.0112
v -0.006217399999999996 0.0409185 0.0096
v -0.006217399999999996 0.0409185 0.0112
v -0.006399999999999997 0.04 0.0096
v -0.006399999999999997 0.04 0.0112
v -0.006217399999999996 0.039081500000000005 0.0096
v -0.006217399999999996 0.039081500000000005 0.0112
v -0.005696999999999997 0.038303000000000004 0.0096
v -0.005696999999999997 0.038303000000000004 0.0112
v -0.004918499999999997 0.0377826 0.0096
v -0.004918499999999997 0.0377826 0.0112
v -0.003999999999999997 0.0376 0.0096
v -0.003999999999999997 0.0376 0.0112
v -0.0030814999999999966 0.0377826 0.0096
v -0.0030814999999999966 0.0377826 0.0112
v -0.002302999999999997 0.038303000000000004 0.0096
v -0.002302999999999997 0.038303000000000004 0.0112
v -0.001782599999999997 0.039081500000000005 0.0096
v -0.001782599999999997 0.039081500000000005 0.0112
v -0.0015999999999999964 0.04 0.0096
v -0.0015999999999999964 0.04 0.0112
v -0.001782599999999997 0.0409185 0.0096
v -0.001782599999999997 0.0409185 0.0112
v -0.002302999999999997 0.041697 0.0096
v -0.002302999999999997 0.041697 0.0112
v -0.0030814999999999966 0.0422174 0.0096
v -0.0030814999999999966 0.0422174 0.0112
v -0.004918499999999997 0.0422174 0.0112
v -0.003999999999999997 0.0424 0.0112
v -0.003999999999999997 0.04 0.0112
v -0.005696999999999997 0.041697 0.0112
v -0.006217399999999996 0.0409185 0.0112
v -0.006399999999999997 0.04 0.0112
v -0.006217399999999996 0.039081500000000005 0.0112
v -0.005696999999999997 0.038303000000000004 0.0112
v -0.004918499999999997 0.0377826 0.0112
v -0.003999999999999997 0.0376 0.0112
v -0.0030814999999999966 0.0377826 0.0112
v -0.002302999999999997 0.038303000000000004 0.0112
v -0.001782599999999997 0.039081500000000005 0.0112
v -0.0015999999999999964 0.04 0.0112
v -0.001782599999999997 0.0409185 0.0112
v -0.002302999999999997 0.041697 0.0112
v -0.0030814999999999966 0.0422174 0.0112
v -0.003999999999999997 0.0344 0.0096
v -0.004918499999999997 0.0342174 0.0096
v -0.004918499999999997 0.0342174 0.0112
v -0.003999999999999997 0.0344 0.0112
v -0.005696999999999997 0.033697000000000005 0.0096
v -0.005696999999999997 0.033697000000000005 0.0112
v -0.006217399999999996 0.0329185 0.0096
v -0.006217399999999996 0.0329185 0.0112
v -0.006399999999999997 0.032 0.0096
v -0.006399999999999997 0.032 0.0112
v -0.006217399999999996 0.0310815 0.0096
v -0.006217399999999996 0.0310815 0.0112
v -0.005696999999999997 0.030303 0.0096
v -0.005696999999999997 0.030303 0.0112
v -0.004918499999999997 0.0297826 0.0096
v -0.004918499999999997 0.0297826 0.0112
v -0.003999999999999997 0.0296 0.0096
v -0.003999999999999997 0.0296 0.0112
v -0.0030814999999999966 0.0297826 0.0096
v -0.0030814999999999966 0.0297826 0.0112
v -0.002302999999999997 0.030303 0.0096
v -0.002302999999999997 0.030303 0.0112
v -0.001782599999999997 0.0310815 0.0096
v -0.001782599999999997 0.0310815 0.0112
v -0.0015999999999999964 0.032 0.0096
v -0.0015999999999999964 0.032 0.0112
v -0.001782599999999997 0.0329185 0.0096
v -0.001782599999999997 0.0329185 0.0112
v -0.002302999999999997 0.033697000000000005 0.0096
v -0.002302999999999997 0.033697000000000005 0.0112
v -0.0030814999999999966 0.0342174 0.0096
v -0.0030814999999999966 0.0342174 0.0112
v -0.004918499999999997 0.0342174 0.0112
v -0.003999999999999997 0.0344 0.0112
v -0.003999999999999997 0.032 0.0112
v -0.005696999999999997 0.033697000000000005 0.0112
v -0.006217399999999996 0.0329185 0.0112
v -0.006399999999999997 0.032 0.0112
v -0.006217399999999996 0.0310815 0.0112
v -0.005696999999999997 0.030303 0.0112
v -0.004918499999999997 0.0297826 0.0112
v -0.003999999999999997 0.0296 0.0112
v -0.0030814999999999966 0.0297826 0.0112
v -0.002302999999999997 0.030303 0.0112
v -0.001782599999999997 0.0310815 0.0112
v -0.0015999999999999964 0.032 0.0112
v -0.001782599999999997 0.0329185 0.0112
v -0.002302999999999997 0.033697000000000005 0.0112
v -0.0030814999999999966 0.0342174 0.0112
v -0.003999999999999997 0.0264 0.0096
v -0.004918499999999997 0.026217400000000002 0.0096
v -0.004918499999999997 0.026217400000000002 0.0112
v -0.003999999999999997 0.0264 0.0112
v -0.005696999999999997 0.025697 0.0096
v -0.005696999999999997 0.025697 0.0112
v -0.006217399999999996 0.0249185 0.0096
v -0.006217399999999996 0.0249185 0.0112
v -0.006399999999999997 0.024 0.0096
v -0.006399999999999997 0.024 0.0112
v -0.006217399999999996 0.023081499999999998 0.0096
v -0.006217399999999996 0.023081499999999998 0.0112
v -0.005696999999999997 0.022303 0.0096
v -0.005696999999999997 0.022303 0.0112
v -0.004918499999999997 0.0217826 0.0096
v -0.004918499999999997 0.0217826 0.0112
v -0.003999999999999997 0.0216 0.0096
v -0.003999999999999997 0.0216 0.0112
v -0.0030814999999999966 0.0217826 0.0096
v -0.0030814999999999966 0.0217826 0.0112
v -0.002302999999999997 0.022303 0.0096
v -0.002302999999999997 0.022303 0.0112
v -0.001782599999999997 0.023081499999999998 0.0096
v -0.001782599999999997 0.023081499999999998 0.0112
v -0.0015999999999999964 0.024 0.0096
v -0.0015999999999999964 0.024 0.0112
v -0.001782599999999997 0.0249185 0.0096
v -0.001782599999999997 0.0249185 0.0112
v -0.002302999999999997 0.025697 0.0096
v -0.002302999999999997 0.025697 0.0112
v -0.0030814999999999966 0.026217400000000002 0.0096
v -0.0030814999999999966 0.026217400000000002 0.0112
v -0.004918499999999997 0.026217400000000002 0.0112
v -0.003999999999999997 0.0264 0.0112
v -0.003999999999999997 0.024 0.0112
v -0.005696999999999997 0.025697 0.0112
v -0.006217399999999996 0.0249185 0.0112
v -0.006399999999999997 0.024 0.0112
v -0.006217399999999996 0.023081499999999998 0.0112
v -0.005696999999999997 0.022303 0.0112
v -0.004918499999999997 0.0217826 0.0112
v -0.003999999999999997 0.0216 0.0112
v -0.0030814999999999966 0.0217826 0.0112
v -0.002302999999999997 0.022303 0.0112
v -0.001782599999999997 0.023081499999999998 0.0112
v -0.0015999999999999964 0.024 0.0112
v -0.001782599999999997 0.0249185 0.0112
v -0.002302999999999997 0.025697 0.0112
v -0.0030814999999999966 0.026217400000000002 0.0112
v 0.0040000000000000036 0.0664 0.0096
v 0.0030815000000000026 0.0662174 0.0096
v 0.0030815000000000026 0.0662174 0.0112
v 0.0040000000000000036 0.0664 0.0112
v 0.002303000000000003 0.065697 0.0096
v 0.002303000000000003 0.065697 0.0112
v 0.001782600000000004 0.0649185 0.0096
v 0.001782600000000004 0.0649185 0.0112
v 0.0016000000000000025 0.064 0.0096
v 0.0016000000000000025 0.064 0.0112
v 0.001782600000000004 0.0630815 0.0096
v 0.001782600000000004 0.0630815 0.0112
v 0.002303000000000003 0.062303 0.0096
v 0.002303000000000003 0.062303 0.0112
v 0.0030815000000000026 0.06178260000000001 0.0096
v 0.0030815000000000026 0.06178260000000001 0.0112
v 0.0040000000000000036 0.0616 0.0096
v 0.0040000000000000036 0.0616 0.0112
v 0.004918500000000003 0.06178260000000001 0.0096
v 0.004918500000000003 0.06178260000000001 0.0112
v 0.005697000000000004 0.062303 0.0096
v 0.005697000000000004 0.062303 0.0112
v 0.006217400000000003 0.0630815 0.0096
v 0.006217400000000003 0.0630815 0.0112
v 0.006400000000000003 0.064 0.0096
v 0.006400000000000003 0.064 0.0112
v 0.006217400000000003 0.0649185 0.0096
v 0.006217400000000003 0.0649185 0.0112
v 0.005697000000000004 0.065697 0.0096
v 0.005697000000000004 0.065697 0.0112
v 0.004918500000000003 0.0662174 0.0096
v 0.004918500000000003 0.0662174 0.0112
v 0.0030815000000000026 0.0662174 0.0112
v 0.0040000000000000036 0.0664 0.0112
v 0.0040000000000000036 0.064 0.0112
v 0.002303000000000003 0.065697 0.0112
v 0.001782600000000004 0.0649185 0.0112
v 0.0016000000000000025 0.064 0.0112
v 0.001782600000000004 0.0630815 0.0112
v 0.002303000000000003 0.062303 0.0112
v 0.0030815000000000026 0.06178260000000001 0.0112
v 0.0040000000000000036 0.0616 0.0112
v 0.004918500000000003 0.06178260000000001 0.0112
v 0.005697000000000004 0.062303 0.0112
v 0.006217400000000003 0.0630815 0.0112
v 0.006400000000000003 0.064 0.0112
v 0.006217400000000003 0.0649185 0.0112
v 0.005697000000000004 0.065697 0.0112
v 0.004918500000000003 0.0662174 0.0112
v 0.0040000000000000036 0.058399999999999994 0.0096
v 0.0030815000000000026 0.0582174 0.0096
v 0.0030815000000000026 0.0582174 0.0112
v 0.0040000000000000036 0.058399999999999994 0.0112
v 0.002303000000000003 0.057697 0.0096
v 0.002303000000000003 0.057697 0.0112
v 0.001782600000000004 0.0569185 0.0096
v 0.001782600000000004 0.0569185 0.0112
v 0.0016000000000000025 0.055999999999999994 0.0096
v 0.0016000000000000025 0.055999999999999994 0.0112
v 0.001782600000000004 0.055081500000000005 0.0096
v 0.001782600000000004 0.055081500000000005 0.0112
v 0.002303000000000003 0.054303000000000004 0.0096
v 0.002303000000000003 0.054303000000000004 0.0112
v 0.0030815000000000026 0.0537826 0.0096
v 0.0030815000000000026 0.0537826 0.0112
v 0.0040000000000000036 0.053599999999999995 0.0096
v 0.0040000000000000036 0.053599999999999995 0.0112
v 0.004918500000000003 0.0537826 0.0096
v 0.004918500000000003 0.0537826 0.0112
v 0.005697000000000004 0.054303000000000004 0.0096
v 0.005697000000000004 0.054303000000000004 0.0112
v 0.006217400000000003 0.055081500000000005 0.0096
v 0.006217400000000003 0.055081500000000005 0.0112
v 0.006400000000000003 0.055999999999999994 0.0096
v 0.006400000000000003 0.055999999999999994 0.0112
v 0.006217400000000003 0.0569185 0.0096
v 0.006217400000000003 0.0569185 0.0112
v 0.005697000000000004 0.057697 0.0096
v 0.005697000000000004 0.057697 0.0112
v 0.004918500000000003 0.0582174 0.0096
v 0.004918500000000003 0.0582174 0.0112
v 0.0030815000000000026 0.0582174 0.0112
v 0.0040000000000000036 0.058399999999999994 0.0112
v 0.0040000000000000036 0.055999999999999994 0.0112
v 0.002303000000000003 0.057697 0.0112
v 0.001782600000000004 0.0569185 0.0112
v 0.0016000000000000025 0.055999999999999994 0.0112
v 0.001782600000000004 0.055081500000000005 0.0112
v 0.002303000000000003 0.054303000000000004 0.0112
v 0.0030815000000000026 0.0537826 0.0112
v 0.0040000000000000036 0.053599999999999995 0.0112
v 0.004918500000000003 0.0537826 0.0112
v 0.005697000000000004 0.054303000000000004 0.0112
v 0.006217400000000003 0.055081500000000005 0.0112
v 0.006400000000000003 0.055999999999999994 0.0112
v 0.006217400000000003 0.0569185 0.0112
v 0.005697000000000004 0.057697 0.0112
v 0.004918500000000003 0.0582174 0.0112
v 0.0040000000000000036 0.0504 0.0096
v 0.0030815000000000026 0.050217399999999995 0.0096
v 0.0030815000000000026 0.050217399999999995 0.0112
v 0.0040000000000000036 0.0504 0.0112
v 0.002303000000000003 0.049697000000000005 0.0096
v 0.002303000000000003 0.049697000000000005 0.0112
v 0.001782600000000004 0.048918500000000004 0.0096
v 0.001782600000000004 0.048918500000000004 0.0112
v 0.0016000000000000025 0.048 0.0096
v 0.0016000000000000025 0.048 0.0112
v 0.001782600000000004 0.0470815 0.0096
v 0.001782600000000004 0.0470815 0.0112
v 0.002303000000000003 0.046303 0.0096
v 0.002303000000000003 0.046303 0.0112
v 0.0030815000000000026 0.04578260000000001 0.0096
v 0.0030815000000000026 0.04578260000000001 0.0112
v 0.0040000000000000036 0.0456 0.0096
v 0.0040000000000000036 0.0456 0.0112
v 0.004918500000000003 0.04578260000000001 0.0096
v 0.004918500000000003 0.04578260000000001 0.0112
v 0.005697000000000004 0.046303 0.0096
v 0.005697000000000004 0.046303 0.0112
v 0.006217400000000003 0.0470815 0.0096
v 0.006217400000000003 0.0470815 0.0112
v 0.006400000000000003 0.048 0.0096
v 0.006400000000000003 0.048 0.0112
v 0.006217400000000003 0.048918500000000004 0.0096
v 0.006217400000000003 0.048918500000000004 0.0112
v 0.005697000000000004 0.049697000000000005 0.0096
v 0.005697000000000004 0.049697000000000005 0.0112
v 0.004918500000000003 0.050217399999999995 0.0096
v 0.004918500000000003 0.050217399999999995 0.0112
v 0.0030815000000000026 0.050217399999999995 0.0112
v 0.0040000000000000036 0.0504 0.0112
v 0.0040000000000000036 0.048 0.0112
v 0.002303000000000003 0.049697000000000005 0.0112
v 0.001782600000000004 0.048918500000000004 0.0112
v 0.0016000000000000025 0.048 0.0112
v 0.001782600000000004 0.0470815 0.0112
v 0.002303000000000003 0.046303 0.0112
v 0.0030815000000000026 0.04578260000000001 0.0112
v 0.0040000000000000036 0.0456 0.0112
v 0.004918500000000003 0.04578260000000001 0.0112
v 0.005697000000000004 0.046303 0.0112
v 0.006217400000000003 0.0470815 0.0112
v 0.006400000000000003 0.048 0.0112
v 0.006217400000000003 0.048918500000000004 0.0112
v 0.005697000000000004 0.049697000000000005 0.0112
v 0.004918500000000003 0.050217399999999995 0.0112
v 0.0040000000000000036 0.0424 0.0096
v 0.0030815000000000026 0.0422174 0.0096
v 0.0030815000000000026 0.0422174 0.0112
v 0.0040000000000000036 0.0424 0.0112
v 0.002303000000000003 0.041697 0.0096
v 0.002303000000000003 0.041697 0.0112
v 0.001782600000000004 0.0409185 0.0096
v 0.001782600000000004 0.0409185 0.0112
v 0.0016000000000000025 0.04 0.0096
v 0.0016000000000000025 0.04 0.0112
v 0.001782600000000004 0.039081500000000005 0.0096
v 0.001782600000000004 0.039081500000000005 0.0112
v 0.002303000000000003 0.038303000000000004 0.0096
v 0.002303000000000003 0.038303000000000004 0.0112
v 0.0030815000000000026 0.0377826 0.0096
v 0.0030815000000000026 0.0377826 0.0112
v 0.0040000000000000036 0.0376 0.0096
v 0.0040000000000000036 0.0376 0.0112
v 0.004918500000000003 0.0377826 0.0096
v 0.004918500000000003 0.0377826 0.0112
v 0.005697000000000004 0.038303000000000004 0.0096
v 0.005697000000000004 0.038303000000000004 0.0112
v 0.006217400000000003 0.039081500000000005 0.0096
v 0.006217400000000003 0.039081500000000005 0.0112
v 0.006400000000000003 0.04 0.0096
v 0.006400000000000003 0.04 0.0112
v 0.006217400000000003 0.0409185 0.0096
v 0.006217400000000003 0.0409185 0.0112
v 0.005697000000000004 0.041697 0.0096
v 0.005697000000000004 0.041697 0.0112
v 0.004918500000000003 0.0422174 0.0096
v 0.004918500000000003 0.0422174 0.0112
v 0.0030815000000000026 0.0422174 0.0112
v 0.0040000000000000036 0.0424 0.0112
v 0.0040000000000000036 0.04 0.0112
v 0.002303000000000003 0.041697 0.0112
v 0.001782600000000004 0.0409185 0.0112
v 0.0016000000000000025 0.04 0.0112
v 0.001782600000000004 0.039081500000000005 0.0112
v 0.002303000000000003 0.038303000000000004 0.0112
v 0.0030815000000000026 0.0377826 0.0112
v 0.0040000000000000036 0.0376 0.0112
v 0.004918500000000003 0.0377826 0.0112
v 0.005697000000000004 0.038303000000000004 0.0112
v 0.006217400000000003 0.039081500000000005 0.0112
v 0.006400000000000003 0.04 0.0112
v 0.006217400000000003 0.0409185 0.0112
v 0.005697000000000004 0.041697 0.0112
v 0.004918500000000003 0.0422174 0.0112
v 0.0040000000000000036 0.0344 0.0096
v 0.0030815000000000026 0.0342174 0.0096
v 0.0030815000000000026 0.0342174 0.0112
v 0.0040000000000000036 0.0344 0.0112
v 0.002303000000000003 0.033697000000000005 0.0096
v 0.002303000000000003 0.033697000000000005 0.0112
v 0.001782600000000004 0.0329185 0.0096
v 0.001782600000000004 0.0329185 0.0112
v 0.0016000000000000025 0.032 0.0096
v 0.0016000000000000025 0.032 0.0112
v 0.001782600000000004 0.0310815 0.0096
v 0.001782600000000004 0.0310815 0.0112
v 0.002303000000000003 0.030303 0.0096
v 0.002303000000000003 0.030303 0.0112
v 0.0030815000000000026 0.0297826 0.0096
v 0.0030815000000000026 0.0297826 0.0112
v 0.0040000000000000036 0.0296 0.0096
v 0.0040000000000000036 0.0296 0.0112
v 0.004918500000000003 0.0297826 0.0096
v 0.004918500000000003 0.0297826 0.0112
v 0.005697000000000004 0.030303 0.0096
v 0.005697000000000004 0.030303 0.0112
v 0.006217400000000003 0.0310815 0.0096
v 0.006217400000000003 0.0310815 0.0112
v 0.006400000000000003 0.032 0.0096
v 0.006400000000000003 0.032 0.0112
v 0.006217400000000003 0.0329185 0.0096
v 0.006217400000000003 0.0329185 0.0112
v 0.005697000000000004 0.033697000000000005 0.0096
v 0.005697000000000004 0.033697000000000005 0.0112
v 0.004918500000000003 0.0342174 0.0096
v 0.004918500000000003 0.0342174 0.0112
v 0.0030815000000000026 0.0342174 0.0112
v 0.0040000000000000036 0.0344 0.0112
v 0.0040000000000000036 0.032 0.0112
v 0.002303000000000003 0.033697000000000005 0.0112
v 0.001782600000000004 0.0329185 0.0112
v 0.0016000000000000025 0.032 0.0112
v 0.001782600000000004 0.0310815 0.0112
v 0.002303000000000003 0.030303 0.0112
v 0.0030815000000000026 0.0297826 0.0112
v 0.0040000000000000036 0.0296 0.0112
v 0.004918500000000003 0.0297826 0.0112
v 0.005697000000000004 0.030303 0.0112
v 0.006217400000000003 0.0310815 0.0112
v 0.006400000000000003 0.032 0.0112
v 0.006217400000000003 0.0329185 0.0112
v 0.005697000000000004 0.033697000000000005 0.0112
v 0.004918500000000003 0.0342174 0.0112
v 0.0040000000000000036 0.0264 0.0096
v 0.0030815000000000026 0.026217400000000002 0.0096
v 0.0030815000000000026 0.026217400000000002 0.0112
v 0.0040000000000000036 0.0264 0.0112
v 0.002303000000000003 0.025697 0.0096
v 0.002303000000000003 0.025697 0.0112
v 0.001782600000000004 0.0249185 0.0096
v 0.001782600000000004 0.0249185 0.0112
v 0.0016000000000000025 0.024 0.0096
v 0.0016000000000000025 0.024 0.0112
v 0.001782600000000004 0.023081499999999998 0.0096
v 0.001782600000000004 0.023081499999999998 0.0112
v 0.002303000000000003 0.022303 0.0096
v 0.002303000000000003 0.022303 0.0112
v 0.0030815000000000026 0.0217826 0.0096
v 0.0030815000000000026 0.0217826 0.0112
v 0.0040000000000000036 0.0216 0.0096
v 0.0040000000000000036 0.0216 0.0112
v 0.004918500000000003 0.0217826 0.0096
v 0.004918500000000003 0.0217826 0.0112
v 0.005697000000000004 0.022303 0.0096
v 0.005697000000000004 0.022303 0.0112
v 0.006217400000000003 0.023081499999999998 0.0096
v 0.006217400000000003 0.023081499999999998 0.0112
v 0.006400000000000003 0.024 0.0096
v 0.006400000000000003 0.024 0.0112
v 0.006217400000000003 0.0249185 0.0096
v 0.006217400000000003 0.0249185 0.0112
v 0.005697000000000004 0.025697 0.0096
v 0.005697000000000004 0.025697 0.0112
v 0.004918500000000003 0.026217400000000002 0.0096
v 0.004918500000000003 0.026217400000000002 0.0112
v 0.0030815000000000026 0.026217400000000002 0.0112
v 0.0040000000000000036 0.0264 0.0112
v 0.0040000000000000036 0.024 0.0112
v 0.002303000000000003 0.025697 0.0112
v 0.001782600000000004 0.0249185 0.0112
v 0.0016000000000000025 0.024 0.0112
v 0.001782600000000004 0.023081499999999998 0.0112
v 0.002303000000000003 0.022303 0.0112
v 0.0030815000000000026 0.0217826 0.0112
v 0.0040000000000000036 0.0216 0.0112
v 0.004918500000000003 0.0217826 0.0112
v 0.005697000000000004 0.022303 0.0112
v 0.006217400000000003 0.023081499999999998 0.0112
v 0.006400000000000003 0.024 0.0112
v 0.006217400000000003 0.0249185 0.0112
v 0.005697000000000004 0.025697 0.0112
v 0.004918500000000003 0.026217400000000002 0.0112
v 0.010400000000000003 0.012 0.0
v 0.010217400000000005 0.0129185 0.0
v 0.010217400000000005 0.0129185 0.008
v 0.010400000000000003 0.012 0.008
v 0.009697000000000004 0.013697 0.0
v 0.009697000000000004 0.013697 0.008
v 0.008918500000000003 0.0142174 0.0
v 0.008918500000000003 0.0142174 0.008
v 0.008000000000000004 0.0144 0.0
v 0.008000000000000004 0.0144 0.008
v 0.007081500000000003 0.0142174 0.0
v 0.007081500000000003 0.0142174 0.008
v 0.006303000000000003 0.013697 0.0
v 0.006303000000000003 0.013697 0.008
v 0.005782600000000004 0.0129185 0.0
v 0.005782600000000004 0.0129185 0.008
v 0.0056000000000000025 0.012 0.0
v 0.0056000000000000025 0.012 0.008
v 0.005782600000000004 0.011081500000000001 0.0
v 0.005782600000000004 0.011081500000000001 0.008
v 0.006303000000000003 0.010303 0.0
v 0.006303000000000003 0.010303 0.008
v 0.007081500000000003 0.0097826 0.0
v 0.007081500000000003 0.0097826 0.008
v 0.008000000000000004 0.009600000000000001 0.0
v 0.008000000000000004 0.009600000000000001 0.008
v 0.008918500000000003 0.0097826 0.0
v 0.008918500000000003 0.0097826 0.008
v 0.009697000000000004 0.010303 0.0
v 0.009697000000000004 0.010303 0.008
v 0.010217400000000005 0.011081500000000001 0.0
v 0.010217400000000005 0.011081500000000001 0.008
v 0.011200000000000002 0.012 0.0
v 0.010956500000000004 0.0132246 0.0
v 0.010956500000000004 0.0132246 0.008
v 0.011200000000000002 0.012 0.008
v 0.010262700000000003 0.0142627 0.0
v 0.010262700000000003 0.0142627 0.008
v 0.009224600000000003 0.014956500000000001 0.0
v 0.009224600000000003 0.014956500000000001 0.008
v 0.008000000000000004 0.0152 0.0
v 0.008000000000000004 0.0152 0.008
v 0.006775400000000003 0.014956500000000001 0.0
v 0.006775400000000003 0.014956500000000001 0.008
v 0.0057373000000000025 0.0142627 0.0
v 0.0057373000000000025 0.0142627 0.008
v 0.005043500000000003 0.0132246 0.0
v 0.005043500000000003 0.0132246 0.008
v 0.004800000000000004 0.012 0.0
v 0.004800000000000004 0.012 0.008
v 0.005043500000000003 0.010775400000000001 0.0
v 0.005043500000000003 0.010775400000000001 0.008
v 0.0057373000000000025 0.0097373 0.0
v 0.0057373000000000025 0.0097373 0.008
v 0.006775400000000003 0.0090435 0.0
v 0.006775400000000003 0.0090435 0.008
v 0.008000000000000004 0.0088 0.0
v 0.008000000000000004 0.0088 0.008
v 0.009224600000000003 0.0090435 0.0
v 0.009224600000000003 0.0090435 0.008
v 0.010262700000000003 0.0097373 0.0
v 0.010262700000000003 0.0097373 0.008
v 0.010956500000000004 0.010775400000000001 0.0
v 0.010956500000000004 0.010775400000000001 0.008
v 0.008000000000000004 0.0152 0.0
v 0.008000000000000004 0.0144 0.0
v 0.007081500000000003 0.0142174 0.0
v 0.006775400000000003 0.014956500000000001 0.0
v 0.006303000000000003 0.013697 0.0
v 0.0057373000000000025 0.0142627 0.0
v 0.005782600000000004 0.0129185 0.0
v 0.005043500000000003 0.0132246 0.0
v 0.0056000000000000025 0.012 0.0
v 0.004800000000000004 0.012 0.0
v 0.005782600000000004 0.011081500000000001 0.0
v 0.005043500000000003 0.010775400000000001 0.0
v 0.006303000000000003 0.010303 0.0
v 0.0057373000000000025 0.0097373 0.0
v 0.007081500000000003 0.0097826 0.0
v 0.006775400000000003 0.0090435 0.0
v 0.008000000000000004 0.009600000000000001 0.0
v 0.008000000000000004 0.0088 0.0
v 0.008918500000000003 0.0097826 0.0
v 0.009224600000000003 0.0090435 0.0
v 0.009697000000000004 0.010303 0.0
v 0.010262700000000003 0.0097373 0.0
v 0.010217400000000005 0.011081500000000001 0.0
v 0.010956500000000004 0.010775400000000001 0.0
v 0.010400000000000003 0.012 0.0
v 0.011200000000000002 0.012 0.0
v 0.010217400000000005 0.0129185 0.0
v 0.010956500000000004 0.0132246 0.0
v 0.009697000000000004 0.013697 0.0
v 0.010262700000000003 0.0142627 0.0
v 0.008918500000000003 0.0142174 0.0
v 0.009224600000000003 0.014956500000000001 0.0
v 0.002400000000000003 0.012 0.0
v 0.002217400000000003 0.0129185 0.0
v 0.002217400000000003 0.0129185 0.008
v 0.002400000000000003 0.012 0.008
v 0.001697000000000004 0.013697 0.0
v 0.001697000000000004 0.013697 0.008
v 0.0009185000000000026 0.0142174 0.0
v 0.0009185000000000026 0.0142174 0.008
v 3.469446951953614e-18 0.0144 0.0
v 3.469446951953614e-18 0.0144 0.008
v -0.0009184999999999966 0.0142174 0.0
v -0.0009184999999999966 0.0142174 0.008
v -0.0016969999999999971 0.013697 0.0
v -0.0016969999999999971 0.013697 0.008
v -0.002217399999999997 0.0129185 0.0
v -0.002217399999999997 0.0129185 0.008
v -0.0023999999999999968 0.012 0.0
v -0.0023999999999999968 0.012 0.008
v -0.002217399999999997 0.011081500000000001 0.0
v -0.002217399999999997 0.011081500000000001 0.008
v -0.0016969999999999971 0.010303 0.0
v -0.0016969999999999971 0.010303 0.008
v -0.0009184999999999966 0.0097826 0.0
v -0.0009184999999999966 0.0097826 0.008
v 3.469446951953614e-18 0.009600000000000001 0.0
v 3.469446951953614e-18 0.009600000000000001 0.008
v 0.0009185000000000026 0.0097826 0.0
v 0.0009185000000000026 0.0097826 0.008
v 0.001697000000000004 0.010303 0.0
v 0.001697000000000004 0.010303 0.008
v 0.002217400000000003 0.011081500000000001 0.0
v 0.002217400000000003 0.011081500000000001 0.008
v 0.003200000000000003 0.012 0.0
v 0.0029565000000000025 0.0132246 0.0
v 0.0029565000000000025 0.0132246 0.008
v 0.003200000000000003 0.012 0.008
v 0.002262700000000003 0.0142627 0.0
v 0.002262700000000003 0.0142627 0.008
v 0.0012246000000000028 0.014956500000000001 0.0
v 0.0012246000000000028 0.014956500000000001 0.008
v 3.469446951953614e-18 0.0152 0.0
v 3.469446951953614e-18 0.0152 0.008
v -0.0012245999999999967 0.014956500000000001 0.0
v -0.0012245999999999967 0.014956500000000001 0.008
v -0.002262699999999997 0.0142627 0.0
v -0.002262699999999997 0.0142627 0.008
v -0.0029564999999999965 0.0132246 0.0
v -0.0029564999999999965 0.0132246 0.008
v -0.003199999999999997 0.012 0.0
v -0.003199999999999997 0.012 0.008
v -0.0029564999999999965 0.010775400000000001 0.0
v -0.0029564999999999965 0.010775400000000001 0.008
v -0.002262699999999997 0.0097373 0.0
v -0.002262699999999997 0.0097373 0.008
v -0.0012245999999999967 0.0090435 0.0
v -0.0012245999999999967 0.0090435 0.008
v 3.469446951953614e-18 0.0088 0.0
v 3.469446951953614e-18 0.0088 0.008
v 0.0012246000000000028 0.0090435 0.0
v 0.0012246000000000028 0.0090435 0.008
v 0.002262700000000003 0.0097373 0.0
v 0.002262700000000003 0.0097373 0.008
v 0.0029565000000000025 0.010775400000000001 0.0
v 0.0029565000000000025 0.010775400000000001 0.008
v 3.469446951953614e-18 0.0152 0.0
v 3.469446951953614e-18 0.0144 0.0
v -0.0009184999999999966 0.0142174 0.0
v -0.0012245999999999967 0.014956500000000001 0.0
v -0.0016969999999999971 0.013697 0.0
v -0.002262699999999997 0.0142627 0.0
v -0.002217399999999997 0.0129185 0.0
v -0.0029564999999999965 0.0132246 0.0
v -0.0023999999999999968 0.012 0.0
v -0.003199999999999997 0.012 0.0
v -0.002217399999999997 0.011081500000000001 0.0
v -0.0029564999999999965 0.010775400000000001 0.0
v -0.0016969999999999971 0.010303 0.0
v -0.002262699999999997 0.0097373 0.0
v -0.0009184999999999966 0.0097826 0.0
v -0.0012245999999999967 0.0090435 0.0
v 3.469446951953614e-18 0.009600000000000001 0.0
v 3.469446951953614e-18 0.0088 0.0
v 0.0009185000000000026 0.0097826 0.0
v 0.0012246000000000028 0.0090435 0.0
v 0.001697000000000004 0.010303 0.0
v 0.002262700000000003 0.0097373 0.0
v 0.002217400000000003 0.011081500000000001 0.0
v 0.0029565000000000025 0.010775400000000001 0.0
v 0.002400000000000003 0.012 0.0
v 0.003200000000000003 0.012 0.0
v 0.002217400000000003 0.0129185 0.0
v 0.0029565000000000025 0.0132246 0.0
v 0.001697000000000004 0.013697 0.0
v 0.002262700000000003 0.0142627 0.0
v 0.0009185000000000026 0.0142174 0.0
v 0.0012246000000000028 0.014956500000000001 0.0
v -0.005599999999999997 0.012 0.0
v -0.005782599999999997 0.0129185 0.0
v -0.005782599999999997 0.0129185 0.008
v -0.005599999999999997 0.012 0.008
v -0.006302999999999997 0.013697 0.0
v -0.006302999999999997 0.013697 0.008
v -0.007081499999999997 0.0142174 0.0
v -0.007081499999999997 0.0142174 0.008
v -0.007999999999999997 0.0144 0.0
v -0.007999999999999997 0.0144 0.008
v -0.008918499999999996 0.0142174 -0.0
v -0.008918499999999996 0.0142174 0.008
v -0.009696999999999997 0.013697 -0.0
v -0.009696999999999997 0.013697 0.008
v -0.010217399999999996 0.0129185 -0.0
v -0.010217399999999996 0.0129185 0.008
v -0.010399999999999996 0.012 -0.0
v -0.010399999999999996 0.012 0.008
v -0.010217399999999996 0.011081500000000001 -0.0
v -0.010217399999999996 0.011081500000000001 0.008
v -0.009696999999999997 0.010303 -0.0
v -0.009696999999999997 0.010303 0.008
v -0.008918499999999996 0.0097826 -0.0
v -0.008918499999999996 0.0097826 0.008
v -0.007999999999999997 0.009600000000000001 0.0
v -0.007999999999999997 0.009600000000000001 0.008
v -0.007081499999999997 0.0097826 0.0
v -0.007081499999999997 0.0097826 0.008
v -0.006302999999999997 0.010303 0.0
v -0.006302999999999997 0.010303 0.008
v -0.005782599999999997 0.011081500000000001 0.0
v -0.005782599999999997 0.011081500000000001 0.008
v -0.004799999999999997 0.012 0.0
v -0.005043499999999997 0.0132246 0.0
v -0.005043499999999997 0.0132246 0.008
v -0.004799999999999997 0.012 0.008
v -0.005737299999999997 0.0142627 0.0
v -0.005737299999999997 0.0142627 0.008
v -0.0067753999999999965 0.014956500000000001 0.0
v -0.0067753999999999965 0.014956500000000001 0.008
v -0.007999999999999997 0.0152 0.0
v -0.007999999999999997 0.0152 0.008
v -0.009224599999999996 0.014956500000000001 -0.0
v -0.009224599999999996 0.014956500000000001 0.008
v -0.010262699999999996 0.0142627 -0.0
v -0.010262699999999996 0.0142627 0.008
v -0.010956499999999997 0.0132246 -0.0
v -0.010956499999999997 0.0132246 0.008
v -0.011199999999999996 0.012 -0.0
v -0.011199999999999996 0.012 0.008
v -0.010956499999999997 0.010775400000000001 -0.0
v -0.010956499999999997 0.010775400000000001 0.008
v -0.010262699999999996 0.0097373 -0.0
v -0.010262699999999996 0.0097373 0.008
v -0.009224599999999996 0.0090435 -0.0
v -0.009224599999999996 0.0090435 0.008
v -0.007999999999999997 0.0088 0.0
v -0.007999999999999997 0.0088 0.008
v -0.0067753999999999965 0.0090435 0.0
v -0.0067753999999999965 0.0090435 0.008
v -0.005737299999999997 0.0097373 0.0
v -0.005737299999999997 0.0097373 0.008
v -0.005043499999999997 0.010775400000000001 0.0
v -0.005043499999999997 0.010775400000000001 0.008
v -0.007999999999999997 0.0152 0.0
v -0.007999999999999997 0.0144 0.0
v -0.008918499999999996 0.0142174 -0.0
v -0.009224599999999996 0.014956500000000001 -0.0
v -0.009696999999999997 0.013697 -0.0
v -0.010262699999999996 0.0142627 -0.0
v -0.010217399999999996 0.0129185 -0.0
v -0.010956499999999997 0.0132246 -0.0
v -0.010399999999999996 0.012 -0.0
v -0.011199999999999996 0.012 -0.0
v -0.010217399999999996 0.011081500000000001 -0.0
v -0.010956499999999997 0.010775400000000001 -0.0
v -0.009696999999999997 0.010303 -0.0
v -0.010262699999999996 0.0097373 -0.0
v -0.008918499999999996 0.0097826 -0.0
v -0.009224599999999996 0.0090435 -0.0
v -0.007999999999999997 0.009600000000000001 0.0
v -0.007999999999999997 0.0088 0.0
v -0.007081499999999997 0.0097826 0.0
v -0.0067753999999999965 0.0090435 0.0
v -0.006302999999999997 0.010303 0.0
v -0.005737299999999997 0.0097373 0.0
v -0.005782599999999997 0.011081500000000001 0.0
v -0.005043499999999997 0.010775400000000001 0.0
v -0.005599999999999997 0.012 0.0
v -0.004799999999999997 0.012 0.0
v -0.005782599999999997 0.0129185 0.0
v -0.005043499999999997 0.0132246 0.0
v -0.006302999999999997 0.013697 0.0
v -0.005737299999999997 0.0142627 0.0
v -0.007081499999999997 0.0142174 0.0
v -0.0067753999999999965 0.014956500000000001 0.0
v -0.014399999999999996 0.0056 0.008
v 0.014400000000000003 0.0056 0.008
v 0.014400000000000003 0.0184 0.008
v -0.014399999999999996 0.0184 0.008
v 0.014400000000000003 0.0184 0.008
v 0.014400000000000003 0.0184 0.0
v -0.014399999999999996 0.0184 -0.0
v -0.014399999999999996 0.0184 0.008
v -0.014399999999999996 0.0184 0.008
v -0.014399999999999996 0.0184 -0.0
v -0.014399999999999996 0.0056 -0.0
v -0.014399999999999996 0.0056 0.008
v -0.014399999999999996 0.0056 0.008
v -0.014399999999999996 0.0056 -0.0
v 0.014400000000000003 0.0056 0.0
v 0.014400000000000003 0.0056 0.008
v 0.014400000000000003 0.0056 0.008
v 0.014400000000000003 0.0056 0.0
v 0.014400000000000003 0.0184 0.0
v 0.014400000000000003 0.0184 0.008
v -0.015999999999999997 0.02 -0.0
v -0.014399999999999996 0.0184 -0.0
v 0.014400000000000003 0.0184 0.0
v 0.016000000000000004 0.02 0.0
v -0.015999999999999997 0.004 -0.0
v -0.014399999999999996 0.0056 -0.0
v 0.016000000000000004 0.004 0.0
v 0.014400000000000003 0.0056 0.0
v -0.015999999999999997 0.004 0.0096
v 0.016000000000000004 0.004 0.0096
v 0.016000000000000004 0.02 0.0096
v -0.015999999999999997 0.02 0.0096
v 0.016000000000000004 0.004 0.0096
v 0.016000000000000004 0.004 0.0
v 0.016000000000000004 0.02 0.0
v 0.016000000000000004 0.02 0.0096
v -0.015999999999999997 0.02 0.0096
v -0.015999999999999997 0.02 -0.0
v -0.015999999999999997 0.004 -0.0
v -0.015999999999999997 0.004 0.0096
v 0.014400000000000003 0.016 0.0096
v 0.014217400000000005 0.0169185 0.0096
v 0.014217400000000005 0.0169185 0.0112
v 0.014400000000000003 0.016 0.0112
v 0.013697000000000004 0.017697 0.0096
v 0.013697000000000004 0.017697 0.0112
v 0.012918500000000003 0.0182174 0.0096
v 0.012918500000000003 0.0182174 0.0112
v 0.012000000000000004 0.0184 0.0096
v 0.012000000000000004 0.0184 0.0112
v 0.011081500000000005 0.0182174 0.0096
v 0.011081500000000005 0.0182174 0.0112
v 0.010303000000000003 0.017697 0.0096
v 0.010303000000000003 0.017697 0.0112
v 0.009782600000000002 0.0169185 0.0096
v 0.009782600000000002 0.0169185 0.0112
v 0.009600000000000004 0.016 0.0096
v 0.009600000000000004 0.016 0.0112
v 0.009782600000000002 0.015081500000000001 0.0096
v 0.009782600000000002 0.015081500000000001 0.0112
v 0.010303000000000003 0.014303 0.0096
v 0.010303000000000003 0.014303 0.0112
v 0.011081500000000005 0.0137826 0.0096
v 0.011081500000000005 0.0137826 0.0112
v 0.012000000000000004 0.013600000000000001 0.0096
v 0.012000000000000004 0.013600000000000001 0.0112
v 0.012918500000000003 0.0137826 0.0096
v 0.012918500000000003 0.0137826 0.0112
v 0.013697000000000004 0.014303 0.0096
v 0.013697000000000004 0.014303 0.0112
v 0.014217400000000005 0.015081500000000001 0.0096
v 0.014217400000000005 0.015081500000000001 0.0112
v 0.014217400000000005 0.0169185 0.0112
v 0.014400000000000003 0.016 0.0112
v 0.012000000000000004 0.016 0.0112
v 0.013697000000000004 0.017697 0.0112
v 0.012918500000000003 0.0182174 0.0112
v 0.012000000000000004 0.0184 0.0112
v 0.011081500000000005 0.0182174 0.0112
v 0.010303000000000003 0.017697 0.0112
v 0.009782600000000002 0.0169185 0.0112
v 0.009600000000000004 0.016 0.0112
v 0.009782600000000002 0.015081500000000001 0.0112
v 0.010303000000000003 0.014303 0.0112
v 0.011081500000000005 0.0137826 0.0112
v 0.012000000000000004 0.013600000000000001 0.0112
v 0.012918500000000003 0.0137826 0.0112
v 0.013697000000000004 0.014303 0.0112
v 0.014217400000000005 0.015081500000000001 0.0112
v 0.006400000000000003 0.016 0.0096
v 0.006217400000000003 0.0169185 0.0096
v 0.006217400000000003 0.0169185 0.0112
v 0.006400000000000003 0.016 0.0112
v 0.005697000000000004 0.017697 0.0096
v 0.005697000000000004 0.017697 0.0112
v 0.004918500000000003 0.0182174 0.0096
v 0.004918500000000003 0.0182174 0.0112
v 0.0040000000000000036 0.0184 0.0096
v 0.0040000000000000036 0.0184 0.0112
v 0.0030815000000000026 0.0182174 0.0096
v 0.0030815000000000026 0.0182174 0.0112
v 0.002303000000000003 0.017697 0.0096
v 0.002303000000000003 0.017697 0.0112
v 0.001782600000000004 0.0169185 0.0096
v 0.001782600000000004 0.0169185 0.0112
v 0.0016000000000000025 0.016 0.0096
v 0.0016000000000000025 0.016 0.0112
v 0.001782600000000004 0.015081500000000001 0.0096
v 0.001782600000000004 0.015081500000000001 0.0112
v 0.002303000000000003 0.014303 0.0096
v 0.002303000000000003 0.014303 0.0112
v 0.0030815000000000026 0.0137826 0.0096
v 0.0030815000000000026 0.0137826 0.0112
v 0.0040000000000000036 0.013600000000000001 0.0096
v 0.0040000000000000036 0.013600000000000001 0.0112
v 0.004918500000000003 0.0137826 0.0096
v 0.004918500000000003 0.0137826 0.0112
v 0.005697000000000004 0.014303 0.0096
v 0.005697000000000004 0.014303 0.0112
v 0.006217400000000003 0.015081500000000001 0.0096
v 0.006217400000000003 0.015081500000000001 0.0112
v 0.006217400000000003 0.0169185 0.0112
v 0.006400000000000003 0.016 0.0112
v 0.0040000000000000036 0.016 0.0112
v 0.005697000000000004 0.017697 0.0112
v 0.004918500000000003 0.0182174 0.0112
v 0.0040000000000000036 0.0184 0.0112
v 0.0030815000000000026 0.0182174 0.0112
v 0.002303000000000003 0.017697 0.0112
v 0.001782600000000004 0.0169185 0.0112
v 0.0016000000000000025 0.016 0.0112
v 0.001782600000000004 0.015081500000000001 0.0112
v 0.002303000000000003 0.014303 0.0112
v 0.0030815000000000026 0.0137826 0.0112
v 0.0040000000000000036 0.013600000000000001 0.0112
v 0.004918500000000003 0.0137826 0.0112
v 0.005697000000000004 0.014303 0.0112
v 0.006217400000000003 0.015081500000000001 0.0112
v -0.0015999999999999964 0.016 0.0096
v -0.001782599999999997 0.0169185 0.0096
v -0.001782599999999997 0.0169185 0.0112
v -0.0015999999999999964 0.016 0.0112
v -0.002302999999999997 0.017697 0.0096
v -0.002302999999999997 0.017697 0.0112
v -0.0030814999999999966 0.0182174 0.0096
v -0.0030814999999999966 0.0182174 0.0112
v -0.003999999999999997 0.0184 0.0096
v -0.003999999999999997 0.0184 0.0112
v -0.004918499999999997 0.0182174 0.0096
v -0.004918499999999997 0.0182174 0.0112
v -0.005696999999999997 0.017697 0.0096
v -0.005696999999999997 0.017697 0.0112
v -0.006217399999999996 0.0169185 0.0096
v -0.006217399999999996 0.0169185 0.0112
v -0.006399999999999997 0.016 0.0096
v -0.006399999999999997 0.016 0.0112
v -0.006217399999999996 0.015081500000000001 0.0096
v -0.006217399999999996 0.015081500000000001 0.0112
v -0.005696999999999997 0.014303 0.0096
v -0.005696999999999997 0.014303 0.0112
v -0.004918499999999997 0.0137826 0.0096
v -0.004918499999999997 0.0137826 0.0112
v -0.003999999999999997 0.013600000000000001 0.0096
v -0.003999999999999997 0.013600000000000001 0.0112
v -0.0030814999999999966 0.0137826 0.0096
v -0.0030814999999999966 0.0137826 0.0112
v -0.002302999999999997 0.014303 0.0096
v -0.002302999999999997 0.014303 0.0112
v -0.001782599999999997 0.015081500000000001 0.0096
v -0.001782599999999997 0.015081500000000001 0.0112
v -0.001782599999999997 0.0169185 0.0112
v -0.0015999999999999964 0.016 0.0112
v -0.003999999999999997 0.016 0.0112
v -0.002302999999999997 0.017697 0.0112
v -0.0030814999999999966 0.0182174 0.0112
v -0.003999999999999997 0.0184 0.0112
v -0.004918499999999997 0.0182174 0.0112
v -0.005696999999999997 0.017697 0.0112
v -0.006217399999999996 0.0169185 0.0112
v -0.006399999999999997 0.016 0.0112
v -0.006217399999999996 0.015081500000000001 0.0112
v -0.005696999999999997 0.014303 0.0112
v -0.004918499999999997 0.0137826 0.0112
v -0.003999999999999997 0.013600000000000001 0.0112
v -0.0030814999999999966 0.0137826 0.0112
v -0.002302999999999997 0.014303 0.0112
v -0.001782599999999997 0.015081500000000001 0.0112
v -0.009599999999999997 0.016 0.0096
v -0.009782599999999997 0.0169185 0.0096
v -0.009782599999999997 0.0169185 0.0112
v -0.009599999999999997 0.016 0.0112
v -0.010302999999999996 0.017697 0.0096
v -0.010302999999999996 0.017697 0.0112
v -0.011081499999999998 0.0182174 0.0096
v -0.011081499999999998 0.0182174 0.0112
v -0.011999999999999997 0.0184 0.0096
v -0.011999999999999997 0.0184 0.0112
v -0.012918499999999996 0.0182174 0.0096
v -0.012918499999999996 0.0182174 0.0112
v -0.013696999999999997 0.017697 0.0096
v -0.013696999999999997 0.017697 0.0112
v -0.014217399999999996 0.0169185 0.0096
v -0.014217399999999996 0.0169185 0.0112
v -0.014399999999999996 0.016 0.0096
v -0.014399999999999996 0.016 0.0112
v -0.014217399999999996 0.015081500000000001 0.0096
v -0.014217399999999996 0.015081500000000001 0.0112
v -0.013696999999999997 0.014303 0.0096
v -0.013696999999999997 0.014303 0.0112
v -0.012918499999999996 0.0137826 0.0096
v -0.012918499999999996 0.0137826 0.0112
v -0.011999999999999997 0.013600000000000001 0.0096
v -0.011999999999999997 0.013600000000000001 0.0112
v -0.011081499999999998 0.0137826 0.0096
v -0.011081499999999998 0.0137826 0.0112
v -0.010302999999999996 0.014303 0.0096
v -0.010302999999999996 0.014303 0.0112
v -0.009782599999999997 0.015081500000000001 0.0096
v -0.009782599999999997 0.015081500000000001 0.0112
v -0.009782599999999997 0.0169185 0.0112
v -0.009599999999999997 0.016 0.0112
v -0.011999999999999997 0.016 0.0112
v -0.010302999999999996 0.017697 0.0112
v -0.011081499999999998 0.0182174 0.0112
v -0.011999999999999997 0.0184 0.0112
v -0.012918499999999996 0.0182174 0.0112
v -0.013696999999999997 0.017697 0.0112
v -0.014217399999999996 0.0169185 0.0112
v -0.014399999999999996 0.016 0.0112
v -0.014217399999999996 0.015081500000000001 0.0112
v -0.013696999999999997 0.014303 0.0112
v -0.012918499999999996 0.0137826 0.0112
v -0.011999999999999997 0.013600000000000001 0.0112
v -0.011081499999999998 0.0137826 0.0112
v -0.010302999999999996 0.014303 0.0112
v -0.009782599999999997 0.015081500000000001 0.0112
v 0.014400000000000003 0.008 0.0096
v 0.014217400000000005 0.0089185 0.0096
v 0.014217400000000005 0.0089185 0.0112
v 0.014400000000000003 0.008 0.0112
v 0.013697000000000004 0.009697 0.0096
v 0.013697000000000004 0.009697 0.0112
v 0.012918500000000003 0.0102174 0.0096
v 0.012918500000000003 0.0102174 0.0112
v 0.012000000000000004 0.0104 0.0096
v 0.012000000000000004 0.0104 0.0112
v 0.011081500000000005 0.0102174 0.0096
v 0.011081500000000005 0.0102174 0.0112
v 0.010303000000000003 0.009697 0.0096
v 0.010303000000000003 0.009697 0.0112
v 0.009782600000000002 0.0089185 0.0096
v 0.009782600000000002 0.0089185 0.0112
v 0.009600000000000004 0.008 0.0096
v 0.009600000000000004 0.008 0.0112
v 0.009782600000000002 0.0070815 0.0096
v 0.009782600000000002 0.0070815 0.0112
v 0.010303000000000003 0.0063030000000000004 0.0096
v 0.010303000000000003 0.0063030000000000004 0.0112
v 0.011081500000000005 0.005782600000000001 0.0096
v 0.011081500000000005 0.005782600000000001 0.0112
v 0.012000000000000004 0.0056 0.0096
v 0.012000000000000004 0.0056 0.0112
v 0.012918500000000003 0.005782600000000001 0.0096
v 0.012918500000000003 0.005782600000000001 0.0112
v 0.013697000000000004 0.0063030000000000004 0.0096
v 0.013697000000000004 0.0063030000000000004 0.0112
v 0.014217400000000005 0.0070815 0.0096
v 0.014217400000000005 0.0070815 0.0112
v 0.014217400000000005 0.0089185 0.0112
v 0.014400000000000003 0.008 0.0112
v 0.012000000000000004 0.008 0.0112
v 0.013697000000000004 0.009697 0.0112
v 0.012918500000000003 0.0102174 0.0112
v 0.012000000000000004 0.0104 0.0112
v 0.011081500000000005 0.0102174 0.0112
v 0.010303000000000003 0.009697 0.0112
v 0.009782600000000002 0.0089185 0.0112
v 0.009600000000000004 0.008 0.0112
v 0.009782600000000002 0.0070815 0.0112
v 0.010303000000000003 0.0063030000000000004 0.0112
v 0.011081500000000005 0.005782600000000001 0.0112
v 0.012000000000000004 0.0056 0.0112
v 0.012918500000000003 0.005782600000000001 0.0112
v 0.013697000000000004 0.0063030000000000004 0.0112
v 0.014217400000000005 0.0070815 0.0112
v 0.006400000000000003 0.008 0.0096
v 0.006217400000000003 0.0089185 0.0096
v 0.006217400000000003 0.0089185 0.0112
v 0.006400000000000003 0.008 0.0112
v 0.005697000000000004 0.009697 0.0096
v 0.005697000000000004 0.009697 0.0112
v 0.004918500000000003 0.0102174 0.0096
v 0.004918500000000003 0.0102174 0.0112
v 0.0040000000000000036 0.0104 0.0096
v 0.0040000000000000036 0.0104 0.0112
v 0.0030815000000000026 0.0102174 0.0096
v 0.0030815000000000026 0.0102174 0.0112
v 0.002303000000000003 0.009697 0.0096
v 0.002303000000000003 0.009697 0.0112
v 0.001782600000000004 0.0089185 0.0096
v 0.001782600000000004 0.0089185 0.0112
v 0.0016000000000000025 0.008 0.0096
v 0.0016000000000000025 0.008 0.0112
v 0.001782600000000004 0.0070815 0.0096
v 0.001782600000000004 0.0070815 0.0112
v 0.002303000000000003 0.0063030000000000004 0.0096
v 0.002303000000000003 0.0063030000000000004 0.0112
v 0.0030815000000000026 0.005782600000000001 0.0096
v 0.0030815000000000026 0.005782600000000001 0.0112
v 0.0040000000000000036 0.0056 0.0096
v 0.0040000000000000036 0.0056 0.0112
v 0.004918500000000003 0.005782600000000001 0.0096
v 0.004918500000000003 0.005782600000000001 0.0112
v 0.005697000000000004 0.0063030000000000004 0.0096
v 0.005697000000000004 0.0063030000000000004 0.0112
v 0.006217400000000003 0.0070815 0.0096
v 0.006217400000000003 0.0070815 0.0112
v 0.006217400000000003 0.0089185 0.0112
v 0.006400000000000003 0.008 0.0112
v 0.0040000000000000036 0.008 0.0112
v 0.005697000000000004 0.009697 0.0112
v 0.004918500000000003 0.0102174 0.0112
v 0.0040000000000000036 0.0104 0.0112
v 0.0030815000000000026 0.0102174 0.0112
v 0.002303000000000003 0.009697 0.0112
v 0.001782600000000004 0.0089185 0.0112
v 0.0016000000000000025 0.008 0.0112
v 0.001782600000000004 0.0070815 0.0112
v 0.002303000000000003 0.0063030000000000004 0.0112
v 0.0030815000000000026 0.005782600000000001 0.0112
v 0.0040000000000000036 0.0056 0.0112
v 0.004918500000000003 0.005782600000000001 0.0112
v 0.005697000000000004 0.0063030000000000004 0.0112
v 0.006217400000000003 0.0070815 0.0112
v -0.0015999999999999964 0.008 0.0096
v -0.001782599999999997 0.0089185 0.0096
v -0.001782599999999997 0.0089185 0.0112
v -0.0015999999999999964 0.008 0.0112
v -0.002302999999999997 0.009697 0.0096
v -0.002302999999999997 0.009697 0.0112
v -0.0030814999999999966 0.0102174 0.0096
v -0.0030814999999999966 0.0102174 0.0112
v -0.003999999999999997 0.0104 0.0096
v -0.003999999999999997 0.0104 0.0112
v -0.004918499999999997 0.0102174 0.0096
v -0.004918499999999997 0.0102174 0.0112
v -0.005696999999999997 0.009697 0.0096
v -0.005696999999999997 0.009697 0.0112
v -0.006217399999999996 0.0089185 0.0096
v -0.006217399999999996 0.0089185 0.0112
v -0.006399999999999997 0.008 0.0096
v -0.006399999999999997 0.008 0.0112
v -0.006217399999999996 0.0070815 0.0096
v -0.006217399999999996 0.0070815 0.0112
v -0.005696999999999997 0.0063030000000000004 0.0096
v -0.005696999999999997 0.0063030000000000004 0.0112
v -0.004918499999999997 0.005782600000000001 0.0096
v -0.004918499999999997 0.005782600000000001 0.0112
v -0.003999999999999997 0.0056 0.0096
v -0.003999999999999997 0.0056 0.0112
v -0.0030814999999999966 0.005782600000000001 0.0096
v -0.0030814999999999966 0.005782600000000001 0.0112
v -0.002302999999999997 0.0063030000000000004 0.0096
v -0.002302999999999997 0.0063030000000000004 0.0112
v -0.001782599999999997 0.0070815 0.0096
v -0.001782599999999997 0.0070815 0.0112
v -0.001782599999999997 0.0089185 0.0112
v -0.0015999999999999964 0.008 0.0112
v -0.003999999999999997 0.008 0.0112
v -0.002302999999999997 0.009697 0.0112
v -0.0030814999999999966 0.0102174 0.0112
v -0.003999999999999997 0.0104 0.0112
v -0.004918499999999997 0.0102174 0.0112
v -0.005696999999999997 0.009697 0.0112
v -0.006217399999999996 0.0089185 0.0112
v -0.006399999999999997 0.008 0.0112
v -0.006217399999999996 0.0070815 0.0112
v -0.005696999999999997 0.0063030000000000004 0.0112
v -0.004918499999999997 0.005782600000000001 0.0112
v -0.003999999999999997 0.0056 0.0112
v -0.0030814999999999966 0.005782600000000001 0.0112
v -0.002302999999999997 0.0063030000000000004 0.0112
v -0.001782599999999997 0.0070815 0.0112
v -0.009599999999999997 0.008 0.0096
v -0.009782599999999997 0.0089185 0.0096
v -0.009782599999999997 0.0089185 0.0112
v -0.009599999999999997 0.008 0.0112
v -0.010302999999999996 0.009697 0.0096
v -0.010302999999999996 0.009697 0.0112
v -0.011081499999999998 0.0102174 0.0096
v -0.011081499999999998 0.0102174 0.0112
v -0.011999999999999997 0.0104 0.0096
v -0.011999999999999997 0.0104 0.0112
v -0.012918499999999996 0.0102174 0.0096
v -0.012918499999999996 0.0102174 0.0112
v -0.013696999999999997 0.009697 0.0096
v -0.013696999999999997 0.009697 0.0112
v -0.014217399999999996 0.0089185 0.0096
v -0.014217399999999996 0.0089185 0.0112
v -0.014399999999999996 0.008 0.0096
v -0.014399999999999996 0.008 0.0112
v -0.014217399999999996 0.0070815 0.0096
v -0.014217399999999996 0.0070815 0.0112
v -0.013696999999999997 0.0063030000000000004 0.0096
v -0.013696999999999997 0.0063030000000000004 0.0112
v -0.012918499999999996 0.005782600000000001 0.0096
v -0.012918499999999996 0.005782600000000001 0.0112
v -0.011999999999999997 0.0056 0.0096
v -0.011999999999999997 0.0056 0.0112
v -0.011081499999999998 0.005782600000000001 0.0096
v -0.011081499999999998 0.005782600000000001 0.0112
v -0.010302999999999996 0.0063030000000000004 0.0096
v -0.010302999999999996 0.0063030000000000004 0.0112
v -0.009782599999999997 0.0070815 0.0096
v -0.009782599999999997 0.0070815 0.0112
v -0.009782599999999997 0.0089185 0.0112
v -0.009599999999999997 0.008 0.0112
v -0.011999999999999997 0.008 0.0112
v -0.010302999999999996 0.009697 0.0112
v -0.011081499999999998 0.0102174 0.0112
v -0.011999999999999997 0.0104 0.0112
v -0.012918499999999996 0.0102174 0.0112
v -0.013696999999999997 0.009697 0.0112
v -0.014217399999999996 0.0089185 0.0112
v -0.014399999999999996 0.008 0.0112
v -0.014217399999999996 0.0070815 0.0112
v -0.013696999999999997 0.0063030000000000004 0.0112
v -0.012918499999999996 0.005782600000000001 0.0112
v -0.011999999999999997 0.0056 0.0112
v -0.011081499999999998 0.005782600000000001 0.0112
v -0.010302999999999996 0.0063030000000000004 0.0112
v -0.009782599999999997 0.0070815 0.0112
v 0.016000000000000004 0.004 0.0096
v 0.016000000000000004 0.004 0.0
v -0.015999999999999997 0.004 -0.0
v -0.015999999999999997 0.004 0.0096
v -0.015999999999999997 0.02 0.0096
v -0.015999999999999997 0.02 -0.0
v 0.016000000000000004 0.02 0.0
v 0.016000000000000004 0.02 0.0096
v 3.469446951953614e-18 -0.009600000000000001 0.0
v -0.0009184999999999966 -0.009782599999999999 0.0
v -0.0009184999999999966 -0.009782599999999999 0.008
v 3.469446951953614e-18 -0.009600000000000001 0.008
v -0.0016969999999999971 -0.010303 0.0
v -0.0016969999999999971 -0.010303 0.008
v -0.002217399999999997 -0.011081500000000001 0.0
v -0.002217399999999997 -0.011081500000000001 0.008
v -0.0023999999999999968 -0.012 0.0
v -0.0023999999999999968 -0.012 0.008
v -0.002217399999999997 -0.0129185 0.0
v -0.002217399999999997 -0.0129185 0.008
v -0.0016969999999999971 -0.013697 0.0
v -0.0016969999999999971 -0.013697 0.008
v -0.0009184999999999966 -0.014217399999999998 0.0
v -0.0009184999999999966 -0.014217399999999998 0.008
v 3.469446951953614e-18 -0.0144 0.0
v 3.469446951953614e-18 -0.0144 0.008
v 0.0009185000000000026 -0.014217399999999998 0.0
v 0.0009185000000000026 -0.014217399999999998 0.008
v 0.001697000000000004 -0.013697 0.0
v 0.001697000000000004 -0.013697 0.008
v 0.002217400000000003 -0.0129185 0.0
v 0.002217400000000003 -0.0129185 0.008
v 0.002400000000000003 -0.012 0.0
v 0.002400000000000003 -0.012 0.008
v 0.002217400000000003 -0.011081500000000001 0.0
v 0.002217400000000003 -0.011081500000000001 0.008
v 0.001697000000000004 -0.010303 0.0
v 0.001697000000000004 -0.010303 0.008
v 0.0009185000000000026 -0.009782599999999999 0.0
v 0.0009185000000000026 -0.009782599999999999 0.008
v 3.469446951953614e-18 -0.008799999999999999 0.0
v -0.0012245999999999967 -0.0090435 0.0
v -0.0012245999999999967 -0.0090435 0.008
v 3.469446951953614e-18 -0.008799999999999999 0.008
v -0.002262699999999997 -0.0097373 0.0
v -0.002262699999999997 -0.0097373 0.008
v -0.0029564999999999965 -0.010775400000000001 0.0
v -0.0029564999999999965 -0.010775400000000001 0.008
v -0.003199999999999997 -0.012 0.0
v -0.003199999999999997 -0.012 0.008
v -0.0029564999999999965 -0.0132246 0.0
v -0.0029564999999999965 -0.0132246 0.008
v -0.002262699999999997 -0.0142627 0.0
v -0.002262699999999997 -0.0142627 0.008
v -0.0012245999999999967 -0.014956500000000001 0.0
v -0.0012245999999999967 -0.014956500000000001 0.008
v 3.469446951953614e-18 -0.015199999999999998 0.0
v 3.469446951953614e-18 -0.015199999999999998 0.008
v 0.0012246000000000028 -0.014956500000000001 0.0
v 0.0012246000000000028 -0.014956500000000001 0.008
v 0.002262700000000003 -0.0142627 0.0
v 0.002262700000000003 -0.0142627 0.008
v 0.0029565000000000025 -0.0132246 0.0
v 0.0029565000000000025 -0.0132246 0.008
v 0.003200000000000003 -0.012 0.0
v 0.003200000000000003 -0.012 0.008
v 0.0029565000000000025 -0.010775400000000001 0.0
v 0.0029565000000000025 -0.010775400000000001 0.008
v 0.002262700000000003 -0.0097373 0.0
v 0.002262700000000003 -0.0097373 0.008
v 0.0012246000000000028 -0.0090435 0.0
v 0.0012246000000000028 -0.0090435 0.008
v -0.003199999999999997 -0.012 0.0
v -0.0023999999999999968 -0.012 0.0
v -0.002217399999999997 -0.0129185 0.0
v -0.0029564999999999965 -0.0132246 0.0
v -0.0016969999999999971 -0.013697 0.0
v -0.002262699999999997 -0.0142627 0.0
v -0.0009184999999999966 -0.014217399999999998 0.0
v -0.0012245999999999967 -0.014956500000000001 0.0
v 3.469446951953614e-18 -0.0144 0.0
v 3.469446951953614e-18 -0.015199999999999998 0.0
v 0.0009185000000000026 -0.014217399999999998 0.0
v 0.0012246000000000028 -0.014956500000000001 0.0
v 0.001697000000000004 -0.013697 0.0
v 0.002262700000000003 -0.0142627 0.0
v 0.002217400000000003 -0.0129185 0.0
v 0.0029565000000000025 -0.0132246 0.0
v 0.002400000000000003 -0.012 0.0
v 0.003200000000000003 -0.012 0.0
v 0.002217400000000003 -0.011081500000000001 0.0
v 0.0029565000000000025 -0.010775400000000001 0.0
v 0.001697000000000004 -0.010303 0.0
v 0.002262700000000003 -0.0097373 0.0
v 0.0009185000000000026 -0.009782599999999999 0.0
v 0.0012246000000000028 -0.0090435 0.0
v 3.469446951953614e-18 -0.009600000000000001 0.0
v 3.469446951953614e-18 -0.008799999999999999 0.0
v -0.0009184999999999966 -0.009782599999999999 0.0
v -0.0012245999999999967 -0.0090435 0.0
v -0.0016969999999999971 -0.010303 0.0
v -0.002262699999999997 -0.0097373 0.0
v -0.002217399999999997 -0.011081500000000001 0.0
v -0.0029564999999999965 -0.010775400000000001 0.0
v 3.469446951953614e-18 -0.0176 0.0
v -0.0009184999999999966 -0.0177826 0.0
v -0.0009184999999999966 -0.0177826 0.008
v 3.469446951953614e-18 -0.0176 0.008
v -0.0016969999999999971 -0.018303 0.0
v -0.0016969999999999971 -0.018303 0.008
v -0.002217399999999997 -0.0190815 0.0
v -0.002217399999999997 -0.0190815 0.008
v -0.0023999999999999968 -0.02 0.0
v -0.0023999999999999968 -0.02 0.008
v -0.002217399999999997 -0.020918500000000003 0.0
v -0.002217399999999997 -0.020918500000000003 0.008
v -0.0016969999999999971 -0.021696999999999998 0.0
v -0.0016969999999999971 -0.021696999999999998 0.008
v -0.0009184999999999966 -0.0222174 0.0
v -0.0009184999999999966 -0.0222174 0.008
v 3.469446951953614e-18 -0.0224 0.0
v 3.469446951953614e-18 -0.0224 0.008
v 0.0009185000000000026 -0.0222174 0.0
v 0.0009185000000000026 -0.0222174 0.008
v 0.001697000000000004 -0.021696999999999998 0.0
v 0.001697000000000004 -0.021696999999999998 0.008
v 0.002217400000000003 -0.020918500000000003 0.0
v 0.002217400000000003 -0.020918500000000003 0.008
v 0.002400000000000003 -0.02 0.0
v 0.002400000000000003 -0.02 0.008
v 0.002217400000000003 -0.0190815 0.0
v 0.002217400000000003 -0.0190815 0.008
v 0.001697000000000004 -0.018303 0.0
v 0.001697000000000004 -0.018303 0.008
v 0.0009185000000000026 -0.0177826 0.0
v 0.0009185000000000026 -0.0177826 0.008
v 3.469446951953614e-18 -0.0168 0.0
v -0.0012245999999999967 -0.0170435 0.0
v -0.0012245999999999967 -0.0170435 0.008
v 3.469446951953614e-18 -0.0168 0.008
v -0.002262699999999997 -0.0177373 0.0
v -0.002262699999999997 -0.0177373 0.008
v -0.0029564999999999965 -0.0187754 0.0
v -0.0029564999999999965 -0.0187754 0.008
v -0.003199999999999997 -0.02 0.0
v -0.003199999999999997 -0.02 0.008
v -0.0029564999999999965 -0.0212246 0.0
v -0.0029564999999999965 -0.0212246 0.008
v -0.002262699999999997 -0.0222627 0.0
v -0.002262699999999997 -0.0222627 0.008
v -0.0012245999999999967 -0.0229565 0.0
v -0.0012245999999999967 -0.0229565 0.008
v 3.469446951953614e-18 -0.023200000000000002 0.0
v 3.469446951953614e-18 -0.023200000000000002 0.008
v 0.0012246000000000028 -0.0229565 0.0
v 0.0012246000000000028 -0.0229565 0.008
v 0.002262700000000003 -0.0222627 0.0
v 0.002262700000000003 -0.0222627 0.008
v 0.0029565000000000025 -0.0212246 0.0
v 0.0029565000000000025 -0.0212246 0.008
v 0.003200000000000003 -0.02 0.0
v 0.003200000000000003 -0.02 0.008
v 0.0029565000000000025 -0.0187754 0.0
v 0.0029565000000000025 -0.0187754 0.008
v 0.002262700000000003 -0.0177373 0.0
v 0.002262700000000003 -0.0177373 0.008
v 0.0012246000000000028 -0.0170435 0.0
v 0.0012246000000000028 -0.0170435 0.008
v -0.003199999999999997 -0.02 0.0
v -0.0023999999999999968 -0.02 0.0
v -0.002217399999999997 -0.020918500000000003 0.0
v -0.0029564999999999965 -0.0212246 0.0
v -0.0016969999999999971 -0.021696999999999998 0.0
v -0.002262699999999997 -0.0222627 0.0
v -0.0009184999999999966 -0.0222174 0.0
v -0.0012245999999999967 -0.0229565 0.0
v 3.469446951953614e-18 -0.0224 0.0
v 3.469446951953614e-18 -0.023200000000000002 0.0
v 0.0009185000000000026 -0.0222174 0.0
v 0.0012246000000000028 -0.0229565 0.0
v 0.001697000000000004 -0.021696999999999998 0.0
v 0.002262700000000003 -0.0222627 0.0
v 0.002217400000000003 -0.020918500000000003 0.0
v 0.0029565000000000025 -0.0212246 0.0
v 0.002400000000000003 -0.02 0.0
v 0.003200000000000003 -0.02 0.0
v 0.002217400000000003 -0.0190815 0.0
v 0.0029565000000000025 -0.0187754 0.0
v 0.001697000000000004 -0.018303 0.0
v 0.002262700000000003 -0.0177373 0.0
v 0.0009185000000000026 -0.0177826 0.0
v 0.0012246000000000028 -0.0170435 0.0
v 3.469446951953614e-18 -0.0176 0.0
v 3.469446951953614e-18 -0.0168 0.0
v -0.0009184999999999966 -0.0177826 0.0
v -0.0012245999999999967 -0.0170435 0.0
v -0.0016969999999999971 -0.018303 0.0
v -0.002262699999999997 -0.0177373 0.0
v -0.002217399999999997 -0.0190815 0.0
v -0.0029564999999999965 -0.0187754 0.0
v 3.469446951953614e-18 -0.0256 0.0
v -0.0009184999999999966 -0.0257826 0.0
v -0.0009184999999999966 -0.0257826 0.008
v 3.469446951953614e-18 -0.0256 0.008
v -0.0016969999999999971 -0.026302999999999997 0.0
v -0.0016969999999999971 -0.026302999999999997 0.008
v -0.002217399999999997 -0.027081499999999998 0.0
v -0.002217399999999997 -0.027081499999999998 0.008
v -0.0023999999999999968 -0.028 0.0
v -0.0023999999999999968 -0.028 0.008
v -0.002217399999999997 -0.028918499999999996 0.0
v -0.002217399999999997 -0.028918499999999996 0.008
v -0.0016969999999999971 -0.029696999999999998 0.0
v -0.0016969999999999971 -0.029696999999999998 0.008
v -0.0009184999999999966 -0.030217400000000002 0.0
v -0.0009184999999999966 -0.030217400000000002 0.008
v 3.469446951953614e-18 -0.0304 0.0
v 3.469446951953614e-18 -0.0304 0.008
v 0.0009185000000000026 -0.030217400000000002 0.0
v 0.0009185000000000026 -0.030217400000000002 0.008
v 0.001697000000000004 -0.029696999999999998 0.0
v 0.001697000000000004 -0.029696999999999998 0.008
v 0.002217400000000003 -0.028918499999999996 0.0
v 0.002217400000000003 -0.028918499999999996 0.008
v 0.002400000000000003 -0.028 0.0
v 0.002400000000000003 -0.028 0.008
v 0.002217400000000003 -0.027081499999999998 0.0
v 0.002217400000000003 -0.027081499999999998 0.008
v 0.001697000000000004 -0.026302999999999997 0.0
v 0.001697000000000004 -0.026302999999999997 0.008
v 0.0009185000000000026 -0.0257826 0.0
v 0.0009185000000000026 -0.0257826 0.008
v 3.469446951953614e-18 -0.0248 0.0
v -0.0012245999999999967 -0.0250435 0.0
v -0.0012245999999999967 -0.0250435 0.008
v 3.469446951953614e-18 -0.0248 0.008
v -0.002262699999999997 -0.0257373 0.0
v -0.002262699999999997 -0.0257373 0.008
v -0.0029564999999999965 -0.0267754 0.0
v -0.0029564999999999965 -0.0267754 0.008
v -0.003199999999999997 -0.028 0.0
v -0.003199999999999997 -0.028 0.008
v -0.0029564999999999965 -0.0292246 0.0
v -0.0029564999999999965 -0.0292246 0.008
v -0.002262699999999997 -0.0302627 0.0
v -0.002262699999999997 -0.0302627 0.008
v -0.0012245999999999967 -0.0309565 0.0
v -0.0012245999999999967 -0.0309565 0.008
v 3.469446951953614e-18 -0.031200000000000002 0.0
v 3.469446951953614e-18 -0.031200000000000002 0.008
v 0.0012246000000000028 -0.0309565 0.0
v 0.0012246000000000028 -0.0309565 0.008
v 0.002262700000000003 -0.0302627 0.0
v 0.002262700000000003 -0.0302627 0.008
v 0.0029565000000000025 -0.0292246 0.0
v 0.0029565000000000025 -0.0292246 0.008
v 0.003200000000000003 -0.028 0.0
v 0.003200000000000003 -0.028 0.008
v 0.0029565000000000025 -0.0267754 0.0
v 0.0029565000000000025 -0.0267754 0.008
v 0.002262700000000003 -0.0257373 0.0
v 0.002262700000000003 -0.0257373 0.008
v 0.0012246000000000028 -0.0250435 0.0
v 0.0012246000000000028 -0.0250435 0.008
v -0.003199999999999997 -0.028 0.0
v -0.0023999999999999968 -0.028 0.0
v -0.002217399999999997 -0.028918499999999996 0.0
v -0.0029564999999999965 -0.0292246 0.0
v -0.0016969999999999971 -0.029696999999999998 0.0
v -0.002262699999999997 -0.0302627 0.0
v -0.0009184999999999966 -0.030217400000000002 0.0
v -0.0012245999999999967 -0.0309565 0.0
v 3.469446951953614e-18 -0.0304 0.0
v 3.469446951953614e-18 -0.031200000000000002 0.0
v 0.0009185000000000026 -0.030217400000000002 0.0
v 0.0012246000000000028 -0.0309565 0.0
v 0.001697000000000004 -0.029696999999999998 0.0
v 0.002262700000000003 -0.0302627 0.0
v 0.002217400000000003 -0.028918499999999996 0.0
v 0.0029565000000000025 -0.0292246 0.0
v 0.002400000000000003 -0.028 0.0
v 0.003200000000000003 -0.028 0.0
v 0.002217400000000003 -0.027081499999999998 0.0
v 0.0029565000000000025 -0.0267754 0.0
v 0.001697000000000004 -0.026302999999999997 0.0
v 0.002262700000000003 -0.0257373 0.0
v 0.0009185000000000026 -0.0257826 0.0
v 0.0012246000000000028 -0.0250435 0.0
v 3.469446951953614e-18 -0.0256 0.0
v 3.469446951953614e-18 -0.0248 0.0
v -0.0009184999999999966 -0.0257826 0.0
v -0.0012245999999999967 -0.0250435 0.0
v -0.0016969999999999971 -0.026302999999999997 0.0
v -0.002262699999999997 -0.0257373 0.0
v -0.002217399999999997 -0.027081499999999998 0.0
v -0.0029564999999999965 -0.0267754 0.0
v 0.006400000000000003 -0.0344 0.008
v 0.006400000000000003 -0.005600000000000001 0.008
v -0.006399999999999997 -0.005600000000000001 0.008
v -0.006399999999999997 -0.0344 0.008
v -0.006399999999999997 -0.005600000000000001 0.008
v -0.006399999999999997 -0.005600000000000001 0.0
v -0.006399999999999997 -0.0344 0.0
v -0.006399999999999997 -0.0344 0.008
v -0.006399999999999997 -0.0344 0.008
v -0.006399999999999997 -0.0344 0.0
v 0.006400000000000003 -0.0344 0.0
v 0.006400000000000003 -0.0344 0.008
v 0.006400000000000003 -0.0344 0.008
v 0.006400000000000003 -0.0344 0.0
v 0.006400000000000003 -0.005600000000000001 0.0
v 0.006400000000000003 -0.005600000000000001 0.008
v 0.006400000000000003 -0.005600000000000001 0.008
v 0.006400000000000003 -0.005600000000000001 0.0
v -0.006399999999999997 -0.005600000000000001 0.0
v -0.006399999999999997 -0.005600000000000001 0.008
v -0.007999999999999997 -0.036000000000000004 0.0
v -0.006399999999999997 -0.0344 0.0
v -0.006399999999999997 -0.005600000000000001 0.0
v -0.007999999999999997 -0.004 0.0
v 0.008000000000000004 -0.036000000000000004 0.0
v 0.006400000000000003 -0.0344 0.0
v 0.008000000000000004 -0.004 0.0
v 0.006400000000000003 -0.005600000000000001 0.0
v 0.008000000000000004 -0.036000000000000004 0.0096
v 0.008000000000000004 -0.004 0.0096
v -0.007999999999999997 -0.004 0.0096
v -0.007999999999999997 -0.036000000000000004 0.0096
v 0.008000000000000004 -0.004 0.0096
v 0.008000000000000004 -0.004 0.0
v -0.007999999999999997 -0.004 0.0
v -0.007999999999999997 -0.004 0.0096
v -0.007999999999999997 -0.036000000000000004 0.0096
v -0.007999999999999997 -0.036000000000000004 0.0
v 0.008000000000000004 -0.036000000000000004 0.0
v 0.008000000000000004 -0.036000000000000004 0.0096
v -0.003999999999999997 -0.005600000000000001 0.0096
v -0.004918499999999997 -0.005782599999999999 0.0096
v -0.004918499999999997 -0.005782599999999999 0.0112
v -0.003999999999999997 -0.005600000000000001 0.0112
v -0.005696999999999997 -0.006303 0.0096
v -0.005696999999999997 -0.006303 0.0112
v -0.006217399999999996 -0.007081500000000001 0.0096
v -0.006217399999999996 -0.007081500000000001 0.0112
v -0.006399999999999997 -0.008 0.0096
v -0.006399999999999997 -0.008 0.0112
v -0.006217399999999996 -0.0089185 0.0096
v -0.006217399999999996 -0.0089185 0.0112
v -0.005696999999999997 -0.009697 0.0096
v -0.005696999999999997 -0.009697 0.0112
v -0.004918499999999997 -0.010217400000000001 0.0096
v -0.004918499999999997 -0.010217400000000001 0.0112
v -0.003999999999999997 -0.0104 0.0096
v -0.003999999999999997 -0.0104 0.0112
v -0.0030814999999999966 -0.010217400000000001 0.0096
v -0.0030814999999999966 -0.010217400000000001 0.0112
v -0.002302999999999997 -0.009697 0.0096
v -0.002302999999999997 -0.009697 0.0112
v -0.001782599999999997 -0.0089185 0.0096
v -0.001782599999999997 -0.0089185 0.0112
v -0.0015999999999999964 -0.008 0.0096
v -0.0015999999999999964 -0.008 0.0112
v -0.001782599999999997 -0.007081500000000001 0.0096
v -0.001782599999999997 -0.007081500000000001 0.0112
v -0.002302999999999997 -0.006303 0.0096
v -0.002302999999999997 -0.006303 0.0112
v -0.0030814999999999966 -0.005782599999999999 0.0096
v -0.0030814999999999966 -0.005782599999999999 0.0112
v -0.004918499999999997 -0.005782599999999999 0.0112
v -0.003999999999999997 -0.005600000000000001 0.0112
v -0.003999999999999997 -0.008 0.0112
v -0.005696999999999997 -0.006303 0.0112
v -0.006217399999999996 -0.007081500000000001 0.0112
v -0.006399999999999997 -0.008 0.0112
v -0.006217399999999996 -0.0089185 0.0112
v -0.005696999999999997 -0.009697 0.0112
v -0.004918499999999997 -0.010217400000000001 0.0112
v -0.003999999999999997 -0.0104 0.0112
v -0.0030814999999999966 -0.010217400000000001 0.0112
v -0.002302999999999997 -0.009697 0.0112
v -0.001782599999999997 -0.0089185 0.0112
v -0.0015999999999999964 -0.008 0.0112
v -0.001782599999999997 -0.007081500000000001 0.0112
v -0.002302999999999997 -0.006303 0.0112
v -0.0030814999999999966 -0.005782599999999999 0.0112
v -0.003999999999999997 -0.013600000000000001 0.0096
v -0.004918499999999997 -0.013782599999999999 0.0096
v -0.004918499999999997 -0.013782599999999999 0.0112
v -0.003999999999999997 -0.013600000000000001 0.0112
v -0.005696999999999997 -0.014303 0.0096
v -0.005696999999999997 -0.014303 0.0112
v -0.006217399999999996 -0.015081500000000001 0.0096
v -0.006217399999999996 -0.015081500000000001 0.0112
v -0.006399999999999997 -0.016 0.0096
v -0.006399999999999997 -0.016 0.0112
v -0.006217399999999996 -0.0169185 0.0096
v -0.006217399999999996 -0.0169185 0.0112
v -0.005696999999999997 -0.017697 0.0096
v -0.005696999999999997 -0.017697 0.0112
v -0.004918499999999997 -0.018217399999999998 0.0096
v -0.004918499999999997 -0.018217399999999998 0.0112
v -0.003999999999999997 -0.0184 0.0096
v -0.003999999999999997 -0.0184 0.0112
v -0.0030814999999999966 -0.018217399999999998 0.0096
v -0.0030814999999999966 -0.018217399999999998 0.0112
v -0.002302999999999997 -0.017697 0.0096
v -0.002302999999999997 -0.017697 0.0112
v -0.001782599999999997 -0.0169185 0.0096
v -0.001782599999999997 -0.0169185 0.0112
v -0.0015999999999999964 -0.016 0.0096
v -0.0015999999999999964 -0.016 0.0112
v -0.001782599999999997 -0.015081500000000001 0.0096
v -0.001782599999999997 -0.015081500000000001 0.0112
v -0.002302999999999997 -0.014303 0.0096
v -0.002302999999999997 -0.014303 0.0112
v -0.0030814999999999966 -0.013782599999999999 0.0096
v -0.0030814999999999966 -0.013782599999999999 0.0112
v -0.004918499999999997 -0.013782599999999999 0.0112
v -0.003999999999999997 -0.013600000000000001 0.0112
v -0.003999999999999997 -0.016 0.0112
v -0.005696999999999997 -0.014303 0.0112
v -0.006217399999999996 -0.015081500000000001 0.0112
v -0.006399999999999997 -0.016 0.0112
v -0.006217399999999996 -0.0169185 0.0112
v -0.005696999999999997 -0.017697 0.0112
v -0.004918499999999997 -0.018217399999999998 0.0112
v -0.003999999999999997 -0.0184 0.0112
v -0.0030814999999999966 -0.018217399999999998 0.0112
v -0.002302999999999997 -0.017697 0.0112
v -0.001782599999999997 -0.0169185 0.0112
v -0.0015999999999999964 -0.016 0.0112
v -0.001782599999999997 -0.015081500000000001 0.0112
v -0.002302999999999997 -0.014303 0.0112
v -0.0030814999999999966 -0.013782599999999999 0.0112
v -0.003999999999999997 -0.021599999999999998 0.0096
v -0.004918499999999997 -0.021782600000000003 0.0096
v -0.004918499999999997 -0.021782600000000003 0.0112
v -0.003999999999999997 -0.021599999999999998 0.0112
v -0.005696999999999997 -0.022303 0.0096
v -0.005696999999999997 -0.022303 0.0112
v -0.006217399999999996 -0.0230815 0.0096
v -0.006217399999999996 -0.0230815 0.0112
v -0.006399999999999997 -0.023999999999999997 0.0096
v -0.006399999999999997 -0.023999999999999997 0.0112
v -0.006217399999999996 -0.0249185 0.0096
v -0.006217399999999996 -0.0249185 0.0112
v -0.005696999999999997 -0.025697 0.0096
v -0.005696999999999997 -0.025697 0.0112
v -0.004918499999999997 -0.0262174 0.0096
v -0.004918499999999997 -0.0262174 0.0112
v -0.003999999999999997 -0.026399999999999996 0.0096
v -0.003999999999999997 -0.026399999999999996 0.0112
v -0.0030814999999999966 -0.0262174 0.0096
v -0.0030814999999999966 -0.0262174 0.0112
v -0.002302999999999997 -0.025697 0.0096
v -0.002302999999999997 -0.025697 0.0112
v -0.001782599999999997 -0.0249185 0.0096
v -0.001782599999999997 -0.0249185 0.0112
v -0.0015999999999999964 -0.023999999999999997 0.0096
v -0.0015999999999999964 -0.023999999999999997 0.0112
v -0.001782599999999997 -0.0230815 0.0096
v -0.001782599999999997 -0.0230815 0.0112
v -0.002302999999999997 -0.022303 0.0096
v -0.002302999999999997 -0.022303 0.0112
v -0.0030814999999999966 -0.021782600000000003 0.0096
v -0.0030814999999999966 -0.021782600000000003 0.0112
v -0.004918499999999997 -0.021782600000000003 0.0112
v -0.003999999999999997 -0.021599999999999998 0.0112
v -0.003999999999999997 -0.023999999999999997 0.0112
v -0.005696999999999997 -0.022303 0.0112
v -0.006217399999999996 -0.0230815 0.0112
v -0.006399999999999997 -0.023999999999999997 0.0112
v -0.006217399999999996 -0.0249185 0.0112
v -0.005696999999999997 -0.025697 0.0112
v -0.004918499999999997 -0.0262174 0.0112
v -0.003999999999999997 -0.026399999999999996 0.0112
v -0.0030814999999999966 -0.0262174 0.0112
v -0.002302999999999997 -0.025697 0.0112
v -0.001782599999999997 -0.0249185 0.0112
v -0.0015999999999999964 -0.023999999999999997 0.0112
v -0.001782599999999997 -0.0230815 0.0112
v -0.002302999999999997 -0.022303 0.0112
v -0.0030814999999999966 -0.021782600000000003 0.0112
v -0.003999999999999997 -0.029599999999999998 0.0096
v -0.004918499999999997 -0.029782600000000003 0.0096
v -0.004918499999999997 -0.029782600000000003 0.0112
v -0.003999999999999997 -0.029599999999999998 0.0112
v -0.005696999999999997 -0.030303 0.0096
v -0.005696999999999997 -0.030303 0.0112
v -0.006217399999999996 -0.0310815 0.0096
v -0.006217399999999996 -0.0310815 0.0112
v -0.006399999999999997 -0.032 0.0096
v -0.006399999999999997 -0.032 0.0112
v -0.006217399999999996 -0.0329185 0.0096
v -0.006217399999999996 -0.0329185 0.0112
v -0.005696999999999997 -0.033697000000000005 0.0096
v -0.005696999999999997 -0.033697000000000005 0.0112
v -0.004918499999999997 -0.034217399999999995 0.0096
v -0.004918499999999997 -0.034217399999999995 0.0112
v -0.003999999999999997 -0.0344 0.0096
v -0.003999999999999997 -0.0344 0.0112
v -0.0030814999999999966 -0.034217399999999995 0.0096
v -0.0030814999999999966 -0.034217399999999995 0.0112
v -0.002302999999999997 -0.033697000000000005 0.0096
v -0.002302999999999997 -0.033697000000000005 0.0112
v -0.001782599999999997 -0.0329185 0.0096
v -0.001782599999999997 -0.0329185 0.0112
v -0.0015999999999999964 -0.032 0.0096
v -0.0015999999999999964 -0.032 0.0112
v -0.001782599999999997 -0.0310815 0.0096
v -0.001782599999999997 -0.0310815 0.0112
v -0.002302999999999997 -0.030303 0.0096
v -0.002302999999999997 -0.030303 0.0112
v -0.0030814999999999966 -0.029782600000000003 0.0096
v -0.0030814999999999966 -0.029782600000000003 0.0112
v -0.004918499999999997 -0.029782600000000003 0.0112
v -0.003999999999999997 -0.029599999999999998 0.0112
v -0.003999999999999997 -0.032 0.0112
v -0.005696999999999997 -0.030303 0.0112
v -0.006217399999999996 -0.0310815 0.0112
v -0.006399999999999997 -0.032 0.0112
v -0.006217399999999996 -0.0329185 0.0112
v -0.005696999999999997 -0.033697000000000005 0.0112
v -0.004918499999999997 -0.034217399999999995 0.0112
v -0.003999999999999997 -0.0344 0.0112
v -0.0030814999999999966 -0.034217399999999995 0.0112
v -0.002302999999999997 -0.033697000000000005 0.0112
v -0.001782599999999997 -0.0329185 0.0112
v -0.0015999999999999964 -0.032 0.0112
v -0.001782599999999997 -0.0310815 0.0112
v -0.002302999999999997 -0.030303 0.0112
v -0.0030814999999999966 -0.029782600000000003 0.0112
v 0.0040000000000000036 -0.005600000000000001 0.0096
v 0.0030815000000000026 -0.005782599999999999 0.0096
v 0.0030815000000000026 -0.005782599999999999 0.0112
v 0.0040000000000000036 -0.005600000000000001 0.0112
v 0.002303000000000003 -0.006303 0.0096
v 0.002303000000000003 -0.006303 0.0112
v 0.001782600000000004 -0.007081500000000001 0.0096
v 0.001782600000000004 -0.007081500000000001 0.0112
v 0.0016000000000000025 -0.008 0.0096
v 0.0016000000000000025 -0.008 0.0112
v 0.001782600000000004 -0.0089185 0.0096
v 0.001782600000000004 -0.0089185 0.0112
v 0.002303000000000003 -0.009697 0.0096
v 0.002303000000000003 -0.009697 0.0112
v 0.0030815000000000026 -0.010217400000000001 0.0096
v 0.0030815000000000026 -0.010217400000000001 0.0112
v 0.0040000000000000036 -0.0104 0.0096
v 0.0040000000000000036 -0.0104 0.0112
v 0.004918500000000003 -0.010217400000000001 0.0096
v 0.004918500000000003 -0.010217400000000001 0.0112
v 0.005697000000000004 -0.009697 0.0096
v 0.005697000000000004 -0.009697 0.0112
v 0.006217400000000003 -0.0089185 0.0096
v 0.006217400000000003 -0.0089185 0.0112
v 0.006400000000000003 -0.008 0.0096
v 0.006400000000000003 -0.008 0.0112
v 0.006217400000000003 -0.007081500000000001 0.0096
v 0.006217400000000003 -0.007081500000000001 0.0112
v 0.005697000000000004 -0.006303 0.0096
v 0.005697000000000004 -0.006303 0.0112
v 0.004918500000000003 -0.005782599999999999 0.0096
v 0.004918500000000003 -0.005782599999999999 0.0112
v 0.0030815000000000026 -0.005782599999999999 0.0112
v 0.0040000000000000036 -0.005600000000000001 0.0112
v 0.0040000000000000036 -0.008 0.0112
v 0.002303000000000003 -0.006303 0.0112
v 0.001782600000000004 -0.007081500000000001 0.0112
v 0.0016000000000000025 -0.008 0.0112
v 0.001782600000000004 -0.0089185 0.0112
v 0.002303000000000003 -0.009697 0.0112
v 0.0030815000000000026 -0.010217400000000001 0.0112
v 0.0040000000000000036 -0.0104 0.0112
v 0.004918500000000003 -0.010217400000000001 0.0112
v 0.005697000000000004 -0.009697 0.0112
v 0.006217400000000003 -0.0089185 0.0112
v 0.006400000000000003 -0.008 0.0112
v 0.006217400000000003 -0.007081500000000001 0.0112
v 0.005697000000000004 -0.006303 0.0112
v 0.004918500000000003 -0.005782599999999999 0.0112
v 0.0040000000000000036 -0.013600000000000001 0.0096
v 0.0030815000000000026 -0.013782599999999999 0.0096
v 0.0030815000000000026 -0.013782599999999999 0.0112
v 0.0040000000000000036 -0.013600000000000001 0.0112
v 0.002303000000000003 -0.014303 0.0096
v 0.002303000000000003 -0.014303 0.0112
v 0.001782600000000004 -0.015081500000000001 0.0096
v 0.001782600000000004 -0.015081500000000001 0.0112
v 0.0016000000000000025 -0.016 0.0096
v 0.0016000000000000025 -0.016 0.0112
v 0.001782600000000004 -0.0169185 0.0096
v 0.001782600000000004 -0.0169185 0.0112
v 0.002303000000000003 -0.017697 0.0096
v 0.002303000000000003 -0.017697 0.0112
v 0.0030815000000000026 -0.018217399999999998 0.0096
v 0.0030815000000000026 -0.018217399999999998 0.0112
v 0.0040000000000000036 -0.0184 0.0096
v 0.0040000000000000036 -0.0184 0.0112
v 0.004918500000000003 -0.018217399999999998 0.0096
v 0.004918500000000003 -0.018217399999999998 0.0112
v 0.005697000000000004 -0.017697 0.0096
v 0.005697000000000004 -0.017697 0.0112
v 0.006217400000000003 -0.0169185 0.0096
v 0.006217400000000003 -0.0169185 0.0112
v 0.006400000000000003 -0.016 0.0096
v 0.006400000000000003 -0.016 0.0112
v 0.006217400000000003 -0.015081500000000001 0.0096
v 0.006217400000000003 -0.015081500000000001 0.0112
v 0.005697000000000004 -0.014303 0.0096
v 0.005697000000000004 -0.014303 0.0112
v 0.004918500000000003 -0.013782599999999999 0.0096
v 0.004918500000000003 -0.013782599999999999 0.0112
v 0.0030815000000000026 -0.013782599999999999 0.0112
v 0.0040000000000000036 -0.013600000000000001 0.0112
v 0.0040000000000000036 -0.016 0.0112
v 0.002303000000000003 -0.014303 0.0112
v 0.001782600000000004 -0.015081500000000001 0.0112
v 0.0016000000000000025 -0.016 0.0112
v 0.001782600000000004 -0.0169185 0.0112
v 0.002303000000000003 -0.017697 0.0112
v 0.0030815000000000026 -0.018217399999999998 0.0112
v 0.0040000000000000036 -0.0184 0.0112
v 0.004918500000000003 -0.018217399999999998 0.0112
v 0.005697000000000004 -0.017697 0.0112
v 0.006217400000000003 -0.0169185 0.0112
v 0.006400000000000003 -0.016 0.0112
v 0.006217400000000003 -0.015081500000000001 0.0112
v 0.005697000000000004 -0.014303 0.0112
v 0.004918500000000003 -0.013782599999999999 0.0112
v 0.0040000000000000036 -0.021599999999999998 0.0096
v 0.0030815000000000026 -0.021782600000000003 0.0096
v 0.0030815000000000026 -0.021782600000000003 0.0112
v 0.0040000000000000036 -0.021599999999999998 0.0112
v 0.002303000000000003 -0.022303 0.0096
v 0.002303000000000003 -0.022303 0.0112
v 0.001782600000000004 -0.0230815 0.0096
v 0.001782600000000004 -0.0230815 0.0112
v 0.0016000000000000025 -0.023999999999999997 0.0096
v 0.0016000000000000025 -0.023999999999999997 0.0112
v 0.001782600000000004 -0.0249185 0.0096
v 0.001782600000000004 -0.0249185 0.0112
v 0.002303000000000003 -0.025697 0.0096
v 0.002303000000000003 -0.025697 0.0112
v 0.0030815000000000026 -0.0262174 0.0096
v 0.0030815000000000026 -0.0262174 0.0112
v 0.0040000000000000036 -0.026399999999999996 0.0096
v 0.0040000000000000036 -0.026399999999999996 0.0112
v 0.004918500000000003 -0.0262174 0.0096
v 0.004918500000000003 -0.0262174 0.0112
v 0.005697000000000004 -0.025697 0.0096
v 0.005697000000000004 -0.025697 0.0112
v 0.006217400000000003 -0.0249185 0.0096
v 0.006217400000000003 -0.0249185 0.0112
v 0.006400000000000003 -0.023999999999999997 0.0096
v 0.006400000000000003 -0.023999999999999997 0.0112
v 0.006217400000000003 -0.0230815 0.0096
v 0.006217400000000003 -0.0230815 0.0112
v 0.005697000000000004 -0.022303 0.0096
v 0.005697000000000004 -0.022303 0.0112
v 0.004918500000000003 -0.021782600000000003 0.0096
v 0.004918500000000003 -0.021782600000000003 0.0112
v 0.0030815000000000026 -0.021782600000000003 0.0112
v 0.0040000000000000036 -0.021599999999999998 0.0112
v 0.0040000000000000036 -0.023999999999999997 0.0112
v 0.002303000000000003 -0.022303 0.0112
v 0.001782600000000004 -0.0230815 0.0112
v 0.0016000000000000025 -0.023999999999999997 0.0112
v 0.001782600000000004 -0.0249185 0.0112
v 0.002303000000000003 -0.025697 0.0112
v 0.0030815000000000026 -0.0262174 0.0112
v 0.0040000000000000036 -0.026399999999999996 0.0112
v 0.004918500000000003 -0.0262174 0.0112
v 0.005697000000000004 -0.025697 0.0112
v 0.006217400000000003 -0.0249185 0.0112
v 0.006400000000000003 -0.023999999999999997 0.0112
v 0.006217400000000003 -0.0230815 0.0112
v 0.005697000000000004 -0.022303 0.0112
v 0.004918500000000003 -0.021782600000000003 0.0112
v 0.0040000000000000036 -0.029599999999999998 0.0096
v 0.0030815000000000026 -0.029782600000000003 0.0096
v 0.0030815000000000026 -0.029782600000000003 0.0112
v 0.0040000000000000036 -0.029599999999999998 0.0112
v 0.002303000000000003 -0.030303 0.0096
v 0.002303000000000003 -0.030303 0.0112
v 0.001782600000000004 -0.0310815 0.0096
v 0.001782600000000004 -0.0310815 0.0112
v 0.0016000000000000025 -0.032 0.0096
v 0.0016000000000000025 -0.032 0.0112
v 0.001782600000000004 -0.0329185 0.0096
v 0.001782600000000004 -0.0329185 0.0112
v 0.002303000000000003 -0.033697000000000005 0.0096
v 0.002303000000000003 -0.033697000000000005 0.0112
v 0.0030815000000000026 -0.034217399999999995 0.0096
v 0.0030815000000000026 -0.034217399999999995 0.0112
v 0.0040000000000000036 -0.0344 0.0096
v 0.0040000000000000036 -0.0344 0.0112
v 0.004918500000000003 -0.034217399999999995 0.0096
v 0.004918500000000003 -0.034217399999999995 0.0112
v 0.005697000000000004 -0.033697000000000005 0.0096
v 0.005697000000000004 -0.033697000000000005 0.0112
v 0.006217400000000003 -0.0329185 0.0096
v 0.006217400000000003 -0.0329185 0.0112
v 0.006400000000000003 -0.032 0.0096
v 0.006400000000000003 -0.032 0.0112
v 0.006217400000000003 -0.0310815 0.0096
v 0.006217400000000003 -0.0310815 0.0112
v 0.005697000000000004 -0.030303 0.0096
v 0.005697000000000004 -0.030303 0.0112
v 0.004918500000000003 -0.029782600000000003 0.0096
v 0.004918500000000003 -0.029782600000000003 0.0112
v 0.0030815000000000026 -0.029782600000000003 0.0112
v 0.0040000000000000036 -0.029599999999999998 0.0112
v 0.0040000000000000036 -0.032 0.0112
v 0.002303000000000003 -0.030303 0.0112
v 0.001782600000000004 -0.0310815 0.0112
v 0.0016000000000000025 -0.032 0.0112
v 0.001782600000000004 -0.0329185 0.0112
v 0.002303000000000003 -0.033697000000000005 0.0112
v 0.0030815000000000026 -0.034217399999999995 0.0112
v 0.0040000000000000036 -0.0344 0.0112
v 0.004918500000000003 -0.034217399999999995 0.0112
v 0.005697000000000004 -0.033697000000000005 0.0112
v 0.006217400000000003 -0.0329185 0.0112
v 0.006400000000000003 -0.032 0.0112
v 0.006217400000000003 -0.0310815 0.0112
v 0.005697000000000004 -0.030303 0.0112
v 0.004918500000000003 -0.029782600000000003 0.0112
v 0.008000000000000004 -0.004 0.0096
v 0.008000000000000004 -0.004 0.0
v 0.008000000000000004 -0.036000000000000004 0.0
v 0.008000000000000004 -0.036000000000000004 0.0096
v -0.007999999999999997 -0.036000000000000004 0.0096
v -0.007999999999999997 -0.036000000000000004 0.0
v -0.007999999999999997 -0.004 0.0
v -0.007999999999999997 -0.004 0.0096
v -0.007999999999999997 -0.052000000000000005 0.0192
v 0.008000000000000004 -0.052000000000000005 0.0192
v 0.008000000000000004 0.012 0.0192
v -0.007999999999999997 0.012 0.0192
v -0.007999999999999997 0.012 0.0096
v -0.007999999999999997 -0.052000000000000005 0.0096
v -0.007999999999999997 -0.052000000000000005 0.0192
v -0.007999999999999997 0.012 0.0192
v -0.007999999999999997 -0.052000000000000005 0.0096
v 0.008000000000000004 -0.052000000000000005 0.0096
v 0.008000000000000004 -0.052000000000000005 0.0192
v -0.007999999999999997 -0.052000000000000005 0.0192
v 0.008000000000000004 0.012 0.0096
v -0.007999999999999997 0.012 0.0096
v -0.007999999999999997 0.012 0.0192
v 0.008000000000000004 0.012 0.0192
v 0.006400000000000003 -0.0504 0.0176
v 0.006400000000000003 0.0104 0.0176
v -0.006399999999999997 0.0104 0.0176
v -0.006399999999999997 -0.0504 0.0176
v -0.006399999999999997 0.0104 0.0176
v -0.006399999999999997 0.0104 0.0096
v -0.006399999999999997 -0.0504 0.0096
v -0.006399999999999997 -0.0504 0.0176
v -0.006399999999999997 -0.0504 0.0176
v -0.006399999999999997 -0.0504 0.0096
v 0.006400000000000003 -0.0504 0.0096
v 0.006400000000000003 -0.0504 0.0176
v 0.006400000000000003 -0.0504 0.0176
v 0.006400000000000003 -0.0504 0.0096
v 0.006400000000000003 0.0104 0.0096
v 0.006400000000000003 0.0104 0.0176
v 0.006400000000000003 0.0104 0.0176
v 0.006400000000000003 0.0104 0.0096
v -0.006399999999999997 0.0104 0.0096
v -0.006399999999999997 0.0104 0.0176
v -0.007999999999999997 -0.052000000000000005 0.0096
v -0.006399999999999997 -0.0504 0.0096
v -0.006399999999999997 0.0104 0.0096
v -0.007999999999999997 0.012 0.0096
v 0.008000000000000004 0.012 0.0096
v 0.006400000000000003 0.0104 0.0096
v 0.006400000000000003 -0.0504 0.0096
v 0.008000000000000004 -0.052000000000000005 0.0096
v -0.003999999999999997 -0.0456 0.0192
v -0.004918499999999997 -0.04578260000000001 0.0192
v -0.004918499999999997 -0.04578260000000001 0.0208
v -0.003999999999999997 -0.0456 0.0208
v -0.005696999999999997 -0.046303 0.0192
v -0.005696999999999997 -0.046303 0.0208
v -0.006217399999999996 -0.0470815 0.0192
v -0.006217399999999996 -0.0470815 0.0208
v -0.006399999999999997 -0.048 0.0192
v -0.006399999999999997 -0.048 0.0208
v -0.006217399999999996 -0.048918500000000004 0.0192
v -0.006217399999999996 -0.048918500000000004 0.0208
v -0.005696999999999997 -0.049697000000000005 0.0192
v -0.005696999999999997 -0.049697000000000005 0.0208
v -0.004918499999999997 -0.050217399999999995 0.0192
v -0.004918499999999997 -0.050217399999999995 0.0208
v -0.003999999999999997 -0.0504 0.0192
v -0.003999999999999997 -0.0504 0.0208
v -0.0030814999999999966 -0.050217399999999995 0.0192
v -0.0030814999999999966 -0.050217399999999995 0.0208
v -0.002302999999999997 -0.049697000000000005 0.0192
v -0.002302999999999997 -0.049697000000000005 0.0208
v -0.001782599999999997 -0.048918500000000004 0.0192
v -0.001782599999999997 -0.048918500000000004 0.0208
v -0.0015999999999999964 -0.048 0.0192
v -0.0015999999999999964 -0.048 0.0208
v -0.001782599999999997 -0.0470815 0.0192
v -0.001782599999999997 -0.0470815 0.0208
v -0.002302999999999997 -0.046303 0.0192
v -0.002302999999999997 -0.046303 0.0208
v -0.0030814999999999966 -0.04578260000000001 0.0192
v -0.0030814999999999966 -0.04578260000000001 0.0208
v -0.004918499999999997 -0.04578260000000001 0.0208
v -0.003999999999999997 -0.0456 0.0208
v -0.003999999999999997 -0.048 0.0208
v -0.005696999999999997 -0.046303 0.0208
v -0.006217399999999996 -0.0470815 0.0208
v -0.006399999999999997 -0.048 0.0208
v -0.006217399999999996 -0.048918500000000004 0.0208
v -0.005696999999999997 -0.049697000000000005 0.0208
v -0.004918499999999997 -0.050217399999999995 0.0208
v -0.003999999999999997 -0.0504 0.0208
v -0.0030814999999999966 -0.050217399999999995 0.0208
v -0.002302999999999997 -0.049697000000000005 0.0208
v -0.001782599999999997 -0.048918500000000004 0.0208
v -0.0015999999999999964 -0.048 0.0208
v -0.001782599999999997 -0.0470815 0.0208
v -0.002302999999999997 -0.046303 0.0208
v -0.0030814999999999966 -0.04578260000000001 0.0208
v -0.003999999999999997 -0.037599999999999995 0.0192
v -0.004918499999999997 -0.0377826 0.0192
v -0.004918499999999997 -0.0377826 0.0208
v -0.003999999999999997 -0.037599999999999995 0.0208
v -0.005696999999999997 -0.038303000000000004 0.0192
v -0.005696999999999997 -0.038303000000000004 0.0208
v -0.006217399999999996 -0.039081500000000005 0.0192
v -0.006217399999999996 -0.039081500000000005 0.0208
v -0.006399999999999997 -0.039999999999999994 0.0192
v -0.006399999999999997 -0.039999999999999994 0.0208
v -0.006217399999999996 -0.0409185 0.0192
v -0.006217399999999996 -0.0409185 0.0208
v -0.005696999999999997 -0.041697 0.0192
v -0.005696999999999997 -0.041697 0.0208
v -0.004918499999999997 -0.0422174 0.0192
v -0.004918499999999997 -0.0422174 0.0208
v -0.003999999999999997 -0.04239999999999999 0.0192
v -0.003999999999999997 -0.04239999999999999 0.0208
v -0.0030814999999999966 -0.0422174 0.0192
v -0.0030814999999999966 -0.0422174 0.0208
v -0.002302999999999997 -0.041697 0.0192
v -0.002302999999999997 -0.041697 0.0208
v -0.001782599999999997 -0.0409185 0.0192
v -0.001782599999999997 -0.0409185 0.0208
v -0.0015999999999999964 -0.039999999999999994 0.0192
v -0.0015999999999999964 -0.039999999999999994 0.0208
v -0.001782599999999997 -0.039081500000000005 0.0192
v -0.001782599999999997 -0.039081500000000005 0.0208
v -0.002302999999999997 -0.038303000000000004 0.0192
v -0.002302999999999997 -0.038303000000000004 0.0208
v -0.0030814999999999966 -0.0377826 0.0192
v -0.0030814999999999966 -0.0377826 0.0208
v -0.004918499999999997 -0.0377826 0.0208
v -0.003999999999999997 -0.037599999999999995 0.0208
v -0.003999999999999997 -0.039999999999999994 0.0208
v -0.005696999999999997 -0.038303000000000004 0.0208
v -0.006217399999999996 -0.039081500000000005 0.0208
v -0.006399999999999997 -0.039999999999999994 0.0208
v -0.006217399999999996 -0.0409185 0.0208
v -0.005696999999999997 -0.041697 0.0208
v -0.004918499999999997 -0.0422174 0.0208
v -0.003999999999999997 -0.04239999999999999 0.0208
v -0.0030814999999999966 -0.0422174 0.0208
v -0.002302999999999997 -0.041697 0.0208
v -0.001782599999999997 -0.0409185 0.0208
v -0.0015999999999999964 -0.039999999999999994 0.0208
v -0.001782599999999997 -0.039081500000000005 0.0208
v -0.002302999999999997 -0.038303000000000004 0.0208
v -0.0030814999999999966 -0.0377826 0.0208
v -0.003999999999999997 -0.029599999999999998 0.0192
v -0.004918499999999997 -0.029782600000000003 0.0192
v -0.004918499999999997 -0.029782600000000003 0.0208
v -0.003999999999999997 -0.029599999999999998 0.0208
v -0.005696999999999997 -0.030303 0.0192
v -0.005696999999999997 -0.030303 0.0208
v -0.006217399999999996 -0.0310815 0.0192
v -0.006217399999999996 -0.0310815 0.0208
v -0.006399999999999997 -0.032 0.0192
v -0.006399999999999997 -0.032 0.0208
v -0.006217399999999996 -0.0329185 0.0192
v -0.006217399999999996 -0.0329185 0.0208
v -0.005696999999999997 -0.033697000000000005 0.0192
v -0.005696999999999997 -0.033697000000000005 0.0208
v -0.004918499999999997 -0.034217399999999995 0.0192
v -0.004918499999999997 -0.034217399999999995 0.0208
v -0.003999999999999997 -0.0344 0.0192
v -0.003999999999999997 -0.0344 0.0208
v -0.0030814999999999966 -0.034217399999999995 0.0192
v -0.0030814999999999966 -0.034217399999999995 0.0208
v -0.002302999999999997 -0.033697000000000005 0.0192
v -0.002302999999999997 -0.033697000000000005 0.0208
v -0.001782599999999997 -0.0329185 0.0192
v -0.001782599999999997 -0.0329185 0.0208
v -0.0015999999999999964 -0.032 0.0192
v -0.0015999999999999964 -0.032 0.0208
v -0.001782599999999997 -0.0310815 0.0192
v -0.001782599999999997 -0.0310815 0.0208
v -0.002302999999999997 -0.030303 0.0192
v -0.002302999999999997 -0.030303 0.0208
v -0.0030814999999999966 -0.029782600000000003 0.0192
v -0.0030814999999999966 -0.029782600000000003 0.0208
v -0.004918499999999997 -0.029782600000000003 0.0208
v -0.003999999999999997 -0.029599999999999998 0.0208
v -0.003999999999999997 -0.032 0.0208
v -0.005696999999999997 -0.030303 0.0208
v -0.006217399999999996 -0.0310815 0.0208
v -0.006399999999999997 -0.032 0.0208
v -0.006217399999999996 -0.0329185 0.0208
v -0.005696999999999997 -0.033697000000000005 0.0208
v -0.004918499999999997 -0.034217399999999995 0.0208
v -0.003999999999999997 -0.0344 0.0208
v -0.0030814999999999966 -0.034217399999999995 0.0208
v -0.002302999999999997 -0.033697000000000005 0.0208
v -0.001782599999999997 -0.0329185 0.0208
v -0.0015999999999999964 -0.032 0.0208
v -0.001782599999999997 -0.0310815 0.0208
v -0.002302999999999997 -0.030303 0.0208
v -0.0030814999999999966 -0.029782600000000003 0.0208
v -0.003999999999999997 -0.021599999999999998 0.0192
v -0.004918499999999997 -0.021782600000000003 0.0192
v -0.004918499999999997 -0.021782600000000003 0.0208
v -0.003999999999999997 -0.021599999999999998 0.0208
v -0.005696999999999997 -0.022303 0.0192
v -0.005696999999999997 -0.022303 0.0208
v -0.006217399999999996 -0.0230815 0.0192
v -0.006217399999999996 -0.0230815 0.0208
v -0.006399999999999997 -0.023999999999999997 0.0192
v -0.006399999999999997 -0.023999999999999997 0.0208
v -0.006217399999999996 -0.0249185 0.0192
v -0.006217399999999996 -0.0249185 0.0208
v -0.005696999999999997 -0.025697 0.0192
v -0.005696999999999997 -0.025697 0.0208
v -0.004918499999999997 -0.0262174 0.0192
v -0.004918499999999997 -0.0262174 0.0208
v -0.003999999999999997 -0.026399999999999996 0.0192
v -0.003999999999999997 -0.026399999999999996 0.0208
v -0.0030814999999999966 -0.0262174 0.0192
v -0.0030814999999999966 -0.0262174 0.0208
v -0.002302999999999997 -0.025697 0.0192
v -0.002302999999999997 -0.025697 0.0208
v -0.001782599999999997 -0.0249185 0.0192
v -0.001782599999999997 -0.0249185 0.0208
v -0.0015999999999999964 -0.023999999999999997 0.0192
v -0.0015999999999999964 -0.023999999999999997 0.0208
v -0.001782599999999997 -0.0230815 0.0192
v -0.001782599999999997 -0.0230815 0.0208
v -0.002302999999999997 -0.022303 0.0192
v -0.002302999999999997 -0.022303 0.0208
v -0.0030814999999999966 -0.021782600000000003 0.0192
v -0.0030814999999999966 -0.021782600000000003 0.0208
v -0.004918499999999997 -0.021782600000000003 0.0208
v -0.003999999999999997 -0.021599999999999998 0.0208
v -0.003999999999999997 -0.023999999999999997 0.0208
v -0.005696999999999997 -0.022303 0.0208
v -0.006217399999999996 -0.0230815 0.0208
v -0.006399999999999997 -0.023999999999999997 0.0208
v -0.006217399999999996 -0.0249185 0.0208
v -0.005696999999999997 -0.025697 0.0208
v -0.004918499999999997 -0.0262174 0.0208
v -0.003999999999999997 -0.026399999999999996 0.0208
v -0.0030814999999999966 -0.0262174 0.0208
v -0.002302999999999997 -0.025697 0.0208
v -0.001782599999999997 -0.0249185 0.0208
v -0.0015999999999999964 -0.023999999999999997 0.0208
v -0.001782599999999997 -0.0230815 0.0208
v -0.002302999999999997 -0.022303 0.0208
v -0.0030814999999999966 -0.021782600000000003 0.0208
v -0.003999999999999997 -0.013600000000000001 0.0192
v -0.004918499999999997 -0.013782599999999999 0.0192
v -0.004918499999999997 -0.013782599999999999 0.0208
v -0.003999999999999997 -0.013600000000000001 0.0208
v -0.005696999999999997 -0.014303 0.0192
v -0.005696999999999997 -0.014303 0.0208
v -0.006217399999999996 -0.015081500000000001 0.0192
v -0.006217399999999996 -0.015081500000000001 0.0208
v -0.006399999999999997 -0.016 0.0192
v -0.006399999999999997 -0.016 0.0208
v -0.006217399999999996 -0.0169185 0.0192
v -0.006217399999999996 -0.0169185 0.0208
v -0.005696999999999997 -0.017697 0.0192
v -0.005696999999999997 -0.017697 0.0208
v -0.004918499999999997 -0.018217399999999998 0.0192
v -0.004918499999999997 -0.018217399999999998 0.0208
v -0.003999999999999997 -0.0184 0.0192
v -0.003999999999999997 -0.0184 0.0208
v -0.0030814999999999966 -0.018217399999999998 0.0192
v -0.0030814999999999966 -0.018217399999999998 0.0208
v -0.002302999999999997 -0.017697 0.0192
v -0.002302999999999997 -0.017697 0.0208
v -0.001782599999999997 -0.0169185 0.0192
v -0.001782599999999997 -0.0169185 0.0208
v -0.0015999999999999964 -0.016 0.0192
v -0.0015999999999999964 -0.016 0.0208
v -0.001782599999999997 -0.015081500000000001 0.0192
v -0.001782599999999997 -0.015081500000000001 0.0208
v -0.002302999999999997 -0.014303 0.0192
v -0.002302999999999997 -0.014303 0.0208
v -0.0030814999999999966 -0.013782599999999999 0.0192
v -0.0030814999999999966 -0.013782599999999999 0.0208
v -0.004918499999999997 -0.013782599999999999 0.0208
v -0.003999999999999997 -0.013600000000000001 0.0208
v -0.003999999999999997 -0.016 0.0208
v -0.005696999999999997 -0.014303 0.0208
v -0.006217399999999996 -0.015081500000000001 0.0208
v -0.006399999999999997 -0.016 0.0208
v -0.006217399999999996 -0.0169185 0.0208
v -0.005696999999999997 -0.017697 0.0208
v -0.004918499999999997 -0.018217399999999998 0.0208
v -0.003999999999999997 -0.0184 0.0208
v -0.0030814999999999966 -0.018217399999999998 0.0208
v -0.002302999999999997 -0.017697 0.0208
v -0.001782599999999997 -0.0169185 0.0208
v -0.0015999999999999964 -0.016 0.0208
v -0.001782599999999997 -0.015081500000000001 0.0208
v -0.002302999999999997 -0.014303 0.0208
v -0.0030814999999999966 -0.013782599999999999 0.0208
v -0.003999999999999997 -0.005600000000000001 0.0192
v -0.004918499999999997 -0.005782599999999999 0.0192
v -0.004918499999999997 -0.005782599999999999 0.0208
v -0.003999999999999997 -0.005600000000000001 0.0208
v -0.005696999999999997 -0.006303 0.0192
v -0.005696999999999997 -0.006303 0.0208
v -0.006217399999999996 -0.007081500000000001 0.0192
v -0.006217399999999996 -0.007081500000000001 0.0208
v -0.006399999999999997 -0.008 0.0192
v -0.006399999999999997 -0.008 0.0208
v -0.006217399999999996 -0.0089185 0.0192
v -0.006217399999999996 -0.0089185 0.0208
v -0.005696999999999997 -0.009697 0.0192
v -0.005696999999999997 -0.009697 0.0208
v -0.004918499999999997 -0.010217400000000001 0.0192
v -0.004918499999999997 -0.010217400000000001 0.0208
v -0.003999999999999997 -0.0104 0.0192
v -0.003999999999999997 -0.0104 0.0208
v -0.0030814999999999966 -0.010217400000000001 0.0192
v -0.0030814999999999966 -0.010217400000000001 0.0208
v -0.002302999999999997 -0.009697 0.0192
v -0.002302999999999997 -0.009697 0.0208
v -0.001782599999999997 -0.0089185 0.0192
v -0.001782599999999997 -0.0089185 0.0208
v -0.0015999999999999964 -0.008 0.0192
v -0.0015999999999999964 -0.008 0.0208
v -0.001782599999999997 -0.007081500000000001 0.0192
v -0.001782599999999997 -0.007081500000000001 0.0208
v -0.002302999999999997 -0.006303 0.0192
v -0.002302999999999997 -0.006303 0.0208
v -0.0030814999999999966 -0.005782599999999999 0.0192
v -0.0030814999999999966 -0.005782599999999999 0.0208
v -0.004918499999999997 -0.005782599999999999 0.0208
v -0.003999999999999997 -0.005600000000000001 0.0208
v -0.003999999999999997 -0.008 0.0208
v -0.005696999999999997 -0.006303 0.0208
v -0.006217399999999996 -0.007081500000000001 0.0208
v -0.006399999999999997 -0.008 0.0208
v -0.006217399999999996 -0.0089185 0.0208
v -0.005696999999999997 -0.009697 0.0208
v -0.004918499999999997 -0.010217400000000001 0.0208
v -0.003999999999999997 -0.0104 0.0208
v -0.0030814999999999966 -0.010217400000000001 0.0208
v -0.002302999999999997 -0.009697 0.0208
v -0.001782599999999997 -0.0089185 0.0208
v -0.0015999999999999964 -0.008 0.0208
v -0.001782599999999997 -0.007081500000000001 0.0208
v -0.002302999999999997 -0.006303 0.0208
v -0.0030814999999999966 -0.005782599999999999 0.0208
v -0.003999999999999997 0.002400000000000001 0.0192
v -0.004918499999999997 0.0022173999999999996 0.0192
v -0.004918499999999997 0.0022173999999999996 0.0208
v -0.003999999999999997 0.002400000000000001 0.0208
v -0.005696999999999997 0.0016970000000000006 0.0192
v -0.005696999999999997 0.0016970000000000006 0.0208
v -0.006217399999999996 0.0009185000000000009 0.0192
v -0.006217399999999996 0.0009185000000000009 0.0208
v -0.006399999999999997 0.0 0.0192
v -0.006399999999999997 0.0 0.0208
v -0.006217399999999996 -0.0009184999999999992 0.0192
v -0.006217399999999996 -0.0009184999999999992 0.0208
v -0.005696999999999997 -0.0016970000000000006 0.0192
v -0.005696999999999997 -0.0016970000000000006 0.0208
v -0.004918499999999997 -0.0022173999999999996 0.0192
v -0.004918499999999997 -0.0022173999999999996 0.0208
v -0.003999999999999997 -0.0023999999999999994 0.0192
v -0.003999999999999997 -0.0023999999999999994 0.0208
v -0.0030814999999999966 -0.0022173999999999996 0.0192
v -0.0030814999999999966 -0.0022173999999999996 0.0208
v -0.002302999999999997 -0.0016970000000000006 0.0192
v -0.002302999999999997 -0.0016970000000000006 0.0208
v -0.001782599999999997 -0.0009184999999999992 0.0192
v -0.001782599999999997 -0.0009184999999999992 0.0208
v -0.0015999999999999964 0.0 0.0192
v -0.0015999999999999964 0.0 0.0208
v -0.001782599999999997 0.0009185000000000009 0.0192
v -0.001782599999999997 0.0009185000000000009 0.0208
v -0.002302999999999997 0.0016970000000000006 0.0192
v -0.002302999999999997 0.0016970000000000006 0.0208
v -0.0030814999999999966 0.0022173999999999996 0.0192
v -0.0030814999999999966 0.0022173999999999996 0.0208
v -0.004918499999999997 0.0022173999999999996 0.0208
v -0.003999999999999997 0.002400000000000001 0.0208
v -0.003999999999999997 0.0 0.0208
v -0.005696999999999997 0.0016970000000000006 0.0208
v -0.006217399999999996 0.0009185000000000009 0.0208
v -0.006399999999999997 0.0 0.0208
v -0.006217399999999996 -0.0009184999999999992 0.0208
v -0.005696999999999997 -0.0016970000000000006 0.0208
v -0.004918499999999997 -0.0022173999999999996 0.0208
v -0.003999999999999997 -0.0023999999999999994 0.0208
v -0.0030814999999999966 -0.0022173999999999996 0.0208
v -0.002302999999999997 -0.0016970000000000006 0.0208
v -0.001782599999999997 -0.0009184999999999992 0.0208
v -0.0015999999999999964 0.0 0.0208
v -0.001782599999999997 0.0009185000000000009 0.0208
v -0.002302999999999997 0.0016970000000000006 0.0208
v -0.0030814999999999966 0.0022173999999999996 0.0208
v -0.003999999999999997 0.0104 0.0192
v -0.004918499999999997 0.0102174 0.0192
v -0.004918499999999997 0.0102174 0.0208
v -0.003999999999999997 0.0104 0.0208
v -0.005696999999999997 0.009697 0.0192
v -0.005696999999999997 0.009697 0.0208
v -0.006217399999999996 0.0089185 0.0192
v -0.006217399999999996 0.0089185 0.0208
v -0.006399999999999997 0.008 0.0192
v -0.006399999999999997 0.008 0.0208
v -0.006217399999999996 0.0070815 0.0192
v -0.006217399999999996 0.0070815 0.0208
v -0.005696999999999997 0.0063030000000000004 0.0192
v -0.005696999999999997 0.0063030000000000004 0.0208
v -0.004918499999999997 0.005782600000000001 0.0192
v -0.004918499999999997 0.005782600000000001 0.0208
v -0.003999999999999997 0.0056 0.0192
v -0.003999999999999997 0.0056 0.0208
v -0.0030814999999999966 0.005782600000000001 0.0192
v -0.0030814999999999966 0.005782600000000001 0.0208
v -0.002302999999999997 0.0063030000000000004 0.0192
v -0.002302999999999997 0.0063030000000000004 0.0208
v -0.001782599999999997 0.0070815 0.0192
v -0.001782599999999997 0.0070815 0.0208
v -0.0015999999999999964 0.008 0.0192
v -0.0015999999999999964 0.008 0.0208
v -0.001782599999999997 0.0089185 0.0192
v -0.001782599999999997 0.0089185 0.0208
v -0.002302999999999997 0.009697 0.0192
v -0.002302999999999997 0.009697 0.0208
v -0.0030814999999999966 0.0102174 0.0192
v -0.0030814999999999966 0.0102174 0.0208
v -0.004918499999999997 0.0102174 0.0208
v -0.003999999999999997 0.0104 0.0208
v -0.003999999999999997 0.008 0.0208
v -0.005696999999999997 0.009697 0.0208
v -0.006217399999999996 0.0089185 0.0208
v -0.006399999999999997 0.008 0.0208
v -0.006217399999999996 0.0070815 0.0208
v -0.005696999999999997 0.0063030000000000004 0.0208
v -0.004918499999999997 0.005782600000000001 0.0208
v -0.003999999999999997 0.0056 0.0208
v -0.0030814999999999966 0.005782600000000001 0.0208
v -0.002302999999999997 0.0063030000000000004 0.0208
v -0.001782599999999997 0.0070815 0.0208
v -0.0015999999999999964 0.008 0.0208
v -0.001782599999999997 0.0089185 0.0208
v -0.002302999999999997 0.009697 0.0208
v -0.0030814999999999966 0.0102174 0.0208
v 0.0040000000000000036 -0.0456 0.0192
v 0.0030815000000000026 -0.04578260000000001 0.0192
v 0.0030815000000000026 -0.04578260000000001 0.0208
v 0.0040000000000000036 -0.0456 0.0208
v 0.002303000000000003 -0.046303 0.0192
v 0.002303000000000003 -0.046303 0.0208
v 0.001782600000000004 -0.0470815 0.0192
v 0.001782600000000004 -0.0470815 0.0208
v 0.0016000000000000025 -0.048 0.0192
v 0.0016000000000000025 -0.048 0.0208
v 0.001782600000000004 -0.048918500000000004 0.0192
v 0.001782600000000004 -0.048918500000000004 0.0208
v 0.002303000000000003 -0.049697000000000005 0.0192
v 0.002303000000000003 -0.049697000000000005 0.0208
v 0.0030815000000000026 -0.050217399999999995 0.0192
v 0.0030815000000000026 -0.050217399999999995 0.0208
v 0.0040000000000000036 -0.0504 0.0192
v 0.0040000000000000036 -0.0504 0.0208
v 0.004918500000000003 -0.050217399999999995 0.0192
v 0.004918500000000003 -0.050217399999999995 0.0208
v 0.005697000000000004 -0.049697000000000005 0.0192
v 0.005697000000000004 -0.049697000000000005 0.0208
v 0.006217400000000003 -0.048918500000000004 0.0192
v 0.006217400000000003 -0.048918500000000004 0.0208
v 0.006400000000000003 -0.048 0.0192
v 0.006400000000000003 -0.048 0.0208
v 0.006217400000000003 -0.0470815 0.0192
v 0.006217400000000003 -0.0470815 0.0208
v 0.005697000000000004 -0.046303 0.0192
v 0.005697000000000004 -0.046303 0.0208
v 0.004918500000000003 -0.04578260000000001 0.0192
v 0.004918500000000003 -0.04578260000000001 0.0208
v 0.0030815000000000026 -0.04578260000000001 0.0208
v 0.0040000000000000036 -0.0456 0.0208
v 0.0040000000000000036 -0.048 0.0208
v 0.002303000000000003 -0.046303 0.0208
v 0.001782600000000004 -0.0470815 0.0208
v 0.0016000000000000025 -0.048 0.0208
v 0.001782600000000004 -0.048918500000000004 0.0208
v 0.002303000000000003 -0.049697000000000005 0.0208
v 0.0030815000000000026 -0.050217399999999995 0.0208
v 0.0040000000000000036 -0.0504 0.0208
v 0.004918500000000003 -0.050217399999999995 0.0208
v 0.005697000000000004 -0.049697000000000005 0.0208
v 0.006217400000000003 -0.048918500000000004 0.0208
v 0.006400000000000003 -0.048 0.0208
v 0.006217400000000003 -0.0470815 0.0208
v 0.005697000000000004 -0.046303 0.0208
v 0.004918500000000003 -0.04578260000000001 0.0208
v 0.0040000000000000036 -0.037599999999999995 0.0192
v 0.0030815000000000026 -0.0377826 0.0192
v 0.0030815000000000026 -0.0377826 0.0208
v 0.0040000000000000036 -0.037599999999999995 0.0208
v 0.002303000000000003 -0.038303000000000004 0.0192
v 0.002303000000000003 -0.038303000000000004 0.0208
v 0.001782600000000004 -0.039081500000000005 0.0192
v 0.001782600000000004 -0.039081500000000005 0.0208
v 0.0016000000000000025 -0.039999999999999994 0.0192
v 0.0016000000000000025 -0.039999999999999994 0.0208
v 0.001782600000000004 -0.0409185 0.0192
v 0.001782600000000004 -0.0409185 0.0208
v 0.002303000000000003 -0.041697 0.0192
v 0.002303000000000003 -0.041697 0.0208
v 0.0030815000000000026 -0.0422174 0.0192
v 0.0030815000000000026 -0.0422174 0.0208
v 0.0040000000000000036 -0.04239999999999999 0.0192
v 0.0040000000000000036 -0.04239999999999999 0.0208
v 0.004918500000000003 -0.0422174 0.0192
v 0.004918500000000003 -0.0422174 0.0208
v 0.005697000000000004 -0.041697 0.0192
v 0.005697000000000004 -0.041697 0.0208
v 0.006217400000000003 -0.0409185 0.0192
v 0.006217400000000003 -0.0409185 0.0208
v 0.006400000000000003 -0.039999999999999994 0.0192
v 0.006400000000000003 -0.039999999999999994 0.0208
v 0.006217400000000003 -0.039081500000000005 0.0192
v 0.006217400000000003 -0.039081500000000005 0.0208
v 0.005697000000000004 -0.038303000000000004 0.0192
v 0.005697000000000004 -0.038303000000000004 0.0208
v 0.004918500000000003 -0.0377826 0.0192
v 0.004918500000000003 -0.0377826 0.0208
v 0.0030815000000000026 -0.0377826 0.0208
v 0.0040000000000000036 -0.037599999999999995 0.0208
v 0.0040000000000000036 -0.039999999999999994 0.0208
v 0.002303000000000003 -0.038303000000000004 0.0208
v 0.001782600000000004 -0.039081500000000005 0.0208
v 0.0016000000000000025 -0.039999999999999994 0.0208
v 0.001782600000000004 -0.0409185 0.0208
v 0.002303000000000003 -0.041697 0.0208
v 0.0030815000000000026 -0.0422174 0.0208
v 0.0040000000000000036 -0.04239999999999999 0.0208
v 0.004918500000000003 -0.0422174 0.0208
v 0.005697000000000004 -0.041697 0.0208
v 0.006217400000000003 -0.0409185 0.0208
v 0.006400000000000003 -0.039999999999999994 0.0208
v 0.006217400000000003 -0.039081500000000005 0.0208
v 0.005697000000000004 -0.038303000000000004 0.0208
v 0.004918500000000003 -0.0377826 0.0208
v 0.0040000000000000036 -0.029599999999999998 0.0192
v 0.0030815000000000026 -0.029782600000000003 0.0192
v 0.0030815000000000026 -0.029782600000000003 0.0208
v 0.0040000000000000036 -0.029599999999999998 0.0208
v 0.002303000000000003 -0.030303 0.0192
v 0.002303000000000003 -0.030303 0.0208
v 0.001782600000000004 -0.0310815 0.0192
v 0.001782600000000004 -0.0310815 0.0208
v 0.0016000000000000025 -0.032 0.0192
v 0.0016000000000000025 -0.032 0.0208
v 0.001782600000000004 -0.0329185 0.0192
v 0.001782600000000004 -0.0329185 0.0208
v 0.002303000000000003 -0.033697000000000005 0.0192
v 0.002303000000000003 -0.033697000000000005 0.0208
v 0.0030815000000000026 -0.034217399999999995 0.0192
v 0.0030815000000000026 -0.034217399999999995 0.0208
v 0.0040000000000000036 -0.0344 0.0192
v 0.0040000000000000036 -0.0344 0.0208
v 0.004918500000000003 -0.034217399999999995 0.0192
v 0.004918500000000003 -0.034217399999999995 0.0208
v 0.005697000000000004 -0.033697000000000005 0.0192
v 0.005697000000000004 -0.033697000000000005 0.0208
v 0.006217400000000003 -0.0329185 0.0192
v 0.006217400000000003 -0.0329185 0.0208
v 0.006400000000000003 -0.032 0.0192
v 0.006400000000000003 -0.032 0.0208
v 0.006217400000000003 -0.0310815 0.0192
v 0.006217400000000003 -0.0310815 0.0208
v 0.005697000000000004 -0.030303 0.0192
v 0.005697000000000004 -0.030303 0.0208
v 0.004918500000000003 -0.029782600000000003 0.0192
v 0.004918500000000003 -0.029782600000000003 0.0208
v 0.0030815000000000026 -0.029782600000000003 0.0208
v 0.0040000000000000036 -0.029599999999999998 0.0208
v 0.0040000000000000036 -0.032 0.0208
v 0.002303000000000003 -0.030303 0.0208
v 0.001782600000000004 -0.0310815 0.0208
v 0.0016000000000000025 -0.032 0.0208
v 0.001782600000000004 -0.0329185 0.0208
v 0.002303000000000003 -0.033697000000000005 0.0208
v 0.0030815000000000026 -0.034217399999999995 0.0208
v 0.0040000000000000036 -0.0344 0.0208
v 0.004918500000000003 -0.034217399999999995 0.0208
v 0.005697000000000004 -0.033697000000000005 0.0208
v 0.006217400000000003 -0.0329185 0.0208
v 0.006400000000000003 -0.032 0.0208
v 0.006217400000000003 -0.0310815 0.0208
v 0.005697000000000004 -0.030303 0.0208
v 0.004918500000000003 -0.029782600000000003 0.0208
v 0.0040000000000000036 -0.021599999999999998 0.0192
v 0.0030815000000000026 -0.021782600000000003 0.0192
v 0.0030815000000000026 -0.021782600000000003 0.0208
v 0.0040000000000000036 -0.021599999999999998 0.0208
v 0.002303000000000003 -0.022303 0.0192
v 0.002303000000000003 -0.022303 0.0208
v 0.001782600000000004 -0.0230815 0.0192
v 0.001782600000000004 -0.0230815 0.0208
v 0.0016000000000000025 -0.023999999999999997 0.0192
v 0.0016000000000000025 -0.023999999999999997 0.0208
v 0.001782600000000004 -0.0249185 0.0192
v 0.001782600000000004 -0.0249185 0.0208
v 0.002303000000000003 -0.025697 0.0192
v 0.002303000000000003 -0.025697 0.0208
v 0.0030815000000000026 -0.0262174 0.0192
v 0.0030815000000000026 -0.0262174 0.0208
v 0.0040000000000000036 -0.026399999999999996 0.0192
v 0.0040000000000000036 -0.026399999999999996 0.0208
v 0.004918500000000003 -0.0262174 0.0192
v 0.004918500000000003 -0.0262174 0.0208
v 0.005697000000000004 -0.025697 0.0192
v 0.005697000000000004 -0.025697 0.0208
v 0.006217400000000003 -0.0249185 0.0192
v 0.006217400000000003 -0.0249185 0.0208
v 0.006400000000000003 -0.023999999999999997 0.0192
v 0.006400000000000003 -0.023999999999999997 0.0208
v 0.006217400000000003 -0.0230815 0.0192
v 0.006217400000000003 -0.0230815 0.0208
v 0.005697000000000004 -0.022303 0.0192
v 0.005697000000000004 -0.022303 0.0208
v 0.004918500000000003 -0.021782600000000003 0.0192
v 0.004918500000000003 -0.021782600000000003 0.0208
v 0.0030815000000000026 -0.021782600000000003 0.0208
v 0.0040000000000000036 -0.021599999999999998 0.0208
v 0.0040000000000000036 -0.023999999999999997 0.0208
v 0.002303000000000003 -0.022303 0.0208
v 0.001782600000000004 -0.0230815 0.0208
v 0.0016000000000000025 -0.023999999999999997 0.0208
v 0.001782600000000004 -0.0249185 0.0208
v 0.002303000000000003 -0.025697 0.0208
v 0.0030815000000000026 -0.0262174 0.0208
v 0.0040000000000000036 -0.026399999999999996 0.0208
v 0.004918500000000003 -0.0262174 0.0208
v 0.005697000000000004 -0.025697 0.0208
v 0.006217400000000003 -0.0249185 0.0208
v 0.006400000000000003 -0.023999999999999997 0.0208
v 0.006217400000000003 -0.0230815 0.0208
v 0.005697000000000004 -0.022303 0.0208
v 0.004918500000000003 -0.021782600000000003 0.0208
v 0.0040000000000000036 -0.013600000000000001 0.0192
v 0.0030815000000000026 -0.013782599999999999 0.0192
v 0.0030815000000000026 -0.013782599999999999 0.0208
v 0.0040000000000000036 -0.013600000000000001 0.0208
v 0.002303000000000003 -0.014303 0.0192
v 0.002303000000000003 -0.014303 0.0208
v 0.001782600000000004 -0.015081500000000001 0.0192
v 0.001782600000000004 -0.015081500000000001 0.0208
v 0.0016000000000000025 -0.016 0.0192
v 0.0016000000000000025 -0.016 0.0208
v 0.001782600000000004 -0.0169185 0.0192
v 0.001782600000000004 -0.0169185 0.0208
v 0.002303000000000003 -0.017697 0.0192
v 0.002303000000000003 -0.017697 0.0208
v 0.0030815000000000026 -0.018217399999999998 0.0192
v 0.0030815000000000026 -0.018217399999999998 0.0208
v 0.0040000000000000036 -0.0184 0.0192
v 0.0040000000000000036 -0.0184 0.0208
v 0.004918500000000003 -0.018217399999999998 0.0192
v 0.004918500000000003 -0.018217399999999998 0.0208
v 0.005697000000000004 -0.017697 0.0192
v 0.005697000000000004 -0.017697 0.0208
v 0.006217400000000003 -0.0169185 0.0192
v 0.006217400000000003 -0.0169185 0.0208
v 0.006400000000000003 -0.016 0.0192
v 0.006400000000000003 -0.016 0.0208
v 0.006217400000000003 -0.015081500000000001 0.0192
v 0.006217400000000003 -0.015081500000000001 0.0208
v 0.005697000000000004 -0.014303 0.0192
v 0.005697000000000004 -0.014303 0.0208
v 0.004918500000000003 -0.013782599999999999 0.0192
v 0.004918500000000003 -0.013782599999999999 0.0208
v 0.0030815000000000026 -0.013782599999999999 0.0208
v 0.0040000000000000036 -0.013600000000000001 0.0208
v 0.0040000000000000036 -0.016 0.0208
v 0.002303000000000003 -0.014303 0.0208
v 0.001782600000000004 -0.015081500000000001 0.0208
v 0.0016000000000000025 -0.016 0.0208
v 0.001782600000000004 -0.0169185 0.0208
v 0.002303000000000003 -0.017697 0.0208
v 0.0030815000000000026 -0.018217399999999998 0.0208
v 0.0040000000000000036 -0.0184 0.0208
v 0.004918500000000003 -0.018217399999999998 0.0208
v 0.005697000000000004 -0.017697 0.0208
v 0.006217400000000003 -0.0169185 0.0208
v 0.006400000000000003 -0.016 0.0208
v 0.006217400000000003 -0.015081500000000001 0.0208
v 0.005697000000000004 -0.014303 0.0208
v 0.004918500000000003 -0.013782599999999999 0.0208
v 0.0040000000000000036 -0.005600000000000001 0.0192
v 0.0030815000000000026 -0.005782599999999999 0.0192
v 0.0030815000000000026 -0.005782599999999999 0.0208
v 0.0040000000000000036 -0.005600000000000001 0.0208
v 0.002303000000000003 -0.006303 0.0192
v 0.002303000000000003 -0.006303 0.0208
v 0.001782600000000004 -0.007081500000000001 0.0192
v 0.001782600000000004 -0.007081500000000001 0.0208
v 0.0016000000000000025 -0.008 0.0192
v 0.0016000000000000025 -0.008 0.0208
v 0.001782600000000004 -0.0089185 0.0192
v 0.001782600000000004 -0.0089185 0.0208
v 0.002303000000000003 -0.009697 0.0192
v 0.002303000000000003 -0.009697 0.0208
v 0.0030815000000000026 -0.010217400000000001 0.0192
v 0.0030815000000000026 -0.010217400000000001 0.0208
v 0.0040000000000000036 -0.0104 0.0192
v 0.0040000000000000036 -0.0104 0.0208
v 0.004918500000000003 -0.010217400000000001 0.0192
v 0.004918500000000003 -0.010217400000000001 0.0208
v 0.005697000000000004 -0.009697 0.0192
v 0.005697000000000004 -0.009697 0.0208
v 0.006217400000000003 -0.0089185 0.0192
v 0.006217400000000003 -0.0089185 0.0208
v 0.006400000000000003 -0.008 0.0192
v 0.006400000000000003 -0.008 0.0208
v 0.006217400000000003 -0.007081500000000001 0.0192
v 0.006217400000000003 -0.007081500000000001 0.0208
v 0.005697000000000004 -0.006303 0.0192
v 0.005697000000000004 -0.006303 0.0208
v 0.004918500000000003 -0.005782599999999999 0.0192
v 0.004918500000000003 -0.005782599999999999 0.0208
v 0.0030815000000000026 -0.005782599999999999 0.0208
v 0.0040000000000000036 -0.005600000000000001 0.0208
v 0.0040000000000000036 -0.008 0.0208
v 0.002303000000000003 -0.006303 0.0208
v 0.001782600000000004 -0.007081500000000001 0.0208
v 0.0016000000000000025 -0.008 0.0208
v 0.001782600000000004 -0.0089185 0.0208
v 0.002303000000000003 -0.009697 0.0208
v 0.0030815000000000026 -0.010217400000000001 0.0208
v 0.0040000000000000036 -0.0104 0.0208
v 0.004918500000000003 -0.010217400000000001 0.0208
v 0.005697000000000004 -0.009697 0.0208
v 0.006217400000000003 -0.0089185 0.0208
v 0.006400000000000003 -0.008 0.0208
v 0.006217400000000003 -0.007081500000000001 0.0208
v 0.005697000000000004 -0.006303 0.0208
v 0.004918500000000003 -0.005782599999999999 0.0208
v 0.0040000000000000036 0.002400000000000001 0.0192
v 0.0030815000000000026 0.0022173999999999996 0.0192
v 0.0030815000000000026 0.0022173999999999996 0.0208
v 0.0040000000000000036 0.002400000000000001 0.0208
v 0.002303000000000003 0.0016970000000000006 0.0192
v 0.002303000000000003 0.0016970000000000006 0.0208
v 0.001782600000000004 0.0009185000000000009 0.0192
v 0.001782600000000004 0.0009185000000000009 0.0208
v 0.0016000000000000025 0.0 0.0192
v 0.0016000000000000025 0.0 0.0208
v 0.001782600000000004 -0.0009184999999999992 0.0192
v 0.001782600000000004 -0.0009184999999999992 0.0208
v 0.002303000000000003 -0.0016970000000000006 0.0192
v 0.002303000000000003 -0.0016970000000000006 0.0208
v 0.0030815000000000026 -0.0022173999999999996 0.0192
v 0.0030815000000000026 -0.0022173999999999996 0.0208
v 0.0040000000000000036 -0.0023999999999999994 0.0192
v 0.0040000000000000036 -0.0023999999999999994 0.0208
v 0.004918500000000003 -0.0022173999999999996 0.0192
v 0.004918500000000003 -0.0022173999999999996 0.0208
v 0.005697000000000004 -0.0016970000000000006 0.0192
v 0.005697000000000004 -0.0016970000000000006 0.0208
v 0.006217400000000003 -0.0009184999999999992 0.0192
v 0.006217400000000003 -0.0009184999999999992 0.0208
v 0.006400000000000003 0.0 0.0192
v 0.006400000000000003 0.0 0.0208
v 0.006217400000000003 0.0009185000000000009 0.0192
v 0.006217400000000003 0.0009185000000000009 0.0208
v 0.005697000000000004 0.0016970000000000006 0.0192
v 0.005697000000000004 0.0016970000000000006 0.0208
v 0.004918500000000003 0.0022173999999999996 0.0192
v 0.004918500000000003 0.0022173999999999996 0.0208
v 0.0030815000000000026 0.0022173999999999996 0.0208
v 0.0040000000000000036 0.002400000000000001 0.0208
v 0.0040000000000000036 0.0 0.0208
v 0.002303000000000003 0.0016970000000000006 0.0208
v 0.001782600000000004 0.0009185000000000009 0.0208
v 0.0016000000000000025 0.0 0.0208
v 0.001782600000000004 -0.0009184999999999992 0.0208
v 0.002303000000000003 -0.0016970000000000006 0.0208
v 0.0030815000000000026 -0.0022173999999999996 0.0208
v 0.0040000000000000036 -0.0023999999999999994 0.0208
v 0.004918500000000003 -0.0022173999999999996 0.0208
v 0.005697000000000004 -0.0016970000000000006 0.0208
v 0.006217400000000003 -0.0009184999999999992 0.0208
v 0.006400000000000003 0.0 0.0208
v 0.006217400000000003 0.0009185000000000009 0.0208
v 0.005697000000000004 0.0016970000000000006 0.0208
v 0.004918500000000003 0.0022173999999999996 0.0208
v 0.0040000000000000036 0.0104 0.0192
v 0.0030815000000000026 0.0102174 0.0192
v 0.0030815000000000026 0.0102174 0.0208
v 0.0040000000000000036 0.0104 0.0208
v 0.002303000000000003 0.009697 0.0192
v 0.002303000000000003 0.009697 0.0208
v 0.001782600000000004 0.0089185 0.0192
v 0.001782600000000004 0.0089185 0.0208
v 0.0016000000000000025 0.008 0.0192
v 0.0016000000000000025 0.008 0.0208
v 0.001782600000000004 0.0070815 0.0192
v 0.001782600000000004 0.0070815 0.0208
v 0.002303000000000003 0.0063030000000000004 0.0192
v 0.002303000000000003 0.0063030000000000004 0.0208
v 0.0030815000000000026 0.005782600000000001 0.0192
v 0.0030815000000000026 0.005782600000000001 0.0208
v 0.0040000000000000036 0.0056 0.0192
v 0.0040000000000000036 0.0056 0.0208
v 0.004918500000000003 0.005782600000000001 0.0192
v 0.004918500000000003 0.005782600000000001 0.0208
v 0.005697000000000004 0.0063030000000000004 0.0192
v 0.005697000000000004 0.0063030000000000004 0.0208
v 0.006217400000000003 0.0070815 0.0192
v 0.006217400000000003 0.0070815 0.0208
v 0.006400000000000003 0.008 0.0192
v 0.006400000000000003 0.008 0.0208
v 0.006217400000000003 0.0089185 0.0192
v 0.006217400000000003 0.0089185 0.0208
v 0.005697000000000004 0.009697 0.0192
v 0.005697000000000004 0.009697 0.0208
v 0.004918500000000003 0.0102174 0.0192
v 0.004918500000000003 0.0102174 0.0208
v 0.0030815000000000026 0.0102174 0.0208
v 0.0040000000000000036 0.0104 0.0208
v 0.0040000000000000036 0.008 0.0208
v 0.002303000000000003 0.009697 0.0208
v 0.001782600000000004 0.0089185 0.0208
v 0.0016000000000000025 0.008 0.0208
v 0.001782600000000004 0.0070815 0.0208
v 0.002303000000000003 0.0063030000000000004 0.0208
v 0.0030815000000000026 0.005782600000000001 0.0208
v 0.0040000000000000036 0.0056 0.0208
v 0.004918500000000003 0.005782600000000001 0.0208
v 0.005697000000000004 0.0063030000000000004 0.0208
v 0.006217400000000003 0.0070815 0.0208
v 0.006400000000000003 0.008 0.0208
v 0.006217400000000003 0.0089185 0.0208
v 0.005697000000000004 0.009697 0.0208
v 0.004918500000000003 0.0102174 0.0208
v 3.469446951953614e-18 -0.0416 0.0096
v -0.0009184999999999966 -0.0417826 0.0096
v -0.0009184999999999966 -0.0417826 0.0176
v 3.469446951953614e-18 -0.0416 0.0176
v -0.0016969999999999971 -0.04230299999999999 0.0096
v -0.0016969999999999971 -0.04230299999999999 0.0176
v -0.002217399999999997 -0.043081499999999995 0.0096
v -0.002217399999999997 -0.043081499999999995 0.0176
v -0.0023999999999999968 -0.044 0.0096
v -0.0023999999999999968 -0.044 0.0176
v -0.002217399999999997 -0.0449185 0.0096
v -0.002217399999999997 -0.0449185 0.0176
v -0.0016969999999999971 -0.045697 0.0096
v -0.0016969999999999971 -0.045697 0.0176
v -0.0009184999999999966 -0.046217400000000006 0.0096
v -0.0009184999999999966 -0.046217400000000006 0.0176
v 3.469446951953614e-18 -0.0464 0.0096
v 3.469446951953614e-18 -0.0464 0.0176
v 0.0009185000000000026 -0.046217400000000006 0.0096
v 0.0009185000000000026 -0.046217400000000006 0.0176
v 0.001697000000000004 -0.045697 0.0096
v 0.001697000000000004 -0.045697 0.0176
v 0.002217400000000003 -0.0449185 0.0096
v 0.002217400000000003 -0.0449185 0.0176
v 0.002400000000000003 -0.044 0.0096
v 0.002400000000000003 -0.044 0.0176
v 0.002217400000000003 -0.043081499999999995 0.0096
v 0.002217400000000003 -0.043081499999999995 0.0176
v 0.001697000000000004 -0.04230299999999999 0.0096
v 0.001697000000000004 -0.04230299999999999 0.0176
v 0.0009185000000000026 -0.0417826 0.0096
v 0.0009185000000000026 -0.0417826 0.0176
v 3.469446951953614e-18 -0.0408 0.0096
v -0.0012245999999999967 -0.0410435 0.0096
v -0.0012245999999999967 -0.0410435 0.0176
v 3.469446951953614e-18 -0.0408 0.0176
v -0.002262699999999997 -0.041737300000000005 0.0096
v -0.002262699999999997 -0.041737300000000005 0.0176
v -0.0029564999999999965 -0.042775400000000005 0.0096
v -0.0029564999999999965 -0.042775400000000005 0.0176
v -0.003199999999999997 -0.044 0.0096
v -0.003199999999999997 -0.044 0.0176
v -0.0029564999999999965 -0.045224600000000004 0.0096
v -0.0029564999999999965 -0.045224600000000004 0.0176
v -0.002262699999999997 -0.046262700000000004 0.0096
v -0.002262699999999997 -0.046262700000000004 0.0176
v -0.0012245999999999967 -0.0469565 0.0096
v -0.0012245999999999967 -0.0469565 0.0176
v 3.469446951953614e-18 -0.047200000000000006 0.0096
v 3.469446951953614e-18 -0.047200000000000006 0.0176
v 0.0012246000000000028 -0.0469565 0.0096
v 0.0012246000000000028 -0.0469565 0.0176
v 0.002262700000000003 -0.046262700000000004 0.0096
v 0.002262700000000003 -0.046262700000000004 0.0176
v 0.0029565000000000025 -0.045224600000000004 0.0096
v 0.0029565000000000025 -0.045224600000000004 0.0176
v 0.003200000000000003 -0.044 0.0096
v 0.003200000000000003 -0.044 0.0176
v 0.0029565000000000025 -0.042775400000000005 0.0096
v 0.0029565000000000025 -0.042775400000000005 0.0176
v 0.002262700000000003 -0.041737300000000005 0.0096
v 0.002262700000000003 -0.041737300000000005 0.0176
v 0.0012246000000000028 -0.0410435 0.0096
v 0.0012246000000000028 -0.0410435 0.0176
v -0.003199999999999997 -0.044 0.0096
v -0.0023999999999999968 -0.044 0.0096
v -0.002217399999999997 -0.0449185 0.0096
v -0.0029564999999999965 -0.045224600000000004 0.0096
v -0.0016969999999999971 -0.045697 0.0096
v -0.002262699999999997 -0.046262700000000004 0.0096
v -0.0009184999999999966 -0.046217400000000006 0.0096
v -0.0012245999999999967 -0.0469565 0.0096
v 3.469446951953614e-18 -0.0464 0.0096
v 3.469446951953614e-18 -0.047200000000000006 0.0096
v 0.0009185000000000026 -0.046217400000000006 0.0096
v 0.0012246000000000028 -0.0469565 0.0096
v 0.001697000000000004 -0.045697 0.0096
v 0.002262700000000003 -0.046262700000000004 0.0096
v 0.002217400000000003 -0.0449185 0.0096
v 0.0029565000000000025 -0.045224600000000004 0.0096
v 0.002400000000000003 -0.044 0.0096
v 0.003200000000000003 -0.044 0.0096
v 0.002217400000000003 -0.043081499999999995 0.0096
v 0.0029565000000000025 -0.042775400000000005 0.0096
v 0.001697000000000004 -0.04230299999999999 0.0096
v 0.002262700000000003 -0.041737300000000005 0.0096
v 0.0009185000000000026 -0.0417826 0.0096
v 0.0012246000000000028 -0.0410435 0.0096
v 3.469446951953614e-18 -0.0416 0.0096
v 3.469446951953614e-18 -0.0408 0.0096
v -0.0009184999999999966 -0.0417826 0.0096
v -0.0012245999999999967 -0.0410435 0.0096
v -0.0016969999999999971 -0.04230299999999999 0.0096
v -0.002262699999999997 -0.041737300000000005 0.0096
v -0.002217399999999997 -0.043081499999999995 0.0096
v -0.0029564999999999965 -0.042775400000000005 0.0096
v 3.469446951953614e-18 -0.033600000000000005 0.0096
v -0.0009184999999999966 -0.033782599999999996 0.0096
v -0.0009184999999999966 -0.033782599999999996 0.0176
v 3.469446951953614e-18 -0.033600000000000005 0.0176
v -0.0016969999999999971 -0.034303 0.0096
v -0.0016969999999999971 -0.034303 0.0176
v -0.002217399999999997 -0.0350815 0.0096
v -0.002217399999999997 -0.0350815 0.0176
v -0.0023999999999999968 -0.036000000000000004 0.0096
v -0.0023999999999999968 -0.036000000000000004 0.0176
v -0.002217399999999997 -0.03691849999999999 0.0096
v -0.002217399999999997 -0.03691849999999999 0.0176
v -0.0016969999999999971 -0.037696999999999994 0.0096
v -0.0016969999999999971 -0.037696999999999994 0.0176
v -0.0009184999999999966 -0.0382174 0.0096
v -0.0009184999999999966 -0.0382174 0.0176
v 3.469446951953614e-18 -0.038400000000000004 0.0096
v 3.469446951953614e-18 -0.038400000000000004 0.0176
v 0.0009185000000000026 -0.0382174 0.0096
v 0.0009185000000000026 -0.0382174 0.0176
v 0.001697000000000004 -0.037696999999999994 0.0096
v 0.001697000000000004 -0.037696999999999994 0.0176
v 0.002217400000000003 -0.03691849999999999 0.0096
v 0.002217400000000003 -0.03691849999999999 0.0176
v 0.002400000000000003 -0.036000000000000004 0.0096
v 0.002400000000000003 -0.036000000000000004 0.0176
v 0.002217400000000003 -0.0350815 0.0096
v 0.002217400000000003 -0.0350815 0.0176
v 0.001697000000000004 -0.034303 0.0096
v 0.001697000000000004 -0.034303 0.0176
v 0.0009185000000000026 -0.033782599999999996 0.0096
v 0.0009185000000000026 -0.033782599999999996 0.0176
v 3.469446951953614e-18 -0.032799999999999996 0.0096
v -0.0012245999999999967 -0.0330435 0.0096
v -0.0012245999999999967 -0.0330435 0.0176
v 3.469446951953614e-18 -0.032799999999999996 0.0176
v -0.002262699999999997 -0.0337373 0.0096
v -0.002262699999999997 -0.0337373 0.0176
v -0.0029564999999999965 -0.0347754 0.0096
v -0.0029564999999999965 -0.0347754 0.0176
v -0.003199999999999997 -0.036000000000000004 0.0096
v -0.003199999999999997 -0.036000000000000004 0.0176
v -0.0029564999999999965 -0.0372246 0.0096
v -0.0029564999999999965 -0.0372246 0.0176
v -0.002262699999999997 -0.0382627 0.0096
v -0.002262699999999997 -0.0382627 0.0176
v -0.0012245999999999967 -0.038956500000000005 0.0096
v -0.0012245999999999967 -0.038956500000000005 0.0176
v 3.469446951953614e-18 -0.0392 0.0096
v 3.469446951953614e-18 -0.0392 0.0176
v 0.0012246000000000028 -0.038956500000000005 0.0096
v 0.0012246000000000028 -0.038956500000000005 0.0176
v 0.002262700000000003 -0.0382627 0.0096
v 0.002262700000000003 -0.0382627 0.0176
v 0.0029565000000000025 -0.0372246 0.0096
v 0.0029565000000000025 -0.0372246 0.0176
v 0.003200000000000003 -0.036000000000000004 0.0096
v 0.003200000000000003 -0.036000000000000004 0.0176
v 0.0029565000000000025 -0.0347754 0.0096
v 0.0029565000000000025 -0.0347754 0.0176
v 0.002262700000000003 -0.0337373 0.0096
v 0.002262700000000003 -0.0337373 0.0176
v 0.0012246000000000028 -0.0330435 0.0096
v 0.0012246000000000028 -0.0330435 0.0176
v -0.003199999999999997 -0.036000000000000004 0.0096
v -0.0023999999999999968 -0.036000000000000004 0.0096
v -0.002217399999999997 -0.03691849999999999 0.0096
v -0.0029564999999999965 -0.0372246 0.0096
v -0.0016969999999999971 -0.037696999999999994 0.0096
v -0.002262699999999997 -0.0382627 0.0096
v -0.0009184999999999966 -0.0382174 0.0096
v -0.0012245999999999967 -0.038956500000000005 0.0096
v 3.469446951953614e-18 -0.038400000000000004 0.0096
v 3.469446951953614e-18 -0.0392 0.0096
v 0.0009185000000000026 -0.0382174 0.0096
v 0.0012246000000000028 -0.038956500000000005 0.0096
v 0.001697000000000004 -0.037696999999999994 0.0096
v 0.002262700000000003 -0.0382627 0.0096
v 0.002217400000000003 -0.03691849999999999 0.0096
v 0.0029565000000000025 -0.0372246 0.0096
v 0.002400000000000003 -0.036000000000000004 0.0096
v 0.003200000000000003 -0.036000000000000004 0.0096
v 0.002217400000000003 -0.0350815 0.0096
v 0.0029565000000000025 -0.0347754 0.0096
v 0.001697000000000004 -0.034303 0.0096
v 0.002262700000000003 -0.0337373 0.0096
v 0.0009185000000000026 -0.033782599999999996 0.0096
v 0.0012246000000000028 -0.0330435 0.0096
v 3.469446951953614e-18 -0.033600000000000005 0.0096
v 3.469446951953614e-18 -0.032799999999999996 0.0096
v -0.0009184999999999966 -0.033782599999999996 0.0096
v -0.0012245999999999967 -0.0330435 0.0096
v -0.0016969999999999971 -0.034303 0.0096
v -0.002262699999999997 -0.0337373 0.0096
v -0.002217399999999997 -0.0350815 0.0096
v -0.0029564999999999965 -0.0347754 0.0096
v 3.469446951953614e-18 -0.0256 0.0096
v -0.0009184999999999966 -0.0257826 0.0096
v -0.0009184999999999966 -0.0257826 0.0176
v 3.469446951953614e-18 -0.0256 0.0176
v -0.0016969999999999971 -0.026302999999999997 0.0096
v -0.0016969999999999971 -0.026302999999999997 0.0176
v -0.002217399999999997 -0.027081499999999998 0.0096
v -0.002217399999999997 -0.027081499999999998 0.0176
v -0.0023999999999999968 -0.028 0.0096
v -0.0023999999999999968 -0.028 0.0176
v -0.002217399999999997 -0.028918499999999996 0.0096
v -0.002217399999999997 -0.028918499999999996 0.0176
v -0.0016969999999999971 -0.029696999999999998 0.0096
v -0.0016969999999999971 -0.029696999999999998 0.0176
v -0.0009184999999999966 -0.030217400000000002 0.0096
v -0.0009184999999999966 -0.030217400000000002 0.0176
v 3.469446951953614e-18 -0.0304 0.0096
v 3.469446951953614e-18 -0.0304 0.0176
v 0.0009185000000000026 -0.030217400000000002 0.0096
v 0.0009185000000000026 -0.030217400000000002 0.0176
v 0.001697000000000004 -0.029696999999999998 0.0096
v 0.001697000000000004 -0.029696999999999998 0.0176
v 0.002217400000000003 -0.028918499999999996 0.0096
v 0.002217400000000003 -0.028918499999999996 0.0176
v 0.002400000000000003 -0.028 0.0096
v 0.002400000000000003 -0.028 0.0176
v 0.002217400000000003 -0.027081499999999998 0.0096
v 0.002217400000000003 -0.027081499999999998 0.0176
v 0.001697000000000004 -0.026302999999999997 0.0096
v 0.001697000000000004 -0.026302999999999997 0.0176
v 0.0009185000000000026 -0.0257826 0.0096
v 0.0009185000000000026 -0.0257826 0.0176
v 3.469446951953614e-18 -0.0248 0.0096
v -0.0012245999999999967 -0.0250435 0.0096
v -0.0012245999999999967 -0.0250435 0.0176
v 3.469446951953614e-18 -0.0248 0.0176
v -0.002262699999999997 -0.0257373 0.0096
v -0.002262699999999997 -0.0257373 0.0176
v -0.0029564999999999965 -0.0267754 0.0096
v -0.0029564999999999965 -0.0267754 0.0176
v -0.003199999999999997 -0.028 0.0096
v -0.003199999999999997 -0.028 0.0176
v -0.0029564999999999965 -0.0292246 0.0096
v -0.0029564999999999965 -0.0292246 0.0176
v -0.002262699999999997 -0.0302627 0.0096
v -0.002262699999999997 -0.0302627 0.0176
v -0.0012245999999999967 -0.0309565 0.0096
v -0.0012245999999999967 -0.0309565 0.0176
v 3.469446951953614e-18 -0.031200000000000002 0.0096
v 3.469446951953614e-18 -0.031200000000000002 0.0176
v 0.0012246000000000028 -0.0309565 0.0096
v 0.0012246000000000028 -0.0309565 0.0176
v 0.002262700000000003 -0.0302627 0.0096
v 0.002262700000000003 -0.0302627 0.0176
v 0.0029565000000000025 -0.0292246 0.0096
v 0.0029565000000000025 -0.0292246 0.0176
v 0.003200000000000003 -0.028 0.0096
v 0.003200000000000003 -0.028 0.0176
v 0.0029565000000000025 -0.0267754 0.0096
v 0.0029565000000000025 -0.0267754 0.0176
v 0.002262700000000003 -0.0257373 0.0096
v 0.002262700000000003 -0.0257373 0.0176
v 0.0012246000000000028 -0.0250435 0.0096
v 0.0012246000000000028 -0.0250435 0.0176
v -0.003199999999999997 -0.028 0.0096
v -0.0023999999999999968 -0.028 0.0096
v -0.002217399999999997 -0.028918499999999996 0.0096
v -0.0029564999999999965 -0.0292246 0.0096
v -0.0016969999999999971 -0.029696999999999998 0.0096
v -0.002262699999999997 -0.0302627 0.0096
v -0.0009184999999999966 -0.030217400000000002 0.0096
v -0.0012245999999999967 -0.0309565 0.0096
v 3.469446951953614e-18 -0.0304 0.0096
v 3.469446951953614e-18 -0.031200000000000002 0.0096
v 0.0009185000000000026 -0.030217400000000002 0.0096
v 0.0012246000000000028 -0.0309565 0.0096
v 0.001697000000000004 -0.029696999999999998 0.0096
v 0.002262700000000003 -0.0302627 0.0096
v 0.002217400000000003 -0.028918499999999996 0.0096
v 0.0029565000000000025 -0.0292246 0.0096
v 0.002400000000000003 -0.028 0.0096
v 0.003200000000000003 -0.028 0.0096
v 0.002217400000000003 -0.027081499999999998 0.0096
v 0.0029565000000000025 -0.0267754 0.0096
v 0.001697000000000004 -0.026302999999999997 0.0096
v 0.002262700000000003 -0.0257373 0.0096
v 0.0009185000000000026 -0.0257826 0.0096
v 0.0012246000000000028 -0.0250435 0.0096
v 3.469446951953614e-18 -0.0256 0.0096
v 3.469446951953614e-18 -0.0248 0.0096
v -0.0009184999999999966 -0.0257826 0.0096
v -0.0012245999999999967 -0.0250435 0.0096
v -0.0016969999999999971 -0.026302999999999997 0.0096
v -0.002262699999999997 -0.0257373 0.0096
v -0.002217399999999997 -0.027081499999999998 0.0096
v -0.0029564999999999965 -0.0267754 0.0096
v 3.469446951953614e-18 -0.0176 0.0096
v -0.0009184999999999966 -0.0177826 0.0096
v -0.0009184999999999966 -0.0177826 0.0176
v 3.469446951953614e-18 -0.0176 0.0176
v -0.0016969999999999971 -0.018303 0.0096
v -0.0016969999999999971 -0.018303 0.0176
v -0.002217399999999997 -0.0190815 0.0096
v -0.002217399999999997 -0.0190815 0.0176
v -0.0023999999999999968 -0.02 0.0096
v -0.0023999999999999968 -0.02 0.0176
v -0.002217399999999997 -0.020918500000000003 0.0096
v -0.002217399999999997 -0.020918500000000003 0.0176
v -0.0016969999999999971 -0.021696999999999998 0.0096
v -0.0016969999999999971 -0.021696999999999998 0.0176
v -0.0009184999999999966 -0.0222174 0.0096
v -0.0009184999999999966 -0.0222174 0.0176
v 3.469446951953614e-18 -0.0224 0.0096
v 3.469446951953614e-18 -0.0224 0.0176
v 0.0009185000000000026 -0.0222174 0.0096
v 0.0009185000000000026 -0.0222174 0.0176
v 0.001697000000000004 -0.021696999999999998 0.0096
v 0.001697000000000004 -0.021696999999999998 0.0176
v 0.002217400000000003 -0.020918500000000003 0.0096
v 0.002217400000000003 -0.020918500000000003 0.0176
v 0.002400000000000003 -0.02 0.0096
v 0.002400000000000003 -0.02 0.0176
v 0.002217400000000003 -0.0190815 0.0096
v 0.002217400000000003 -0.0190815 0.0176
v 0.001697000000000004 -0.018303 0.0096
v 0.001697000000000004 -0.018303 0.0176
v 0.0009185000000000026 -0.0177826 0.0096
v 0.0009185000000000026 -0.0177826 0.0176
v 3.469446951953614e-18 -0.0168 0.0096
v -0.0012245999999999967 -0.0170435 0.0096
v -0.0012245999999999967 -0.0170435 0.0176
v 3.469446951953614e-18 -0.0168 0.0176
v -0.002262699999999997 -0.0177373 0.0096
v -0.002262699999999997 -0.0177373 0.0176
v -0.0029564999999999965 -0.0187754 0.0096
v -0.0029564999999999965 -0.0187754 0.0176
v -0.003199999999999997 -0.02 0.0096
v -0.003199999999999997 -0.02 0.0176
v -0.0029564999999999965 -0.0212246 0.0096
v -0.0029564999999999965 -0.0212246 0.0176
v -0.002262699999999997 -0.0222627 0.0096
v -0.002262699999999997 -0.0222627 0.0176
v -0.0012245999999999967 -0.0229565 0.0096
v -0.0012245999999999967 -0.0229565 0.0176
v 3.469446951953614e-18 -0.023200000000000002 0.0096
v 3.469446951953614e-18 -0.023200000000000002 0.0176
v 0.0012246000000000028 -0.0229565 0.0096
v 0.0012246000000000028 -0.0229565 0.0176
v 0.002262700000000003 -0.0222627 0.0096
v 0.002262700000000003 -0.0222627 0.0176
v 0.0029565000000000025 -0.0212246 0.0096
v 0.0029565000000000025 -0.0212246 0.0176
v 0.003200000000000003 -0.02 0.0096
v 0.003200000000000003 -0.02 0.0176
v 0.0029565000000000025 -0.0187754 0.0096
v 0.0029565000000000025 -0.0187754 0.0176
v 0.002262700000000003 -0.0177373 0.0096
v 0.002262700000000003 -0.0177373 0.0176
v 0.0012246000000000028 -0.0170435 0.0096
v 0.0012246000000000028 -0.0170435 0.0176
v -0.003199999999999997 -0.02 0.0096
v -0.0023999999999999968 -0.02 0.0096
v -0.002217399999999997 -0.020918500000000003 0.0096
v -0.0029564999999999965 -0.0212246 0.0096
v -0.0016969999999999971 -0.021696999999999998 0.0096
v -0.002262699999999997 -0.0222627 0.0096
v -0.0009184999999999966 -0.0222174 0.0096
v -0.0012245999999999967 -0.0229565 0.0096
v 3.469446951953614e-18 -0.0224 0.0096
v 3.469446951953614e-18 -0.023200000000000002 0.0096
v 0.0009185000000000026 -0.0222174 0.0096
v 0.0012246000000000028 -0.0229565 0.0096
v 0.001697000000000004 -0.021696999999999998 0.0096
v 0.002262700000000003 -0.0222627 0.0096
v 0.002217400000000003 -0.020918500000000003 0.0096
v 0.0029565000000000025 -0.0212246 0.0096
v 0.002400000000000003 -0.02 0.0096
v 0.003200000000000003 -0.02 0.0096
v 0.002217400000000003 -0.0190815 0.0096
v 0.0029565000000000025 -0.0187754 0.0096
v 0.001697000000000004 -0.018303 0.0096
v 0.002262700000000003 -0.0177373 0.0096
v 0.0009185000000000026 -0.0177826 0.0096
v 0.0012246000000000028 -0.0170435 0.0096
v 3.469446951953614e-18 -0.0176 0.0096
v 3.469446951953614e-18 -0.0168 0.0096
v -0.0009184999999999966 -0.0177826 0.0096
v -0.0012245999999999967 -0.0170435 0.0096
v -0.0016969999999999971 -0.018303 0.0096
v -0.002262699999999997 -0.0177373 0.0096
v -0.002217399999999997 -0.0190815 0.0096
v -0.0029564999999999965 -0.0187754 0.0096
v 3.469446951953614e-18 -0.009600000000000001 0.0096
v -0.0009184999999999966 -0.009782599999999999 0.0096
v -0.0009184999999999966 -0.009782599999999999 0.0176
v 3.469446951953614e-18 -0.009600000000000001 0.0176
v -0.0016969999999999971 -0.010303 0.0096
v -0.0016969999999999971 -0.010303 0.0176
v -0.002217399999999997 -0.011081500000000001 0.0096
v -0.002217399999999997 -0.011081500000000001 0.0176
v -0.0023999999999999968 -0.012 0.0096
v -0.0023999999999999968 -0.012 0.0176
v -0.002217399999999997 -0.0129185 0.0096
v -0.002217399999999997 -0.0129185 0.0176
v -0.0016969999999999971 -0.013697 0.0096
v -0.0016969999999999971 -0.013697 0.0176
v -0.0009184999999999966 -0.014217399999999998 0.0096
v -0.0009184999999999966 -0.014217399999999998 0.0176
v 3.469446951953614e-18 -0.0144 0.0096
v 3.469446951953614e-18 -0.0144 0.0176
v 0.0009185000000000026 -0.014217399999999998 0.0096
v 0.0009185000000000026 -0.014217399999999998 0.0176
v 0.001697000000000004 -0.013697 0.0096
v 0.001697000000000004 -0.013697 0.0176
v 0.002217400000000003 -0.0129185 0.0096
v 0.002217400000000003 -0.0129185 0.0176
v 0.002400000000000003 -0.012 0.0096
v 0.002400000000000003 -0.012 0.0176
v 0.002217400000000003 -0.011081500000000001 0.0096
v 0.002217400000000003 -0.011081500000000001 0.0176
v 0.001697000000000004 -0.010303 0.0096
v 0.001697000000000004 -0.010303 0.0176
v 0.0009185000000000026 -0.009782599999999999 0.0096
v 0.0009185000000000026 -0.009782599999999999 0.0176
v 3.469446951953614e-18 -0.008799999999999999 0.0096
v -0.0012245999999999967 -0.0090435 0.0096
v -0.0012245999999999967 -0.0090435 0.0176
v 3.469446951953614e-18 -0.008799999999999999 0.0176
v -0.002262699999999997 -0.0097373 0.0096
v -0.002262699999999997 -0.0097373 0.0176
v -0.0029564999999999965 -0.010775400000000001 0.0096
v -0.0029564999999999965 -0.010775400000000001 0.0176
v -0.003199999999999997 -0.012 0.0096
v -0.003199999999999997 -0.012 0.0176
v -0.0029564999999999965 -0.0132246 0.0096
v -0.0029564999999999965 -0.0132246 0.0176
v -0.002262699999999997 -0.0142627 0.0096
v -0.002262699999999997 -0.0142627 0.0176
v -0.0012245999999999967 -0.014956500000000001 0.0096
v -0.0012245999999999967 -0.014956500000000001 0.0176
v 3.469446951953614e-18 -0.015199999999999998 0.0096
v 3.469446951953614e-18 -0.015199999999999998 0.0176
v 0.0012246000000000028 -0.014956500000000001 0.0096
v 0.0012246000000000028 -0.014956500000000001 0.0176
v 0.002262700000000003 -0.0142627 0.0096
v 0.002262700000000003 -0.0142627 0.0176
v 0.0029565000000000025 -0.0132246 0.0096
v 0.0029565000000000025 -0.0132246 0.0176
v 0.003200000000000003 -0.012 0.0096
v 0.003200000000000003 -0.012 0.0176
v 0.0029565000000000025 -0.010775400000000001 0.0096
v 0.0029565000000000025 -0.010775400000000001 0.0176
v 0.002262700000000003 -0.0097373 0.0096
v 0.002262700000000003 -0.0097373 0.0176
v 0.0012246000000000028 -0.0090435 0.0096
v 0.0012246000000000028 -0.0090435 0.0176
v -0.003199999999999997 -0.012 0.0096
v -0.0023999999999999968 -0.012 0.0096
v -0.002217399999999997 -0.0129185 0.0096
v -0.0029564999999999965 -0.0132246 0.0096
v -0.0016969999999999971 -0.013697 0.0096
v -0.002262699999999997 -0.0142627 0.0096
v -0.0009184999999999966 -0.014217399999999998 0.0096
v -0.0012245999999999967 -0.014956500000000001 0.0096
v 3.469446951953614e-18 -0.0144 0.0096
v 3.469446951953614e-18 -0.015199999999999998 0.0096
v 0.0009185000000000026 -0.014217399999999998 0.0096
v 0.0012246000000000028 -0.014956500000000001 0.0096
v 0.001697000000000004 -0.013697 0.0096
v 0.002262700000000003 -0.0142627 0.0096
v 0.002217400000000003 -0.0129185 0.0096
v 0.0029565000000000025 -0.0132246 0.0096
v 0.002400000000000003 -0.012 0.0096
v 0.003200000000000003 -0.012 0.0096
v 0.002217400000000003 -0.011081500000000001 0.0096
v 0.0029565000000000025 -0.010775400000000001 0.0096
v 0.001697000000000004 -0.010303 0.0096
v 0.002262700000000003 -0.0097373 0.0096
v 0.0009185000000000026 -0.009782599999999999 0.0096
v 0.0012246000000000028 -0.0090435 0.0096
v 3.469446951953614e-18 -0.009600000000000001 0.0096
v 3.469446951953614e-18 -0.008799999999999999 0.0096
v -0.0009184999999999966 -0.009782599999999999 0.0096
v -0.0012245999999999967 -0.0090435 0.0096
v -0.0016969999999999971 -0.010303 0.0096
v -0.002262699999999997 -0.0097373 0.0096
v -0.002217399999999997 -0.011081500000000001 0.0096
v -0.0029564999999999965 -0.010775400000000001 0.0096
v 3.469446951953614e-18 -0.001599999999999999 0.0096
v -0.0009184999999999966 -0.0017826000000000005 0.0096
v -0.0009184999999999966 -0.0017826000000000005 0.0176
v 3.469446951953614e-18 -0.001599999999999999 0.0176
v -0.0016969999999999971 -0.0023029999999999995 0.0096
v -0.0016969999999999971 -0.0023029999999999995 0.0176
v -0.002217399999999997 -0.003081499999999999 0.0096
v -0.002217399999999997 -0.003081499999999999 0.0176
v -0.0023999999999999968 -0.004 0.0096
v -0.0023999999999999968 -0.004 0.0176
v -0.002217399999999997 -0.004918499999999999 0.0096
v -0.002217399999999997 -0.004918499999999999 0.0176
v -0.0016969999999999971 -0.005697000000000001 0.0096
v -0.0016969999999999971 -0.005697000000000001 0.0176
v -0.0009184999999999966 -0.006217400000000001 0.0096
v -0.0009184999999999966 -0.006217400000000001 0.0176
v 3.469446951953614e-18 -0.0063999999999999994 0.0096
v 3.469446951953614e-18 -0.0063999999999999994 0.0176
v 0.0009185000000000026 -0.006217400000000001 0.0096
v 0.0009185000000000026 -0.006217400000000001 0.0176
v 0.001697000000000004 -0.005697000000000001 0.0096
v 0.001697000000000004 -0.005697000000000001 0.0176
v 0.002217400000000003 -0.004918499999999999 0.0096
v 0.002217400000000003 -0.004918499999999999 0.0176
v 0.002400000000000003 -0.004 0.0096
v 0.002400000000000003 -0.004 0.0176
v 0.002217400000000003 -0.003081499999999999 0.0096
v 0.002217400000000003 -0.003081499999999999 0.0176
v 0.001697000000000004 -0.0023029999999999995 0.0096
v 0.001697000000000004 -0.0023029999999999995 0.0176
v 0.0009185000000000026 -0.0017826000000000005 0.0096
v 0.0009185000000000026 -0.0017826000000000005 0.0176
v 3.469446951953614e-18 -0.0008000000000000004 0.0096
v -0.0012245999999999967 -0.0010434999999999993 0.0096
v -0.0012245999999999967 -0.0010434999999999993 0.0176
v 3.469446951953614e-18 -0.0008000000000000004 0.0176
v -0.002262699999999997 -0.001737299999999999 0.0096
v -0.002262699999999997 -0.001737299999999999 0.0176
v -0.0029564999999999965 -0.002775399999999999 0.0096
v -0.0029564999999999965 -0.002775399999999999 0.0176
v -0.003199999999999997 -0.004 0.0096
v -0.003199999999999997 -0.004 0.0176
v -0.0029564999999999965 -0.005224599999999999 0.0096
v -0.0029564999999999965 -0.005224599999999999 0.0176
v -0.002262699999999997 -0.0062626999999999995 0.0096
v -0.002262699999999997 -0.0062626999999999995 0.0176
v -0.0012245999999999967 -0.006956500000000001 0.0096
v -0.0012245999999999967 -0.006956500000000001 0.0176
v 3.469446951953614e-18 -0.007199999999999998 0.0096
v 3.469446951953614e-18 -0.007199999999999998 0.0176
v 0.0012246000000000028 -0.006956500000000001 0.0096
v 0.0012246000000000028 -0.006956500000000001 0.0176
v 0.002262700000000003 -0.0062626999999999995 0.0096
v 0.002262700000000003 -0.0062626999999999995 0.0176
v 0.0029565000000000025 -0.005224599999999999 0.0096
v 0.0029565000000000025 -0.005224599999999999 0.0176
v 0.003200000000000003 -0.004 0.0096
v 0.003200000000000003 -0.004 0.0176
v 0.0029565000000000025 -0.002775399999999999 0.0096
v 0.0029565000000000025 -0.002775399999999999 0.0176
v 0.002262700000000003 -0.001737299999999999 0.0096
v 0.002262700000000003 -0.001737299999999999 0.0176
v 0.0012246000000000028 -0.0010434999999999993 0.0096
v 0.0012246000000000028 -0.0010434999999999993 0.0176
v -0.003199999999999997 -0.004 0.0096
v -0.0023999999999999968 -0.004 0.0096
v -0.002217399999999997 -0.004918499999999999 0.0096
v -0.0029564999999999965 -0.005224599999999999 0.0096
v -0.0016969999999999971 -0.005697000000000001 0.0096
v -0.002262699999999997 -0.0062626999999999995 0.0096
v -0.0009184999999999966 -0.006217400000000001 0.0096
v -0.0012245999999999967 -0.006956500000000001 0.0096
v 3.469446951953614e-18 -0.0063999999999999994 0.0096
v 3.469446951953614e-18 -0.007199999999999998 0.0096
v 0.0009185000000000026 -0.006217400000000001 0.0096
v 0.0012246000000000028 -0.006956500000000001 0.0096
v 0.001697000000000004 -0.005697000000000001 0.0096
v 0.002262700000000003 -0.0062626999999999995 0.0096
v 0.002217400000000003 -0.004918499999999999 0.0096
v 0.0029565000000000025 -0.005224599999999999 0.0096
v 0.002400000000000003 -0.004 0.0096
v 0.003200000000000003 -0.004 0.0096
v 0.002217400000000003 -0.003081499999999999 0.0096
v 0.0029565000000000025 -0.002775399999999999 0.0096
v 0.001697000000000004 -0.0023029999999999995 0.0096
v 0.002262700000000003 -0.001737299999999999 0.0096
v 0.0009185000000000026 -0.0017826000000000005 0.0096
v 0.0012246000000000028 -0.0010434999999999993 0.0096
v 3.469446951953614e-18 -0.001599999999999999 0.0096
v 3.469446951953614e-18 -0.0008000000000000004 0.0096
v -0.0009184999999999966 -0.0017826000000000005 0.0096
v -0.0012245999999999967 -0.0010434999999999993 0.0096
v -0.0016969999999999971 -0.0023029999999999995 0.0096
v -0.002262699999999997 -0.001737299999999999 0.0096
v -0.002217399999999997 -0.003081499999999999 0.0096
v -0.0029564999999999965 -0.002775399999999999 0.0096
v 3.469446951953614e-18 0.0064 0.0096
v -0.0009184999999999966 0.0062174000000000005 0.0096
v -0.0009184999999999966 0.0062174000000000005 0.0176
v 3.469446951953614e-18 0.0064 0.0176
v -0.0016969999999999971 0.005697000000000001 0.0096
v -0.0016969999999999971 0.005697000000000001 0.0176
v -0.002217399999999997 0.0049185 0.0096
v -0.002217399999999997 0.0049185 0.0176
v -0.0023999999999999968 0.004 0.0096
v -0.0023999999999999968 0.004 0.0176
v -0.002217399999999997 0.003081500000000001 0.0096
v -0.002217399999999997 0.003081500000000001 0.0176
v -0.0016969999999999971 0.0023029999999999995 0.0096
v -0.0016969999999999971 0.0023029999999999995 0.0176
v -0.0009184999999999966 0.0017826000000000005 0.0096
v -0.0009184999999999966 0.0017826000000000005 0.0176
v 3.469446951953614e-18 0.0016000000000000007 0.0096
v 3.469446951953614e-18 0.0016000000000000007 0.0176
v 0.0009185000000000026 0.0017826000000000005 0.0096
v 0.0009185000000000026 0.0017826000000000005 0.0176
v 0.001697000000000004 0.0023029999999999995 0.0096
v 0.001697000000000004 0.0023029999999999995 0.0176
v 0.002217400000000003 0.003081500000000001 0.0096
v 0.002217400000000003 0.003081500000000001 0.0176
v 0.002400000000000003 0.004 0.0096
v 0.002400000000000003 0.004 0.0176
v 0.002217400000000003 0.0049185 0.0096
v 0.002217400000000003 0.0049185 0.0176
v 0.001697000000000004 0.005697000000000001 0.0096
v 0.001697000000000004 0.005697000000000001 0.0176
v 0.0009185000000000026 0.0062174000000000005 0.0096
v 0.0009185000000000026 0.0062174000000000005 0.0176
v 3.469446951953614e-18 0.007200000000000001 0.0096
v -0.0012245999999999967 0.0069565 0.0096
v -0.0012245999999999967 0.0069565 0.0176
v 3.469446951953614e-18 0.007200000000000001 0.0176
v -0.002262699999999997 0.0062627 0.0096
v -0.002262699999999997 0.0062627 0.0176
v -0.0029564999999999965 0.0052246 0.0096
v -0.0029564999999999965 0.0052246 0.0176
v -0.003199999999999997 0.004 0.0096
v -0.003199999999999997 0.004 0.0176
v -0.0029564999999999965 0.0027754000000000008 0.0096
v -0.0029564999999999965 0.0027754000000000008 0.0176
v -0.002262699999999997 0.0017373000000000006 0.0096
v -0.002262699999999997 0.0017373000000000006 0.0176
v -0.0012245999999999967 0.001043500000000001 0.0096
v -0.0012245999999999967 0.001043500000000001 0.0176
v 3.469446951953614e-18 0.0008000000000000004 0.0096
v 3.469446951953614e-18 0.0008000000000000004 0.0176
v 0.0012246000000000028 0.001043500000000001 0.0096
v 0.0012246000000000028 0.001043500000000001 0.0176
v 0.002262700000000003 0.0017373000000000006 0.0096
v 0.002262700000000003 0.0017373000000000006 0.0176
v 0.0029565000000000025 0.0027754000000000008 0.0096
v 0.0029565000000000025 0.0027754000000000008 0.0176
v 0.003200000000000003 0.004 0.0096
v 0.003200000000000003 0.004 0.0176
v 0.0029565000000000025 0.0052246 0.0096
v 0.0029565000000000025 0.0052246 0.0176
v 0.002262700000000003 0.0062627 0.0096
v 0.002262700000000003 0.0062627 0.0176
v 0.0012246000000000028 0.0069565 0.0096
v 0.0012246000000000028 0.0069565 0.0176
v -0.003199999999999997 0.004 0.0096
v -0.0023999999999999968 0.004 0.0096
v -0.002217399999999997 0.003081500000000001 0.0096
v -0.0029564999999999965 0.0027754000000000008 0.0096
v -0.0016969999999999971 0.0023029999999999995 0.0096
v -0.002262699999999997 0.0017373000000000006 0.0096
v -0.0009184999999999966 0.0017826000000000005 0.0096
v -0.0012245999999999967 0.001043500000000001 0.0096
v 3.469446951953614e-18 0.0016000000000000007 0.0096
v 3.469446951953614e-18 0.0008000000000000004 0.0096
v 0.0009185000000000026 0.0017826000000000005 0.0096
v 0.0012246000000000028 0.001043500000000001 0.0096
v 0.001697000000000004 0.0023029999999999995 0.0096
v 0.002262700000000003 0.0017373000000000006 0.0096
v 0.002217400000000003 0.003081500000000001 0.0096
v 0.0029565000000000025 0.0027754000000000008 0.0096
v 0.002400000000000003 0.004 0.0096
v 0.003200000000000003 0.004 0.0096
v 0.002217400000000003 0.0049185 0.0096
v 0.0029565000000000025 0.0052246 0.0096
v 0.001697000000000004 0.005697000000000001 0.0096
v 0.002262700000000003 0.0062627 0.0096
v 0.0009185000000000026 0.0062174000000000005 0.0096
v 0.0012246000000000028 0.0069565 0.0096
v 3.469446951953614e-18 0.0064 0.0096
v 3.469446951953614e-18 0.007200000000000001 0.0096
v -0.0009184999999999966 0.0062174000000000005 0.0096
v -0.0012245999999999967 0.0069565 0.0096
v -0.0016969999999999971 0.005697000000000001 0.0096
v -0.002262699999999997 0.0062627 0.0096
v -0.002217399999999997 0.0049185 0.0096
v -0.0029564999999999965 0.0052246 0.0096
v -0.003199999999999997 -0.036000000000000004 0.0118
v -0.003199999999999997 -0.0364 0.0118
v -0.0031203999999999963 -0.0364 0.0118
v -0.0031203999999999963 -0.03560000000000001 0.0118
v -0.003199999999999997 -0.03560000000000001 0.0118
v -0.0031203999999999963 -0.0364 0.0118
v -0.003199999999999997 -0.0364 0.0118
v -0.003199999999999997 -0.0364 0.0176
v -0.0031203999999999963 -0.0364 0.0176
v -0.0031203999999999963 -0.03560000000000001 0.0176
v -0.003199999999999997 -0.03560000000000001 0.0176
v -0.003199999999999997 -0.03560000000000001 0.0118
v -0.0031203999999999963 -0.03560000000000001 0.0118
v -0.006399999999999997 -0.03560000000000001 0.0118
v -0.006399999999999997 -0.0364 0.0118
v -0.006399999999999997 -0.03560000000000001 0.0176
v -0.006399999999999997 -0.03560000000000001 0.0118
v -0.006399999999999997 -0.0364 0.0176
v -0.006399999999999997 -0.0364 0.0118
v 0.003200000000000003 -0.036000000000000004 0.0118
v 0.003200000000000003 -0.03560000000000001 0.0118
v 0.003120400000000004 -0.03560000000000001 0.0118
v 0.003120400000000004 -0.0364 0.0118
v 0.003200000000000003 -0.0364 0.0118
v 0.003120400000000004 -0.03560000000000001 0.0118
v 0.003200000000000003 -0.03560000000000001 0.0118
v 0.003200000000000003 -0.03560000000000001 0.0176
v 0.003120400000000004 -0.03560000000000001 0.0176
v 0.003120400000000004 -0.0364 0.0176
v 0.003200000000000003 -0.0364 0.0176
v 0.003200000000000003 -0.0364 0.0118
v 0.003120400000000004 -0.0364 0.0118
v 0.006400000000000003 -0.0364 0.0118
v 0.006400000000000003 -0.03560000000000001 0.0118
v 0.006400000000000003 -0.0364 0.0176
v 0.006400000000000003 -0.0364 0.0118
v 0.006400000000000003 -0.03560000000000001 0.0176
v 0.006400000000000003 -0.03560000000000001 0.0118
v -0.003199999999999997 -0.02 0.0118
v -0.003199999999999997 -0.020399999999999998 0.0118
v -0.0031203999999999963 -0.020399999999999998 0.0118
v -0.0031203999999999963 -0.019600000000000003 0.0118
v -0.003199999999999997 -0.019600000000000003 0.0118
v -0.0031203999999999963 -0.020399999999999998 0.0118
v -0.003199999999999997 -0.020399999999999998 0.0118
v -0.003199999999999997 -0.020399999999999998 0.0176
v -0.0031203999999999963 -0.020399999999999998 0.0176
v -0.0031203999999999963 -0.019600000000000003 0.0176
v -0.003199999999999997 -0.019600000000000003 0.0176
v -0.003199999999999997 -0.019600000000000003 0.0118
v -0.0031203999999999963 -0.019600000000000003 0.0118
v -0.006399999999999997 -0.019600000000000003 0.0118
v -0.006399999999999997 -0.020399999999999998 0.0118
v -0.006399999999999997 -0.019600000000000003 0.0176
v -0.006399999999999997 -0.019600000000000003 0.0118
v -0.006399999999999997 -0.020399999999999998 0.0176
v -0.006399999999999997 -0.020399999999999998 0.0118
v 0.003200000000000003 -0.02 0.0118
v 0.003200000000000003 -0.019600000000000003 0.0118
v 0.003120400000000004 -0.019600000000000003 0.0118
v 0.003120400000000004 -0.020399999999999998 0.0118
v 0.003200000000000003 -0.020399999999999998 0.0118
v 0.003120400000000004 -0.019600000000000003 0.0118
v 0.003200000000000003 -0.019600000000000003 0.0118
v 0.003200000000000003 -0.019600000000000003 0.0176
v 0.003120400000000004 -0.019600000000000003 0.0176
v 0.003120400000000004 -0.020399999999999998 0.0176
v 0.003200000000000003 -0.020399999999999998 0.0176
v 0.003200000000000003 -0.020399999999999998 0.0118
v 0.003120400000000004 -0.020399999999999998 0.0118
v 0.006400000000000003 -0.020399999999999998 0.0118
v 0.006400000000000003 -0.019600000000000003 0.0118
v 0.006400000000000003 -0.020399999999999998 0.0176
v 0.006400000000000003 -0.020399999999999998 0.0118
v 0.006400000000000003 -0.019600000000000003 0.0176
v 0.006400000000000003 -0.019600000000000003 0.0118
v -0.003199999999999997 -0.004 0.0118
v -0.003199999999999997 -0.004400000000000001 0.0118
v -0.0031203999999999963 -0.004400000000000001 0.0118
v -0.0031203999999999963 -0.003599999999999999 0.0118
v -0.003199999999999997 -0.003599999999999999 0.0118
v -0.0031203999999999963 -0.004400000000000001 0.0118
v -0.003199999999999997 -0.004400000000000001 0.0118
v -0.003199999999999997 -0.004400000000000001 0.0176
v -0.0031203999999999963 -0.004400000000000001 0.0176
v -0.0031203999999999963 -0.003599999999999999 0.0176
v -0.003199999999999997 -0.003599999999999999 0.0176
v -0.003199999999999997 -0.003599999999999999 0.0118
v -0.0031203999999999963 -0.003599999999999999 0.0118
v -0.006399999999999997 -0.003599999999999999 0.0118
v -0.006399999999999997 -0.004400000000000001 0.0118
v -0.006399999999999997 -0.003599999999999999 0.0176
v -0.006399999999999997 -0.003599999999999999 0.0118
v -0.006399999999999997 -0.004400000000000001 0.0176
v -0.006399999999999997 -0.004400000000000001 0.0118
v 0.003200000000000003 -0.004 0.0118
v 0.003200000000000003 -0.003599999999999999 0.0118
v 0.003120400000000004 -0.003599999999999999 0.0118
v 0.003120400000000004 -0.004400000000000001 0.0118
v 0.003200000000000003 -0.004400000000000001 0.0118
v 0.003120400000000004 -0.003599999999999999 0.0118
v 0.003200000000000003 -0.003599999999999999 0.0118
v 0.003200000000000003 -0.003599999999999999 0.0176
v 0.003120400000000004 -0.003599999999999999 0.0176
v 0.003120400000000004 -0.004400000000000001 0.0176
v 0.003200000000000003 -0.004400000000000001 0.0176
v 0.003200000000000003 -0.004400000000000001 0.0118
v 0.003120400000000004 -0.004400000000000001 0.0118
v 0.006400000000000003 -0.004400000000000001 0.0118
v 0.006400000000000003 -0.003599999999999999 0.0118
v 0.006400000000000003 -0.004400000000000001 0.0176
v 0.006400000000000003 -0.004400000000000001 0.0118
v 0.006400000000000003 -0.003599999999999999 0.0176
v 0.006400000000000003 -0.003599999999999999 0.0118
v 0.008000000000000004 0.012 0.0192
v 0.008000000000000004 0.012 0.0096
v 0.008000000000000004 -0.052000000000000005 0.0096
v 0.008000000000000004 -0.052000000000000005 0.0192
v 3.469446951953614e-18 0.054400000000000004 0.0096
v -0.0009184999999999966 0.0542174 0.0096
v -0.0009184999999999966 0.0542174 0.0176
v 3.469446951953614e-18 0.054400000000000004 0.0176
v -0.0016969999999999971 0.053696999999999995 0.0096
v -0.0016969999999999971 0.053696999999999995 0.0176
v -0.002217399999999997 0.05291849999999999 0.0096
v -0.002217399999999997 0.05291849999999999 0.0176
v -0.0023999999999999968 0.052000000000000005 0.0096
v -0.0023999999999999968 0.052000000000000005 0.0176
v -0.002217399999999997 0.0510815 0.0096
v -0.002217399999999997 0.0510815 0.0176
v -0.0016969999999999971 0.050303 0.0096
v -0.0016969999999999971 0.050303 0.0176
v -0.0009184999999999966 0.049782599999999996 0.0096
v -0.0009184999999999966 0.049782599999999996 0.0176
v 3.469446951953614e-18 0.049600000000000005 0.0096
v 3.469446951953614e-18 0.049600000000000005 0.0176
v 0.0009185000000000026 0.049782599999999996 0.0096
v 0.0009185000000000026 0.049782599999999996 0.0176
v 0.001697000000000004 0.050303 0.0096
v 0.001697000000000004 0.050303 0.0176
v 0.002217400000000003 0.0510815 0.0096
v 0.002217400000000003 0.0510815 0.0176
v 0.002400000000000003 0.052000000000000005 0.0096
v 0.002400000000000003 0.052000000000000005 0.0176
v 0.002217400000000003 0.05291849999999999 0.0096
v 0.002217400000000003 0.05291849999999999 0.0176
v 0.001697000000000004 0.053696999999999995 0.0096
v 0.001697000000000004 0.053696999999999995 0.0176
v 0.0009185000000000026 0.0542174 0.0096
v 0.0009185000000000026 0.0542174 0.0176
v 3.469446951953614e-18 0.0552 0.0096
v -0.0012245999999999967 0.054956500000000005 0.0096
v -0.0012245999999999967 0.054956500000000005 0.0176
v 3.469446951953614e-18 0.0552 0.0176
v -0.002262699999999997 0.0542627 0.0096
v -0.002262699999999997 0.0542627 0.0176
v -0.0029564999999999965 0.0532246 0.0096
v -0.0029564999999999965 0.0532246 0.0176
v -0.003199999999999997 0.052000000000000005 0.0096
v -0.003199999999999997 0.052000000000000005 0.0176
v -0.0029564999999999965 0.0507754 0.0096
v -0.0029564999999999965 0.0507754 0.0176
v -0.002262699999999997 0.0497373 0.0096
v -0.002262699999999997 0.0497373 0.0176
v -0.0012245999999999967 0.049043500000000004 0.0096
v -0.0012245999999999967 0.049043500000000004 0.0176
v 3.469446951953614e-18 0.048799999999999996 0.0096
v 3.469446951953614e-18 0.048799999999999996 0.0176
v 0.0012246000000000028 0.049043500000000004 0.0096
v 0.0012246000000000028 0.049043500000000004 0.0176
v 0.002262700000000003 0.0497373 0.0096
v 0.002262700000000003 0.0497373 0.0176
v 0.0029565000000000025 0.0507754 0.0096
v 0.0029565000000000025 0.0507754 0.0176
v 0.003200000000000003 0.052000000000000005 0.0096
v 0.003200000000000003 0.052000000000000005 0.0176
v 0.0029565000000000025 0.0532246 0.0096
v 0.0029565000000000025 0.0532246 0.0176
v 0.002262700000000003 0.0542627 0.0096
v 0.002262700000000003 0.0542627 0.0176
v 0.0012246000000000028 0.054956500000000005 0.0096
v 0.0012246000000000028 0.054956500000000005 0.0176
v -0.003199999999999997 0.052000000000000005 0.0096
v -0.0023999999999999968 0.052000000000000005 0.0096
v -0.002217399999999997 0.0510815 0.0096
v -0.0029564999999999965 0.0507754 0.0096
v -0.0016969999999999971 0.050303 0.0096
v -0.002262699999999997 0.0497373 0.0096
v -0.0009184999999999966 0.049782599999999996 0.0096
v -0.0012245999999999967 0.049043500000000004 0.0096
v 3.469446951953614e-18 0.049600000000000005 0.0096
v 3.469446951953614e-18 0.048799999999999996 0.0096
v 0.0009185000000000026 0.049782599999999996 0.0096
v 0.0012246000000000028 0.049043500000000004 0.0096
v 0.001697000000000004 0.050303 0.0096
v 0.002262700000000003 0.0497373 0.0096
v 0.002217400000000003 0.0510815 0.0096
v 0.0029565000000000025 0.0507754 0.0096
v 0.002400000000000003 0.052000000000000005 0.0096
v 0.003200000000000003 0.052000000000000005 0.0096
v 0.002217400000000003 0.05291849999999999 0.0096
v 0.0029565000000000025 0.0532246 0.0096
v 0.001697000000000004 0.053696999999999995 0.0096
v 0.002262700000000003 0.0542627 0.0096
v 0.0009185000000000026 0.0542174 0.0096
v 0.0012246000000000028 0.054956500000000005 0.0096
v 3.469446951953614e-18 0.054400000000000004 0.0096
v 3.469446951953614e-18 0.0552 0.0096
v -0.0009184999999999966 0.0542174 0.0096
v -0.0012245999999999967 0.054956500000000005 0.0096
v -0.0016969999999999971 0.053696999999999995 0.0096
v -0.002262699999999997 0.0542627 0.0096
v -0.002217399999999997 0.05291849999999999 0.0096
v -0.0029564999999999965 0.0532246 0.0096
v 3.469446951953614e-18 0.0464 0.0096
v -0.0009184999999999966 0.046217400000000006 0.0096
v -0.0009184999999999966 0.046217400000000006 0.0176
v 3.469446951953614e-18 0.0464 0.0176
v -0.0016969999999999971 0.045697 0.0096
v -0.0016969999999999971 0.045697 0.0176
v -0.002217399999999997 0.0449185 0.0096
v -0.002217399999999997 0.0449185 0.0176
v -0.0023999999999999968 0.044 0.0096
v -0.0023999999999999968 0.044 0.0176
v -0.002217399999999997 0.0430815 0.0096
v -0.002217399999999997 0.0430815 0.0176
v -0.0016969999999999971 0.042303 0.0096
v -0.0016969999999999971 0.042303 0.0176
v -0.0009184999999999966 0.0417826 0.0096
v -0.0009184999999999966 0.0417826 0.0176
v 3.469446951953614e-18 0.0416 0.0096
v 3.469446951953614e-18 0.0416 0.0176
v 0.0009185000000000026 0.0417826 0.0096
v 0.0009185000000000026 0.0417826 0.0176
v 0.001697000000000004 0.042303 0.0096
v 0.001697000000000004 0.042303 0.0176
v 0.002217400000000003 0.0430815 0.0096
v 0.002217400000000003 0.0430815 0.0176
v 0.002400000000000003 0.044 0.0096
v 0.002400000000000003 0.044 0.0176
v 0.002217400000000003 0.0449185 0.0096
v 0.002217400000000003 0.0449185 0.0176
v 0.001697000000000004 0.045697 0.0096
v 0.001697000000000004 0.045697 0.0176
v 0.0009185000000000026 0.046217400000000006 0.0096
v 0.0009185000000000026 0.046217400000000006 0.0176
v 3.469446951953614e-18 0.047200000000000006 0.0096
v -0.0012245999999999967 0.0469565 0.0096
v -0.0012245999999999967 0.0469565 0.0176
v 3.469446951953614e-18 0.047200000000000006 0.0176
v -0.002262699999999997 0.046262700000000004 0.0096
v -0.002262699999999997 0.046262700000000004 0.0176
v -0.0029564999999999965 0.045224600000000004 0.0096
v -0.0029564999999999965 0.045224600000000004 0.0176
v -0.003199999999999997 0.044 0.0096
v -0.003199999999999997 0.044 0.0176
v -0.0029564999999999965 0.042775400000000005 0.0096
v -0.0029564999999999965 0.042775400000000005 0.0176
v -0.002262699999999997 0.041737300000000005 0.0096
v -0.002262699999999997 0.041737300000000005 0.0176
v -0.0012245999999999967 0.0410435 0.0096
v -0.0012245999999999967 0.0410435 0.0176
v 3.469446951953614e-18 0.0408 0.0096
v 3.469446951953614e-18 0.0408 0.0176
v 0.0012246000000000028 0.0410435 0.0096
v 0.0012246000000000028 0.0410435 0.0176
v 0.002262700000000003 0.041737300000000005 0.0096
v 0.002262700000000003 0.041737300000000005 0.0176
v 0.0029565000000000025 0.042775400000000005 0.0096
v 0.0029565000000000025 0.042775400000000005 0.0176
v 0.003200000000000003 0.044 0.0096
v 0.003200000000000003 0.044 0.0176
v 0.0029565000000000025 0.045224600000000004 0.0096
v 0.0029565000000000025 0.045224600000000004 0.0176
v 0.002262700000000003 0.046262700000000004 0.0096
v 0.002262700000000003 0.046262700000000004 0.0176
v 0.0012246000000000028 0.0469565 0.0096
v 0.0012246000000000028 0.0469565 0.0176
v -0.003199999999999997 0.044 0.0096
v -0.0023999999999999968 0.044 0.0096
v -0.002217399999999997 0.0430815 0.0096
v -0.0029564999999999965 0.042775400000000005 0.0096
v -0.0016969999999999971 0.042303 0.0096
v -0.002262699999999997 0.041737300000000005 0.0096
v -0.0009184999999999966 0.0417826 0.0096
v -0.0012245999999999967 0.0410435 0.0096
v 3.469446951953614e-18 0.0416 0.0096
v 3.469446951953614e-18 0.0408 0.0096
v 0.0009185000000000026 0.0417826 0.0096
v 0.0012246000000000028 0.0410435 0.0096
v 0.001697000000000004 0.042303 0.0096
v 0.002262700000000003 0.041737300000000005 0.0096
v 0.002217400000000003 0.0430815 0.0096
v 0.0029565000000000025 0.042775400000000005 0.0096
v 0.002400000000000003 0.044 0.0096
v 0.003200000000000003 0.044 0.0096
v 0.002217400000000003 0.0449185 0.0096
v 0.0029565000000000025 0.045224600000000004 0.0096
v 0.001697000000000004 0.045697 0.0096
v 0.002262700000000003 0.046262700000000004 0.0096
v 0.0009185000000000026 0.046217400000000006 0.0096
v 0.0012246000000000028 0.0469565 0.0096
v 3.469446951953614e-18 0.0464 0.0096
v 3.469446951953614e-18 0.047200000000000006 0.0096
v -0.0009184999999999966 0.046217400000000006 0.0096
v -0.0012245999999999967 0.0469565 0.0096
v -0.0016969999999999971 0.045697 0.0096
v -0.002262699999999997 0.046262700000000004 0.0096
v -0.002217399999999997 0.0449185 0.0096
v -0.0029564999999999965 0.045224600000000004 0.0096
v 3.469446951953614e-18 0.038400000000000004 0.0096
v -0.0009184999999999966 0.0382174 0.0096
v -0.0009184999999999966 0.0382174 0.0176
v 3.469446951953614e-18 0.038400000000000004 0.0176
v -0.0016969999999999971 0.037697 0.0096
v -0.0016969999999999971 0.037697 0.0176
v -0.002217399999999997 0.0369185 0.0096
v -0.002217399999999997 0.0369185 0.0176
v -0.0023999999999999968 0.036000000000000004 0.0096
v -0.0023999999999999968 0.036000000000000004 0.0176
v -0.002217399999999997 0.0350815 0.0096
v -0.002217399999999997 0.0350815 0.0176
v -0.0016969999999999971 0.034303 0.0096
v -0.0016969999999999971 0.034303 0.0176
v -0.0009184999999999966 0.033782599999999996 0.0096
v -0.0009184999999999966 0.033782599999999996 0.0176
v 3.469446951953614e-18 0.033600000000000005 0.0096
v 3.469446951953614e-18 0.033600000000000005 0.0176
v 0.0009185000000000026 0.033782599999999996 0.0096
v 0.0009185000000000026 0.033782599999999996 0.0176
v 0.001697000000000004 0.034303 0.0096
v 0.001697000000000004 0.034303 0.0176
v 0.002217400000000003 0.0350815 0.0096
v 0.002217400000000003 0.0350815 0.0176
v 0.002400000000000003 0.036000000000000004 0.0096
v 0.002400000000000003 0.036000000000000004 0.0176
v 0.002217400000000003 0.0369185 0.0096
v 0.002217400000000003 0.0369185 0.0176
v 0.001697000000000004 0.037697 0.0096
v 0.001697000000000004 0.037697 0.0176
v 0.0009185000000000026 0.0382174 0.0096
v 0.0009185000000000026 0.0382174 0.0176
v 3.469446951953614e-18 0.0392 0.0096
v -0.0012245999999999967 0.038956500000000005 0.0096
v -0.0012245999999999967 0.038956500000000005 0.0176
v 3.469446951953614e-18 0.0392 0.0176
v -0.002262699999999997 0.0382627 0.0096
v -0.002262699999999997 0.0382627 0.0176
v -0.0029564999999999965 0.0372246 0.0096
v -0.0029564999999999965 0.0372246 0.0176
v -0.003199999999999997 0.036000000000000004 0.0096
v -0.003199999999999997 0.036000000000000004 0.0176
v -0.0029564999999999965 0.0347754 0.0096
v -0.0029564999999999965 0.0347754 0.0176
v -0.002262699999999997 0.0337373 0.0096
v -0.002262699999999997 0.0337373 0.0176
v -0.0012245999999999967 0.0330435 0.0096
v -0.0012245999999999967 0.0330435 0.0176
v 3.469446951953614e-18 0.032799999999999996 0.0096
v 3.469446951953614e-18 0.032799999999999996 0.0176
v 0.0012246000000000028 0.0330435 0.0096
v 0.0012246000000000028 0.0330435 0.0176
v 0.002262700000000003 0.0337373 0.0096
v 0.002262700000000003 0.0337373 0.0176
v 0.0029565000000000025 0.0347754 0.0096
v 0.0029565000000000025 0.0347754 0.0176
v 0.003200000000000003 0.036000000000000004 0.0096
v 0.003200000000000003 0.036000000000000004 0.0176
v 0.0029565000000000025 0.0372246 0.0096
v 0.0029565000000000025 0.0372246 0.0176
v 0.002262700000000003 0.0382627 0.0096
v 0.002262700000000003 0.0382627 0.0176
v 0.0012246000000000028 0.038956500000000005 0.0096
v 0.0012246000000000028 0.038956500000000005 0.0176
v -0.003199999999999997 0.036000000000000004 0.0096
v -0.0023999999999999968 0.036000000000000004 0.0096
v -0.002217399999999997 0.0350815 0.0096
v -0.0029564999999999965 0.0347754 0.0096
v -0.0016969999999999971 0.034303 0.0096
v -0.002262699999999997 0.0337373 0.0096
v -0.0009184999999999966 0.033782599999999996 0.0096
v -0.0012245999999999967 0.0330435 0.0096
v 3.469446951953614e-18 0.033600000000000005 0.0096
v 3.469446951953614e-18 0.032799999999999996 0.0096
v 0.0009185000000000026 0.033782599999999996 0.0096
v 0.0012246000000000028 0.0330435 0.0096
v 0.001697000000000004 0.034303 0.0096
v 0.002262700000000003 0.0337373 0.0096
v 0.002217400000000003 0.0350815 0.0096
v 0.0029565000000000025 0.0347754 0.0096
v 0.002400000000000003 0.036000000000000004 0.0096
v 0.003200000000000003 0.036000000000000004 0.0096
v 0.002217400000000003 0.0369185 0.0096
v 0.0029565000000000025 0.0372246 0.0096
v 0.001697000000000004 0.037697 0.0096
v 0.002262700000000003 0.0382627 0.0096
v 0.0009185000000000026 0.0382174 0.0096
v 0.0012246000000000028 0.038956500000000005 0.0096
v 3.469446951953614e-18 0.038400000000000004 0.0096
v 3.469446951953614e-18 0.0392 0.0096
v -0.0009184999999999966 0.0382174 0.0096
v -0.0012245999999999967 0.038956500000000005 0.0096
v -0.0016969999999999971 0.037697 0.0096
v -0.002262699999999997 0.0382627 0.0096
v -0.002217399999999997 0.0369185 0.0096
v -0.0029564999999999965 0.0372246 0.0096
v 3.469446951953614e-18 0.0304 0.0096
v -0.0009184999999999966 0.030217400000000002 0.0096
v -0.0009184999999999966 0.030217400000000002 0.0176
v 3.469446951953614e-18 0.0304 0.0176
v -0.0016969999999999971 0.029697 0.0096
v -0.0016969999999999971 0.029697 0.0176
v -0.002217399999999997 0.0289185 0.0096
v -0.002217399999999997 0.0289185 0.0176
v -0.0023999999999999968 0.028 0.0096
v -0.0023999999999999968 0.028 0.0176
v -0.002217399999999997 0.0270815 0.0096
v -0.002217399999999997 0.0270815 0.0176
v -0.0016969999999999971 0.026303 0.0096
v -0.0016969999999999971 0.026303 0.0176
v -0.0009184999999999966 0.025782600000000003 0.0096
v -0.0009184999999999966 0.025782600000000003 0.0176
v 3.469446951953614e-18 0.025599999999999998 0.0096
v 3.469446951953614e-18 0.025599999999999998 0.0176
v 0.0009185000000000026 0.025782600000000003 0.0096
v 0.0009185000000000026 0.025782600000000003 0.0176
v 0.001697000000000004 0.026303 0.0096
v 0.001697000000000004 0.026303 0.0176
v 0.002217400000000003 0.0270815 0.0096
v 0.002217400000000003 0.0270815 0.0176
v 0.002400000000000003 0.028 0.0096
v 0.002400000000000003 0.028 0.0176
v 0.002217400000000003 0.0289185 0.0096
v 0.002217400000000003 0.0289185 0.0176
v 0.001697000000000004 0.029697 0.0096
v 0.001697000000000004 0.029697 0.0176
v 0.0009185000000000026 0.030217400000000002 0.0096
v 0.0009185000000000026 0.030217400000000002 0.0176
v 3.469446951953614e-18 0.0312 0.0096
v -0.0012245999999999967 0.0309565 0.0096
v -0.0012245999999999967 0.0309565 0.0176
v 3.469446951953614e-18 0.0312 0.0176
v -0.002262699999999997 0.0302627 0.0096
v -0.002262699999999997 0.0302627 0.0176
v -0.0029564999999999965 0.0292246 0.0096
v -0.0029564999999999965 0.0292246 0.0176
v -0.003199999999999997 0.028 0.0096
v -0.003199999999999997 0.028 0.0176
v -0.0029564999999999965 0.026775399999999998 0.0096
v -0.0029564999999999965 0.026775399999999998 0.0176
v -0.002262699999999997 0.025737299999999998 0.0096
v -0.002262699999999997 0.025737299999999998 0.0176
v -0.0012245999999999967 0.0250435 0.0096
v -0.0012245999999999967 0.0250435 0.0176
v 3.469446951953614e-18 0.024800000000000003 0.0096
v 3.469446951953614e-18 0.024800000000000003 0.0176
v 0.0012246000000000028 0.0250435 0.0096
v 0.0012246000000000028 0.0250435 0.0176
v 0.002262700000000003 0.025737299999999998 0.0096
v 0.002262700000000003 0.025737299999999998 0.0176
v 0.0029565000000000025 0.026775399999999998 0.0096
v 0.0029565000000000025 0.026775399999999998 0.0176
v 0.003200000000000003 0.028 0.0096
v 0.003200000000000003 0.028 0.0176
v 0.0029565000000000025 0.0292246 0.0096
v 0.0029565000000000025 0.0292246 0.0176
v 0.002262700000000003 0.0302627 0.0096
v 0.002262700000000003 0.0302627 0.0176
v 0.0012246000000000028 0.0309565 0.0096
v 0.0012246000000000028 0.0309565 0.0176
v -0.003199999999999997 0.028 0.0096
v -0.0023999999999999968 0.028 0.0096
v -0.002217399999999997 0.0270815 0.0096
v -0.0029564999999999965 0.026775399999999998 0.0096
v -0.0016969999999999971 0.026303 0.0096
v -0.002262699999999997 0.025737299999999998 0.0096
v -0.0009184999999999966 0.025782600000000003 0.0096
v -0.0012245999999999967 0.0250435 0.0096
v 3.469446951953614e-18 0.025599999999999998 0.0096
v 3.469446951953614e-18 0.024800000000000003 0.0096
v 0.0009185000000000026 0.025782600000000003 0.0096
v 0.0012246000000000028 0.0250435 0.0096
v 0.001697000000000004 0.026303 0.0096
v 0.002262700000000003 0.025737299999999998 0.0096
v 0.002217400000000003 0.0270815 0.0096
v 0.0029565000000000025 0.026775399999999998 0.0096
v 0.002400000000000003 0.028 0.0096
v 0.003200000000000003 0.028 0.0096
v 0.002217400000000003 0.0289185 0.0096
v 0.0029565000000000025 0.0292246 0.0096
v 0.001697000000000004 0.029697 0.0096
v 0.002262700000000003 0.0302627 0.0096
v 0.0009185000000000026 0.030217400000000002 0.0096
v 0.0012246000000000028 0.0309565 0.0096
v 3.469446951953614e-18 0.0304 0.0096
v 3.469446951953614e-18 0.0312 0.0096
v -0.0009184999999999966 0.030217400000000002 0.0096
v -0.0012245999999999967 0.0309565 0.0096
v -0.0016969999999999971 0.029697 0.0096
v -0.002262699999999997 0.0302627 0.0096
v -0.002217399999999997 0.0289185 0.0096
v -0.0029564999999999965 0.0292246 0.0096
v 3.469446951953614e-18 0.0224 0.0096
v -0.0009184999999999966 0.022217399999999998 0.0096
v -0.0009184999999999966 0.022217399999999998 0.0176
v 3.469446951953614e-18 0.0224 0.0176
v -0.0016969999999999971 0.021697 0.0096
v -0.0016969999999999971 0.021697 0.0176
v -0.002217399999999997 0.0209185 0.0096
v -0.002217399999999997 0.0209185 0.0176
v -0.0023999999999999968 0.02 0.0096
v -0.0023999999999999968 0.02 0.0176
v -0.002217399999999997 0.0190815 0.0096
v -0.002217399999999997 0.0190815 0.0176
v -0.0016969999999999971 0.018303 0.0096
v -0.0016969999999999971 0.018303 0.0176
v -0.0009184999999999966 0.0177826 0.0096
v -0.0009184999999999966 0.0177826 0.0176
v 3.469446951953614e-18 0.0176 0.0096
v 3.469446951953614e-18 0.0176 0.0176
v 0.0009185000000000026 0.0177826 0.0096
v 0.0009185000000000026 0.0177826 0.0176
v 0.001697000000000004 0.018303 0.0096
v 0.001697000000000004 0.018303 0.0176
v 0.002217400000000003 0.0190815 0.0096
v 0.002217400000000003 0.0190815 0.0176
v 0.002400000000000003 0.02 0.0096
v 0.002400000000000003 0.02 0.0176
v 0.002217400000000003 0.0209185 0.0096
v 0.002217400000000003 0.0209185 0.0176
v 0.001697000000000004 0.021697 0.0096
v 0.001697000000000004 0.021697 0.0176
v 0.0009185000000000026 0.022217399999999998 0.0096
v 0.0009185000000000026 0.022217399999999998 0.0176
v 3.469446951953614e-18 0.0232 0.0096
v -0.0012245999999999967 0.022956499999999998 0.0096
v -0.0012245999999999967 0.022956499999999998 0.0176
v 3.469446951953614e-18 0.0232 0.0176
v -0.002262699999999997 0.0222627 0.0096
v -0.002262699999999997 0.0222627 0.0176
v -0.0029564999999999965 0.0212246 0.0096
v -0.0029564999999999965 0.0212246 0.0176
v -0.003199999999999997 0.02 0.0096
v -0.003199999999999997 0.02 0.0176
v -0.0029564999999999965 0.0187754 0.0096
v -0.0029564999999999965 0.0187754 0.0176
v -0.002262699999999997 0.0177373 0.0096
v -0.002262699999999997 0.0177373 0.0176
v -0.0012245999999999967 0.0170435 0.0096
v -0.0012245999999999967 0.0170435 0.0176
v 3.469446951953614e-18 0.0168 0.0096
v 3.469446951953614e-18 0.0168 0.0176
v 0.0012246000000000028 0.0170435 0.0096
v 0.0012246000000000028 0.0170435 0.0176
v 0.002262700000000003 0.0177373 0.0096
v 0.002262700000000003 0.0177373 0.0176
v 0.0029565000000000025 0.0187754 0.0096
v 0.0029565000000000025 0.0187754 0.0176
v 0.003200000000000003 0.02 0.0096
v 0.003200000000000003 0.02 0.0176
v 0.0029565000000000025 0.0212246 0.0096
v 0.0029565000000000025 0.0212246 0.0176
v 0.002262700000000003 0.0222627 0.0096
v 0.002262700000000003 0.0222627 0.0176
v 0.0012246000000000028 0.022956499999999998 0.0096
v 0.0012246000000000028 0.022956499999999998 0.0176
v -0.003199999999999997 0.02 0.0096
v -0.0023999999999999968 0.02 0.0096
v -0.002217399999999997 0.0190815 0.0096
v -0.0029564999999999965 0.0187754 0.0096
v -0.0016969999999999971 0.018303 0.0096
v -0.002262699999999997 0.0177373 0.0096
v -0.0009184999999999966 0.0177826 0.0096
v -0.0012245999999999967 0.0170435 0.0096
v 3.469446951953614e-18 0.0176 0.0096
v 3.469446951953614e-18 0.0168 0.0096
v 0.0009185000000000026 0.0177826 0.0096
v 0.0012246000000000028 0.0170435 0.0096
v 0.001697000000000004 0.018303 0.0096
v 0.002262700000000003 0.0177373 0.0096
v 0.002217400000000003 0.0190815 0.0096
v 0.0029565000000000025 0.0187754 0.0096
v 0.002400000000000003 0.02 0.0096
v 0.003200000000000003 0.02 0.0096
v 0.002217400000000003 0.0209185 0.0096
v 0.0029565000000000025 0.0212246 0.0096
v 0.001697000000000004 0.021697 0.0096
v 0.002262700000000003 0.0222627 0.0096
v 0.0009185000000000026 0.022217399999999998 0.0096
v 0.0012246000000000028 0.022956499999999998 0.0096
v 3.469446951953614e-18 0.0224 0.0096
v 3.469446951953614e-18 0.0232 0.0096
v -0.0009184999999999966 0.022217399999999998 0.0096
v -0.0012245999999999967 0.022956499999999998 0.0096
v -0.0016969999999999971 0.021697 0.0096
v -0.002262699999999997 0.0222627 0.0096
v -0.002217399999999997 0.0209185 0.0096
v -0.0029564999999999965 0.0212246 0.0096
v 0.006400000000000003 0.013600000000000001 0.0176
v 0.006400000000000003 0.058399999999999994 0.0176
v -0.006399999999999997 0.058399999999999994 0.0176
v -0.006399999999999997 0.013600000000000001 0.0176
v -0.006399999999999997 0.058399999999999994 0.0176
v -0.006399999999999997 0.058399999999999994 0.0096
v -0.006399999999999997 0.013600000000000001 0.0096
v -0.006399999999999997 0.013600000000000001 0.0176
v -0.006399999999999997 0.013600000000000001 0.0176
v -0.006399999999999997 0.013600000000000001 0.0096
v 0.006400000000000003 0.013600000000000001 0.0096
v 0.006400000000000003 0.013600000000000001 0.0176
v 0.006400000000000003 0.013600000000000001 0.0176
v 0.006400000000000003 0.013600000000000001 0.0096
v 0.006400000000000003 0.058399999999999994 0.0096
v 0.006400000000000003 0.058399999999999994 0.0176
v 0.006400000000000003 0.058399999999999994 0.0176
v 0.006400000000000003 0.058399999999999994 0.0096
v -0.006399999999999997 0.058399999999999994 0.0096
v -0.006399999999999997 0.058399999999999994 0.0176
v -0.007999999999999997 0.012 0.0096
v -0.006399999999999997 0.013600000000000001 0.0096
v -0.006399999999999997 0.058399999999999994 0.0096
v -0.007999999999999997 0.06 0.0096
v 0.008000000000000004 0.012 0.0096
v 0.006400000000000003 0.013600000000000001 0.0096
v 0.008000000000000004 0.06 0.0096
v 0.006400000000000003 0.058399999999999994 0.0096
v 0.008000000000000004 0.012 0.0192
v 0.008000000000000004 0.06 0.0192
v -0.007999999999999997 0.06 0.0192
v -0.007999999999999997 0.012 0.0192
v -0.007999999999999997 0.06 0.0192
v -0.007999999999999997 0.06 0.0096
v -0.007999999999999997 0.012 0.0096
v -0.007999999999999997 0.012 0.0192
v -0.007999999999999997 0.012 0.0192
v -0.007999999999999997 0.012 0.0096
v 0.008000000000000004 0.012 0.0096
v 0.008000000000000004 0.012 0.0192
v 0.008000000000000004 0.012 0.0192
v 0.008000000000000004 0.012 0.0096
v 0.008000000000000004 0.06 0.0096
v 0.008000000000000004 0.06 0.0192
v 0.008000000000000004 0.06 0.0192
v 0.008000000000000004 0.06 0.0096
v -0.007999999999999997 0.06 0.0096
v -0.007999999999999997 0.06 0.0192
v -0.003999999999999997 0.058399999999999994 0.0192
v -0.004918499999999997 0.0582174 0.0192
v -0.004918499999999997 0.0582174 0.0208
v -0.003999999999999997 0.058399999999999994 0.0208
v -0.005696999999999997 0.057697 0.0192
v -0.005696999999999997 0.057697 0.0208
v -0.006217399999999996 0.0569185 0.0192
v -0.006217399999999996 0.0569185 0.0208
v -0.006399999999999997 0.055999999999999994 0.0192
v -0.006399999999999997 0.055999999999999994 0.0208
v -0.006217399999999996 0.055081500000000005 0.0192
v -0.006217399999999996 0.055081500000000005 0.0208
v -0.005696999999999997 0.054303000000000004 0.0192
v -0.005696999999999997 0.054303000000000004 0.0208
v -0.004918499999999997 0.0537826 0.0192
v -0.004918499999999997 0.0537826 0.0208
v -0.003999999999999997 0.053599999999999995 0.0192
v -0.003999999999999997 0.053599999999999995 0.0208
v -0.0030814999999999966 0.0537826 0.0192
v -0.0030814999999999966 0.0537826 0.0208
v -0.002302999999999997 0.054303000000000004 0.0192
v -0.002302999999999997 0.054303000000000004 0.0208
v -0.001782599999999997 0.055081500000000005 0.0192
v -0.001782599999999997 0.055081500000000005 0.0208
v -0.0015999999999999964 0.055999999999999994 0.0192
v -0.0015999999999999964 0.055999999999999994 0.0208
v -0.001782599999999997 0.0569185 0.0192
v -0.001782599999999997 0.0569185 0.0208
v -0.002302999999999997 0.057697 0.0192
v -0.002302999999999997 0.057697 0.0208
v -0.0030814999999999966 0.0582174 0.0192
v -0.0030814999999999966 0.0582174 0.0208
v -0.004918499999999997 0.0582174 0.0208
v -0.003999999999999997 0.058399999999999994 0.0208
v -0.003999999999999997 0.055999999999999994 0.0208
v -0.005696999999999997 0.057697 0.0208
v -0.006217399999999996 0.0569185 0.0208
v -0.006399999999999997 0.055999999999999994 0.0208
v -0.006217399999999996 0.055081500000000005 0.0208
v -0.005696999999999997 0.054303000000000004 0.0208
v -0.004918499999999997 0.0537826 0.0208
v -0.003999999999999997 0.053599999999999995 0.0208
v -0.0030814999999999966 0.0537826 0.0208
v -0.002302999999999997 0.054303000000000004 0.0208
v -0.001782599999999997 0.055081500000000005 0.0208
v -0.0015999999999999964 0.055999999999999994 0.0208
v -0.001782599999999997 0.0569185 0.0208
v -0.002302999999999997 0.057697 0.0208
v -0.0030814999999999966 0.0582174 0.0208
v -0.003999999999999997 0.0504 0.0192
v -0.004918499999999997 0.050217399999999995 0.0192
v -0.004918499999999997 0.050217399999999995 0.0208
v -0.003999999999999997 0.0504 0.0208
v -0.005696999999999997 0.049697000000000005 0.0192
v -0.005696999999999997 0.049697000000000005 0.0208
v -0.006217399999999996 0.048918500000000004 0.0192
v -0.006217399999999996 0.048918500000000004 0.0208
v -0.006399999999999997 0.048 0.0192
v -0.006399999999999997 0.048 0.0208
v -0.006217399999999996 0.0470815 0.0192
v -0.006217399999999996 0.0470815 0.0208
v -0.005696999999999997 0.046303 0.0192
v -0.005696999999999997 0.046303 0.0208
v -0.004918499999999997 0.04578260000000001 0.0192
v -0.004918499999999997 0.04578260000000001 0.0208
v -0.003999999999999997 0.0456 0.0192
v -0.003999999999999997 0.0456 0.0208
v -0.0030814999999999966 0.04578260000000001 0.0192
v -0.0030814999999999966 0.04578260000000001 0.0208
v -0.002302999999999997 0.046303 0.0192
v -0.002302999999999997 0.046303 0.0208
v -0.001782599999999997 0.0470815 0.0192
v -0.001782599999999997 0.0470815 0.0208
v -0.0015999999999999964 0.048 0.0192
v -0.0015999999999999964 0.048 0.0208
v -0.001782599999999997 0.048918500000000004 0.0192
v -0.001782599999999997 0.048918500000000004 0.0208
v -0.002302999999999997 0.049697000000000005 0.0192
v -0.002302999999999997 0.049697000000000005 0.0208
v -0.0030814999999999966 0.050217399999999995 0.0192
v -0.0030814999999999966 0.050217399999999995 0.0208
v -0.004918499999999997 0.050217399999999995 0.0208
v -0.003999999999999997 0.0504 0.0208
v -0.003999999999999997 0.048 0.0208
v -0.005696999999999997 0.049697000000000005 0.0208
v -0.006217399999999996 0.048918500000000004 0.0208
v -0.006399999999999997 0.048 0.0208
v -0.006217399999999996 0.0470815 0.0208
v -0.005696999999999997 0.046303 0.0208
v -0.004918499999999997 0.04578260000000001 0.0208
v -0.003999999999999997 0.0456 0.0208
v -0.0030814999999999966 0.04578260000000001 0.0208
v -0.002302999999999997 0.046303 0.0208
v -0.001782599999999997 0.0470815 0.0208
v -0.0015999999999999964 0.048 0.0208
v -0.001782599999999997 0.048918500000000004 0.0208
v -0.002302999999999997 0.049697000000000005 0.0208
v -0.0030814999999999966 0.050217399999999995 0.0208
v -0.003999999999999997 0.0424 0.0192
v -0.004918499999999997 0.0422174 0.0192
v -0.004918499999999997 0.0422174 0.0208
v -0.003999999999999997 0.0424 0.0208
v -0.005696999999999997 0.041697 0.0192
v -0.005696999999999997 0.041697 0.0208
v -0.006217399999999996 0.0409185 0.0192
v -0.006217399999999996 0.0409185 0.0208
v -0.006399999999999997 0.04 0.0192
v -0.006399999999999997 0.04 0.0208
v -0.006217399999999996 0.039081500000000005 0.0192
v -0.006217399999999996 0.039081500000000005 0.0208
v -0.005696999999999997 0.038303000000000004 0.0192
v -0.005696999999999997 0.038303000000000004 0.0208
v -0.004918499999999997 0.0377826 0.0192
v -0.004918499999999997 0.0377826 0.0208
v -0.003999999999999997 0.0376 0.0192
v -0.003999999999999997 0.0376 0.0208
v -0.0030814999999999966 0.0377826 0.0192
v -0.0030814999999999966 0.0377826 0.0208
v -0.002302999999999997 0.038303000000000004 0.0192
v -0.002302999999999997 0.038303000000000004 0.0208
v -0.001782599999999997 0.039081500000000005 0.0192
v -0.001782599999999997 0.039081500000000005 0.0208
v -0.0015999999999999964 0.04 0.0192
v -0.0015999999999999964 0.04 0.0208
v -0.001782599999999997 0.0409185 0.0192
v -0.001782599999999997 0.0409185 0.0208
v -0.002302999999999997 0.041697 0.0192
v -0.002302999999999997 0.041697 0.0208
v -0.0030814999999999966 0.0422174 0.0192
v -0.0030814999999999966 0.0422174 0.0208
v -0.004918499999999997 0.0422174 0.0208
v -0.003999999999999997 0.0424 0.0208
v -0.003999999999999997 0.04 0.0208
v -0.005696999999999997 0.041697 0.0208
v -0.006217399999999996 0.0409185 0.0208
v -0.006399999999999997 0.04 0.0208
v -0.006217399999999996 0.039081500000000005 0.0208
v -0.005696999999999997 0.038303000000000004 0.0208
v -0.004918499999999997 0.0377826 0.0208
v -0.003999999999999997 0.0376 0.0208
v -0.0030814999999999966 0.0377826 0.0208
v -0.002302999999999997 0.038303000000000004 0.0208
v -0.001782599999999997 0.039081500000000005 0.0208
v -0.0015999999999999964 0.04 0.0208
v -0.001782599999999997 0.0409185 0.0208
v -0.002302999999999997 0.041697 0.0208
v -0.0030814999999999966 0.0422174 0.0208
v -0.003999999999999997 0.0344 0.0192
v -0.004918499999999997 0.0342174 0.0192
v -0.004918499999999997 0.0342174 0.0208
v -0.003999999999999997 0.0344 0.0208
v -0.005696999999999997 0.033697000000000005 0.0192
v -0.005696999999999997 0.033697000000000005 0.0208
v -0.006217399999999996 0.0329185 0.0192
v -0.006217399999999996 0.0329185 0.0208
v -0.006399999999999997 0.032 0.0192
v -0.006399999999999997 0.032 0.0208
v -0.006217399999999996 0.0310815 0.0192
v -0.006217399999999996 0.0310815 0.0208
v -0.005696999999999997 0.030303 0.0192
v -0.005696999999999997 0.030303 0.0208
v -0.004918499999999997 0.0297826 0.0192
v -0.004918499999999997 0.0297826 0.0208
v -0.003999999999999997 0.0296 0.0192
v -0.003999999999999997 0.0296 0.0208
v -0.0030814999999999966 0.0297826 0.0192
v -0.0030814999999999966 0.0297826 0.0208
v -0.002302999999999997 0.030303 0.0192
v -0.002302999999999997 0.030303 0.0208
v -0.001782599999999997 0.0310815 0.0192
v -0.001782599999999997 0.0310815 0.0208
v -0.0015999999999999964 0.032 0.0192
v -0.0015999999999999964 0.032 0.0208
v -0.001782599999999997 0.0329185 0.0192
v -0.001782599999999997 0.0329185 0.0208
v -0.002302999999999997 0.033697000000000005 0.0192
v -0.002302999999999997 0.033697000000000005 0.0208
v -0.0030814999999999966 0.0342174 0.0192
v -0.0030814999999999966 0.0342174 0.0208
v -0.004918499999999997 0.0342174 0.0208
v -0.003999999999999997 0.0344 0.0208
v -0.003999999999999997 0.032 0.0208
v -0.005696999999999997 0.033697000000000005 0.0208
v -0.006217399999999996 0.0329185 0.0208
v -0.006399999999999997 0.032 0.0208
v -0.006217399999999996 0.0310815 0.0208
v -0.005696999999999997 0.030303 0.0208
v -0.004918499999999997 0.0297826 0.0208
v -0.003999999999999997 0.0296 0.0208
v -0.0030814999999999966 0.0297826 0.0208
v -0.002302999999999997 0.030303 0.0208
v -0.001782599999999997 0.0310815 0.0208
v -0.0015999999999999964 0.032 0.0208
v -0.001782599999999997 0.0329185 0.0208
v -0.002302999999999997 0.033697000000000005 0.0208
v -0.0030814999999999966 0.0342174 0.0208
v -0.003999999999999997 0.0264 0.0192
v -0.004918499999999997 0.026217400000000002 0.0192
v -0.004918499999999997 0.026217400000000002 0.0208
v -0.003999999999999997 0.0264 0.0208
v -0.005696999999999997 0.025697 0.0192
v -0.005696999999999997 0.025697 0.0208
v -0.006217399999999996 0.0249185 0.0192
v -0.006217399999999996 0.0249185 0.0208
v -0.006399999999999997 0.024 0.0192
v -0.006399999999999997 0.024 0.0208
v -0.006217399999999996 0.023081499999999998 0.0192
v -0.006217399999999996 0.023081499999999998 0.0208
v -0.005696999999999997 0.022303 0.0192
v -0.005696999999999997 0.022303 0.0208
v -0.004918499999999997 0.0217826 0.0192
v -0.004918499999999997 0.0217826 0.0208
v -0.003999999999999997 0.0216 0.0192
v -0.003999999999999997 0.0216 0.0208
v -0.0030814999999999966 0.0217826 0.0192
v -0.0030814999999999966 0.0217826 0.0208
v -0.002302999999999997 0.022303 0.0192
v -0.002302999999999997 0.022303 0.0208
v -0.001782599999999997 0.023081499999999998 0.0192
v -0.001782599999999997 0.023081499999999998 0.0208
v -0.0015999999999999964 0.024 0.0192
v -0.0015999999999999964 0.024 0.0208
v -0.001782599999999997 0.0249185 0.0192
v -0.001782599999999997 0.0249185 0.0208
v -0.002302999999999997 0.025697 0.0192
v -0.002302999999999997 0.025697 0.0208
v -0.0030814999999999966 0.026217400000000002 0.0192
v -0.0030814999999999966 0.026217400000000002 0.0208
v -0.004918499999999997 0.026217400000000002 0.0208
v -0.003999999999999997 0.0264 0.0208
v -0.003999999999999997 0.024 0.0208
v -0.005696999999999997 0.025697 0.0208
v -0.006217399999999996 0.0249185 0.0208
v -0.006399999999999997 0.024 0.0208
v -0.006217399999999996 0.023081499999999998 0.0208
v -0.005696999999999997 0.022303 0.0208
v -0.004918499999999997 0.0217826 0.0208
v -0.003999999999999997 0.0216 0.0208
v -0.0030814999999999966 0.0217826 0.0208
v -0.002302999999999997 0.022303 0.0208
v -0.001782599999999997 0.023081499999999998 0.0208
v -0.0015999999999999964 0.024 0.0208
v -0.001782599999999997 0.0249185 0.0208
v -0.002302999999999997 0.025697 0.0208
v -0.0030814999999999966 0.026217400000000002 0.0208
v -0.003999999999999997 0.0184 0.0192
v -0.004918499999999997 0.0182174 0.0192
v -0.004918499999999997 0.0182174 0.0208
v -0.003999999999999997 0.0184 0.0208
v -0.005696999999999997 0.017697 0.0192
v -0.005696999999999997 0.017697 0.0208
v -0.006217399999999996 0.0169185 0.0192
v -0.006217399999999996 0.0169185 0.0208
v -0.006399999999999997 0.016 0.0192
v -0.006399999999999997 0.016 0.0208
v -0.006217399999999996 0.015081500000000001 0.0192
v -0.006217399999999996 0.015081500000000001 0.0208
v -0.005696999999999997 0.014303 0.0192
v -0.005696999999999997 0.014303 0.0208
v -0.004918499999999997 0.0137826 0.0192
v -0.004918499999999997 0.0137826 0.0208
v -0.003999999999999997 0.013600000000000001 0.0192
v -0.003999999999999997 0.013600000000000001 0.0208
v -0.0030814999999999966 0.0137826 0.0192
v -0.0030814999999999966 0.0137826 0.0208
v -0.002302999999999997 0.014303 0.0192
v -0.002302999999999997 0.014303 0.0208
v -0.001782599999999997 0.015081500000000001 0.0192
v -0.001782599999999997 0.015081500000000001 0.0208
v -0.0015999999999999964 0.016 0.0192
v -0.0015999999999999964 0.016 0.0208
v -0.001782599999999997 0.0169185 0.0192
v -0.001782599999999997 0.0169185 0.0208
v -0.002302999999999997 0.017697 0.0192
v -0.002302999999999997 0.017697 0.0208
v -0.0030814999999999966 0.0182174 0.0192
v -0.0030814999999999966 0.0182174 0.0208
v -0.004918499999999997 0.0182174 0.0208
v -0.003999999999999997 0.0184 0.0208
v -0.003999999999999997 0.016 0.0208
v -0.005696999999999997 0.017697 0.0208
v -0.006217399999999996 0.0169185 0.0208
v -0.006399999999999997 0.016 0.0208
v -0.006217399999999996 0.015081500000000001 0.0208
v -0.005696999999999997 0.014303 0.0208
v -0.004918499999999997 0.0137826 0.0208
v -0.003999999999999997 0.013600000000000001 0.0208
v -0.0030814999999999966 0.0137826 0.0208
v -0.002302999999999997 0.014303 0.0208
v -0.001782599999999997 0.015081500000000001 0.0208
v -0.0015999999999999964 0.016 0.0208
v -0.001782599999999997 0.0169185 0.0208
v -0.002302999999999997 0.017697 0.0208
v -0.0030814999999999966 0.0182174 0.0208
v 0.0040000000000000036 0.058399999999999994 0.0192
v 0.0030815000000000026 0.0582174 0.0192
v 0.0030815000000000026 0.0582174 0.0208
v 0.0040000000000000036 0.058399999999999994 0.0208
v 0.002303000000000003 0.057697 0.0192
v 0.002303000000000003 0.057697 0.0208
v 0.001782600000000004 0.0569185 0.0192
v 0.001782600000000004 0.0569185 0.0208
v 0.0016000000000000025 0.055999999999999994 0.0192
v 0.0016000000000000025 0.055999999999999994 0.0208
v 0.001782600000000004 0.055081500000000005 0.0192
v 0.001782600000000004 0.055081500000000005 0.0208
v 0.002303000000000003 0.054303000000000004 0.0192
v 0.002303000000000003 0.054303000000000004 0.0208
v 0.0030815000000000026 0.0537826 0.0192
v 0.0030815000000000026 0.0537826 0.0208
v 0.0040000000000000036 0.053599999999999995 0.0192
v 0.0040000000000000036 0.053599999999999995 0.0208
v 0.004918500000000003 0.0537826 0.0192
v 0.004918500000000003 0.0537826 0.0208
v 0.005697000000000004 0.054303000000000004 0.0192
v 0.005697000000000004 0.054303000000000004 0.0208
v 0.006217400000000003 0.055081500000000005 0.0192
v 0.006217400000000003 0.055081500000000005 0.0208
v 0.006400000000000003 0.055999999999999994 0.0192
v 0.006400000000000003 0.055999999999999994 0.0208
v 0.006217400000000003 0.0569185 0.0192
v 0.006217400000000003 0.0569185 0.0208
v 0.005697000000000004 0.057697 0.0192
v 0.005697000000000004 0.057697 0.0208
v 0.004918500000000003 0.0582174 0.0192
v 0.004918500000000003 0.0582174 0.0208
v 0.0030815000000000026 0.0582174 0.0208
v 0.0040000000000000036 0.058399999999999994 0.0208
v 0.0040000000000000036 0.055999999999999994 0.0208
v 0.002303000000000003 0.057697 0.0208
v 0.001782600000000004 0.0569185 0.0208
v 0.0016000000000000025 0.055999999999999994 0.0208
v 0.001782600000000004 0.055081500000000005 0.0208
v 0.002303000000000003 0.054303000000000004 0.0208
v 0.0030815000000000026 0.0537826 0.0208
v 0.0040000000000000036 0.053599999999999995 0.0208
v 0.004918500000000003 0.0537826 0.0208
v 0.005697000000000004 0.054303000000000004 0.0208
v 0.006217400000000003 0.055081500000000005 0.0208
v 0.006400000000000003 0.055999999999999994 0.0208
v 0.006217400000000003 0.0569185 0.0208
v 0.005697000000000004 0.057697 0.0208
v 0.004918500000000003 0.0582174 0.0208
v 0.0040000000000000036 0.0504 0.0192
v 0.0030815000000000026 0.050217399999999995 0.0192
v 0.0030815000000000026 0.050217399999999995 0.0208
v 0.0040000000000000036 0.0504 0.0208
v 0.002303000000000003 0.049697000000000005 0.0192
v 0.002303000000000003 0.049697000000000005 0.0208
v 0.001782600000000004 0.048918500000000004 0.0192
v 0.001782600000000004 0.048918500000000004 0.0208
v 0.0016000000000000025 0.048 0.0192
v 0.0016000000000000025 0.048 0.0208
v 0.001782600000000004 0.0470815 0.0192
v 0.001782600000000004 0.0470815 0.0208
v 0.002303000000000003 0.046303 0.0192
v 0.002303000000000003 0.046303 0.0208
v 0.0030815000000000026 0.04578260000000001 0.0192
v 0.0030815000000000026 0.04578260000000001 0.0208
v 0.0040000000000000036 0.0456 0.0192
v 0.0040000000000000036 0.0456 0.0208
v 0.004918500000000003 0.04578260000000001 0.0192
v 0.004918500000000003 0.04578260000000001 0.0208
v 0.005697000000000004 0.046303 0.0192
v 0.005697000000000004 0.046303 0.0208
v 0.006217400000000003 0.0470815 0.0192
v 0.006217400000000003 0.0470815 0.0208
v 0.006400000000000003 0.048 0.0192
v 0.006400000000000003 0.048 0.0208
v 0.006217400000000003 0.048918500000000004 0.0192
v 0.006217400000000003 0.048918500000000004 0.0208
v 0.005697000000000004 0.049697000000000005 0.0192
v 0.005697000000000004 0.049697000000000005 0.0208
v 0.004918500000000003 0.050217399999999995 0.0192
v 0.004918500000000003 0.050217399999999995 0.0208
v 0.0030815000000000026 0.050217399999999995 0.0208
v 0.0040000000000000036 0.0504 0.0208
v 0.0040000000000000036 0.048 0.0208
v 0.002303000000000003 0.049697000000000005 0.0208
v 0.001782600000000004 0.048918500000000004 0.0208
v 0.0016000000000000025 0.048 0.0208
v 0.001782600000000004 0.0470815 0.0208
v 0.002303000000000003 0.046303 0.0208
v 0.0030815000000000026 0.04578260000000001 0.0208
v 0.0040000000000000036 0.0456 0.0208
v 0.004918500000000003 0.04578260000000001 0.0208
v 0.005697000000000004 0.046303 0.0208
v 0.006217400000000003 0.0470815 0.0208
v 0.006400000000000003 0.048 0.0208
v 0.006217400000000003 0.048918500000000004 0.0208
v 0.005697000000000004 0.049697000000000005 0.0208
v 0.004918500000000003 0.050217399999999995 0.0208
v 0.0040000000000000036 0.0424 0.0192
v 0.0030815000000000026 0.0422174 0.0192
v 0.0030815000000000026 0.0422174 0.0208
v 0.0040000000000000036 0.0424 0.0208
v 0.002303000000000003 0.041697 0.0192
v 0.002303000000000003 0.041697 0.0208
v 0.001782600000000004 0.0409185 0.0192
v 0.001782600000000004 0.0409185 0.0208
v 0.0016000000000000025 0.04 0.0192
v 0.0016000000000000025 0.04 0.0208
v 0.001782600000000004 0.039081500000000005 0.0192
v 0.001782600000000004 0.039081500000000005 0.0208
v 0.002303000000000003 0.038303000000000004 0.0192
v 0.002303000000000003 0.038303000000000004 0.0208
v 0.0030815000000000026 0.0377826 0.0192
v 0.0030815000000000026 0.0377826 0.0208
v 0.0040000000000000036 0.0376 0.0192
v 0.0040000000000000036 0.0376 0.0208
v 0.004918500000000003 0.0377826 0.0192
v 0.004918500000000003 0.0377826 0.0208
v 0.005697000000000004 0.038303000000000004 0.0192
v 0.005697000000000004 0.038303000000000004 0.0208
v 0.006217400000000003 0.039081500000000005 0.0192
v 0.006217400000000003 0.039081500000000005 0.0208
v 0.006400000000000003 0.04 0.0192
v 0.006400000000000003 0.04 0.0208
v 0.006217400000000003 0.0409185 0.0192
v 0.006217400000000003 0.0409185 0.0208
v 0.005697000000000004 0.041697 0.0192
v 0.005697000000000004 0.041697 0.0208
v 0.004918500000000003 0.0422174 0.0192
v 0.004918500000000003 0.0422174 0.0208
v 0.0030815000000000026 0.0422174 0.0208
v 0.0040000000000000036 0.0424 0.0208
v 0.0040000000000000036 0.04 0.0208
v 0.002303000000000003 0.041697 0.0208
v 0.001782600000000004 0.0409185 0.0208
v 0.0016000000000000025 0.04 0.0208
v 0.001782600000000004 0.039081500000000005 0.0208
v 0.002303000000000003 0.038303000000000004 0.0208
v 0.0030815000000000026 0.0377826 0.0208
v 0.0040000000000000036 0.0376 0.0208
v 0.004918500000000003 0.0377826 0.0208
v 0.005697000000000004 0.038303000000000004 0.0208
v 0.006217400000000003 0.039081500000000005 0.0208
v 0.006400000000000003 0.04 0.0208
v 0.006217400000000003 0.0409185 0.0208
v 0.005697000000000004 0.041697 0.0208
v 0.004918500000000003 0.0422174 0.0208
v 0.0040000000000000036 0.0344 0.0192
v 0.0030815000000000026 0.0342174 0.0192
v 0.0030815000000000026 0.0342174 0.0208
v 0.0040000000000000036 0.0344 0.0208
v 0.002303000000000003 0.033697000000000005 0.0192
v 0.002303000000000003 0.033697000000000005 0.0208
v 0.001782600000000004 0.0329185 0.0192
v 0.001782600000000004 0.0329185 0.0208
v 0.0016000000000000025 0.032 0.0192
v 0.0016000000000000025 0.032 0.0208
v 0.001782600000000004 0.0310815 0.0192
v 0.001782600000000004 0.0310815 0.0208
v 0.002303000000000003 0.030303 0.0192
v 0.002303000000000003 0.030303 0.0208
v 0.0030815000000000026 0.0297826 0.0192
v 0.0030815000000000026 0.0297826 0.0208
v 0.0040000000000000036 0.0296 0.0192
v 0.0040000000000000036 0.0296 0.0208
v 0.004918500000000003 0.0297826 0.0192
v 0.004918500000000003 0.0297826 0.0208
v 0.005697000000000004 0.030303 0.0192
v 0.005697000000000004 0.030303 0.0208
v 0.006217400000000003 0.0310815 0.0192
v 0.006217400000000003 0.0310815 0.0208
v 0.006400000000000003 0.032 0.0192
v 0.006400000000000003 0.032 0.0208
v 0.006217400000000003 0.0329185 0.0192
v 0.006217400000000003 0.0329185 0.0208
v 0.005697000000000004 0.033697000000000005 0.0192
v 0.005697000000000004 0.033697000000000005 0.0208
v 0.004918500000000003 0.0342174 0.0192
v 0.004918500000000003 0.0342174 0.0208
v 0.0030815000000000026 0.0342174 0.0208
v 0.0040000000000000036 0.0344 0.0208
v 0.0040000000000000036 0.032 0.0208
v 0.002303000000000003 0.033697000000000005 0.0208
v 0.001782600000000004 0.0329185 0.0208
v 0.0016000000000000025 0.032 0.0208
v 0.001782600000000004 0.0310815 0.0208
v 0.002303000000000003 0.030303 0.0208
v 0.0030815000000000026 0.0297826 0.0208
v 0.0040000000000000036 0.0296 0.0208
v 0.004918500000000003 0.0297826 0.0208
v 0.005697000000000004 0.030303 0.0208
v 0.006217400000000003 0.0310815 0.0208
v 0.006400000000000003 0.032 0.0208
v 0.006217400000000003 0.0329185 0.0208
v 0.005697000000000004 0.033697000000000005 0.0208
v 0.004918500000000003 0.0342174 0.0208
v 0.0040000000000000036 0.0264 0.0192
v 0.0030815000000000026 0.026217400000000002 0.0192
v 0.0030815000000000026 0.026217400000000002 0.0208
v 0.0040000000000000036 0.0264 0.0208
v 0.002303000000000003 0.025697 0.0192
v 0.002303000000000003 0.025697 0.0208
v 0.001782600000000004 0.0249185 0.0192
v 0.001782600000000004 0.0249185 0.0208
v 0.0016000000000000025 0.024 0.0192
v 0.0016000000000000025 0.024 0.0208
v 0.001782600000000004 0.023081499999999998 0.0192
v 0.001782600000000004 0.023081499999999998 0.0208
v 0.002303000000000003 0.022303 0.0192
v 0.002303000000000003 0.022303 0.0208
v 0.0030815000000000026 0.0217826 0.0192
v 0.0030815000000000026 0.0217826 0.0208
v 0.0040000000000000036 0.0216 0.0192
v 0.0040000000000000036 0.0216 0.0208
v 0.004918500000000003 0.0217826 0.0192
v 0.004918500000000003 0.0217826 0.0208
v 0.005697000000000004 0.022303 0.0192
v 0.005697000000000004 0.022303 0.0208
v 0.006217400000000003 0.023081499999999998 0.0192
v 0.006217400000000003 0.023081499999999998 0.0208
v 0.006400000000000003 0.024 0.0192
v 0.006400000000000003 0.024 0.0208
v 0.006217400000000003 0.0249185 0.0192
v 0.006217400000000003 0.0249185 0.0208
v 0.005697000000000004 0.025697 0.0192
v 0.005697000000000004 0.025697 0.0208
v 0.004918500000000003 0.026217400000000002 0.0192
v 0.004918500000000003 0.026217400000000002 0.0208
v 0.0030815000000000026 0.026217400000000002 0.0208
v 0.0040000000000000036 0.0264 0.0208
v 0.0040000000000000036 0.024 0.0208
v 0.002303000000000003 0.025697 0.0208
v 0.001782600000000004 0.0249185 0.0208
v 0.0016000000000000025 0.024 0.0208
v 0.001782600000000004 0.023081499999999998 0.0208
v 0.002303000000000003 0.022303 0.0208
v 0.0030815000000000026 0.0217826 0.0208
v 0.0040000000000000036 0.0216 0.0208
v 0.004918500000000003 0.0217826 0.0208
v 0.005697000000000004 0.022303 0.0208
v 0.006217400000000003 0.023081499999999998 0.0208
v 0.006400000000000003 0.024 0.0208
v 0.006217400000000003 0.0249185 0.0208
v 0.005697000000000004 0.025697 0.0208
v 0.004918500000000003 0.026217400000000002 0.0208
v 0.0040000000000000036 0.0184 0.0192
v 0.0030815000000000026 0.0182174 0.0192
v 0.0030815000000000026 0.0182174 0.0208
v 0.0040000000000000036 0.0184 0.0208
v 0.002303000000000003 0.017697 0.0192
v 0.002303000000000003 0.017697 0.0208
v 0.001782600000000004 0.0169185 0.0192
v 0.001782600000000004 0.0169185 0.0208
v 0.0016000000000000025 0.016 0.0192
v 0.0016000000000000025 0.016 0.0208
v 0.001782600000000004 0.015081500000000001 0.0192
v 0.001782600000000004 0.015081500000000001 0.0208
v 0.002303000000000003 0.014303 0.0192
v 0.002303000000000003 0.014303 0.0208
v 0.0030815000000000026 0.0137826 0.0192
v 0.0030815000000000026 0.0137826 0.0208
v 0.0040000000000000036 0.013600000000000001 0.0192
v 0.0040000000000000036 0.013600000000000001 0.0208
v 0.004918500000000003 0.0137826 0.0192
v 0.004918500000000003 0.0137826 0.0208
v 0.005697000000000004 0.014303 0.0192
v 0.005697000000000004 0.014303 0.0208
v 0.006217400000000003 0.015081500000000001 0.0192
v 0.006217400000000003 0.015081500000000001 0.0208
v 0.006400000000000003 0.016 0.0192
v 0.006400000000000003 0.016 0.0208
v 0.006217400000000003 0.0169185 0.0192
v 0.006217400000000003 0.0169185 0.0208
v 0.005697000000000004 0.017697 0.0192
v 0.005697000000000004 0.017697 0.0208
v 0.004918500000000003 0.0182174 0.0192
v 0.004918500000000003 0.0182174 0.0208
v 0.0030815000000000026 0.0182174 0.0208
v 0.0040000000000000036 0.0184 0.0208
v 0.0040000000000000036 0.016 0.0208
v 0.002303000000000003 0.017697 0.0208
v 0.001782600000000004 0.0169185 0.0208
v 0.0016000000000000025 0.016 0.0208
v 0.001782600000000004 0.015081500000000001 0.0208
v 0.002303000000000003 0.014303 0.0208
v 0.0030815000000000026 0.0137826 0.0208
v 0.0040000000000000036 0.013600000000000001 0.0208
v 0.004918500000000003 0.0137826 0.0208
v 0.005697000000000004 0.014303 0.0208
v 0.006217400000000003 0.015081500000000001 0.0208
v 0.006400000000000003 0.016 0.0208
v 0.006217400000000003 0.0169185 0.0208
v 0.005697000000000004 0.017697 0.0208
v 0.004918500000000003 0.0182174 0.0208
v 3.469446951953614e-18 0.0144 0.0192
v -0.0009184999999999966 0.0142174 0.0192
v -0.0009184999999999966 0.0142174 0.0208
v 3.469446951953614e-18 0.0144 0.0208
v -0.0016969999999999971 0.013697 0.0192
v -0.0016969999999999971 0.013697 0.0208
v -0.002217399999999997 0.0129185 0.0192
v -0.002217399999999997 0.0129185 0.0208
v -0.0023999999999999968 0.012 0.0192
v -0.0023999999999999968 0.012 0.0208
v -0.002217399999999997 0.011081500000000001 0.0192
v -0.002217399999999997 0.011081500000000001 0.0208
v -0.0016969999999999971 0.010303 0.0192
v -0.0016969999999999971 0.010303 0.0208
v -0.0009184999999999966 0.0097826 0.0192
v -0.0009184999999999966 0.0097826 0.0208
v 3.469446951953614e-18 0.009600000000000001 0.0192
v 3.469446951953614e-18 0.009600000000000001 0.0208
v 0.0009185000000000026 0.0097826 0.0192
v 0.0009185000000000026 0.0097826 0.0208
v 0.001697000000000004 0.010303 0.0192
v 0.001697000000000004 0.010303 0.0208
v 0.002217400000000003 0.011081500000000001 0.0192
v 0.002217400000000003 0.011081500000000001 0.0208
v 0.002400000000000003 0.012 0.0192
v 0.002400000000000003 0.012 0.0208
v 0.002217400000000003 0.0129185 0.0192
v 0.002217400000000003 0.0129185 0.0208
v 0.001697000000000004 0.013697 0.0192
v 0.001697000000000004 0.013697 0.0208
v 0.0009185000000000026 0.0142174 0.0192
v 0.0009185000000000026 0.0142174 0.0208
v 3.469446951953614e-18 0.0152 0.0192
v -0.0012245999999999967 0.014956500000000001 0.0192
v -0.0012245999999999967 0.014956500000000001 0.0208
v 3.469446951953614e-18 0.0152 0.0208
v -0.002262699999999997 0.0142627 0.0192
v -0.002262699999999997 0.0142627 0.0208
v -0.0029564999999999965 0.0132246 0.0192
v -0.0029564999999999965 0.0132246 0.0208
v -0.003199999999999997 0.012 0.0192
v -0.003199999999999997 0.012 0.0208
v -0.0029564999999999965 0.010775400000000001 0.0192
v -0.0029564999999999965 0.010775400000000001 0.0208
v -0.002262699999999997 0.0097373 0.0192
v -0.002262699999999997 0.0097373 0.0208
v -0.0012245999999999967 0.0090435 0.0192
v -0.0012245999999999967 0.0090435 0.0208
v 3.469446951953614e-18 0.0088 0.0192
v 3.469446951953614e-18 0.0088 0.0208
v 0.0012246000000000028 0.0090435 0.0192
v 0.0012246000000000028 0.0090435 0.0208
v 0.002262700000000003 0.0097373 0.0192
v 0.002262700000000003 0.0097373 0.0208
v 0.0029565000000000025 0.010775400000000001 0.0192
v 0.0029565000000000025 0.010775400000000001 0.0208
v 0.003200000000000003 0.012 0.0192
v 0.003200000000000003 0.012 0.0208
v 0.0029565000000000025 0.0132246 0.0192
v 0.0029565000000000025 0.0132246 0.0208
v 0.002262700000000003 0.0142627 0.0192
v 0.002262700000000003 0.0142627 0.0208
v 0.0012246000000000028 0.014956500000000001 0.0192
v 0.0012246000000000028 0.014956500000000001 0.0208
v -0.003199999999999997 0.012 0.0192
v -0.0023999999999999968 0.012 0.0192
v -0.002217399999999997 0.011081500000000001 0.0192
v -0.0029564999999999965 0.010775400000000001 0.0192
v -0.0016969999999999971 0.010303 0.0192
v -0.002262699999999997 0.0097373 0.0192
v -0.0009184999999999966 0.0097826 0.0192
v -0.0012245999999999967 0.0090435 0.0192
v 3.469446951953614e-18 0.009600000000000001 0.0192
v 3.469446951953614e-18 0.0088 0.0192
v 0.0009185000000000026 0.0097826 0.0192
v 0.0012246000000000028 0.0090435 0.0192
v 0.001697000000000004 0.010303 0.0192
v 0.002262700000000003 0.0097373 0.0192
v 0.002217400000000003 0.011081500000000001 0.0192
v 0.0029565000000000025 0.010775400000000001 0.0192
v 0.002400000000000003 0.012 0.0192
v 0.003200000000000003 0.012 0.0192
v 0.002217400000000003 0.0129185 0.0192
v 0.0029565000000000025 0.0132246 0.0192
v 0.001697000000000004 0.013697 0.0192
v 0.002262700000000003 0.0142627 0.0192
v 0.0009185000000000026 0.0142174 0.0192
v 0.0012246000000000028 0.014956500000000001 0.0192
v 3.469446951953614e-18 0.0144 0.0192
v 3.469446951953614e-18 0.0152 0.0192
v -0.0009184999999999966 0.0142174 0.0192
v -0.0012245999999999967 0.014956500000000001 0.0192
v -0.0016969999999999971 0.013697 0.0192
v -0.002262699999999997 0.0142627 0.0192
v -0.002217399999999997 0.0129185 0.0192
v -0.0029564999999999965 0.0132246 0.0192
v 3.469446951953614e-18 0.0152 0.0272
v -0.0012245999999999967 0.014956500000000001 0.0272
v -0.002262699999999997 0.0142627 0.0272
v -0.0029564999999999965 0.0132246 0.0272
v -0.003199999999999997 0.012 0.0272
v -0.0029564999999999965 0.010775400000000001 0.0272
v -0.002262699999999997 0.0097373 0.0272
v -0.0012245999999999967 0.0090435 0.0272
v 3.469446951953614e-18 0.0088 0.0272
v 0.0012246000000000028 0.0090435 0.0272
v 0.002262700000000003 0.0097373 0.0272
v 0.0029565000000000025 0.010775400000000001 0.0272
v 0.003200000000000003 0.012 0.0272
v 0.0029565000000000025 0.0132246 0.0272
v 0.002262700000000003 0.0142627 0.0272
v 0.0012246000000000028 0.014956500000000001 0.0272
v -0.0022172999999999967 0.0129184 0.0288
v -0.0016970999999999965 0.0136971 0.0288
v -0.0009183999999999963 0.0142173 0.0288
v -0.0009183999999999963 0.0097827 0.0288
v -0.0016970999999999965 0.0103029 0.0288
v -0.0022172999999999967 0.0110816 0.0288
v 0.0022173000000000036 0.0110816 0.0288
v 0.0016971000000000035 0.0103029 0.0288
v 0.0009184000000000032 0.0097827 0.0288
v 0.0009184000000000032 0.0142173 0.0288
v 0.0016971000000000035 0.0136971 0.0288
v 0.0022173000000000036 0.0129184 0.0288
v -0.0009999999999999966 0.013000000000000001 0.0288
v -0.0007999999999999969 0.0142409 0.0288
v -0.0007999999999999969 0.013600000000000001 0.0288
v -0.002240899999999997 0.0128 0.0288
v -0.0015999999999999964 0.0128 0.0288
v -0.0009999999999999966 0.011 0.0288
v -0.002240899999999997 0.0112 0.0288
v -0.0015999999999999964 0.0112 0.0288
v -0.0007999999999999969 0.0104 0.0288
v -0.0007999999999999969 0.0097591 0.0288
v 0.0010000000000000026 0.011 0.0288
v 0.0008000000000000038 0.0097591 0.0288
v 0.0008000000000000038 0.0104 0.0288
v 0.0016000000000000025 0.0112 0.0288
v 0.002240900000000004 0.0112 0.0288
v 0.0010000000000000026 0.013000000000000001 0.0288
v 0.0016000000000000025 0.0128 0.0288
v 0.002240900000000004 0.0128 0.0288
v 0.0008000000000000038 0.0142409 0.0288
v 0.0008000000000000038 0.013600000000000001 0.0288
v 0.0022173000000000036 0.0129184 0.0208
v 0.0016971000000000035 0.0136971 0.0208
v 0.0009184000000000032 0.0142173 0.0208
v 0.0009184000000000032 0.0097827 0.0208
v 0.0016971000000000035 0.0103029 0.0208
v 0.0022173000000000036 0.0110816 0.0208
v -0.0022172999999999967 0.0110816 0.0208
v -0.0016970999999999965 0.0103029 0.0208
v -0.0009183999999999963 0.0097827 0.0208
v -0.0009183999999999963 0.0142173 0.0208
v -0.0016970999999999965 0.0136971 0.0208
v -0.0022172999999999967 0.0129184 0.0208
v 0.0010000000000000026 0.013000000000000001 0.0208
v 0.0008000000000000038 0.0142409 0.0208
v 0.0008000000000000038 0.013600000000000001 0.0208
v 0.002240900000000004 0.0128 0.0208
v 0.0016000000000000025 0.0128 0.0208
v 0.0010000000000000026 0.011 0.0208
v 0.002240900000000004 0.0112 0.0208
v 0.0016000000000000025 0.0112 0.0208
v 0.0008000000000000038 0.0104 0.0208
v 0.0008000000000000038 0.0097591 0.0208
v -0.0009999999999999966 0.011 0.0208
v -0.0007999999999999969 0.0097591 0.0208
v -0.0007999999999999969 0.0104 0.0208
v -0.0015999999999999964 0.0112 0.0208
v -0.002240899999999997 0.0112 0.0208
v -0.0009999999999999966 0.013000000000000001 0.0208
v -0.0015999999999999964 0.0128 0.0208
v -0.002240899999999997 0.0128 0.0208
v -0.0007999999999999969 0.0142409 0.0208
v -0.0007999999999999969 0.013600000000000001 0.0208
v -0.0007999999999999969 0.0142409 0.0208
v -0.0007999999999999969 0.0142409 0.0288
v 3.469446951953614e-18 0.0144 0.0288
v -0.0007999999999999969 0.013600000000000001 0.0288
v -0.0007999999999999969 0.0142409 0.0288
v -0.0007999999999999969 0.0142409 0.0208
v -0.0007999999999999969 0.013600000000000001 0.0208
v -0.0009999999999999966 0.013000000000000001 0.0208
v -0.0009999999999999966 0.013000000000000001 0.0288
v -0.0015999999999999964 0.0128 0.0208
v -0.0015999999999999964 0.0128 0.0288
v -0.0009999999999999966 0.013000000000000001 0.0288
v -0.0009999999999999966 0.013000000000000001 0.0208
v -0.002240899999999997 0.0128 0.0208
v -0.002240899999999997 0.0128 0.0288
v -0.002240899999999997 0.0128 0.0208
v -0.0023999999999999968 0.012 0.0288
v -0.002240899999999997 0.0128 0.0288
v -0.002240899999999997 0.0112 0.0208
v -0.002240899999999997 0.0112 0.0288
v -0.0015999999999999964 0.0112 0.0288
v -0.002240899999999997 0.0112 0.0288
v -0.002240899999999997 0.0112 0.0208
v -0.0015999999999999964 0.0112 0.0208
v -0.0009999999999999966 0.011 0.0208
v -0.0009999999999999966 0.011 0.0288
v -0.0007999999999999969 0.0104 0.0208
v -0.0007999999999999969 0.0104 0.0288
v -0.0009999999999999966 0.011 0.0288
v -0.0009999999999999966 0.011 0.0208
v -0.0007999999999999969 0.0097591 0.0208
v -0.0007999999999999969 0.0097591 0.0288
v 3.469446951953614e-18 0.009600000000000001 0.0288
v -0.0007999999999999969 0.0097591 0.0288
v -0.0007999999999999969 0.0097591 0.0208
v 0.0008000000000000038 0.0097591 0.0208
v 0.0008000000000000038 0.0097591 0.0288
v 0.0008000000000000038 0.0104 0.0208
v 0.0008000000000000038 0.0104 0.0288
v 0.0008000000000000038 0.0097591 0.0288
v 0.0008000000000000038 0.0097591 0.0208
v 0.0010000000000000026 0.011 0.0208
v 0.0010000000000000026 0.011 0.0288
v 0.0016000000000000025 0.0112 0.0208
v 0.0016000000000000025 0.0112 0.0288
v 0.0010000000000000026 0.011 0.0288
v 0.0010000000000000026 0.011 0.0208
v 0.002240900000000004 0.0112 0.0208
v 0.002240900000000004 0.0112 0.0288
v 0.002240900000000004 0.0112 0.0208
v 0.002400000000000003 0.012 0.0288
v 0.002240900000000004 0.0112 0.0288
v 0.002240900000000004 0.0128 0.0208
v 0.002240900000000004 0.0128 0.0288
v 0.0016000000000000025 0.0128 0.0208
v 0.0016000000000000025 0.0128 0.0288
v 0.002240900000000004 0.0128 0.0288
v 0.002240900000000004 0.0128 0.0208
v 0.0010000000000000026 0.013000000000000001 0.0208
v 0.0010000000000000026 0.013000000000000001 0.0288
v 0.0008000000000000038 0.013600000000000001 0.0208
v 0.0008000000000000038 0.013600000000000001 0.0288
v 0.0010000000000000026 0.013000000000000001 0.0288
v 0.0010000000000000026 0.013000000000000001 0.0208
v 0.0008000000000000038 0.0142409 0.0208
v 0.0008000000000000038 0.0142409 0.0288
v 0.0008000000000000038 0.0142409 0.0288
v 0.0008000000000000038 0.0142409 0.0208
v 0.0030615000000000035 0.019391 0.0192
v 0.0030615000000000035 0.019391 0.0208
v -9.999999999593667e-08 0.020000200000000003 0.0208
v -9.999999999593667e-08 0.020000200000000003 0.0192
v -0.003061399999999997 0.019391 0.0208
v -0.003061399999999997 0.019391 0.0192
v -0.003061399999999997 0.019391 0.0192
v -9.999999999593667e-08 0.020000200000000003 0.0192
v 0.0030615000000000035 0.019391 0.0192
v 0.0073910000000000035 0.0089385 0.0192
v 0.0073910000000000035 0.0089385 0.0208
v 0.008000200000000002 0.0120001 0.0208
v 0.008000200000000002 0.0120001 0.0192
v 0.0073910000000000035 0.0150614 0.0208
v 0.0073910000000000035 0.0150614 0.0192
v 0.0073910000000000035 0.0150614 0.0192
v 0.008000200000000002 0.0120001 0.0192
v 0.0073910000000000035 0.0089385 0.0192
v -0.0030614999999999965 0.004609 0.0192
v -0.0030614999999999965 0.004609 0.0208
v 1.0000000000287557e-07 0.0039997999999999995 0.0208
v 1.0000000000287557e-07 0.0039997999999999995 0.0192
v 0.003061400000000004 0.004609 0.0208
v 0.003061400000000004 0.004609 0.0192
v 0.003061400000000004 0.004609 0.0192
v 1.0000000000287557e-07 0.0039997999999999995 0.0192
v -0.0030614999999999965 0.004609 0.0192
v -0.0073909999999999965 0.0150615 0.0192
v -0.0073909999999999965 0.0150615 0.0208
v -0.008000199999999997 0.0119999 0.0208
v -0.008000199999999997 0.0119999 0.0192
v -0.0073909999999999965 0.0089386 0.0208
v -0.0073909999999999965 0.0089386 0.0192
v -0.0073909999999999965 0.0089386 0.0192
v -0.008000199999999997 0.0119999 0.0192
v -0.0073909999999999965 0.0150615 0.0192
v -0.004543999999999997 0.0184 0.0208
v 0.004544000000000003 0.0184 0.0208
v 0.004544000000000003 0.0184 0.0192
v -0.004543999999999997 0.0184 0.0192
v 0.006400000000000003 0.016544 0.0208
v 0.006400000000000003 0.007456 0.0208
v 0.006400000000000003 0.007456 0.0192
v 0.006400000000000003 0.016544 0.0192
v 0.004544000000000003 0.0056 0.0208
v -0.004543999999999997 0.0056 0.0208
v -0.004543999999999997 0.0056 0.0192
v 0.004544000000000003 0.0056 0.0192
v -0.006399999999999997 0.007456 0.0208
v -0.006399999999999997 0.016544 0.0208
v -0.006399999999999997 0.016544 0.0192
v -0.006399999999999997 0.007456 0.0192
v -0.007391999999999997 0.01506 0.0192
v -0.007391999999999997 0.00894 0.0192
v -0.006399999999999997 0.007456 0.0192
v -0.006399999999999997 0.016544 0.0192
v -0.0030599999999999968 0.004608 0.0192
v 0.0030600000000000037 0.004608 0.0192
v 0.004544000000000003 0.0056 0.0192
v -0.004543999999999997 0.0056 0.0192
v 0.007392000000000003 0.00894 0.0192
v 0.007392000000000003 0.01506 0.0192
v 0.006400000000000003 0.016544 0.0192
v 0.006400000000000003 0.007456 0.0192
v 0.0030600000000000037 0.019392 0.0192
v -0.0030599999999999968 0.019392 0.0192
v -0.004543999999999997 0.0184 0.0192
v 0.004544000000000003 0.0184 0.0192
v -0.004543999999999997 0.0184 0.0192
v -0.0030599999999999968 0.019392 0.0192
v -0.0030599999999999968 0.019392 0.0208
v -0.004543999999999997 0.0184 0.0208
v -0.007391999999999997 0.01506 0.0192
v -0.006399999999999997 0.016544 0.0192
v -0.006399999999999997 0.016544 0.0208
v -0.007391999999999997 0.01506 0.0208
v -0.0030599999999999968 0.004608 0.0192
v -0.004543999999999997 0.0056 0.0192
v -0.004543999999999997 0.0056 0.0208
v -0.0030599999999999968 0.004608 0.0208
v -0.006399999999999997 0.007456 0.0192
v -0.007391999999999997 0.00894 0.0192
v -0.007391999999999997 0.00894 0.0208
v -0.006399999999999997 0.007456 0.0208
v 0.0030600000000000037 0.019392 0.0192
v 0.004544000000000003 0.0184 0.0192
v 0.004544000000000003 0.0184 0.0208
v 0.0030600000000000037 0.019392 0.0208
v 0.006400000000000003 0.016544 0.0192
v 0.007392000000000003 0.01506 0.0192
v 0.007392000000000003 0.01506 0.0208
v 0.006400000000000003 0.016544 0.0208
v 0.004544000000000003 0.0056 0.0192
v 0.0030600000000000037 0.004608 0.0192
v 0.0030600000000000037 0.004608 0.0208
v 0.004544000000000003 0.0056 0.0208
v 0.007392000000000003 0.00894 0.0192
v 0.006400000000000003 0.007456 0.0192
v 0.006400000000000003 0.007456 0.0208
v 0.007392000000000003 0.00894 0.0208
v -0.006399999999999997 0.012 0.0272
v -0.003199999999999997 0.012 0.0272
v -0.0029564999999999965 0.010775400000000001 0.0272
v -0.005912999999999996 0.0095507 0.0272
v -0.002262699999999997 0.0097373 0.0272
v -0.004525399999999997 0.0074746000000000005 0.0272
v -0.0012245999999999967 0.0090435 0.0272
v -0.0024492999999999963 0.006087 0.0272
v 3.469446951953614e-18 0.0088 0.0272
v 3.469446951953614e-18 0.0056 0.0272
v 0.0012246000000000028 0.0090435 0.0272
v 0.002449300000000003 0.006087 0.0272
v 0.002262700000000003 0.0097373 0.0272
v 0.004525400000000004 0.0074746000000000005 0.0272
v 0.0029565000000000025 0.010775400000000001 0.0272
v 0.005913000000000003 0.0095507 0.0272
v 0.003200000000000003 0.012 0.0272
v 0.006400000000000003 0.012 0.0272
v 0.0029565000000000025 0.0132246 0.0272
v 0.005913000000000003 0.0144493 0.0272
v 0.002262700000000003 0.0142627 0.0272
v 0.004525400000000004 0.0165254 0.0272
v 0.0012246000000000028 0.014956500000000001 0.0272
v 0.002449300000000003 0.017913 0.0272
v 3.469446951953614e-18 0.0152 0.0272
v 3.469446951953614e-18 0.0184 0.0272
v -0.0012245999999999967 0.014956500000000001 0.0272
v -0.0024492999999999963 0.017913 0.0272
v -0.002262699999999997 0.0142627 0.0272
v -0.004525399999999997 0.0165254 0.0272
v -0.0029564999999999965 0.0132246 0.0272
v -0.005912999999999996 0.0144493 0.0272
v 3.469446951953614e-18 0.0184 0.0272
v -0.0024492999999999963 0.017913 0.0272
v -0.0024492999999999963 0.017913 0.0208
v 3.469446951953614e-18 0.0184 0.0208
v -0.004525399999999997 0.0165254 0.0272
v -0.004525399999999997 0.0165254 0.0208
v -0.005912999999999996 0.0144493 0.0272
v -0.005912999999999996 0.0144493 0.0208
v -0.006399999999999997 0.012 0.0272
v -0.006399999999999997 0.012 0.0208
v -0.005912999999999996 0.0095507 0.0272
v -0.005912999999999996 0.0095507 0.0208
v -0.004525399999999997 0.0074746000000000005 0.0272
v -0.004525399999999997 0.0074746000000000005 0.0208
v -0.0024492999999999963 0.006087 0.0272
v -0.0024492999999999963 0.006087 0.0208
v 3.469446951953614e-18 0.0056 0.0272
v 3.469446951953614e-18 0.0056 0.0208
v 0.002449300000000003 0.006087 0.0272
v 0.002449300000000003 0.006087 0.0208
v 0.004525400000000004 0.0074746000000000005 0.0272
v 0.004525400000000004 0.0074746000000000005 0.0208
v 0.005913000000000003 0.0095507 0.0272
v 0.005913000000000003 0.0095507 0.0208
v 0.006400000000000003 0.012 0.0272
v 0.006400000000000003 0.012 0.0208
v 0.005913000000000003 0.0144493 0.0272
v 0.005913000000000003 0.0144493 0.0208
v 0.004525400000000004 0.0165254 0.0272
v 0.004525400000000004 0.0165254 0.0208
v 0.002449300000000003 0.017913 0.0272
v 0.002449300000000003 0.017913 0.0208
v -0.004543999999999997 0.0184 0.0208
v -0.002447999999999997 0.017912 0.0208
v 3.469446951953614e-18 0.0184 0.0208
v -0.005655999999999996 0.017655999999999998 0.0208
v -0.004523999999999997 0.016524 0.0208
v -0.006399999999999997 0.016544 0.0208
v -0.005911999999999997 0.014448 0.0208
v -0.006399999999999997 0.012 0.0208
v -0.002447999999999997 0.0060880000000000005 0.0208
v -0.004543999999999997 0.0056 0.0208
v 3.469446951953614e-18 0.0056 0.0208
v -0.004523999999999997 0.007476 0.0208
v -0.005655999999999996 0.006344000000000001 0.0208
v -0.006399999999999997 0.007456 0.0208
v -0.005911999999999997 0.009552 0.0208
v 0.002448000000000004 0.017912 0.0208
v 0.004544000000000003 0.0184 0.0208
v 0.004524000000000004 0.016524 0.0208
v 0.005656000000000003 0.017655999999999998 0.0208
v 0.006400000000000003 0.016544 0.0208
v 0.005912000000000004 0.014448 0.0208
v 0.006400000000000003 0.012 0.0208
v 0.004544000000000003 0.0056 0.0208
v 0.002448000000000004 0.0060880000000000005 0.0208
v 0.005656000000000003 0.006344000000000001 0.0208
v 0.004524000000000004 0.007476 0.0208
v 0.006400000000000003 0.007456 0.0208
v 0.005912000000000004 0.009552 0.0208
v -0.003394099999999997 0.012 0.0288
v -0.0023999999999999968 0.012 0.0288
v 3.469446951953614e-18 0.0086059 0.0288
v 3.469446951953614e-18 0.009600000000000001 0.0288
v 0.003394100000000004 0.012 0.0288
v 0.002400000000000003 0.012 0.0288
v 3.469446951953614e-18 0.0153941 0.0288
v 3.469446951953614e-18 0.0144 0.0288
v 3.469446951953614e-18 0.02 0.0288
v -0.007999999999999997 0.012 0.0288
v -0.007391199999999997 0.0150616 0.0288
v -0.003061599999999997 0.0193912 0.0288
v -0.0056567999999999966 0.0176568 0.0288
v 3.469446951953614e-18 0.004 0.0288
v -0.007391199999999997 0.0089384 0.0288
v -0.003061599999999997 0.004608800000000001 0.0288
v -0.0056567999999999966 0.0063432 0.0288
v 0.008000000000000004 0.012 0.0288
v 0.007391200000000004 0.0089384 0.0288
v 0.003061600000000003 0.004608800000000001 0.0288
v 0.0056568000000000035 0.0063432 0.0288
v 0.007391200000000004 0.0150616 0.0288
v 0.003061600000000003 0.0193912 0.0288
v 0.0056568000000000035 0.0176568 0.0288
v -0.006399999999999997 0.016 0.0288
v -0.006399999999999997 0.016 0.0304
v -0.006217399999999996 0.015081500000000001 0.0304
v -0.006217399999999996 0.015081500000000001 0.0288
v -0.005696999999999997 0.014303 0.0304
v -0.005696999999999997 0.014303 0.0288
v -0.004918499999999997 0.0137826 0.0304
v -0.004918499999999997 0.0137826 0.0288
v -0.003999999999999997 0.013600000000000001 0.0304
v -0.003999999999999997 0.013600000000000001 0.0288
v -0.0030814999999999966 0.0137826 0.0304
v -0.0030814999999999966 0.0137826 0.0288
v -0.002302999999999997 0.014303 0.0304
v -0.002302999999999997 0.014303 0.0288
v -0.001782599999999997 0.015081500000000001 0.0304
v -0.001782599999999997 0.015081500000000001 0.0288
v -0.0015999999999999964 0.016 0.0304
v -0.0015999999999999964 0.016 0.0288
v -0.001782599999999997 0.0169185 0.0304
v -0.001782599999999997 0.0169185 0.0288
v -0.002302999999999997 0.017697 0.0304
v -0.002302999999999997 0.017697 0.0288
v -0.0030814999999999966 0.0182174 0.0304
v -0.0030814999999999966 0.0182174 0.0288
v -0.003999999999999997 0.0184 0.0304
v -0.003999999999999997 0.0184 0.0288
v -0.006217399999999996 0.015081500000000001 0.0304
v -0.006399999999999997 0.016 0.0304
v -0.003999999999999997 0.016 0.0304
v -0.005696999999999997 0.014303 0.0304
v -0.004918499999999997 0.0137826 0.0304
v -0.003999999999999997 0.013600000000000001 0.0304
v -0.0030814999999999966 0.0137826 0.0304
v -0.002302999999999997 0.014303 0.0304
v -0.001782599999999997 0.015081500000000001 0.0304
v -0.0015999999999999964 0.016 0.0304
v -0.001782599999999997 0.0169185 0.0304
v -0.002302999999999997 0.017697 0.0304
v -0.0030814999999999966 0.0182174 0.0304
v -0.003999999999999997 0.0184 0.0304
v -0.004775999999999997 0.018246 0.0304
v -0.0056567999999999966 0.0176568 0.0304
v -0.006245999999999996 0.016776 0.0304
v -0.004775899999999996 0.0182458 0.0304
v -0.004775899999999996 0.0182458 0.0288
v -0.0056567999999999966 0.0176568 0.0304
v -0.0056567999999999966 0.0176568 0.0288
v -0.006245799999999997 0.0167755 0.0304
v -0.006245799999999997 0.0167755 0.0288
v -0.003999999999999997 0.0056 0.0288
v -0.003999999999999997 0.0056 0.0304
v -0.0030814999999999966 0.005782600000000001 0.0304
v -0.0030814999999999966 0.005782600000000001 0.0288
v -0.002302999999999997 0.0063030000000000004 0.0304
v -0.002302999999999997 0.0063030000000000004 0.0288
v -0.001782599999999997 0.0070815 0.0304
v -0.001782599999999997 0.0070815 0.0288
v -0.0015999999999999964 0.008 0.0304
v -0.0015999999999999964 0.008 0.0288
v -0.001782599999999997 0.0089185 0.0304
v -0.001782599999999997 0.0089185 0.0288
v -0.002302999999999997 0.009697 0.0304
v -0.002302999999999997 0.009697 0.0288
v -0.0030814999999999966 0.0102174 0.0304
v -0.0030814999999999966 0.0102174 0.0288
v -0.003999999999999997 0.0104 0.0304
v -0.003999999999999997 0.0104 0.0288
v -0.004918499999999997 0.0102174 0.0304
v -0.004918499999999997 0.0102174 0.0288
v -0.005696999999999997 0.009697 0.0304
v -0.005696999999999997 0.009697 0.0288
v -0.006217399999999996 0.0089185 0.0304
v -0.006217399999999996 0.0089185 0.0288
v -0.006399999999999997 0.008 0.0304
v -0.006399999999999997 0.008 0.0288
v -0.0030814999999999966 0.005782600000000001 0.0304
v -0.003999999999999997 0.0056 0.0304
v -0.003999999999999997 0.008 0.0304
v -0.002302999999999997 0.0063030000000000004 0.0304
v -0.001782599999999997 0.0070815 0.0304
v -0.0015999999999999964 0.008 0.0304
v -0.001782599999999997 0.0089185 0.0304
v -0.002302999999999997 0.009697 0.0304
v -0.0030814999999999966 0.0102174 0.0304
v -0.003999999999999997 0.0104 0.0304
v -0.004918499999999997 0.0102174 0.0304
v -0.005696999999999997 0.009697 0.0304
v -0.006217399999999996 0.0089185 0.0304
v -0.006399999999999997 0.008 0.0304
v -0.006245999999999996 0.007224 0.0304
v -0.0056567999999999966 0.0063432 0.0304
v -0.004775999999999997 0.0057540000000000004 0.0304
v -0.006245799999999997 0.007224100000000001 0.0304
v -0.006245799999999997 0.007224100000000001 0.0288
v -0.0056567999999999966 0.0063432 0.0304
v -0.0056567999999999966 0.0063432 0.0288
v -0.004775499999999997 0.0057542 0.0304
v -0.004775499999999997 0.0057542 0.0288
v 0.0040000000000000036 0.0184 0.0288
v 0.0040000000000000036 0.0184 0.0304
v 0.0030815000000000026 0.0182174 0.0304
v 0.0030815000000000026 0.0182174 0.0288
v 0.002303000000000003 0.017697 0.0304
v 0.002303000000000003 0.017697 0.0288
v 0.001782600000000004 0.0169185 0.0304
v 0.001782600000000004 0.0169185 0.0288
v 0.0016000000000000025 0.016 0.0304
v 0.0016000000000000025 0.016 0.0288
v 0.001782600000000004 0.015081500000000001 0.0304
v 0.001782600000000004 0.015081500000000001 0.0288
v 0.002303000000000003 0.014303 0.0304
v 0.002303000000000003 0.014303 0.0288
v 0.0030815000000000026 0.0137826 0.0304
v 0.0030815000000000026 0.0137826 0.0288
v 0.0040000000000000036 0.013600000000000001 0.0304
v 0.0040000000000000036 0.013600000000000001 0.0288
v 0.004918500000000003 0.0137826 0.0304
v 0.004918500000000003 0.0137826 0.0288
v 0.005697000000000004 0.014303 0.0304
v 0.005697000000000004 0.014303 0.0288
v 0.006217400000000003 0.015081500000000001 0.0304
v 0.006217400000000003 0.015081500000000001 0.0288
v 0.006400000000000003 0.016 0.0304
v 0.006400000000000003 0.016 0.0288
v 0.0030815000000000026 0.0182174 0.0304
v 0.0040000000000000036 0.0184 0.0304
v 0.0040000000000000036 0.016 0.0304
v 0.002303000000000003 0.017697 0.0304
v 0.001782600000000004 0.0169185 0.0304
v 0.0016000000000000025 0.016 0.0304
v 0.001782600000000004 0.015081500000000001 0.0304
v 0.002303000000000003 0.014303 0.0304
v 0.0030815000000000026 0.0137826 0.0304
v 0.0040000000000000036 0.013600000000000001 0.0304
v 0.004918500000000003 0.0137826 0.0304
v 0.005697000000000004 0.014303 0.0304
v 0.006217400000000003 0.015081500000000001 0.0304
v 0.006400000000000003 0.016 0.0304
v 0.006246000000000003 0.016776 0.0304
v 0.0056568000000000035 0.0176568 0.0304
v 0.0047760000000000025 0.018246 0.0304
v 0.006245800000000003 0.0167759 0.0304
v 0.006245800000000003 0.0167759 0.0288
v 0.0056568000000000035 0.0176568 0.0304
v 0.0056568000000000035 0.0176568 0.0288
v 0.004775500000000004 0.0182458 0.0304
v 0.004775500000000004 0.0182458 0.0288
v 0.006400000000000003 0.008 0.0288
v 0.006400000000000003 0.008 0.0304
v 0.006217400000000003 0.0089185 0.0304
v 0.006217400000000003 0.0089185 0.0288
v 0.005697000000000004 0.009697 0.0304
v 0.005697000000000004 0.009697 0.0288
v 0.004918500000000003 0.0102174 0.0304
v 0.004918500000000003 0.0102174 0.0288
v 0.0040000000000000036 0.0104 0.0304
v 0.0040000000000000036 0.0104 0.0288
v 0.0030815000000000026 0.0102174 0.0304
v 0.0030815000000000026 0.0102174 0.0288
v 0.002303000000000003 0.009697 0.0304
v 0.002303000000000003 0.009697 0.0288
v 0.001782600000000004 0.0089185 0.0304
v 0.001782600000000004 0.0089185 0.0288
v 0.0016000000000000025 0.008 0.0304
v 0.0016000000000000025 0.008 0.0288
v 0.001782600000000004 0.0070815 0.0304
v 0.001782600000000004 0.0070815 0.0288
v 0.002303000000000003 0.0063030000000000004 0.0304
v 0.002303000000000003 0.0063030000000000004 0.0288
v 0.0030815000000000026 0.005782600000000001 0.0304
v 0.0030815000000000026 0.005782600000000001 0.0288
v 0.0040000000000000036 0.0056 0.0304
v 0.0040000000000000036 0.0056 0.0288
v 0.006217400000000003 0.0089185 0.0304
v 0.006400000000000003 0.008 0.0304
v 0.0040000000000000036 0.008 0.0304
v 0.005697000000000004 0.009697 0.0304
v 0.004918500000000003 0.0102174 0.0304
v 0.0040000000000000036 0.0104 0.0304
v 0.0030815000000000026 0.0102174 0.0304
v 0.002303000000000003 0.009697 0.0304
v 0.001782600000000004 0.0089185 0.0304
v 0.0016000000000000025 0.008 0.0304
v 0.001782600000000004 0.0070815 0.0304
v 0.002303000000000003 0.0063030000000000004 0.0304
v 0.0030815000000000026 0.005782600000000001 0.0304
v 0.0040000000000000036 0.0056 0.0304
v 0.0047760000000000025 0.0057540000000000004 0.0304
v 0.0056568000000000035 0.0063432 0.0304
v 0.006246000000000003 0.007224 0.0304
v 0.004775900000000003 0.0057542 0.0304
v 0.004775900000000003 0.0057542 0.0288
v 0.0056568000000000035 0.0063432 0.0304
v 0.0056568000000000035 0.0063432 0.0288
v 0.006245800000000003 0.0072245 0.0304
v 0.006245800000000003 0.0072245 0.0288
v 3.469446951953614e-18 0.02 0.0288
v -0.003061599999999997 0.0193912 0.0288
v -0.003061599999999997 0.0193912 0.0208
v 3.469446951953614e-18 0.02 0.0208
v -0.0056567999999999966 0.0176568 0.0208
v -0.007391199999999997 0.0150616 0.0288
v -0.007999999999999997 0.012 0.0288
v -0.007999999999999997 0.012 0.0208
v -0.007391199999999997 0.0089384 0.0288
v -0.007391199999999997 0.0089384 0.0208
v -0.0056567999999999966 0.0063432 0.0208
v -0.003061599999999997 0.004608800000000001 0.0288
v 3.469446951953614e-18 0.004 0.0288
v 3.469446951953614e-18 0.004 0.0208
v 0.003061600000000003 0.004608800000000001 0.0288
v 0.003061600000000003 0.004608800000000001 0.0208
v 0.0056568000000000035 0.0063432 0.0208
v 0.007391200000000004 0.0089384 0.0288
v 0.008000000000000004 0.012 0.0288
v 0.008000000000000004 0.012 0.0208
v 0.007391200000000004 0.0150616 0.0288
v 0.007391200000000004 0.0150616 0.0208
v 0.0056568000000000035 0.0176568 0.0208
v 0.003061600000000003 0.0193912 0.0288
v 3.469446951953614e-18 0.028 0.0288
v 3.469446951953614e-18 0.044 0.0288
v -0.064 0.044 0.0288
v -0.064 0.028 0.0288
v -0.064 0.028 0.0192
v 3.469446951953614e-18 0.028 0.0192
v 3.469446951953614e-18 0.028 0.0288
v -0.064 0.028 0.0288
v 3.469446951953614e-18 0.028 0.0192
v 3.469446951953614e-18 0.044 0.0192
v 3.469446951953614e-18 0.044 0.0288
v 3.469446951953614e-18 0.028 0.0288
v -0.064 0.044 0.0192
v -0.064 0.028 0.0192
v -0.064 0.028 0.0288
v -0.064 0.044 0.0288
v -0.0015999999999999964 0.0424 0.0272
v -0.0624 0.0424 0.0272
v -0.0624 0.0296 0.0272
v -0.0015999999999999964 0.0296 0.0272
v -0.0624 0.0296 0.0272
v -0.0624 0.0296 0.0192
v -0.0015999999999999964 0.0296 0.0192
v -0.0015999999999999964 0.0296 0.0272
v -0.0015999999999999964 0.0296 0.0272
v -0.0015999999999999964 0.0296 0.0192
v -0.0015999999999999964 0.0424 0.0192
v -0.0015999999999999964 0.0424 0.0272
v -0.0015999999999999964 0.0424 0.0272
v -0.0015999999999999964 0.0424 0.0192
v -0.0624 0.0424 0.0192
v -0.0624 0.0424 0.0272
v -0.0624 0.0424 0.0272
v -0.0624 0.0424 0.0192
v -0.0624 0.0296 0.0192
v -0.0624 0.0296 0.0272
v 3.469446951953614e-18 0.028 0.0192
v -0.0015999999999999964 0.0296 0.0192
v -0.0624 0.0296 0.0192
v -0.064 0.028 0.0192
v -0.064 0.044 0.0192
v -0.0624 0.0424 0.0192
v -0.0015999999999999964 0.0424 0.0192
v 3.469446951953614e-18 0.044 0.0192
v -0.006399999999999997 0.032 0.0288
v -0.006217399999999996 0.0310815 0.0288
v -0.006217399999999996 0.0310815 0.0304
v -0.006399999999999997 0.032 0.0304
v -0.005696999999999997 0.030303 0.0288
v -0.005696999999999997 0.030303 0.0304
v -0.004918499999999997 0.0297826 0.0288
v -0.004918499999999997 0.0297826 0.0304
v -0.003999999999999997 0.0296 0.0288
v -0.003999999999999997 0.0296 0.0304
v -0.0030814999999999966 0.0297826 0.0288
v -0.0030814999999999966 0.0297826 0.0304
v -0.002302999999999997 0.030303 0.0288
v -0.002302999999999997 0.030303 0.0304
v -0.001782599999999997 0.0310815 0.0288
v -0.001782599999999997 0.0310815 0.0304
v -0.0015999999999999964 0.032 0.0288
v -0.0015999999999999964 0.032 0.0304
v -0.001782599999999997 0.0329185 0.0288
v -0.001782599999999997 0.0329185 0.0304
v -0.002302999999999997 0.033697000000000005 0.0288
v -0.002302999999999997 0.033697000000000005 0.0304
v -0.0030814999999999966 0.0342174 0.0288
v -0.0030814999999999966 0.0342174 0.0304
v -0.003999999999999997 0.0344 0.0288
v -0.003999999999999997 0.0344 0.0304
v -0.004918499999999997 0.0342174 0.0288
v -0.004918499999999997 0.0342174 0.0304
v -0.005696999999999997 0.033697000000000005 0.0288
v -0.005696999999999997 0.033697000000000005 0.0304
v -0.006217399999999996 0.0329185 0.0288
v -0.006217399999999996 0.0329185 0.0304
v -0.006217399999999996 0.0310815 0.0304
v -0.006399999999999997 0.032 0.0304
v -0.003999999999999997 0.032 0.0304
v -0.005696999999999997 0.030303 0.0304
v -0.004918499999999997 0.0297826 0.0304
v -0.003999999999999997 0.0296 0.0304
v -0.0030814999999999966 0.0297826 0.0304
v -0.002302999999999997 0.030303 0.0304
v -0.001782599999999997 0.0310815 0.0304
v -0.0015999999999999964 0.032 0.0304
v -0.001782599999999997 0.0329185 0.0304
v -0.002302999999999997 0.033697000000000005 0.0304
v -0.0030814999999999966 0.0342174 0.0304
v -0.003999999999999997 0.0344 0.0304
v -0.004918499999999997 0.0342174 0.0304
v -0.005696999999999997 0.033697000000000005 0.0304
v -0.006217399999999996 0.0329185 0.0304
v -0.014399999999999996 0.032 0.0288
v -0.014217399999999996 0.0310815 0.0288
v -0.014217399999999996 0.0310815 0.0304
v -0.014399999999999996 0.032 0.0304
v -0.013696999999999997 0.030303 0.0288
v -0.013696999999999997 0.030303 0.0304
v -0.012918499999999996 0.0297826 0.0288
v -0.012918499999999996 0.0297826 0.0304
v -0.011999999999999997 0.0296 0.0288
v -0.011999999999999997 0.0296 0.0304
v -0.011081499999999998 0.0297826 0.0288
v -0.011081499999999998 0.0297826 0.0304
v -0.010302999999999996 0.030303 0.0288
v -0.010302999999999996 0.030303 0.0304
v -0.009782599999999997 0.0310815 0.0288
v -0.009782599999999997 0.0310815 0.0304
v -0.009599999999999997 0.032 0.0288
v -0.009599999999999997 0.032 0.0304
v -0.009782599999999997 0.0329185 0.0288
v -0.009782599999999997 0.0329185 0.0304
v -0.010302999999999996 0.033697000000000005 0.0288
v -0.010302999999999996 0.033697000000000005 0.0304
v -0.011081499999999998 0.0342174 0.0288
v -0.011081499999999998 0.0342174 0.0304
v -0.011999999999999997 0.0344 0.0288
v -0.011999999999999997 0.0344 0.0304
v -0.012918499999999996 0.0342174 0.0288
v -0.012918499999999996 0.0342174 0.0304
v -0.013696999999999997 0.033697000000000005 0.0288
v -0.013696999999999997 0.033697000000000005 0.0304
v -0.014217399999999996 0.0329185 0.0288
v -0.014217399999999996 0.0329185 0.0304
v -0.014217399999999996 0.0310815 0.0304
v -0.014399999999999996 0.032 0.0304
v -0.011999999999999997 0.032 0.0304
v -0.013696999999999997 0.030303 0.0304
v -0.012918499999999996 0.0297826 0.0304
v -0.011999999999999997 0.0296 0.0304
v -0.011081499999999998 0.0297826 0.0304
v -0.010302999999999996 0.030303 0.0304
v -0.009782599999999997 0.0310815 0.0304
v -0.009599999999999997 0.032 0.0304
v -0.009782599999999997 0.0329185 0.0304
v -0.010302999999999996 0.033697000000000005 0.0304
v -0.011081499999999998 0.0342174 0.0304
v -0.011999999999999997 0.0344 0.0304
v -0.012918499999999996 0.0342174 0.0304
v -0.013696999999999997 0.033697000000000005 0.0304
v -0.014217399999999996 0.0329185 0.0304
v -0.022399999999999996 0.032 0.0288
v -0.022217399999999998 0.0310815 0.0288
v -0.022217399999999998 0.0310815 0.0304
v -0.022399999999999996 0.032 0.0304
v -0.021696999999999998 0.030303 0.0288
v -0.021696999999999998 0.030303 0.0304
v -0.020918499999999996 0.0297826 0.0288
v -0.020918499999999996 0.0297826 0.0304
v -0.019999999999999997 0.0296 0.0288
v -0.019999999999999997 0.0296 0.0304
v -0.019081499999999994 0.0297826 0.0288
v -0.019081499999999994 0.0297826 0.0304
v -0.018302999999999996 0.030303 0.0288
v -0.018302999999999996 0.030303 0.0304
v -0.017782599999999996 0.0310815 0.0288
v -0.017782599999999996 0.0310815 0.0304
v -0.017599999999999998 0.032 0.0288
v -0.017599999999999998 0.032 0.0304
v -0.017782599999999996 0.0329185 0.0288
v -0.017782599999999996 0.0329185 0.0304
v -0.018302999999999996 0.033697000000000005 0.0288
v -0.018302999999999996 0.033697000000000005 0.0304
v -0.019081499999999994 0.0342174 0.0288
v -0.019081499999999994 0.0342174 0.0304
v -0.019999999999999997 0.0344 0.0288
v -0.019999999999999997 0.0344 0.0304
v -0.020918499999999996 0.0342174 0.0288
v -0.020918499999999996 0.0342174 0.0304
v -0.021696999999999998 0.033697000000000005 0.0288
v -0.021696999999999998 0.033697000000000005 0.0304
v -0.022217399999999998 0.0329185 0.0288
v -0.022217399999999998 0.0329185 0.0304
v -0.022217399999999998 0.0310815 0.0304
v -0.022399999999999996 0.032 0.0304
v -0.019999999999999997 0.032 0.0304
v -0.021696999999999998 0.030303 0.0304
v -0.020918499999999996 0.0297826 0.0304
v -0.019999999999999997 0.0296 0.0304
v -0.019081499999999994 0.0297826 0.0304
v -0.018302999999999996 0.030303 0.0304
v -0.017782599999999996 0.0310815 0.0304
v -0.017599999999999998 0.032 0.0304
v -0.017782599999999996 0.0329185 0.0304
v -0.018302999999999996 0.033697000000000005 0.0304
v -0.019081499999999994 0.0342174 0.0304
v -0.019999999999999997 0.0344 0.0304
v -0.020918499999999996 0.0342174 0.0304
v -0.021696999999999998 0.033697000000000005 0.0304
v -0.022217399999999998 0.0329185 0.0304
v -0.030399999999999996 0.032 0.0288
v -0.0302174 0.0310815 0.0288
v -0.0302174 0.0310815 0.0304
v -0.030399999999999996 0.032 0.0304
v -0.029696999999999998 0.030303 0.0288
v -0.029696999999999998 0.030303 0.0304
v -0.028918499999999996 0.0297826 0.0288
v -0.028918499999999996 0.0297826 0.0304
v -0.027999999999999997 0.0296 0.0288
v -0.027999999999999997 0.0296 0.0304
v -0.027081499999999998 0.0297826 0.0288
v -0.027081499999999998 0.0297826 0.0304
v -0.026302999999999997 0.030303 0.0288
v -0.026302999999999997 0.030303 0.0304
v -0.025782599999999996 0.0310815 0.0288
v -0.025782599999999996 0.0310815 0.0304
v -0.025599999999999998 0.032 0.0288
v -0.025599999999999998 0.032 0.0304
v -0.025782599999999996 0.0329185 0.0288
v -0.025782599999999996 0.0329185 0.0304
v -0.026302999999999997 0.033697000000000005 0.0288
v -0.026302999999999997 0.033697000000000005 0.0304
v -0.027081499999999998 0.0342174 0.0288
v -0.027081499999999998 0.0342174 0.0304
v -0.027999999999999997 0.0344 0.0288
v -0.027999999999999997 0.0344 0.0304
v -0.028918499999999996 0.0342174 0.0288
v -0.028918499999999996 0.0342174 0.0304
v -0.029696999999999998 0.033697000000000005 0.0288
v -0.029696999999999998 0.033697000000000005 0.0304
v -0.0302174 0.0329185 0.0288
v -0.0302174 0.0329185 0.0304
v -0.0302174 0.0310815 0.0304
v -0.030399999999999996 0.032 0.0304
v -0.027999999999999997 0.032 0.0304
v -0.029696999999999998 0.030303 0.0304
v -0.028918499999999996 0.0297826 0.0304
v -0.027999999999999997 0.0296 0.0304
v -0.027081499999999998 0.0297826 0.0304
v -0.026302999999999997 0.030303 0.0304
v -0.025782599999999996 0.0310815 0.0304
v -0.025599999999999998 0.032 0.0304
v -0.025782599999999996 0.0329185 0.0304
v -0.026302999999999997 0.033697000000000005 0.0304
v -0.027081499999999998 0.0342174 0.0304
v -0.027999999999999997 0.0344 0.0304
v -0.028918499999999996 0.0342174 0.0304
v -0.029696999999999998 0.033697000000000005 0.0304
v -0.0302174 0.0329185 0.0304
v -0.0384 0.032 0.0288
v -0.0382174 0.0310815 0.0288
v -0.0382174 0.0310815 0.0304
v -0.0384 0.032 0.0304
v -0.037696999999999994 0.030303 0.0288
v -0.037696999999999994 0.030303 0.0304
v -0.03691849999999999 0.0297826 0.0288
v -0.03691849999999999 0.0297826 0.0304
v -0.036 0.0296 0.0288
v -0.036 0.0296 0.0304
v -0.0350815 0.0297826 0.0288
v -0.0350815 0.0297826 0.0304
v -0.034303 0.030303 0.0288
v -0.034303 0.030303 0.0304
v -0.033782599999999996 0.0310815 0.0288
v -0.033782599999999996 0.0310815 0.0304
v -0.0336 0.032 0.0288
v -0.0336 0.032 0.0304
v -0.033782599999999996 0.0329185 0.0288
v -0.033782599999999996 0.0329185 0.0304
v -0.034303 0.033697000000000005 0.0288
v -0.034303 0.033697000000000005 0.0304
v -0.0350815 0.0342174 0.0288
v -0.0350815 0.0342174 0.0304
v -0.036 0.0344 0.0288
v -0.036 0.0344 0.0304
v -0.03691849999999999 0.0342174 0.0288
v -0.03691849999999999 0.0342174 0.0304
v -0.037696999999999994 0.033697000000000005 0.0288
v -0.037696999999999994 0.033697000000000005 0.0304
v -0.0382174 0.0329185 0.0288
v -0.0382174 0.0329185 0.0304
v -0.0382174 0.0310815 0.0304
v -0.0384 0.032 0.0304
v -0.036 0.032 0.0304
v -0.037696999999999994 0.030303 0.0304
v -0.03691849999999999 0.0297826 0.0304
v -0.036 0.0296 0.0304
v -0.0350815 0.0297826 0.0304
v -0.034303 0.030303 0.0304
v -0.033782599999999996 0.0310815 0.0304
v -0.0336 0.032 0.0304
v -0.033782599999999996 0.0329185 0.0304
v -0.034303 0.033697000000000005 0.0304
v -0.0350815 0.0342174 0.0304
v -0.036 0.0344 0.0304
v -0.03691849999999999 0.0342174 0.0304
v -0.037696999999999994 0.033697000000000005 0.0304
v -0.0382174 0.0329185 0.0304
v -0.0464 0.032 0.0288
v -0.04621739999999999 0.0310815 0.0288
v -0.04621739999999999 0.0310815 0.0304
v -0.0464 0.032 0.0304
v -0.045697 0.030303 0.0288
v -0.045697 0.030303 0.0304
v -0.0449185 0.0297826 0.0288
v -0.0449185 0.0297826 0.0304
v -0.044 0.0296 0.0288
v -0.044 0.0296 0.0304
v -0.043081499999999995 0.0297826 0.0288
v -0.043081499999999995 0.0297826 0.0304
v -0.04230299999999999 0.030303 0.0288
v -0.04230299999999999 0.030303 0.0304
v -0.0417826 0.0310815 0.0288
v -0.0417826 0.0310815 0.0304
v -0.0416 0.032 0.0288
v -0.0416 0.032 0.0304
v -0.0417826 0.0329185 0.0288
v -0.0417826 0.0329185 0.0304
v -0.04230299999999999 0.033697000000000005 0.0288
v -0.04230299999999999 0.033697000000000005 0.0304
v -0.043081499999999995 0.0342174 0.0288
v -0.043081499999999995 0.0342174 0.0304
v -0.044 0.0344 0.0288
v -0.044 0.0344 0.0304
v -0.0449185 0.0342174 0.0288
v -0.0449185 0.0342174 0.0304
v -0.045697 0.033697000000000005 0.0288
v -0.045697 0.033697000000000005 0.0304
v -0.04621739999999999 0.0329185 0.0288
v -0.04621739999999999 0.0329185 0.0304
v -0.04621739999999999 0.0310815 0.0304
v -0.0464 0.032 0.0304
v -0.044 0.032 0.0304
v -0.045697 0.030303 0.0304
v -0.0449185 0.0297826 0.0304
v -0.044 0.0296 0.0304
v -0.043081499999999995 0.0297826 0.0304
v -0.04230299999999999 0.030303 0.0304
v -0.0417826 0.0310815 0.0304
v -0.0416 0.032 0.0304
v -0.0417826 0.0329185 0.0304
v -0.04230299999999999 0.033697000000000005 0.0304
v -0.043081499999999995 0.0342174 0.0304
v -0.044 0.0344 0.0304
v -0.0449185 0.0342174 0.0304
v -0.045697 0.033697000000000005 0.0304
v -0.04621739999999999 0.0329185 0.0304
v -0.05439999999999999 0.032 0.0288
v -0.0542174 0.0310815 0.0288
v -0.0542174 0.0310815 0.0304
v -0.05439999999999999 0.032 0.0304
v -0.053696999999999995 0.030303 0.0288
v -0.053696999999999995 0.030303 0.0304
v -0.05291849999999999 0.0297826 0.0288
v -0.05291849999999999 0.0297826 0.0304
v -0.05199999999999999 0.0296 0.0288
v -0.05199999999999999 0.0296 0.0304
v -0.0510815 0.0297826 0.0288
v -0.0510815 0.0297826 0.0304
v -0.050303 0.030303 0.0288
v -0.050303 0.030303 0.0304
v -0.049782599999999996 0.0310815 0.0288
v -0.049782599999999996 0.0310815 0.0304
v -0.04959999999999999 0.032 0.0288
v -0.04959999999999999 0.032 0.0304
v -0.049782599999999996 0.0329185 0.0288
v -0.049782599999999996 0.0329185 0.0304
v -0.050303 0.033697000000000005 0.0288
v -0.050303 0.033697000000000005 0.0304
v -0.0510815 0.0342174 0.0288
v -0.0510815 0.0342174 0.0304
v -0.05199999999999999 0.0344 0.0288
v -0.05199999999999999 0.0344 0.0304
v -0.05291849999999999 0.0342174 0.0288
v -0.05291849999999999 0.0342174 0.0304
v -0.053696999999999995 0.033697000000000005 0.0288
v -0.053696999999999995 0.033697000000000005 0.0304
v -0.0542174 0.0329185 0.0288
v -0.0542174 0.0329185 0.0304
v -0.0542174 0.0310815 0.0304
v -0.05439999999999999 0.032 0.0304
v -0.05199999999999999 0.032 0.0304
v -0.053696999999999995 0.030303 0.0304
v -0.05291849999999999 0.0297826 0.0304
v -0.05199999999999999 0.0296 0.0304
v -0.0510815 0.0297826 0.0304
v -0.050303 0.030303 0.0304
v -0.049782599999999996 0.0310815 0.0304
v -0.04959999999999999 0.032 0.0304
v -0.049782599999999996 0.0329185 0.0304
v -0.050303 0.033697000000000005 0.0304
v -0.0510815 0.0342174 0.0304
v -0.05199999999999999 0.0344 0.0304
v -0.05291849999999999 0.0342174 0.0304
v -0.053696999999999995 0.033697000000000005 0.0304
v -0.0542174 0.0329185 0.0304
v -0.0624 0.032 0.0288
v -0.06221739999999999 0.0310815 0.0288
v -0.06221739999999999 0.0310815 0.0304
v -0.0624 0.032 0.0304
v -0.061697 0.030303 0.0288
v -0.061697 0.030303 0.0304
v -0.0609185 0.0297826 0.0288
v -0.0609185 0.0297826 0.0304
v -0.06 0.0296 0.0288
v -0.06 0.0296 0.0304
v -0.059081499999999995 0.0297826 0.0288
v -0.059081499999999995 0.0297826 0.0304
v -0.058302999999999994 0.030303 0.0288
v -0.058302999999999994 0.030303 0.0304
v -0.0577826 0.0310815 0.0288
v -0.0577826 0.0310815 0.0304
v -0.0576 0.032 0.0288
v -0.0576 0.032 0.0304
v -0.0577826 0.0329185 0.0288
v -0.0577826 0.0329185 0.0304
v -0.058302999999999994 0.033697000000000005 0.0288
v -0.058302999999999994 0.033697000000000005 0.0304
v -0.059081499999999995 0.0342174 0.0288
v -0.059081499999999995 0.0342174 0.0304
v -0.06 0.0344 0.0288
v -0.06 0.0344 0.0304
v -0.0609185 0.0342174 0.0288
v -0.0609185 0.0342174 0.0304
v -0.061697 0.033697000000000005 0.0288
v -0.061697 0.033697000000000005 0.0304
v -0.06221739999999999 0.0329185 0.0288
v -0.06221739999999999 0.0329185 0.0304
v -0.06221739999999999 0.0310815 0.0304
v -0.0624 0.032 0.0304
v -0.06 0.032 0.0304
v -0.061697 0.030303 0.0304
v -0.0609185 0.0297826 0.0304
v -0.06 0.0296 0.0304
v -0.059081499999999995 0.0297826 0.0304
v -0.058302999999999994 0.030303 0.0304
v -0.0577826 0.0310815 0.0304
v -0.0576 0.032 0.0304
v -0.0577826 0.0329185 0.0304
v -0.058302999999999994 0.033697000000000005 0.0304
v -0.059081499999999995 0.0342174 0.0304
v -0.06 0.0344 0.0304
v -0.0609185 0.0342174 0.0304
v -0.061697 0.033697000000000005 0.0304
v -0.06221739999999999 0.0329185 0.0304
v -0.006399999999999997 0.04 0.0288
v -0.006217399999999996 0.039081500000000005 0.0288
v -0.006217399999999996 0.039081500000000005 0.0304
v -0.006399999999999997 0.04 0.0304
v -0.005696999999999997 0.038303000000000004 0.0288
v -0.005696999999999997 0.038303000000000004 0.0304
v -0.004918499999999997 0.0377826 0.0288
v -0.004918499999999997 0.0377826 0.0304
v -0.003999999999999997 0.0376 0.0288
v -0.003999999999999997 0.0376 0.0304
v -0.0030814999999999966 0.0377826 0.0288
v -0.0030814999999999966 0.0377826 0.0304
v -0.002302999999999997 0.038303000000000004 0.0288
v -0.002302999999999997 0.038303000000000004 0.0304
v -0.001782599999999997 0.039081500000000005 0.0288
v -0.001782599999999997 0.039081500000000005 0.0304
v -0.0015999999999999964 0.04 0.0288
v -0.0015999999999999964 0.04 0.0304
v -0.001782599999999997 0.0409185 0.0288
v -0.001782599999999997 0.0409185 0.0304
v -0.002302999999999997 0.041697 0.0288
v -0.002302999999999997 0.041697 0.0304
v -0.0030814999999999966 0.0422174 0.0288
v -0.0030814999999999966 0.0422174 0.0304
v -0.003999999999999997 0.0424 0.0288
v -0.003999999999999997 0.0424 0.0304
v -0.004918499999999997 0.0422174 0.0288
v -0.004918499999999997 0.0422174 0.0304
v -0.005696999999999997 0.041697 0.0288
v -0.005696999999999997 0.041697 0.0304
v -0.006217399999999996 0.0409185 0.0288
v -0.006217399999999996 0.0409185 0.0304
v -0.006217399999999996 0.039081500000000005 0.0304
v -0.006399999999999997 0.04 0.0304
v -0.003999999999999997 0.04 0.0304
v -0.005696999999999997 0.038303000000000004 0.0304
v -0.004918499999999997 0.0377826 0.0304
v -0.003999999999999997 0.0376 0.0304
v -0.0030814999999999966 0.0377826 0.0304
v -0.002302999999999997 0.038303000000000004 0.0304
v -0.001782599999999997 0.039081500000000005 0.0304
v -0.0015999999999999964 0.04 0.0304
v -0.001782599999999997 0.0409185 0.0304
v -0.002302999999999997 0.041697 0.0304
v -0.0030814999999999966 0.0422174 0.0304
v -0.003999999999999997 0.0424 0.0304
v -0.004918499999999997 0.0422174 0.0304
v -0.005696999999999997 0.041697 0.0304
v -0.006217399999999996 0.0409185 0.0304
v -0.014399999999999996 0.04 0.0288
v -0.014217399999999996 0.039081500000000005 0.0288
v -0.014217399999999996 0.039081500000000005 0.0304
v -0.014399999999999996 0.04 0.0304
v -0.013696999999999997 0.038303000000000004 0.0288
v -0.013696999999999997 0.038303000000000004 0.0304
v -0.012918499999999996 0.0377826 0.0288
v -0.012918499999999996 0.0377826 0.0304
v -0.011999999999999997 0.0376 0.0288
v -0.011999999999999997 0.0376 0.0304
v -0.011081499999999998 0.0377826 0.0288
v -0.011081499999999998 0.0377826 0.0304
v -0.010302999999999996 0.038303000000000004 0.0288
v -0.010302999999999996 0.038303000000000004 0.0304
v -0.009782599999999997 0.039081500000000005 0.0288
v -0.009782599999999997 0.039081500000000005 0.0304
v -0.009599999999999997 0.04 0.0288
v -0.009599999999999997 0.04 0.0304
v -0.009782599999999997 0.0409185 0.0288
v -0.009782599999999997 0.0409185 0.0304
v -0.010302999999999996 0.041697 0.0288
v -0.010302999999999996 0.041697 0.0304
v -0.011081499999999998 0.0422174 0.0288
v -0.011081499999999998 0.0422174 0.0304
v -0.011999999999999997 0.0424 0.0288
v -0.011999999999999997 0.0424 0.0304
v -0.012918499999999996 0.0422174 0.0288
v -0.012918499999999996 0.0422174 0.0304
v -0.013696999999999997 0.041697 0.0288
v -0.013696999999999997 0.041697 0.0304
v -0.014217399999999996 0.0409185 0.0288
v -0.014217399999999996 0.0409185 0.0304
v -0.014217399999999996 0.039081500000000005 0.0304
v -0.014399999999999996 0.04 0.0304
v -0.011999999999999997 0.04 0.0304
v -0.013696999999999997 0.038303000000000004 0.0304
v -0.012918499999999996 0.0377826 0.0304
v -0.011999999999999997 0.0376 0.0304
v -0.011081499999999998 0.0377826 0.0304
v -0.010302999999999996 0.038303000000000004 0.0304
v -0.009782599999999997 0.039081500000000005 0.0304
v -0.009599999999999997 0.04 0.0304
v -0.009782599999999997 0.0409185 0.0304
v -0.010302999999999996 0.041697 0.0304
v -0.011081499999999998 0.0422174 0.0304
v -0.011999999999999997 0.0424 0.0304
v -0.012918499999999996 0.0422174 0.0304
v -0.013696999999999997 0.041697 0.0304
v -0.014217399999999996 0.0409185 0.0304
v -0.022399999999999996 0.04 0.0288
v -0.022217399999999998 0.039081500000000005 0.0288
v -0.022217399999999998 0.039081500000000005 0.0304
v -0.022399999999999996 0.04 0.0304
v -0.021696999999999998 0.038303000000000004 0.0288
v -0.021696999999999998 0.038303000000000004 0.0304
v -0.020918499999999996 0.0377826 0.0288
v -0.020918499999999996 0.0377826 0.0304
v -0.019999999999999997 0.0376 0.0288
v -0.019999999999999997 0.0376 0.0304
v -0.019081499999999994 0.0377826 0.0288
v -0.019081499999999994 0.0377826 0.0304
v -0.018302999999999996 0.038303000000000004 0.0288
v -0.018302999999999996 0.038303000000000004 0.0304
v -0.017782599999999996 0.039081500000000005 0.0288
v -0.017782599999999996 0.039081500000000005 0.0304
v -0.017599999999999998 0.04 0.0288
v -0.017599999999999998 0.04 0.0304
v -0.017782599999999996 0.0409185 0.0288
v -0.017782599999999996 0.0409185 0.0304
v -0.018302999999999996 0.041697 0.0288
v -0.018302999999999996 0.041697 0.0304
v -0.019081499999999994 0.0422174 0.0288
v -0.019081499999999994 0.0422174 0.0304
v -0.019999999999999997 0.0424 0.0288
v -0.019999999999999997 0.0424 0.0304
v -0.020918499999999996 0.0422174 0.0288
v -0.020918499999999996 0.0422174 0.0304
v -0.021696999999999998 0.041697 0.0288
v -0.021696999999999998 0.041697 0.0304
v -0.022217399999999998 0.0409185 0.0288
v -0.022217399999999998 0.0409185 0.0304
v -0.022217399999999998 0.039081500000000005 0.0304
v -0.022399999999999996 0.04 0.0304
v -0.019999999999999997 0.04 0.0304
v -0.021696999999999998 0.038303000000000004 0.0304
v -0.020918499999999996 0.0377826 0.0304
v -0.019999999999999997 0.0376 0.0304
v -0.019081499999999994 0.0377826 0.0304
v -0.018302999999999996 0.038303000000000004 0.0304
v -0.017782599999999996 0.039081500000000005 0.0304
v -0.017599999999999998 0.04 0.0304
v -0.017782599999999996 0.0409185 0.0304
v -0.018302999999999996 0.041697 0.0304
v -0.019081499999999994 0.0422174 0.0304
v -0.019999999999999997 0.0424 0.0304
v -0.020918499999999996 0.0422174 0.0304
v -0.021696999999999998 0.041697 0.0304
v -0.022217399999999998 0.0409185 0.0304
v -0.030399999999999996 0.04 0.0288
v -0.0302174 0.039081500000000005 0.0288
v -0.0302174 0.039081500000000005 0.0304
v -0.030399999999999996 0.04 0.0304
v -0.029696999999999998 0.038303000000000004 0.0288
v -0.029696999999999998 0.038303000000000004 0.0304
v -0.028918499999999996 0.0377826 0.0288
v -0.028918499999999996 0.0377826 0.0304
v -0.027999999999999997 0.0376 0.0288
v -0.027999999999999997 0.0376 0.0304
v -0.027081499999999998 0.0377826 0.0288
v -0.027081499999999998 0.0377826 0.0304
v -0.026302999999999997 0.038303000000000004 0.0288
v -0.026302999999999997 0.038303000000000004 0.0304
v -0.025782599999999996 0.039081500000000005 0.0288
v -0.025782599999999996 0.039081500000000005 0.0304
v -0.025599999999999998 0.04 0.0288
v -0.025599999999999998 0.04 0.0304
v -0.025782599999999996 0.0409185 0.0288
v -0.025782599999999996 0.0409185 0.0304
v -0.026302999999999997 0.041697 0.0288
v -0.026302999999999997 0.041697 0.0304
v -0.027081499999999998 0.0422174 0.0288
v -0.027081499999999998 0.0422174 0.0304
v -0.027999999999999997 0.0424 0.0288
v -0.027999999999999997 0.0424 0.0304
v -0.028918499999999996 0.0422174 0.0288
v -0.028918499999999996 0.0422174 0.0304
v -0.029696999999999998 0.041697 0.0288
v -0.029696999999999998 0.041697 0.0304
v -0.0302174 0.0409185 0.0288
v -0.0302174 0.0409185 0.0304
v -0.0302174 0.039081500000000005 0.0304
v -0.030399999999999996 0.04 0.0304
v -0.027999999999999997 0.04 0.0304
v -0.029696999999999998 0.038303000000000004 0.0304
v -0.028918499999999996 0.0377826 0.0304
v -0.027999999999999997 0.0376 0.0304
v -0.027081499999999998 0.0377826 0.0304
v -0.026302999999999997 0.038303000000000004 0.0304
v -0.025782599999999996 0.039081500000000005 0.0304
v -0.025599999999999998 0.04 0.0304
v -0.025782599999999996 0.0409185 0.0304
v -0.026302999999999997 0.041697 0.0304
v -0.027081499999999998 0.0422174 0.0304
v -0.027999999999999997 0.0424 0.0304
v -0.028918499999999996 0.0422174 0.0304
v -0.029696999999999998 0.041697 0.0304
v -0.0302174 0.0409185 0.0304
v -0.0384 0.04 0.0288
v -0.0382174 0.039081500000000005 0.0288
v -0.0382174 0.039081500000000005 0.0304
v -0.0384 0.04 0.0304
v -0.037696999999999994 0.038303000000000004 0.0288
v -0.037696999999999994 0.038303000000000004 0.0304
v -0.03691849999999999 0.0377826 0.0288
v -0.03691849999999999 0.0377826 0.0304
v -0.036 0.0376 0.0288
v -0.036 0.0376 0.0304
v -0.0350815 0.0377826 0.0288
v -0.0350815 0.0377826 0.0304
v -0.034303 0.038303000000000004 0.0288
v -0.034303 0.038303000000000004 0.0304
v -0.033782599999999996 0.039081500000000005 0.0288
v -0.033782599999999996 0.039081500000000005 0.0304
v -0.0336 0.04 0.0288
v -0.0336 0.04 0.0304
v -0.033782599999999996 0.0409185 0.0288
v -0.033782599999999996 0.0409185 0.0304
v -0.034303 0.041697 0.0288
v -0.034303 0.041697 0.0304
v -0.0350815 0.0422174 0.0288
v -0.0350815 0.0422174 0.0304
v -0.036 0.0424 0.0288
v -0.036 0.0424 0.0304
v -0.03691849999999999 0.0422174 0.0288
v -0.03691849999999999 0.0422174 0.0304
v -0.037696999999999994 0.041697 0.0288
v -0.037696999999999994 0.041697 0.0304
v -0.0382174 0.0409185 0.0288
v -0.0382174 0.0409185 0.0304
v -0.0382174 0.039081500000000005 0.0304
v -0.0384 0.04 0.0304
v -0.036 0.04 0.0304
v -0.037696999999999994 0.038303000000000004 0.0304
v -0.03691849999999999 0.0377826 0.0304
v -0.036 0.0376 0.0304
v -0.0350815 0.0377826 0.0304
v -0.034303 0.038303000000000004 0.0304
v -0.033782599999999996 0.039081500000000005 0.0304
v -0.0336 0.04 0.0304
v -0.033782599999999996 0.0409185 0.0304
v -0.034303 0.041697 0.0304
v -0.0350815 0.0422174 0.0304
v -0.036 0.0424 0.0304
v -0.03691849999999999 0.0422174 0.0304
v -0.037696999999999994 0.041697 0.0304
v -0.0382174 0.0409185 0.0304
v -0.0464 0.04 0.0288
v -0.04621739999999999 0.039081500000000005 0.0288
v -0.04621739999999999 0.039081500000000005 0.0304
v -0.0464 0.04 0.0304
v -0.045697 0.038303000000000004 0.0288
v -0.045697 0.038303000000000004 0.0304
v -0.0449185 0.0377826 0.0288
v -0.0449185 0.0377826 0.0304
v -0.044 0.0376 0.0288
v -0.044 0.0376 0.0304
v -0.043081499999999995 0.0377826 0.0288
v -0.043081499999999995 0.0377826 0.0304
v -0.04230299999999999 0.038303000000000004 0.0288
v -0.04230299999999999 0.038303000000000004 0.0304
v -0.0417826 0.039081500000000005 0.0288
v -0.0417826 0.039081500000000005 0.0304
v -0.0416 0.04 0.0288
v -0.0416 0.04 0.0304
v -0.0417826 0.0409185 0.0288
v -0.0417826 0.0409185 0.0304
v -0.04230299999999999 0.041697 0.0288
v -0.04230299999999999 0.041697 0.0304
v -0.043081499999999995 0.0422174 0.0288
v -0.043081499999999995 0.0422174 0.0304
v -0.044 0.0424 0.0288
v -0.044 0.0424 0.0304
v -0.0449185 0.0422174 0.0288
v -0.0449185 0.0422174 0.0304
v -0.045697 0.041697 0.0288
v -0.045697 0.041697 0.0304
v -0.04621739999999999 0.0409185 0.0288
v -0.04621739999999999 0.0409185 0.0304
v -0.04621739999999999 0.039081500000000005 0.0304
v -0.0464 0.04 0.0304
v -0.044 0.04 0.0304
v -0.045697 0.038303000000000004 0.0304
v -0.0449185 0.0377826 0.0304
v -0.044 0.0376 0.0304
v -0.043081499999999995 0.0377826 0.0304
v -0.04230299999999999 0.038303000000000004 0.0304
v -0.0417826 0.039081500000000005 0.0304
v -0.0416 0.04 0.0304
v -0.0417826 0.0409185 0.0304
v -0.04230299999999999 0.041697 0.0304
v -0.043081499999999995 0.0422174 0.0304
v -0.044 0.0424 0.0304
v -0.0449185 0.0422174 0.0304
v -0.045697 0.041697 0.0304
v -0.04621739999999999 0.0409185 0.0304
v -0.05439999999999999 0.04 0.0288
v -0.0542174 0.039081500000000005 0.0288
v -0.0542174 0.039081500000000005 0.0304
v -0.05439999999999999 0.04 0.0304
v -0.053696999999999995 0.038303000000000004 0.0288
v -0.053696999999999995 0.038303000000000004 0.0304
v -0.05291849999999999 0.0377826 0.0288
v -0.05291849999999999 0.0377826 0.0304
v -0.05199999999999999 0.0376 0.0288
v -0.05199999999999999 0.0376 0.0304
v -0.0510815 0.0377826 0.0288
v -0.0510815 0.0377826 0.0304
v -0.050303 0.038303000000000004 0.0288
v -0.050303 0.038303000000000004 0.0304
v -0.049782599999999996 0.039081500000000005 0.0288
v -0.049782599999999996 0.039081500000000005 0.0304
v -0.04959999999999999 0.04 0.0288
v -0.04959999999999999 0.04 0.0304
v -0.049782599999999996 0.0409185 0.0288
v -0.049782599999999996 0.0409185 0.0304
v -0.050303 0.041697 0.0288
v -0.050303 0.041697 0.0304
v -0.0510815 0.0422174 0.0288
v -0.0510815 0.0422174 0.0304
v -0.05199999999999999 0.0424 0.0288
v -0.05199999999999999 0.0424 0.0304
v -0.05291849999999999 0.0422174 0.0288
v -0.05291849999999999 0.0422174 0.0304
v -0.053696999999999995 0.041697 0.0288
v -0.053696999999999995 0.041697 0.0304
v -0.0542174 0.0409185 0.0288
v -0.0542174 0.0409185 0.0304
v -0.0542174 0.039081500000000005 0.0304
v -0.05439999999999999 0.04 0.0304
v -0.05199999999999999 0.04 0.0304
v -0.053696999999999995 0.038303000000000004 0.0304
v -0.05291849999999999 0.0377826 0.0304
v -0.05199999999999999 0.0376 0.0304
v -0.0510815 0.0377826 0.0304
v -0.050303 0.038303000000000004 0.0304
v -0.049782599999999996 0.039081500000000005 0.0304
v -0.04959999999999999 0.04 0.0304
v -0.049782599999999996 0.0409185 0.0304
v -0.050303 0.041697 0.0304
v -0.0510815 0.0422174 0.0304
v -0.05199999999999999 0.0424 0.0304
v -0.05291849999999999 0.0422174 0.0304
v -0.053696999999999995 0.041697 0.0304
v -0.0542174 0.0409185 0.0304
v -0.0624 0.04 0.0288
v -0.06221739999999999 0.039081500000000005 0.0288
v -0.06221739999999999 0.039081500000000005 0.0304
v -0.0624 0.04 0.0304
v -0.061697 0.038303000000000004 0.0288
v -0.061697 0.038303000000000004 0.0304
v -0.0609185 0.0377826 0.0288
v -0.0609185 0.0377826 0.0304
v -0.06 0.0376 0.0288
v -0.06 0.0376 0.0304
v -0.059081499999999995 0.0377826 0.0288
v -0.059081499999999995 0.0377826 0.0304
v -0.058302999999999994 0.038303000000000004 0.0288
v -0.058302999999999994 0.038303000000000004 0.0304
v -0.0577826 0.039081500000000005 0.0288
v -0.0577826 0.039081500000000005 0.0304
v -0.0576 0.04 0.0288
v -0.0576 0.04 0.0304
v -0.0577826 0.0409185 0.0288
v -0.0577826 0.0409185 0.0304
v -0.058302999999999994 0.041697 0.0288
v -0.058302999999999994 0.041697 0.0304
v -0.059081499999999995 0.0422174 0.0288
v -0.059081499999999995 0.0422174 0.0304
v -0.06 0.0424 0.0288
v -0.06 0.0424 0.0304
v -0.0609185 0.0422174 0.0288
v -0.0609185 0.0422174 0.0304
v -0.061697 0.041697 0.0288
v -0.061697 0.041697 0.0304
v -0.06221739999999999 0.0409185 0.0288
v -0.06221739999999999 0.0409185 0.0304
v -0.06221739999999999 0.039081500000000005 0.0304
v -0.0624 0.04 0.0304
v -0.06 0.04 0.0304
v -0.061697 0.038303000000000004 0.0304
v -0.0609185 0.0377826 0.0304
v -0.06 0.0376 0.0304
v -0.059081499999999995 0.0377826 0.0304
v -0.058302999999999994 0.038303000000000004 0.0304
v -0.0577826 0.039081500000000005 0.0304
v -0.0576 0.04 0.0304
v -0.0577826 0.0409185 0.0304
v -0.058302999999999994 0.041697 0.0304
v -0.059081499999999995 0.0422174 0.0304
v -0.06 0.0424 0.0304
v -0.0609185 0.0422174 0.0304
v -0.061697 0.041697 0.0304
v -0.06221739999999999 0.0409185 0.0304
v -0.010399999999999996 0.036000000000000004 0.0192
v -0.010217399999999996 0.0350815 0.0192
v -0.010217399999999996 0.0350815 0.0272
v -0.010399999999999996 0.036000000000000004 0.0272
v -0.009696999999999997 0.034303 0.0192
v -0.009696999999999997 0.034303 0.0272
v -0.008918499999999996 0.033782599999999996 0.0192
v -0.008918499999999996 0.033782599999999996 0.0272
v -0.007999999999999997 0.033600000000000005 0.0192
v -0.007999999999999997 0.033600000000000005 0.0272
v -0.007081499999999997 0.033782599999999996 0.0192
v -0.007081499999999997 0.033782599999999996 0.0272
v -0.006302999999999997 0.034303 0.0192
v -0.006302999999999997 0.034303 0.0272
v -0.005782599999999997 0.0350815 0.0192
v -0.005782599999999997 0.0350815 0.0272
v -0.005599999999999997 0.036000000000000004 0.0192
v -0.005599999999999997 0.036000000000000004 0.0272
v -0.005782599999999997 0.0369185 0.0192
v -0.005782599999999997 0.0369185 0.0272
v -0.006302999999999997 0.037697 0.0192
v -0.006302999999999997 0.037697 0.0272
v -0.007081499999999997 0.0382174 0.0192
v -0.007081499999999997 0.0382174 0.0272
v -0.007999999999999997 0.038400000000000004 0.0192
v -0.007999999999999997 0.038400000000000004 0.0272
v -0.008918499999999996 0.0382174 0.0192
v -0.008918499999999996 0.0382174 0.0272
v -0.009696999999999997 0.037697 0.0192
v -0.009696999999999997 0.037697 0.0272
v -0.010217399999999996 0.0369185 0.0192
v -0.010217399999999996 0.0369185 0.0272
v -0.011199999999999996 0.036000000000000004 0.0192
v -0.010956499999999997 0.0347754 0.0192
v -0.010956499999999997 0.0347754 0.0272
v -0.011199999999999996 0.036000000000000004 0.0272
v -0.010262699999999996 0.0337373 0.0192
v -0.010262699999999996 0.0337373 0.0272
v -0.009224599999999996 0.0330435 0.0192
v -0.009224599999999996 0.0330435 0.0272
v -0.007999999999999997 0.032799999999999996 0.0192
v -0.007999999999999997 0.032799999999999996 0.0272
v -0.0067753999999999965 0.0330435 0.0192
v -0.0067753999999999965 0.0330435 0.0272
v -0.005737299999999997 0.0337373 0.0192
v -0.005737299999999997 0.0337373 0.0272
v -0.005043499999999997 0.0347754 0.0192
v -0.005043499999999997 0.0347754 0.0272
v -0.004799999999999997 0.036000000000000004 0.0192
v -0.004799999999999997 0.036000000000000004 0.0272
v -0.005043499999999997 0.0372246 0.0192
v -0.005043499999999997 0.0372246 0.0272
v -0.005737299999999997 0.0382627 0.0192
v -0.005737299999999997 0.0382627 0.0272
v -0.0067753999999999965 0.038956500000000005 0.0192
v -0.0067753999999999965 0.038956500000000005 0.0272
v -0.007999999999999997 0.0392 0.0192
v -0.007999999999999997 0.0392 0.0272
v -0.009224599999999996 0.038956500000000005 0.0192
v -0.009224599999999996 0.038956500000000005 0.0272
v -0.010262699999999996 0.0382627 0.0192
v -0.010262699999999996 0.0382627 0.0272
v -0.010956499999999997 0.0372246 0.0192
v -0.010956499999999997 0.0372246 0.0272
v -0.007999999999999997 0.032799999999999996 0.0192
v -0.007999999999999997 0.033600000000000005 0.0192
v -0.007081499999999997 0.033782599999999996 0.0192
v -0.0067753999999999965 0.0330435 0.0192
v -0.006302999999999997 0.034303 0.0192
v -0.005737299999999997 0.0337373 0.0192
v -0.005782599999999997 0.0350815 0.0192
v -0.005043499999999997 0.0347754 0.0192
v -0.005599999999999997 0.036000000000000004 0.0192
v -0.004799999999999997 0.036000000000000004 0.0192
v -0.005782599999999997 0.0369185 0.0192
v -0.005043499999999997 0.0372246 0.0192
v -0.006302999999999997 0.037697 0.0192
v -0.005737299999999997 0.0382627 0.0192
v -0.007081499999999997 0.0382174 0.0192
v -0.0067753999999999965 0.038956500000000005 0.0192
v -0.007999999999999997 0.038400000000000004 0.0192
v -0.007999999999999997 0.0392 0.0192
v -0.008918499999999996 0.0382174 0.0192
v -0.009224599999999996 0.038956500000000005 0.0192
v -0.009696999999999997 0.037697 0.0192
v -0.010262699999999996 0.0382627 0.0192
v -0.010217399999999996 0.0369185 0.0192
v -0.010956499999999997 0.0372246 0.0192
v -0.010399999999999996 0.036000000000000004 0.0192
v -0.011199999999999996 0.036000000000000004 0.0192
v -0.010217399999999996 0.0350815 0.0192
v -0.010956499999999997 0.0347754 0.0192
v -0.009696999999999997 0.034303 0.0192
v -0.010262699999999996 0.0337373 0.0192
v -0.008918499999999996 0.033782599999999996 0.0192
v -0.009224599999999996 0.0330435 0.0192
v -0.018399999999999996 0.036000000000000004 0.0192
v -0.018217399999999995 0.0350815 0.0192
v -0.018217399999999995 0.0350815 0.0272
v -0.018399999999999996 0.036000000000000004 0.0272
v -0.017696999999999997 0.034303 0.0192
v -0.017696999999999997 0.034303 0.0272
v -0.016918499999999996 0.033782599999999996 0.0192
v -0.016918499999999996 0.033782599999999996 0.0272
v -0.015999999999999997 0.033600000000000005 0.0192
v -0.015999999999999997 0.033600000000000005 0.0272
v -0.015081499999999998 0.033782599999999996 0.0192
v -0.015081499999999998 0.033782599999999996 0.0272
v -0.014302999999999996 0.034303 0.0192
v -0.014302999999999996 0.034303 0.0272
v -0.013782599999999996 0.0350815 0.0192
v -0.013782599999999996 0.0350815 0.0272
v -0.013599999999999998 0.036000000000000004 0.0192
v -0.013599999999999998 0.036000000000000004 0.0272
v -0.013782599999999996 0.0369185 0.0192
v -0.013782599999999996 0.0369185 0.0272
v -0.014302999999999996 0.037697 0.0192
v -0.014302999999999996 0.037697 0.0272
v -0.015081499999999998 0.0382174 0.0192
v -0.015081499999999998 0.0382174 0.0272
v -0.015999999999999997 0.038400000000000004 0.0192
v -0.015999999999999997 0.038400000000000004 0.0272
v -0.016918499999999996 0.0382174 0.0192
v -0.016918499999999996 0.0382174 0.0272
v -0.017696999999999997 0.037697 0.0192
v -0.017696999999999997 0.037697 0.0272
v -0.018217399999999995 0.0369185 0.0192
v -0.018217399999999995 0.0369185 0.0272
v -0.019199999999999995 0.036000000000000004 0.0192
v -0.018956499999999994 0.0347754 0.0192
v -0.018956499999999994 0.0347754 0.0272
v -0.019199999999999995 0.036000000000000004 0.0272
v -0.018262699999999996 0.0337373 0.0192
v -0.018262699999999996 0.0337373 0.0272
v -0.017224599999999996 0.0330435 0.0192
v -0.017224599999999996 0.0330435 0.0272
v -0.015999999999999997 0.032799999999999996 0.0192
v -0.015999999999999997 0.032799999999999996 0.0272
v -0.014775399999999998 0.0330435 0.0192
v -0.014775399999999998 0.0330435 0.0272
v -0.013737299999999997 0.0337373 0.0192
v -0.013737299999999997 0.0337373 0.0272
v -0.013043499999999996 0.0347754 0.0192
v -0.013043499999999996 0.0347754 0.0272
v -0.012799999999999995 0.036000000000000004 0.0192
v -0.012799999999999995 0.036000000000000004 0.0272
v -0.013043499999999996 0.0372246 0.0192
v -0.013043499999999996 0.0372246 0.0272
v -0.013737299999999997 0.0382627 0.0192
v -0.013737299999999997 0.0382627 0.0272
v -0.014775399999999998 0.038956500000000005 0.0192
v -0.014775399999999998 0.038956500000000005 0.0272
v -0.015999999999999997 0.0392 0.0192
v -0.015999999999999997 0.0392 0.0272
v -0.017224599999999996 0.038956500000000005 0.0192
v -0.017224599999999996 0.038956500000000005 0.0272
v -0.018262699999999996 0.0382627 0.0192
v -0.018262699999999996 0.0382627 0.0272
v -0.018956499999999994 0.0372246 0.0192
v -0.018956499999999994 0.0372246 0.0272
v -0.015999999999999997 0.032799999999999996 0.0192
v -0.015999999999999997 0.033600000000000005 0.0192
v -0.015081499999999998 0.033782599999999996 0.0192
v -0.014775399999999998 0.0330435 0.0192
v -0.014302999999999996 0.034303 0.0192
v -0.013737299999999997 0.0337373 0.0192
v -0.013782599999999996 0.0350815 0.0192
v -0.013043499999999996 0.0347754 0.0192
v -0.013599999999999998 0.036000000000000004 0.0192
v -0.012799999999999995 0.036000000000000004 0.0192
v -0.013782599999999996 0.0369185 0.0192
v -0.013043499999999996 0.0372246 0.0192
v -0.014302999999999996 0.037697 0.0192
v -0.013737299999999997 0.0382627 0.0192
v -0.015081499999999998 0.0382174 0.0192
v -0.014775399999999998 0.038956500000000005 0.0192
v -0.015999999999999997 0.038400000000000004 0.0192
v -0.015999999999999997 0.0392 0.0192
v -0.016918499999999996 0.0382174 0.0192
v -0.017224599999999996 0.038956500000000005 0.0192
v -0.017696999999999997 0.037697 0.0192
v -0.018262699999999996 0.0382627 0.0192
v -0.018217399999999995 0.0369185 0.0192
v -0.018956499999999994 0.0372246 0.0192
v -0.018399999999999996 0.036000000000000004 0.0192
v -0.019199999999999995 0.036000000000000004 0.0192
v -0.018217399999999995 0.0350815 0.0192
v -0.018956499999999994 0.0347754 0.0192
v -0.017696999999999997 0.034303 0.0192
v -0.018262699999999996 0.0337373 0.0192
v -0.016918499999999996 0.033782599999999996 0.0192
v -0.017224599999999996 0.0330435 0.0192
v -0.026399999999999996 0.036000000000000004 0.0192
v -0.0262174 0.0350815 0.0192
v -0.0262174 0.0350815 0.0272
v -0.026399999999999996 0.036000000000000004 0.0272
v -0.025696999999999998 0.034303 0.0192
v -0.025696999999999998 0.034303 0.0272
v -0.024918499999999996 0.033782599999999996 0.0192
v -0.024918499999999996 0.033782599999999996 0.0272
v -0.023999999999999997 0.033600000000000005 0.0192
v -0.023999999999999997 0.033600000000000005 0.0272
v -0.023081499999999998 0.033782599999999996 0.0192
v -0.023081499999999998 0.033782599999999996 0.0272
v -0.022302999999999996 0.034303 0.0192
v -0.022302999999999996 0.034303 0.0272
v -0.0217826 0.0350815 0.0192
v -0.0217826 0.0350815 0.0272
v -0.021599999999999994 0.036000000000000004 0.0192
v -0.021599999999999994 0.036000000000000004 0.0272
v -0.0217826 0.0369185 0.0192
v -0.0217826 0.0369185 0.0272
v -0.022302999999999996 0.037697 0.0192
v -0.022302999999999996 0.037697 0.0272
v -0.023081499999999998 0.0382174 0.0192
v -0.023081499999999998 0.0382174 0.0272
v -0.023999999999999997 0.038400000000000004 0.0192
v -0.023999999999999997 0.038400000000000004 0.0272
v -0.024918499999999996 0.0382174 0.0192
v -0.024918499999999996 0.0382174 0.0272
v -0.025696999999999998 0.037697 0.0192
v -0.025696999999999998 0.037697 0.0272
v -0.0262174 0.0369185 0.0192
v -0.0262174 0.0369185 0.0272
v -0.027199999999999995 0.036000000000000004 0.0192
v -0.026956499999999998 0.0347754 0.0192
v -0.026956499999999998 0.0347754 0.0272
v -0.027199999999999995 0.036000000000000004 0.0272
v -0.026262699999999996 0.0337373 0.0192
v -0.026262699999999996 0.0337373 0.0272
v -0.025224599999999996 0.0330435 0.0192
v -0.025224599999999996 0.0330435 0.0272
v -0.023999999999999997 0.032799999999999996 0.0192
v -0.023999999999999997 0.032799999999999996 0.0272
v -0.022775399999999994 0.0330435 0.0192
v -0.022775399999999994 0.0330435 0.0272
v -0.021737299999999994 0.0337373 0.0192
v -0.021737299999999994 0.0337373 0.0272
v -0.021043499999999996 0.0347754 0.0192
v -0.021043499999999996 0.0347754 0.0272
v -0.0208 0.036000000000000004 0.0192
v -0.0208 0.036000000000000004 0.0272
v -0.021043499999999996 0.0372246 0.0192
v -0.021043499999999996 0.0372246 0.0272
v -0.021737299999999994 0.0382627 0.0192
v -0.021737299999999994 0.0382627 0.0272
v -0.022775399999999994 0.038956500000000005 0.0192
v -0.022775399999999994 0.038956500000000005 0.0272
v -0.023999999999999997 0.0392 0.0192
v -0.023999999999999997 0.0392 0.0272
v -0.025224599999999996 0.038956500000000005 0.0192
v -0.025224599999999996 0.038956500000000005 0.0272
v -0.026262699999999996 0.0382627 0.0192
v -0.026262699999999996 0.0382627 0.0272
v -0.026956499999999998 0.0372246 0.0192
v -0.026956499999999998 0.0372246 0.0272
v -0.023999999999999997 0.032799999999999996 0.0192
v -0.023999999999999997 0.033600000000000005 0.0192
v -0.023081499999999998 0.033782599999999996 0.0192
v -0.022775399999999994 0.0330435 0.0192
v -0.022302999999999996 0.034303 0.0192
v -0.021737299999999994 0.0337373 0.0192
v -0.0217826 0.0350815 0.0192
v -0.021043499999999996 0.0347754 0.0192
v -0.021599999999999994 0.036000000000000004 0.0192
v -0.0208 0.036000000000000004 0.0192
v -0.0217826 0.0369185 0.0192
v -0.021043499999999996 0.0372246 0.0192
v -0.022302999999999996 0.037697 0.0192
v -0.021737299999999994 0.0382627 0.0192
v -0.023081499999999998 0.0382174 0.0192
v -0.022775399999999994 0.038956500000000005 0.0192
v -0.023999999999999997 0.038400000000000004 0.0192
v -0.023999999999999997 0.0392 0.0192
v -0.024918499999999996 0.0382174 0.0192
v -0.025224599999999996 0.038956500000000005 0.0192
v -0.025696999999999998 0.037697 0.0192
v -0.026262699999999996 0.0382627 0.0192
v -0.0262174 0.0369185 0.0192
v -0.026956499999999998 0.0372246 0.0192
v -0.026399999999999996 0.036000000000000004 0.0192
v -0.027199999999999995 0.036000000000000004 0.0192
v -0.0262174 0.0350815 0.0192
v -0.026956499999999998 0.0347754 0.0192
v -0.025696999999999998 0.034303 0.0192
v -0.026262699999999996 0.0337373 0.0192
v -0.024918499999999996 0.033782599999999996 0.0192
v -0.025224599999999996 0.0330435 0.0192
v -0.0344 0.036000000000000004 0.0192
v -0.034217399999999995 0.0350815 0.0192
v -0.034217399999999995 0.0350815 0.0272
v -0.0344 0.036000000000000004 0.0272
v -0.033697 0.034303 0.0192
v -0.033697 0.034303 0.0272
v -0.032918499999999996 0.033782599999999996 0.0192
v -0.032918499999999996 0.033782599999999996 0.0272
v -0.032 0.033600000000000005 0.0192
v -0.032 0.033600000000000005 0.0272
v -0.031081499999999998 0.033782599999999996 0.0192
v -0.031081499999999998 0.033782599999999996 0.0272
v -0.030302999999999997 0.034303 0.0192
v -0.030302999999999997 0.034303 0.0272
v -0.029782599999999996 0.0350815 0.0192
v -0.029782599999999996 0.0350815 0.0272
v -0.029599999999999998 0.036000000000000004 0.0192
v -0.029599999999999998 0.036000000000000004 0.0272
v -0.029782599999999996 0.0369185 0.0192
v -0.029782599999999996 0.0369185 0.0272
v -0.030302999999999997 0.037697 0.0192
v -0.030302999999999997 0.037697 0.0272
v -0.031081499999999998 0.0382174 0.0192
v -0.031081499999999998 0.0382174 0.0272
v -0.032 0.038400000000000004 0.0192
v -0.032 0.038400000000000004 0.0272
v -0.032918499999999996 0.0382174 0.0192
v -0.032918499999999996 0.0382174 0.0272
v -0.033697 0.037697 0.0192
v -0.033697 0.037697 0.0272
v -0.034217399999999995 0.0369185 0.0192
v -0.034217399999999995 0.0369185 0.0272
v -0.035199999999999995 0.036000000000000004 0.0192
v -0.0349565 0.0347754 0.0192
v -0.0349565 0.0347754 0.0272
v -0.035199999999999995 0.036000000000000004 0.0272
v -0.03426269999999999 0.0337373 0.0192
v -0.03426269999999999 0.0337373 0.0272
v -0.03322459999999999 0.0330435 0.0192
v -0.03322459999999999 0.0330435 0.0272
v -0.032 0.032799999999999996 0.0192
v -0.032 0.032799999999999996 0.0272
v -0.030775399999999998 0.0330435 0.0192
v -0.030775399999999998 0.0330435 0.0272
v -0.029737299999999998 0.0337373 0.0192
v -0.029737299999999998 0.0337373 0.0272
v -0.029043499999999996 0.0347754 0.0192
v -0.029043499999999996 0.0347754 0.0272
v -0.028799999999999996 0.036000000000000004 0.0192
v -0.028799999999999996 0.036000000000000004 0.0272
v -0.029043499999999996 0.0372246 0.0192
v -0.029043499999999996 0.0372246 0.0272
v -0.029737299999999998 0.0382627 0.0192
v -0.029737299999999998 0.0382627 0.0272
v -0.030775399999999998 0.038956500000000005 0.0192
v -0.030775399999999998 0.038956500000000005 0.0272
v -0.032 0.0392 0.0192
v -0.032 0.0392 0.0272
v -0.03322459999999999 0.038956500000000005 0.0192
v -0.03322459999999999 0.038956500000000005 0.0272
v -0.03426269999999999 0.0382627 0.0192
v -0.03426269999999999 0.0382627 0.0272
v -0.0349565 0.0372246 0.0192
v -0.0349565 0.0372246 0.0272
v -0.032 0.032799999999999996 0.0192
v -0.032 0.033600000000000005 0.0192
v -0.031081499999999998 0.033782599999999996 0.0192
v -0.030775399999999998 0.0330435 0.0192
v -0.030302999999999997 0.034303 0.0192
v -0.029737299999999998 0.0337373 0.0192
v -0.029782599999999996 0.0350815 0.0192
v -0.029043499999999996 0.0347754 0.0192
v -0.029599999999999998 0.036000000000000004 0.0192
v -0.028799999999999996 0.036000000000000004 0.0192
v -0.029782599999999996 0.0369185 0.0192
v -0.029043499999999996 0.0372246 0.0192
v -0.030302999999999997 0.037697 0.0192
v -0.029737299999999998 0.0382627 0.0192
v -0.031081499999999998 0.0382174 0.0192
v -0.030775399999999998 0.038956500000000005 0.0192
v -0.032 0.038400000000000004 0.0192
v -0.032 0.0392 0.0192
v -0.032918499999999996 0.0382174 0.0192
v -0.03322459999999999 0.038956500000000005 0.0192
v -0.033697 0.037697 0.0192
v -0.03426269999999999 0.0382627 0.0192
v -0.034217399999999995 0.0369185 0.0192
v -0.0349565 0.0372246 0.0192
v -0.0344 0.036000000000000004 0.0192
v -0.035199999999999995 0.036000000000000004 0.0192
v -0.034217399999999995 0.0350815 0.0192
v -0.0349565 0.0347754 0.0192
v -0.033697 0.034303 0.0192
v -0.03426269999999999 0.0337373 0.0192
v -0.032918499999999996 0.033782599999999996 0.0192
v -0.03322459999999999 0.0330435 0.0192
v -0.04239999999999999 0.036000000000000004 0.0192
v -0.0422174 0.0350815 0.0192
v -0.0422174 0.0350815 0.0272
v -0.04239999999999999 0.036000000000000004 0.0272
v -0.041697 0.034303 0.0192
v -0.041697 0.034303 0.0272
v -0.0409185 0.033782599999999996 0.0192
v -0.0409185 0.033782599999999996 0.0272
v -0.039999999999999994 0.033600000000000005 0.0192
v -0.039999999999999994 0.033600000000000005 0.0272
v -0.0390815 0.033782599999999996 0.0192
v -0.0390815 0.033782599999999996 0.0272
v -0.038303 0.034303 0.0192
v -0.038303 0.034303 0.0272
v -0.0377826 0.0350815 0.0192
v -0.0377826 0.0350815 0.0272
v -0.037599999999999995 0.036000000000000004 0.0192
v -0.037599999999999995 0.036000000000000004 0.0272
v -0.0377826 0.0369185 0.0192
v -0.0377826 0.0369185 0.0272
v -0.038303 0.037697 0.0192
v -0.038303 0.037697 0.0272
v -0.0390815 0.0382174 0.0192
v -0.0390815 0.0382174 0.0272
v -0.039999999999999994 0.038400000000000004 0.0192
v -0.039999999999999994 0.038400000000000004 0.0272
v -0.0409185 0.0382174 0.0192
v -0.0409185 0.0382174 0.0272
v -0.041697 0.037697 0.0192
v -0.041697 0.037697 0.0272
v -0.0422174 0.0369185 0.0192
v -0.0422174 0.0369185 0.0272
v -0.0432 0.036000000000000004 0.0192
v -0.042956499999999995 0.0347754 0.0192
v -0.042956499999999995 0.0347754 0.0272
v -0.0432 0.036000000000000004 0.0272
v -0.0422627 0.0337373 0.0192
v -0.0422627 0.0337373 0.0272
v -0.0412246 0.0330435 0.0192
v -0.0412246 0.0330435 0.0272
v -0.039999999999999994 0.032799999999999996 0.0192
v -0.039999999999999994 0.032799999999999996 0.0272
v -0.0387754 0.0330435 0.0192
v -0.0387754 0.0330435 0.0272
v -0.0377373 0.0337373 0.0192
v -0.0377373 0.0337373 0.0272
v -0.03704349999999999 0.0347754 0.0192
v -0.03704349999999999 0.0347754 0.0272
v -0.0368 0.036000000000000004 0.0192
v -0.0368 0.036000000000000004 0.0272
v -0.03704349999999999 0.0372246 0.0192
v -0.03704349999999999 0.0372246 0.0272
v -0.0377373 0.0382627 0.0192
v -0.0377373 0.0382627 0.0272
v -0.0387754 0.038956500000000005 0.0192
v -0.0387754 0.038956500000000005 0.0272
v -0.039999999999999994 0.0392 0.0192
v -0.039999999999999994 0.0392 0.0272
v -0.0412246 0.038956500000000005 0.0192
v -0.0412246 0.038956500000000005 0.0272
v -0.0422627 0.0382627 0.0192
v -0.0422627 0.0382627 0.0272
v -0.042956499999999995 0.0372246 0.0192
v -0.042956499999999995 0.0372246 0.0272
v -0.039999999999999994 0.032799999999999996 0.0192
v -0.039999999999999994 0.033600000000000005 0.0192
v -0.0390815 0.033782599999999996 0.0192
v -0.0387754 0.0330435 0.0192
v -0.038303 0.034303 0.0192
v -0.0377373 0.0337373 0.0192
v -0.0377826 0.0350815 0.0192
v -0.03704349999999999 0.0347754 0.0192
v -0.037599999999999995 0.036000000000000004 0.0192
v -0.0368 0.036000000000000004 0.0192
v -0.0377826 0.0369185 0.0192
v -0.03704349999999999 0.0372246 0.0192
v -0.038303 0.037697 0.0192
v -0.0377373 0.0382627 0.0192
v -0.0390815 0.0382174 0.0192
v -0.0387754 0.038956500000000005 0.0192
v -0.039999999999999994 0.038400000000000004 0.0192
v -0.039999999999999994 0.0392 0.0192
v -0.0409185 0.0382174 0.0192
v -0.0412246 0.038956500000000005 0.0192
v -0.041697 0.037697 0.0192
v -0.0422627 0.0382627 0.0192
v -0.0422174 0.0369185 0.0192
v -0.042956499999999995 0.0372246 0.0192
v -0.04239999999999999 0.036000000000000004 0.0192
v -0.0432 0.036000000000000004 0.0192
v -0.0422174 0.0350815 0.0192
v -0.042956499999999995 0.0347754 0.0192
v -0.041697 0.034303 0.0192
v -0.0422627 0.0337373 0.0192
v -0.0409185 0.033782599999999996 0.0192
v -0.0412246 0.0330435 0.0192
v -0.0504 0.036000000000000004 0.0192
v -0.050217399999999995 0.0350815 0.0192
v -0.050217399999999995 0.0350815 0.0272
v -0.0504 0.036000000000000004 0.0272
v -0.04969699999999999 0.034303 0.0192
v -0.04969699999999999 0.034303 0.0272
v -0.04891849999999999 0.033782599999999996 0.0192
v -0.04891849999999999 0.033782599999999996 0.0272
v -0.048 0.033600000000000005 0.0192
v -0.048 0.033600000000000005 0.0272
v -0.0470815 0.033782599999999996 0.0192
v -0.0470815 0.033782599999999996 0.0272
v -0.046303 0.034303 0.0192
v -0.046303 0.034303 0.0272
v -0.04578259999999999 0.0350815 0.0192
v -0.04578259999999999 0.0350815 0.0272
v -0.0456 0.036000000000000004 0.0192
v -0.0456 0.036000000000000004 0.0272
v -0.04578259999999999 0.0369185 0.0192
v -0.04578259999999999 0.0369185 0.0272
v -0.046303 0.037697 0.0192
v -0.046303 0.037697 0.0272
v -0.0470815 0.0382174 0.0192
v -0.0470815 0.0382174 0.0272
v -0.048 0.038400000000000004 0.0192
v -0.048 0.038400000000000004 0.0272
v -0.04891849999999999 0.0382174 0.0192
v -0.04891849999999999 0.0382174 0.0272
v -0.04969699999999999 0.037697 0.0192
v -0.04969699999999999 0.037697 0.0272
v -0.050217399999999995 0.0369185 0.0192
v -0.050217399999999995 0.0369185 0.0272
v -0.051199999999999996 0.036000000000000004 0.0192
v -0.0509565 0.0347754 0.0192
v -0.0509565 0.0347754 0.0272
v -0.051199999999999996 0.036000000000000004 0.0272
v -0.050262699999999993 0.0337373 0.0192
v -0.050262699999999993 0.0337373 0.0272
v -0.04922459999999999 0.0330435 0.0192
v -0.04922459999999999 0.0330435 0.0272
v -0.048 0.032799999999999996 0.0192
v -0.048 0.032799999999999996 0.0272
v -0.046775399999999995 0.0330435 0.0192
v -0.046775399999999995 0.0330435 0.0272
v -0.045737299999999995 0.0337373 0.0192
v -0.045737299999999995 0.0337373 0.0272
v -0.0450435 0.0347754 0.0192
v -0.0450435 0.0347754 0.0272
v -0.04479999999999999 0.036000000000000004 0.0192
v -0.04479999999999999 0.036000000000000004 0.0272
v -0.0450435 0.0372246 0.0192
v -0.0450435 0.0372246 0.0272
v -0.045737299999999995 0.0382627 0.0192
v -0.045737299999999995 0.0382627 0.0272
v -0.046775399999999995 0.038956500000000005 0.0192
v -0.046775399999999995 0.038956500000000005 0.0272
v -0.048 0.0392 0.0192
v -0.048 0.0392 0.0272
v -0.04922459999999999 0.038956500000000005 0.0192
v -0.04922459999999999 0.038956500000000005 0.0272
v -0.050262699999999993 0.0382627 0.0192
v -0.050262699999999993 0.0382627 0.0272
v -0.0509565 0.0372246 0.0192
v -0.0509565 0.0372246 0.0272
v -0.048 0.032799999999999996 0.0192
v -0.048 0.033600000000000005 0.0192
v -0.0470815 0.033782599999999996 0.0192
v -0.046775399999999995 0.0330435 0.0192
v -0.046303 0.034303 0.0192
v -0.045737299999999995 0.0337373 0.0192
v -0.04578259999999999 0.0350815 0.0192
v -0.0450435 0.0347754 0.0192
v -0.0456 0.036000000000000004 0.0192
v -0.04479999999999999 0.036000000000000004 0.0192
v -0.04578259999999999 0.0369185 0.0192
v -0.0450435 0.0372246 0.0192
v -0.046303 0.037697 0.0192
v -0.045737299999999995 0.0382627 0.0192
v -0.0470815 0.0382174 0.0192
v -0.046775399999999995 0.038956500000000005 0.0192
v -0.048 0.038400000000000004 0.0192
v -0.048 0.0392 0.0192
v -0.04891849999999999 0.0382174 0.0192
v -0.04922459999999999 0.038956500000000005 0.0192
v -0.04969699999999999 0.037697 0.0192
v -0.050262699999999993 0.0382627 0.0192
v -0.050217399999999995 0.0369185 0.0192
v -0.0509565 0.0372246 0.0192
v -0.0504 0.036000000000000004 0.0192
v -0.051199999999999996 0.036000000000000004 0.0192
v -0.050217399999999995 0.0350815 0.0192
v -0.0509565 0.0347754 0.0192
v -0.04969699999999999 0.034303 0.0192
v -0.050262699999999993 0.0337373 0.0192
v -0.04891849999999999 0.033782599999999996 0.0192
v -0.04922459999999999 0.0330435 0.0192
v -0.058399999999999994 0.036000000000000004 0.0192
v -0.0582174 0.0350815 0.0192
v -0.0582174 0.0350815 0.0272
v -0.058399999999999994 0.036000000000000004 0.0272
v -0.057697 0.034303 0.0192
v -0.057697 0.034303 0.0272
v -0.0569185 0.033782599999999996 0.0192
v -0.0569185 0.033782599999999996 0.0272
v -0.055999999999999994 0.033600000000000005 0.0192
v -0.055999999999999994 0.033600000000000005 0.0272
v -0.05508149999999999 0.033782599999999996 0.0192
v -0.05508149999999999 0.033782599999999996 0.0272
v -0.05430299999999999 0.034303 0.0192
v -0.05430299999999999 0.034303 0.0272
v -0.0537826 0.0350815 0.0192
v -0.0537826 0.0350815 0.0272
v -0.053599999999999995 0.036000000000000004 0.0192
v -0.053599999999999995 0.036000000000000004 0.0272
v -0.0537826 0.0369185 0.0192
v -0.0537826 0.0369185 0.0272
v -0.05430299999999999 0.037697 0.0192
v -0.05430299999999999 0.037697 0.0272
v -0.05508149999999999 0.0382174 0.0192
v -0.05508149999999999 0.0382174 0.0272
v -0.055999999999999994 0.038400000000000004 0.0192
v -0.055999999999999994 0.038400000000000004 0.0272
v -0.0569185 0.0382174 0.0192
v -0.0569185 0.0382174 0.0272
v -0.057697 0.037697 0.0192
v -0.057697 0.037697 0.0272
v -0.0582174 0.0369185 0.0192
v -0.0582174 0.0369185 0.0272
v -0.0592 0.036000000000000004 0.0192
v -0.058956499999999995 0.0347754 0.0192
v -0.058956499999999995 0.0347754 0.0272
v -0.0592 0.036000000000000004 0.0272
v -0.0582627 0.0337373 0.0192
v -0.0582627 0.0337373 0.0272
v -0.0572246 0.0330435 0.0192
v -0.0572246 0.0330435 0.0272
v -0.055999999999999994 0.032799999999999996 0.0192
v -0.055999999999999994 0.032799999999999996 0.0272
v -0.0547754 0.0330435 0.0192
v -0.0547754 0.0330435 0.0272
v -0.0537373 0.0337373 0.0192
v -0.0537373 0.0337373 0.0272
v -0.05304349999999999 0.0347754 0.0192
v -0.05304349999999999 0.0347754 0.0272
v -0.0528 0.036000000000000004 0.0192
v -0.0528 0.036000000000000004 0.0272
v -0.05304349999999999 0.0372246 0.0192
v -0.05304349999999999 0.0372246 0.0272
v -0.0537373 0.0382627 0.0192
v -0.0537373 0.0382627 0.0272
v -0.0547754 0.038956500000000005 0.0192
v -0.0547754 0.038956500000000005 0.0272
v -0.055999999999999994 0.0392 0.0192
v -0.055999999999999994 0.0392 0.0272
v -0.0572246 0.038956500000000005 0.0192
v -0.0572246 0.038956500000000005 0.0272
v -0.0582627 0.0382627 0.0192
v -0.0582627 0.0382627 0.0272
v -0.058956499999999995 0.0372246 0.0192
v -0.058956499999999995 0.0372246 0.0272
v -0.055999999999999994 0.032799999999999996 0.0192
v -0.055999999999999994 0.033600000000000005 0.0192
v -0.05508149999999999 0.033782599999999996 0.0192
v -0.0547754 0.0330435 0.0192
v -0.05430299999999999 0.034303 0.0192
v -0.0537373 0.0337373 0.0192
v -0.0537826 0.0350815 0.0192
v -0.05304349999999999 0.0347754 0.0192
v -0.053599999999999995 0.036000000000000004 0.0192
v -0.0528 0.036000000000000004 0.0192
v -0.0537826 0.0369185 0.0192
v -0.05304349999999999 0.0372246 0.0192
v -0.05430299999999999 0.037697 0.0192
v -0.0537373 0.0382627 0.0192
v -0.05508149999999999 0.0382174 0.0192
v -0.0547754 0.038956500000000005 0.0192
v -0.055999999999999994 0.038400000000000004 0.0192
v -0.055999999999999994 0.0392 0.0192
v -0.0569185 0.0382174 0.0192
v -0.0572246 0.038956500000000005 0.0192
v -0.057697 0.037697 0.0192
v -0.0582627 0.0382627 0.0192
v -0.0582174 0.0369185 0.0192
v -0.058956499999999995 0.0372246 0.0192
v -0.058399999999999994 0.036000000000000004 0.0192
v -0.0592 0.036000000000000004 0.0192
v -0.0582174 0.0350815 0.0192
v -0.058956499999999995 0.0347754 0.0192
v -0.057697 0.034303 0.0192
v -0.0582627 0.0337373 0.0192
v -0.0569185 0.033782599999999996 0.0192
v -0.0572246 0.0330435 0.0192
v -0.015999999999999997 0.032799999999999996 0.0214
v -0.015599999999999996 0.032799999999999996 0.0214
v -0.015599999999999996 0.0328796 0.0214
v -0.016399999999999998 0.0328796 0.0214
v -0.016399999999999998 0.032799999999999996 0.0214
v -0.015599999999999996 0.0328796 0.0214
v -0.015599999999999996 0.032799999999999996 0.0214
v -0.015599999999999996 0.032799999999999996 0.0272
v -0.015599999999999996 0.0328796 0.0272
v -0.016399999999999998 0.0328796 0.0272
v -0.016399999999999998 0.032799999999999996 0.0272
v -0.016399999999999998 0.032799999999999996 0.0214
v -0.016399999999999998 0.0328796 0.0214
v -0.016399999999999998 0.0296 0.0214
v -0.015599999999999996 0.0296 0.0214
v -0.016399999999999998 0.0296 0.0272
v -0.016399999999999998 0.0296 0.0214
v -0.015599999999999996 0.0296 0.0272
v -0.015599999999999996 0.0296 0.0214
v -0.015999999999999997 0.0392 0.0214
v -0.016399999999999998 0.0392 0.0214
v -0.016399999999999998 0.0391204 0.0214
v -0.015599999999999996 0.0391204 0.0214
v -0.015599999999999996 0.0392 0.0214
v -0.016399999999999998 0.0391204 0.0214
v -0.016399999999999998 0.0392 0.0214
v -0.016399999999999998 0.0392 0.0272
v -0.016399999999999998 0.0391204 0.0272
v -0.015599999999999996 0.0391204 0.0272
v -0.015599999999999996 0.0392 0.0272
v -0.015599999999999996 0.0392 0.0214
v -0.015599999999999996 0.0391204 0.0214
v -0.015599999999999996 0.0424 0.0214
v -0.016399999999999998 0.0424 0.0214
v -0.015599999999999996 0.0424 0.0272
v -0.015599999999999996 0.0424 0.0214
v -0.016399999999999998 0.0424 0.0272
v -0.016399999999999998 0.0424 0.0214
v -0.032 0.032799999999999996 0.0214
v -0.031599999999999996 0.032799999999999996 0.0214
v -0.031599999999999996 0.0328796 0.0214
v -0.0324 0.0328796 0.0214
v -0.0324 0.032799999999999996 0.0214
v -0.031599999999999996 0.0328796 0.0214
v -0.031599999999999996 0.032799999999999996 0.0214
v -0.031599999999999996 0.032799999999999996 0.0272
v -0.031599999999999996 0.0328796 0.0272
v -0.0324 0.0328796 0.0272
v -0.0324 0.032799999999999996 0.0272
v -0.0324 0.032799999999999996 0.0214
v -0.0324 0.0328796 0.0214
v -0.0324 0.0296 0.0214
v -0.031599999999999996 0.0296 0.0214
v -0.0324 0.0296 0.0272
v -0.0324 0.0296 0.0214
v -0.031599999999999996 0.0296 0.0272
v -0.031599999999999996 0.0296 0.0214
v -0.032 0.0392 0.0214
v -0.0324 0.0392 0.0214
v -0.0324 0.0391204 0.0214
v -0.031599999999999996 0.0391204 0.0214
v -0.031599999999999996 0.0392 0.0214
v -0.0324 0.0391204 0.0214
v -0.0324 0.0392 0.0214
v -0.0324 0.0392 0.0272
v -0.0324 0.0391204 0.0272
v -0.031599999999999996 0.0391204 0.0272
v -0.031599999999999996 0.0392 0.0272
v -0.031599999999999996 0.0392 0.0214
v -0.031599999999999996 0.0391204 0.0214
v -0.031599999999999996 0.0424 0.0214
v -0.0324 0.0424 0.0214
v -0.031599999999999996 0.0424 0.0272
v -0.031599999999999996 0.0424 0.0214
v -0.0324 0.0424 0.0272
v -0.0324 0.0424 0.0214
v -0.048 0.032799999999999996 0.0214
v -0.0476 0.032799999999999996 0.0214
v -0.0476 0.0328796 0.0214
v -0.0484 0.0328796 0.0214
v -0.0484 0.032799999999999996 0.0214
v -0.0476 0.0328796 0.0214
v -0.0476 0.032799999999999996 0.0214
v -0.0476 0.032799999999999996 0.0272
v -0.0476 0.0328796 0.0272
v -0.0484 0.0328796 0.0272
v -0.0484 0.032799999999999996 0.0272
v -0.0484 0.032799999999999996 0.0214
v -0.0484 0.0328796 0.0214
v -0.0484 0.0296 0.0214
v -0.0476 0.0296 0.0214
v -0.0484 0.0296 0.0272
v -0.0484 0.0296 0.0214
v -0.0476 0.0296 0.0272
v -0.0476 0.0296 0.0214
v -0.048 0.0392 0.0214
v -0.0484 0.0392 0.0214
v -0.0484 0.0391204 0.0214
v -0.0476 0.0391204 0.0214
v -0.0476 0.0392 0.0214
v -0.0484 0.0391204 0.0214
v -0.0484 0.0392 0.0214
v -0.0484 0.0392 0.0272
v -0.0484 0.0391204 0.0272
v -0.0476 0.0391204 0.0272
v -0.0476 0.0392 0.0272
v -0.0476 0.0392 0.0214
v -0.0476 0.0391204 0.0214
v -0.0476 0.0424 0.0214
v -0.0484 0.0424 0.0214
v -0.0476 0.0424 0.0272
v -0.0476 0.0424 0.0214
v -0.0484 0.0424 0.0272
v -0.0484 0.0424 0.0214
v -0.064 0.044 0.0288
v -0.064 0.044 0.0192
v 3.469446951953614e-18 0.044 0.0192
v 3.469446951953614e-18 0.044 0.0288
v 0.064 0.028 0.0288
v 0.064 0.044 0.0288
v 3.469446951953614e-18 0.044 0.0288
v 3.469446951953614e-18 0.028 0.0288
v 3.469446951953614e-18 0.028 0.0192
v 0.064 0.028 0.0192
v 0.064 0.028 0.0288
v 3.469446951953614e-18 0.028 0.0288
v 0.064 0.028 0.0192
v 0.064 0.044 0.0192
v 0.064 0.044 0.0288
v 0.064 0.028 0.0288
v 3.469446951953614e-18 0.044 0.0192
v 3.469446951953614e-18 0.028 0.0192
v 3.469446951953614e-18 0.028 0.0288
v 3.469446951953614e-18 0.044 0.0288
v 0.06240000000000001 0.0424 0.0272
v 0.0016000000000000025 0.0424 0.0272
v 0.0016000000000000025 0.0296 0.0272
v 0.06240000000000001 0.0296 0.0272
v 0.0016000000000000025 0.0296 0.0272
v 0.0016000000000000025 0.0296 0.0192
v 0.06240000000000001 0.0296 0.0192
v 0.06240000000000001 0.0296 0.0272
v 0.06240000000000001 0.0296 0.0272
v 0.06240000000000001 0.0296 0.0192
v 0.06240000000000001 0.0424 0.0192
v 0.06240000000000001 0.0424 0.0272
v 0.06240000000000001 0.0424 0.0272
v 0.06240000000000001 0.0424 0.0192
v 0.0016000000000000025 0.0424 0.0192
v 0.0016000000000000025 0.0424 0.0272
v 0.0016000000000000025 0.0424 0.0272
v 0.0016000000000000025 0.0424 0.0192
v 0.0016000000000000025 0.0296 0.0192
v 0.0016000000000000025 0.0296 0.0272
v 0.064 0.028 0.0192
v 0.06240000000000001 0.0296 0.0192
v 0.0016000000000000025 0.0296 0.0192
v 3.469446951953614e-18 0.028 0.0192
v 3.469446951953614e-18 0.044 0.0192
v 0.0016000000000000025 0.0424 0.0192
v 0.06240000000000001 0.0424 0.0192
v 0.064 0.044 0.0192
v 0.05760000000000001 0.032 0.0288
v 0.0577826 0.0310815 0.0288
v 0.0577826 0.0310815 0.0304
v 0.05760000000000001 0.032 0.0304
v 0.05830300000000001 0.0303029 0.0288
v 0.05830300000000001 0.0303029 0.0304
v 0.05908150000000001 0.0297826 0.0288
v 0.05908150000000001 0.0297826 0.0304
v 0.06000000000000001 0.0296 0.0288
v 0.06000000000000001 0.0296 0.0304
v 0.0609185 0.0297826 0.0288
v 0.0609185 0.0297826 0.0304
v 0.061697 0.0303029 0.0288
v 0.061697 0.0303029 0.0304
v 0.062217400000000006 0.0310815 0.0288
v 0.062217400000000006 0.0310815 0.0304
v 0.06240000000000001 0.032 0.0288
v 0.06240000000000001 0.032 0.0304
v 0.062217400000000006 0.0329185 0.0288
v 0.062217400000000006 0.0329185 0.0304
v 0.061697 0.033697000000000005 0.0288
v 0.061697 0.033697000000000005 0.0304
v 0.0609185 0.0342173 0.0288
v 0.0609185 0.0342173 0.0304
v 0.06000000000000001 0.0344 0.0288
v 0.06000000000000001 0.0344 0.0304
v 0.05908150000000001 0.0342173 0.0288
v 0.05908150000000001 0.0342173 0.0304
v 0.05830300000000001 0.033697000000000005 0.0288
v 0.05830300000000001 0.033697000000000005 0.0304
v 0.0577826 0.0329185 0.0288
v 0.0577826 0.0329185 0.0304
v 0.0577826 0.0310815 0.0304
v 0.05760000000000001 0.032 0.0304
v 0.06000000000000001 0.032 0.0304
v 0.05830300000000001 0.0303029 0.0304
v 0.05908150000000001 0.0297826 0.0304
v 0.06000000000000001 0.0296 0.0304
v 0.0609185 0.0297826 0.0304
v 0.061697 0.0303029 0.0304
v 0.062217400000000006 0.0310815 0.0304
v 0.06240000000000001 0.032 0.0304
v 0.062217400000000006 0.0329185 0.0304
v 0.061697 0.033697000000000005 0.0304
v 0.0609185 0.0342173 0.0304
v 0.06000000000000001 0.0344 0.0304
v 0.05908150000000001 0.0342173 0.0304
v 0.05830300000000001 0.033697000000000005 0.0304
v 0.0577826 0.0329185 0.0304
v 0.049600000000000005 0.032 0.0288
v 0.04978260000000001 0.0310815 0.0288
v 0.04978260000000001 0.0310815 0.0304
v 0.049600000000000005 0.032 0.0304
v 0.050303 0.0303029 0.0288
v 0.050303 0.0303029 0.0304
v 0.0510815 0.0297826 0.0288
v 0.0510815 0.0297826 0.0304
v 0.052000000000000005 0.0296 0.0288
v 0.052000000000000005 0.0296 0.0304
v 0.05291850000000001 0.0297826 0.0288
v 0.05291850000000001 0.0297826 0.0304
v 0.05369700000000001 0.0303029 0.0288
v 0.05369700000000001 0.0303029 0.0304
v 0.0542174 0.0310815 0.0288
v 0.0542174 0.0310815 0.0304
v 0.054400000000000004 0.032 0.0288
v 0.054400000000000004 0.032 0.0304
v 0.0542174 0.0329185 0.0288
v 0.0542174 0.0329185 0.0304
v 0.05369700000000001 0.033697000000000005 0.0288
v 0.05369700000000001 0.033697000000000005 0.0304
v 0.05291850000000001 0.0342173 0.0288
v 0.05291850000000001 0.0342173 0.0304
v 0.052000000000000005 0.0344 0.0288
v 0.052000000000000005 0.0344 0.0304
v 0.0510815 0.0342173 0.0288
v 0.0510815 0.0342173 0.0304
v 0.050303 0.033697000000000005 0.0288
v 0.050303 0.033697000000000005 0.0304
v 0.04978260000000001 0.0329185 0.0288
v 0.04978260000000001 0.0329185 0.0304
v 0.04978260000000001 0.0310815 0.0304
v 0.049600000000000005 0.032 0.0304
v 0.052000000000000005 0.032 0.0304
v 0.050303 0.0303029 0.0304
v 0.0510815 0.0297826 0.0304
v 0.052000000000000005 0.0296 0.0304
v 0.05291850000000001 0.0297826 0.0304
v 0.05369700000000001 0.0303029 0.0304
v 0.0542174 0.0310815 0.0304
v 0.054400000000000004 0.032 0.0304
v 0.0542174 0.0329185 0.0304
v 0.05369700000000001 0.033697000000000005 0.0304
v 0.05291850000000001 0.0342173 0.0304
v 0.052000000000000005 0.0344 0.0304
v 0.0510815 0.0342173 0.0304
v 0.050303 0.033697000000000005 0.0304
v 0.04978260000000001 0.0329185 0.0304
v 0.0416 0.032 0.0288
v 0.0417826 0.0310815 0.0288
v 0.0417826 0.0310815 0.0304
v 0.0416 0.032 0.0304
v 0.04230300000000001 0.0303029 0.0288
v 0.04230300000000001 0.0303029 0.0304
v 0.04308150000000001 0.0297826 0.0288
v 0.04308150000000001 0.0297826 0.0304
v 0.044 0.0296 0.0288
v 0.044 0.0296 0.0304
v 0.0449185 0.0297826 0.0288
v 0.0449185 0.0297826 0.0304
v 0.045697 0.0303029 0.0288
v 0.045697 0.0303029 0.0304
v 0.046217400000000006 0.0310815 0.0288
v 0.046217400000000006 0.0310815 0.0304
v 0.0464 0.032 0.0288
v 0.0464 0.032 0.0304
v 0.046217400000000006 0.0329185 0.0288
v 0.046217400000000006 0.0329185 0.0304
v 0.045697 0.033697000000000005 0.0288
v 0.045697 0.033697000000000005 0.0304
v 0.0449185 0.0342173 0.0288
v 0.0449185 0.0342173 0.0304
v 0.044 0.0344 0.0288
v 0.044 0.0344 0.0304
v 0.04308150000000001 0.0342173 0.0288
v 0.04308150000000001 0.0342173 0.0304
v 0.04230300000000001 0.033697000000000005 0.0288
v 0.04230300000000001 0.033697000000000005 0.0304
v 0.0417826 0.0329185 0.0288
v 0.0417826 0.0329185 0.0304
v 0.0417826 0.0310815 0.0304
v 0.0416 0.032 0.0304
v 0.044 0.032 0.0304
v 0.04230300000000001 0.0303029 0.0304
v 0.04308150000000001 0.0297826 0.0304
v 0.044 0.0296 0.0304
v 0.0449185 0.0297826 0.0304
v 0.045697 0.0303029 0.0304
v 0.046217400000000006 0.0310815 0.0304
v 0.0464 0.032 0.0304
v 0.046217400000000006 0.0329185 0.0304
v 0.045697 0.033697000000000005 0.0304
v 0.0449185 0.0342173 0.0304
v 0.044 0.0344 0.0304
v 0.04308150000000001 0.0342173 0.0304
v 0.04230300000000001 0.033697000000000005 0.0304
v 0.0417826 0.0329185 0.0304
v 0.033600000000000005 0.032 0.0288
v 0.03378260000000001 0.0310815 0.0288
v 0.03378260000000001 0.0310815 0.0304
v 0.033600000000000005 0.032 0.0304
v 0.034303 0.0303029 0.0288
v 0.034303 0.0303029 0.0304
v 0.0350815 0.0297826 0.0288
v 0.0350815 0.0297826 0.0304
v 0.036000000000000004 0.0296 0.0288
v 0.036000000000000004 0.0296 0.0304
v 0.03691850000000001 0.0297826 0.0288
v 0.03691850000000001 0.0297826 0.0304
v 0.03769700000000001 0.0303029 0.0288
v 0.03769700000000001 0.0303029 0.0304
v 0.0382174 0.0310815 0.0288
v 0.0382174 0.0310815 0.0304
v 0.038400000000000004 0.032 0.0288
v 0.038400000000000004 0.032 0.0304
v 0.0382174 0.0329185 0.0288
v 0.0382174 0.0329185 0.0304
v 0.03769700000000001 0.033697000000000005 0.0288
v 0.03769700000000001 0.033697000000000005 0.0304
v 0.03691850000000001 0.0342173 0.0288
v 0.03691850000000001 0.0342173 0.0304
v 0.036000000000000004 0.0344 0.0288
v 0.036000000000000004 0.0344 0.0304
v 0.0350815 0.0342173 0.0288
v 0.0350815 0.0342173 0.0304
v 0.034303 0.033697000000000005 0.0288
v 0.034303 0.033697000000000005 0.0304
v 0.03378260000000001 0.0329185 0.0288
v 0.03378260000000001 0.0329185 0.0304
v 0.03378260000000001 0.0310815 0.0304
v 0.033600000000000005 0.032 0.0304
v 0.036000000000000004 0.032 0.0304
v 0.034303 0.0303029 0.0304
v 0.0350815 0.0297826 0.0304
v 0.036000000000000004 0.0296 0.0304
v 0.03691850000000001 0.0297826 0.0304
v 0.03769700000000001 0.0303029 0.0304
v 0.0382174 0.0310815 0.0304
v 0.038400000000000004 0.032 0.0304
v 0.0382174 0.0329185 0.0304
v 0.03769700000000001 0.033697000000000005 0.0304
v 0.03691850000000001 0.0342173 0.0304
v 0.036000000000000004 0.0344 0.0304
v 0.0350815 0.0342173 0.0304
v 0.034303 0.033697000000000005 0.0304
v 0.03378260000000001 0.0329185 0.0304
v 0.0256 0.032 0.0288
v 0.025782600000000006 0.0310815 0.0288
v 0.025782600000000006 0.0310815 0.0304
v 0.0256 0.032 0.0304
v 0.026303000000000003 0.0303029 0.0288
v 0.026303000000000003 0.0303029 0.0304
v 0.027081500000000005 0.0297826 0.0288
v 0.027081500000000005 0.0297826 0.0304
v 0.028 0.0296 0.0288
v 0.028 0.0296 0.0304
v 0.028918500000000003 0.0297826 0.0288
v 0.028918500000000003 0.0297826 0.0304
v 0.029697000000000005 0.0303029 0.0288
v 0.029697000000000005 0.0303029 0.0304
v 0.030217400000000002 0.0310815 0.0288
v 0.030217400000000002 0.0310815 0.0304
v 0.0304 0.032 0.0288
v 0.0304 0.032 0.0304
v 0.030217400000000002 0.0329185 0.0288
v 0.030217400000000002 0.0329185 0.0304
v 0.029697000000000005 0.033697000000000005 0.0288
v 0.029697000000000005 0.033697000000000005 0.0304
v 0.028918500000000003 0.0342173 0.0288
v 0.028918500000000003 0.0342173 0.0304
v 0.028 0.0344 0.0288
v 0.028 0.0344 0.0304
v 0.027081500000000005 0.0342173 0.0288
v 0.027081500000000005 0.0342173 0.0304
v 0.026303000000000003 0.033697000000000005 0.0288
v 0.026303000000000003 0.033697000000000005 0.0304
v 0.025782600000000006 0.0329185 0.0288
v 0.025782600000000006 0.0329185 0.0304
v 0.025782600000000006 0.0310815 0.0304
v 0.0256 0.032 0.0304
v 0.028 0.032 0.0304
v 0.026303000000000003 0.0303029 0.0304
v 0.027081500000000005 0.0297826 0.0304
v 0.028 0.0296 0.0304
v 0.028918500000000003 0.0297826 0.0304
v 0.029697000000000005 0.0303029 0.0304
v 0.030217400000000002 0.0310815 0.0304
v 0.0304 0.032 0.0304
v 0.030217400000000002 0.0329185 0.0304
v 0.029697000000000005 0.033697000000000005 0.0304
v 0.028918500000000003 0.0342173 0.0304
v 0.028 0.0344 0.0304
v 0.027081500000000005 0.0342173 0.0304
v 0.026303000000000003 0.033697000000000005 0.0304
v 0.025782600000000006 0.0329185 0.0304
v 0.017600000000000005 0.032 0.0288
v 0.017782600000000003 0.0310815 0.0288
v 0.017782600000000003 0.0310815 0.0304
v 0.017600000000000005 0.032 0.0304
v 0.018303000000000003 0.0303029 0.0288
v 0.018303000000000003 0.0303029 0.0304
v 0.019081500000000005 0.0297826 0.0288
v 0.019081500000000005 0.0297826 0.0304
v 0.020000000000000004 0.0296 0.0288
v 0.020000000000000004 0.0296 0.0304
v 0.020918500000000003 0.0297826 0.0288
v 0.020918500000000003 0.0297826 0.0304
v 0.021697000000000004 0.0303029 0.0288
v 0.021697000000000004 0.0303029 0.0304
v 0.0222174 0.0310815 0.0288
v 0.0222174 0.0310815 0.0304
v 0.022400000000000003 0.032 0.0288
v 0.022400000000000003 0.032 0.0304
v 0.0222174 0.0329185 0.0288
v 0.0222174 0.0329185 0.0304
v 0.021697000000000004 0.033697000000000005 0.0288
v 0.021697000000000004 0.033697000000000005 0.0304
v 0.020918500000000003 0.0342173 0.0288
v 0.020918500000000003 0.0342173 0.0304
v 0.020000000000000004 0.0344 0.0288
v 0.020000000000000004 0.0344 0.0304
v 0.019081500000000005 0.0342173 0.0288
v 0.019081500000000005 0.0342173 0.0304
v 0.018303000000000003 0.033697000000000005 0.0288
v 0.018303000000000003 0.033697000000000005 0.0304
v 0.017782600000000003 0.0329185 0.0288
v 0.017782600000000003 0.0329185 0.0304
v 0.017782600000000003 0.0310815 0.0304
v 0.017600000000000005 0.032 0.0304
v 0.020000000000000004 0.032 0.0304
v 0.018303000000000003 0.0303029 0.0304
v 0.019081500000000005 0.0297826 0.0304
v 0.020000000000000004 0.0296 0.0304
v 0.020918500000000003 0.0297826 0.0304
v 0.021697000000000004 0.0303029 0.0304
v 0.0222174 0.0310815 0.0304
v 0.022400000000000003 0.032 0.0304
v 0.0222174 0.0329185 0.0304
v 0.021697000000000004 0.033697000000000005 0.0304
v 0.020918500000000003 0.0342173 0.0304
v 0.020000000000000004 0.0344 0.0304
v 0.019081500000000005 0.0342173 0.0304
v 0.018303000000000003 0.033697000000000005 0.0304
v 0.017782600000000003 0.0329185 0.0304
v 0.009600000000000004 0.032 0.0288
v 0.009782600000000002 0.0310815 0.0288
v 0.009782600000000002 0.0310815 0.0304
v 0.009600000000000004 0.032 0.0304
v 0.010303000000000003 0.030303 0.0288
v 0.010303000000000003 0.030303 0.0304
v 0.011081500000000005 0.0297826 0.0288
v 0.011081500000000005 0.0297826 0.0304
v 0.012000000000000004 0.0296 0.0288
v 0.012000000000000004 0.0296 0.0304
v 0.012918500000000003 0.0297826 0.0288
v 0.012918500000000003 0.0297826 0.0304
v 0.013697000000000004 0.0303029 0.0288
v 0.013697000000000004 0.0303029 0.0304
v 0.014217400000000005 0.0310815 0.0288
v 0.014217400000000005 0.0310815 0.0304
v 0.014400000000000003 0.032 0.0288
v 0.014400000000000003 0.032 0.0304
v 0.014217400000000005 0.0329185 0.0288
v 0.014217400000000005 0.0329185 0.0304
v 0.013697000000000004 0.033697000000000005 0.0288
v 0.013697000000000004 0.033697000000000005 0.0304
v 0.012918500000000003 0.0342174 0.0288
v 0.012918500000000003 0.0342174 0.0304
v 0.012000000000000004 0.0344 0.0288
v 0.012000000000000004 0.0344 0.0304
v 0.011081500000000005 0.0342174 0.0288
v 0.011081500000000005 0.0342174 0.0304
v 0.010303000000000003 0.033697000000000005 0.0288
v 0.010303000000000003 0.033697000000000005 0.0304
v 0.009782600000000002 0.0329185 0.0288
v 0.009782600000000002 0.0329185 0.0304
v 0.009782600000000002 0.0310815 0.0304
v 0.009600000000000004 0.032 0.0304
v 0.012000000000000004 0.032 0.0304
v 0.010303000000000003 0.030303 0.0304
v 0.011081500000000005 0.0297826 0.0304
v 0.012000000000000004 0.0296 0.0304
v 0.012918500000000003 0.0297826 0.0304
v 0.013697000000000004 0.0303029 0.0304
v 0.014217400000000005 0.0310815 0.0304
v 0.014400000000000003 0.032 0.0304
v 0.014217400000000005 0.0329185 0.0304
v 0.013697000000000004 0.033697000000000005 0.0304
v 0.012918500000000003 0.0342174 0.0304
v 0.012000000000000004 0.0344 0.0304
v 0.011081500000000005 0.0342174 0.0304
v 0.010303000000000003 0.033697000000000005 0.0304
v 0.009782600000000002 0.0329185 0.0304
v 0.0016000000000000025 0.032 0.0288
v 0.001782600000000004 0.0310815 0.0288
v 0.001782600000000004 0.0310815 0.0304
v 0.0016000000000000025 0.032 0.0304
v 0.002303000000000003 0.030303 0.0288
v 0.002303000000000003 0.030303 0.0304
v 0.0030815000000000026 0.0297826 0.0288
v 0.0030815000000000026 0.0297826 0.0304
v 0.0040000000000000036 0.0296 0.0288
v 0.0040000000000000036 0.0296 0.0304
v 0.004918500000000003 0.0297826 0.0288
v 0.004918500000000003 0.0297826 0.0304
v 0.005697000000000004 0.030303 0.0288
v 0.005697000000000004 0.030303 0.0304
v 0.006217400000000003 0.0310815 0.0288
v 0.006217400000000003 0.0310815 0.0304
v 0.006400000000000003 0.032 0.0288
v 0.006400000000000003 0.032 0.0304
v 0.006217400000000003 0.0329185 0.0288
v 0.006217400000000003 0.0329185 0.0304
v 0.005697000000000004 0.033697000000000005 0.0288
v 0.005697000000000004 0.033697000000000005 0.0304
v 0.004918500000000003 0.0342174 0.0288
v 0.004918500000000003 0.0342174 0.0304
v 0.0040000000000000036 0.0344 0.0288
v 0.0040000000000000036 0.0344 0.0304
v 0.0030815000000000026 0.0342174 0.0288
v 0.0030815000000000026 0.0342174 0.0304
v 0.002303000000000003 0.033697000000000005 0.0288
v 0.002303000000000003 0.033697000000000005 0.0304
v 0.001782600000000004 0.0329185 0.0288
v 0.001782600000000004 0.0329185 0.0304
v 0.001782600000000004 0.0310815 0.0304
v 0.0016000000000000025 0.032 0.0304
v 0.0040000000000000036 0.032 0.0304
v 0.002303000000000003 0.030303 0.0304
v 0.0030815000000000026 0.0297826 0.0304
v 0.0040000000000000036 0.0296 0.0304
v 0.004918500000000003 0.0297826 0.0304
v 0.005697000000000004 0.030303 0.0304
v 0.006217400000000003 0.0310815 0.0304
v 0.006400000000000003 0.032 0.0304
v 0.006217400000000003 0.0329185 0.0304
v 0.005697000000000004 0.033697000000000005 0.0304
v 0.004918500000000003 0.0342174 0.0304
v 0.0040000000000000036 0.0344 0.0304
v 0.0030815000000000026 0.0342174 0.0304
v 0.002303000000000003 0.033697000000000005 0.0304
v 0.001782600000000004 0.0329185 0.0304
v 0.05760000000000001 0.04 0.0288
v 0.0577826 0.039081500000000005 0.0288
v 0.0577826 0.039081500000000005 0.0304
v 0.05760000000000001 0.04 0.0304
v 0.05830300000000001 0.0383029 0.0288
v 0.05830300000000001 0.0383029 0.0304
v 0.05908150000000001 0.0377826 0.0288
v 0.05908150000000001 0.0377826 0.0304
v 0.06000000000000001 0.0376 0.0288
v 0.06000000000000001 0.0376 0.0304
v 0.0609185 0.0377826 0.0288
v 0.0609185 0.0377826 0.0304
v 0.061697 0.0383029 0.0288
v 0.061697 0.0383029 0.0304
v 0.062217400000000006 0.039081500000000005 0.0288
v 0.062217400000000006 0.039081500000000005 0.0304
v 0.06240000000000001 0.04 0.0288
v 0.06240000000000001 0.04 0.0304
v 0.062217400000000006 0.0409185 0.0288
v 0.062217400000000006 0.0409185 0.0304
v 0.061697 0.041697 0.0288
v 0.061697 0.041697 0.0304
v 0.0609185 0.0422173 0.0288
v 0.0609185 0.0422173 0.0304
v 0.06000000000000001 0.0424 0.0288
v 0.06000000000000001 0.0424 0.0304
v 0.05908150000000001 0.0422173 0.0288
v 0.05908150000000001 0.0422173 0.0304
v 0.05830300000000001 0.041697 0.0288
v 0.05830300000000001 0.041697 0.0304
v 0.0577826 0.0409185 0.0288
v 0.0577826 0.0409185 0.0304
v 0.0577826 0.039081500000000005 0.0304
v 0.05760000000000001 0.04 0.0304
v 0.06000000000000001 0.04 0.0304
v 0.05830300000000001 0.0383029 0.0304
v 0.05908150000000001 0.0377826 0.0304
v 0.06000000000000001 0.0376 0.0304
v 0.0609185 0.0377826 0.0304
v 0.061697 0.0383029 0.0304
v 0.062217400000000006 0.039081500000000005 0.0304
v 0.06240000000000001 0.04 0.0304
v 0.062217400000000006 0.0409185 0.0304
v 0.061697 0.041697 0.0304
v 0.0609185 0.0422173 0.0304
v 0.06000000000000001 0.0424 0.0304
v 0.05908150000000001 0.0422173 0.0304
v 0.05830300000000001 0.041697 0.0304
v 0.0577826 0.0409185 0.0304
v 0.049600000000000005 0.04 0.0288
v 0.04978260000000001 0.039081500000000005 0.0288
v 0.04978260000000001 0.039081500000000005 0.0304
v 0.049600000000000005 0.04 0.0304
v 0.050303 0.0383029 0.0288
v 0.050303 0.0383029 0.0304
v 0.0510815 0.0377826 0.0288
v 0.0510815 0.0377826 0.0304
v 0.052000000000000005 0.0376 0.0288
v 0.052000000000000005 0.0376 0.0304
v 0.05291850000000001 0.0377826 0.0288
v 0.05291850000000001 0.0377826 0.0304
v 0.05369700000000001 0.0383029 0.0288
v 0.05369700000000001 0.0383029 0.0304
v 0.0542174 0.039081500000000005 0.0288
v 0.0542174 0.039081500000000005 0.0304
v 0.054400000000000004 0.04 0.0288
v 0.054400000000000004 0.04 0.0304
v 0.0542174 0.0409185 0.0288
v 0.0542174 0.0409185 0.0304
v 0.05369700000000001 0.041697 0.0288
v 0.05369700000000001 0.041697 0.0304
v 0.05291850000000001 0.0422173 0.0288
v 0.05291850000000001 0.0422173 0.0304
v 0.052000000000000005 0.0424 0.0288
v 0.052000000000000005 0.0424 0.0304
v 0.0510815 0.0422173 0.0288
v 0.0510815 0.0422173 0.0304
v 0.050303 0.041697 0.0288
v 0.050303 0.041697 0.0304
v 0.04978260000000001 0.0409185 0.0288
v 0.04978260000000001 0.0409185 0.0304
v 0.04978260000000001 0.039081500000000005 0.0304
v 0.049600000000000005 0.04 0.0304
v 0.052000000000000005 0.04 0.0304
v 0.050303 0.0383029 0.0304
v 0.0510815 0.0377826 0.0304
v 0.052000000000000005 0.0376 0.0304
v 0.05291850000000001 0.0377826 0.0304
v 0.05369700000000001 0.0383029 0.0304
v 0.0542174 0.039081500000000005 0.0304
v 0.054400000000000004 0.04 0.0304
v 0.0542174 0.0409185 0.0304
v 0.05369700000000001 0.041697 0.0304
v 0.05291850000000001 0.0422173 0.0304
v 0.052000000000000005 0.0424 0.0304
v 0.0510815 0.0422173 0.0304
v 0.050303 0.041697 0.0304
v 0.04978260000000001 0.0409185 0.0304
v 0.0416 0.04 0.0288
v 0.0417826 0.039081500000000005 0.0288
v 0.0417826 0.039081500000000005 0.0304
v 0.0416 0.04 0.0304
v 0.04230300000000001 0.0383029 0.0288
v 0.04230300000000001 0.0383029 0.0304
v 0.04308150000000001 0.0377826 0.0288
v 0.04308150000000001 0.0377826 0.0304
v 0.044 0.0376 0.0288
v 0.044 0.0376 0.0304
v 0.0449185 0.0377826 0.0288
v 0.0449185 0.0377826 0.0304
v 0.045697 0.0383029 0.0288
v 0.045697 0.0383029 0.0304
v 0.046217400000000006 0.039081500000000005 0.0288
v 0.046217400000000006 0.039081500000000005 0.0304
v 0.0464 0.04 0.0288
v 0.0464 0.04 0.0304
v 0.046217400000000006 0.0409185 0.0288
v 0.046217400000000006 0.0409185 0.0304
v 0.045697 0.041697 0.0288
v 0.045697 0.041697 0.0304
v 0.0449185 0.0422173 0.0288
v 0.0449185 0.0422173 0.0304
v 0.044 0.0424 0.0288
v 0.044 0.0424 0.0304
v 0.04308150000000001 0.0422173 0.0288
v 0.04308150000000001 0.0422173 0.0304
v 0.04230300000000001 0.041697 0.0288
v 0.04230300000000001 0.041697 0.0304
v 0.0417826 0.0409185 0.0288
v 0.0417826 0.0409185 0.0304
v 0.0417826 0.039081500000000005 0.0304
v 0.0416 0.04 0.0304
v 0.044 0.04 0.0304
v 0.04230300000000001 0.0383029 0.0304
v 0.04308150000000001 0.0377826 0.0304
v 0.044 0.0376 0.0304
v 0.0449185 0.0377826 0.0304
v 0.045697 0.0383029 0.0304
v 0.046217400000000006 0.039081500000000005 0.0304
v 0.0464 0.04 0.0304
v 0.046217400000000006 0.0409185 0.0304
v 0.045697 0.041697 0.0304
v 0.0449185 0.0422173 0.0304
v 0.044 0.0424 0.0304
v 0.04308150000000001 0.0422173 0.0304
v 0.04230300000000001 0.041697 0.0304
v 0.0417826 0.0409185 0.0304
v 0.033600000000000005 0.04 0.0288
v 0.03378260000000001 0.039081500000000005 0.0288
v 0.03378260000000001 0.039081500000000005 0.0304
v 0.033600000000000005 0.04 0.0304
v 0.034303 0.0383029 0.0288
v 0.034303 0.0383029 0.0304
v 0.0350815 0.0377826 0.0288
v 0.0350815 0.0377826 0.0304
v 0.036000000000000004 0.0376 0.0288
v 0.036000000000000004 0.0376 0.0304
v 0.03691850000000001 0.0377826 0.0288
v 0.03691850000000001 0.0377826 0.0304
v 0.03769700000000001 0.0383029 0.0288
v 0.03769700000000001 0.0383029 0.0304
v 0.0382174 0.039081500000000005 0.0288
v 0.0382174 0.039081500000000005 0.0304
v 0.038400000000000004 0.04 0.0288
v 0.038400000000000004 0.04 0.0304
v 0.0382174 0.0409185 0.0288
v 0.0382174 0.0409185 0.0304
v 0.03769700000000001 0.041697 0.0288
v 0.03769700000000001 0.041697 0.0304
v 0.03691850000000001 0.0422173 0.0288
v 0.03691850000000001 0.0422173 0.0304
v 0.036000000000000004 0.0424 0.0288
v 0.036000000000000004 0.0424 0.0304
v 0.0350815 0.0422173 0.0288
v 0.0350815 0.0422173 0.0304
v 0.034303 0.041697 0.0288
v 0.034303 0.041697 0.0304
v 0.03378260000000001 0.0409185 0.0288
v 0.03378260000000001 0.0409185 0.0304
v 0.03378260000000001 0.039081500000000005 0.0304
v 0.033600000000000005 0.04 0.0304
v 0.036000000000000004 0.04 0.0304
v 0.034303 0.0383029 0.0304
v 0.0350815 0.0377826 0.0304
v 0.036000000000000004 0.0376 0.0304
v 0.03691850000000001 0.0377826 0.0304
v 0.03769700000000001 0.0383029 0.0304
v 0.0382174 0.039081500000000005 0.0304
v 0.038400000000000004 0.04 0.0304
v 0.0382174 0.0409185 0.0304
v 0.03769700000000001 0.041697 0.0304
v 0.03691850000000001 0.0422173 0.0304
v 0.036000000000000004 0.0424 0.0304
v 0.0350815 0.0422173 0.0304
v 0.034303 0.041697 0.0304
v 0.03378260000000001 0.0409185 0.0304
v 0.0256 0.04 0.0288
v 0.025782600000000006 0.039081500000000005 0.0288
v 0.025782600000000006 0.039081500000000005 0.0304
v 0.0256 0.04 0.0304
v 0.026303000000000003 0.0383029 0.0288
v 0.026303000000000003 0.0383029 0.0304
v 0.027081500000000005 0.0377826 0.0288
v 0.027081500000000005 0.0377826 0.0304
v 0.028 0.0376 0.0288
v 0.028 0.0376 0.0304
v 0.028918500000000003 0.0377826 0.0288
v 0.028918500000000003 0.0377826 0.0304
v 0.029697000000000005 0.0383029 0.0288
v 0.029697000000000005 0.0383029 0.0304
v 0.030217400000000002 0.039081500000000005 0.0288
v 0.030217400000000002 0.039081500000000005 0.0304
v 0.0304 0.04 0.0288
v 0.0304 0.04 0.0304
v 0.030217400000000002 0.0409185 0.0288
v 0.030217400000000002 0.0409185 0.0304
v 0.029697000000000005 0.041697 0.0288
v 0.029697000000000005 0.041697 0.0304
v 0.028918500000000003 0.0422173 0.0288
v 0.028918500000000003 0.0422173 0.0304
v 0.028 0.0424 0.0288
v 0.028 0.0424 0.0304
v 0.027081500000000005 0.0422173 0.0288
v 0.027081500000000005 0.0422173 0.0304
v 0.026303000000000003 0.041697 0.0288
v 0.026303000000000003 0.041697 0.0304
v 0.025782600000000006 0.0409185 0.0288
v 0.025782600000000006 0.0409185 0.0304
v 0.025782600000000006 0.039081500000000005 0.0304
v 0.0256 0.04 0.0304
v 0.028 0.04 0.0304
v 0.026303000000000003 0.0383029 0.0304
v 0.027081500000000005 0.0377826 0.0304
v 0.028 0.0376 0.0304
v 0.028918500000000003 0.0377826 0.0304
v 0.029697000000000005 0.0383029 0.0304
v 0.030217400000000002 0.039081500000000005 0.0304
v 0.0304 0.04 0.0304
v 0.030217400000000002 0.0409185 0.0304
v 0.029697000000000005 0.041697 0.0304
v 0.028918500000000003 0.0422173 0.0304
v 0.028 0.0424 0.0304
v 0.027081500000000005 0.0422173 0.0304
v 0.026303000000000003 0.041697 0.0304
v 0.025782600000000006 0.0409185 0.0304
v 0.017600000000000005 0.04 0.0288
v 0.017782600000000003 0.039081500000000005 0.0288
v 0.017782600000000003 0.039081500000000005 0.0304
v 0.017600000000000005 0.04 0.0304
v 0.018303000000000003 0.0383029 0.0288
v 0.018303000000000003 0.0383029 0.0304
v 0.019081500000000005 0.0377826 0.0288
v 0.019081500000000005 0.0377826 0.0304
v 0.020000000000000004 0.0376 0.0288
v 0.020000000000000004 0.0376 0.0304
v 0.020918500000000003 0.0377826 0.0288
v 0.020918500000000003 0.0377826 0.0304
v 0.021697000000000004 0.0383029 0.0288
v 0.021697000000000004 0.0383029 0.0304
v 0.0222174 0.039081500000000005 0.0288
v 0.0222174 0.039081500000000005 0.0304
v 0.022400000000000003 0.04 0.0288
v 0.022400000000000003 0.04 0.0304
v 0.0222174 0.0409185 0.0288
v 0.0222174 0.0409185 0.0304
v 0.021697000000000004 0.041697 0.0288
v 0.021697000000000004 0.041697 0.0304
v 0.020918500000000003 0.0422173 0.0288
v 0.020918500000000003 0.0422173 0.0304
v 0.020000000000000004 0.0424 0.0288
v 0.020000000000000004 0.0424 0.0304
v 0.019081500000000005 0.0422173 0.0288
v 0.019081500000000005 0.0422173 0.0304
v 0.018303000000000003 0.041697 0.0288
v 0.018303000000000003 0.041697 0.0304
v 0.017782600000000003 0.0409185 0.0288
v 0.017782600000000003 0.0409185 0.0304
v 0.017782600000000003 0.039081500000000005 0.0304
v 0.017600000000000005 0.04 0.0304
v 0.020000000000000004 0.04 0.0304
v 0.018303000000000003 0.0383029 0.0304
v 0.019081500000000005 0.0377826 0.0304
v 0.020000000000000004 0.0376 0.0304
v 0.020918500000000003 0.0377826 0.0304
v 0.021697000000000004 0.0383029 0.0304
v 0.0222174 0.039081500000000005 0.0304
v 0.022400000000000003 0.04 0.0304
v 0.0222174 0.0409185 0.0304
v 0.021697000000000004 0.041697 0.0304
v 0.020918500000000003 0.0422173 0.0304
v 0.020000000000000004 0.0424 0.0304
v 0.019081500000000005 0.0422173 0.0304
v 0.018303000000000003 0.041697 0.0304
v 0.017782600000000003 0.0409185 0.0304
v 0.009600000000000004 0.04 0.0288
v 0.009782600000000002 0.039081500000000005 0.0288
v 0.009782600000000002 0.039081500000000005 0.0304
v 0.009600000000000004 0.04 0.0304
v 0.010303000000000003 0.0383029 0.0288
v 0.010303000000000003 0.0383029 0.0304
v 0.011081500000000005 0.0377826 0.0288
v 0.011081500000000005 0.0377826 0.0304
v 0.012000000000000004 0.0376 0.0288
v 0.012000000000000004 0.0376 0.0304
v 0.012918500000000003 0.0377826 0.0288
v 0.012918500000000003 0.0377826 0.0304
v 0.013697000000000004 0.0383029 0.0288
v 0.013697000000000004 0.0383029 0.0304
v 0.014217400000000005 0.039081500000000005 0.0288
v 0.014217400000000005 0.039081500000000005 0.0304
v 0.014400000000000003 0.04 0.0288
v 0.014400000000000003 0.04 0.0304
v 0.014217400000000005 0.0409185 0.0288
v 0.014217400000000005 0.0409185 0.0304
v 0.013697000000000004 0.041697 0.0288
v 0.013697000000000004 0.041697 0.0304
v 0.012918500000000003 0.0422173 0.0288
v 0.012918500000000003 0.0422173 0.0304
v 0.012000000000000004 0.0424 0.0288
v 0.012000000000000004 0.0424 0.0304
v 0.011081500000000005 0.0422173 0.0288
v 0.011081500000000005 0.0422173 0.0304
v 0.010303000000000003 0.041697 0.0288
v 0.010303000000000003 0.041697 0.0304
v 0.009782600000000002 0.0409185 0.0288
v 0.009782600000000002 0.0409185 0.0304
v 0.009782600000000002 0.039081500000000005 0.0304
v 0.009600000000000004 0.04 0.0304
v 0.012000000000000004 0.04 0.0304
v 0.010303000000000003 0.0383029 0.0304
v 0.011081500000000005 0.0377826 0.0304
v 0.012000000000000004 0.0376 0.0304
v 0.012918500000000003 0.0377826 0.0304
v 0.013697000000000004 0.0383029 0.0304
v 0.014217400000000005 0.039081500000000005 0.0304
v 0.014400000000000003 0.04 0.0304
v 0.014217400000000005 0.0409185 0.0304
v 0.013697000000000004 0.041697 0.0304
v 0.012918500000000003 0.0422173 0.0304
v 0.012000000000000004 0.0424 0.0304
v 0.011081500000000005 0.0422173 0.0304
v 0.010303000000000003 0.041697 0.0304
v 0.009782600000000002 0.0409185 0.0304
v 0.0016000000000000025 0.04 0.0288
v 0.001782600000000004 0.039081500000000005 0.0288
v 0.001782600000000004 0.039081500000000005 0.0304
v 0.0016000000000000025 0.04 0.0304
v 0.002303000000000003 0.0383029 0.0288
v 0.002303000000000003 0.0383029 0.0304
v 0.0030815000000000026 0.0377826 0.0288
v 0.0030815000000000026 0.0377826 0.0304
v 0.0040000000000000036 0.0376 0.0288
v 0.0040000000000000036 0.0376 0.0304
v 0.004918500000000003 0.0377826 0.0288
v 0.004918500000000003 0.0377826 0.0304
v 0.005697000000000004 0.0383029 0.0288
v 0.005697000000000004 0.0383029 0.0304
v 0.006217400000000003 0.039081500000000005 0.0288
v 0.006217400000000003 0.039081500000000005 0.0304
v 0.006400000000000003 0.04 0.0288
v 0.006400000000000003 0.04 0.0304
v 0.006217400000000003 0.0409185 0.0288
v 0.006217400000000003 0.0409185 0.0304
v 0.005697000000000004 0.041697 0.0288
v 0.005697000000000004 0.041697 0.0304
v 0.004918500000000003 0.0422173 0.0288
v 0.004918500000000003 0.0422173 0.0304
v 0.0040000000000000036 0.0424 0.0288
v 0.0040000000000000036 0.0424 0.0304
v 0.0030815000000000026 0.0422173 0.0288
v 0.0030815000000000026 0.0422173 0.0304
v 0.002303000000000003 0.041697 0.0288
v 0.002303000000000003 0.041697 0.0304
v 0.001782600000000004 0.0409185 0.0288
v 0.001782600000000004 0.0409185 0.0304
v 0.001782600000000004 0.039081500000000005 0.0304
v 0.0016000000000000025 0.04 0.0304
v 0.0040000000000000036 0.04 0.0304
v 0.002303000000000003 0.0383029 0.0304
v 0.0030815000000000026 0.0377826 0.0304
v 0.0040000000000000036 0.0376 0.0304
v 0.004918500000000003 0.0377826 0.0304
v 0.005697000000000004 0.0383029 0.0304
v 0.006217400000000003 0.039081500000000005 0.0304
v 0.006400000000000003 0.04 0.0304
v 0.006217400000000003 0.0409185 0.0304
v 0.005697000000000004 0.041697 0.0304
v 0.004918500000000003 0.0422173 0.0304
v 0.0040000000000000036 0.0424 0.0304
v 0.0030815000000000026 0.0422173 0.0304
v 0.002303000000000003 0.041697 0.0304
v 0.001782600000000004 0.0409185 0.0304
v 0.05360000000000001 0.036000000000000004 0.0192
v 0.0537826 0.0350815 0.0192
v 0.0537826 0.0350815 0.0272
v 0.05360000000000001 0.036000000000000004 0.0272
v 0.054303000000000004 0.0343029 0.0192
v 0.054303000000000004 0.0343029 0.0272
v 0.055081500000000005 0.033782599999999996 0.0192
v 0.055081500000000005 0.033782599999999996 0.0272
v 0.05600000000000001 0.033600000000000005 0.0192
v 0.05600000000000001 0.033600000000000005 0.0272
v 0.05691850000000001 0.033782599999999996 0.0192
v 0.05691850000000001 0.033782599999999996 0.0272
v 0.05769700000000001 0.0343029 0.0192
v 0.05769700000000001 0.0343029 0.0272
v 0.0582174 0.0350815 0.0192
v 0.0582174 0.0350815 0.0272
v 0.05840000000000001 0.036000000000000004 0.0192
v 0.05840000000000001 0.036000000000000004 0.0272
v 0.0582174 0.0369185 0.0192
v 0.0582174 0.0369185 0.0272
v 0.05769700000000001 0.037697 0.0192
v 0.05769700000000001 0.037697 0.0272
v 0.05691850000000001 0.038217299999999996 0.0192
v 0.05691850000000001 0.038217299999999996 0.0272
v 0.05600000000000001 0.038400000000000004 0.0192
v 0.05600000000000001 0.038400000000000004 0.0272
v 0.055081500000000005 0.038217299999999996 0.0192
v 0.055081500000000005 0.038217299999999996 0.0272
v 0.054303000000000004 0.037697 0.0192
v 0.054303000000000004 0.037697 0.0272
v 0.0537826 0.0369185 0.0192
v 0.0537826 0.0369185 0.0272
v 0.0528 0.036000000000000004 0.0192
v 0.05304350000000001 0.034775299999999995 0.0192
v 0.05304350000000001 0.034775299999999995 0.0272
v 0.0528 0.036000000000000004 0.0272
v 0.0537373 0.0337373 0.0192
v 0.0537373 0.0337373 0.0272
v 0.0547754 0.0330435 0.0192
v 0.0547754 0.0330435 0.0272
v 0.05600000000000001 0.032799999999999996 0.0192
v 0.05600000000000001 0.032799999999999996 0.0272
v 0.0572246 0.0330435 0.0192
v 0.0572246 0.0330435 0.0272
v 0.0582627 0.0337373 0.0192
v 0.0582627 0.0337373 0.0272
v 0.05895650000000001 0.034775299999999995 0.0192
v 0.05895650000000001 0.034775299999999995 0.0272
v 0.0592 0.036000000000000004 0.0192
v 0.0592 0.036000000000000004 0.0272
v 0.05895650000000001 0.0372246 0.0192
v 0.05895650000000001 0.0372246 0.0272
v 0.0582627 0.0382627 0.0192
v 0.0582627 0.0382627 0.0272
v 0.0572246 0.038956500000000005 0.0192
v 0.0572246 0.038956500000000005 0.0272
v 0.05600000000000001 0.0392 0.0192
v 0.05600000000000001 0.0392 0.0272
v 0.0547754 0.038956500000000005 0.0192
v 0.0547754 0.038956500000000005 0.0272
v 0.0537373 0.0382627 0.0192
v 0.0537373 0.0382627 0.0272
v 0.05304350000000001 0.0372246 0.0192
v 0.05304350000000001 0.0372246 0.0272
v 0.05600000000000001 0.032799999999999996 0.0192
v 0.05600000000000001 0.033600000000000005 0.0192
v 0.05691850000000001 0.033782599999999996 0.0192
v 0.0572246 0.0330435 0.0192
v 0.05769700000000001 0.0343029 0.0192
v 0.0582627 0.0337373 0.0192
v 0.0582174 0.0350815 0.0192
v 0.05895650000000001 0.034775299999999995 0.0192
v 0.05840000000000001 0.036000000000000004 0.0192
v 0.0592 0.036000000000000004 0.0192
v 0.0582174 0.0369185 0.0192
v 0.05895650000000001 0.0372246 0.0192
v 0.05769700000000001 0.037697 0.0192
v 0.0582627 0.0382627 0.0192
v 0.05691850000000001 0.038217299999999996 0.0192
v 0.0572246 0.038956500000000005 0.0192
v 0.05600000000000001 0.038400000000000004 0.0192
v 0.05600000000000001 0.0392 0.0192
v 0.055081500000000005 0.038217299999999996 0.0192
v 0.0547754 0.038956500000000005 0.0192
v 0.054303000000000004 0.037697 0.0192
v 0.0537373 0.0382627 0.0192
v 0.0537826 0.0369185 0.0192
v 0.05304350000000001 0.0372246 0.0192
v 0.05360000000000001 0.036000000000000004 0.0192
v 0.0528 0.036000000000000004 0.0192
v 0.0537826 0.0350815 0.0192
v 0.05304350000000001 0.034775299999999995 0.0192
v 0.054303000000000004 0.0343029 0.0192
v 0.0537373 0.0337373 0.0192
v 0.055081500000000005 0.033782599999999996 0.0192
v 0.0547754 0.0330435 0.0192
v 0.0456 0.036000000000000004 0.0192
v 0.04578260000000001 0.0350815 0.0192
v 0.04578260000000001 0.0350815 0.0272
v 0.0456 0.036000000000000004 0.0272
v 0.046303 0.0343029 0.0192
v 0.046303 0.0343029 0.0272
v 0.0470815 0.033782599999999996 0.0192
v 0.0470815 0.033782599999999996 0.0272
v 0.048 0.033600000000000005 0.0192
v 0.048 0.033600000000000005 0.0272
v 0.048918500000000004 0.033782599999999996 0.0192
v 0.048918500000000004 0.033782599999999996 0.0272
v 0.049697000000000005 0.0343029 0.0192
v 0.049697000000000005 0.0343029 0.0272
v 0.05021740000000001 0.0350815 0.0192
v 0.05021740000000001 0.0350815 0.0272
v 0.0504 0.036000000000000004 0.0192
v 0.0504 0.036000000000000004 0.0272
v 0.05021740000000001 0.0369185 0.0192
v 0.05021740000000001 0.0369185 0.0272
v 0.049697000000000005 0.037697 0.0192
v 0.049697000000000005 0.037697 0.0272
v 0.048918500000000004 0.038217299999999996 0.0192
v 0.048918500000000004 0.038217299999999996 0.0272
v 0.048 0.038400000000000004 0.0192
v 0.048 0.038400000000000004 0.0272
v 0.0470815 0.038217299999999996 0.0192
v 0.0470815 0.038217299999999996 0.0272
v 0.046303 0.037697 0.0192
v 0.046303 0.037697 0.0272
v 0.04578260000000001 0.0369185 0.0192
v 0.04578260000000001 0.0369185 0.0272
v 0.044800000000000006 0.036000000000000004 0.0192
v 0.0450435 0.034775299999999995 0.0192
v 0.0450435 0.034775299999999995 0.0272
v 0.044800000000000006 0.036000000000000004 0.0272
v 0.04573730000000001 0.0337373 0.0192
v 0.04573730000000001 0.0337373 0.0272
v 0.04677540000000001 0.0330435 0.0192
v 0.04677540000000001 0.0330435 0.0272
v 0.048 0.032799999999999996 0.0192
v 0.048 0.032799999999999996 0.0272
v 0.04922460000000001 0.0330435 0.0192
v 0.04922460000000001 0.0330435 0.0272
v 0.05026270000000001 0.0337373 0.0192
v 0.05026270000000001 0.0337373 0.0272
v 0.0509565 0.034775299999999995 0.0192
v 0.0509565 0.034775299999999995 0.0272
v 0.05120000000000001 0.036000000000000004 0.0192
v 0.05120000000000001 0.036000000000000004 0.0272
v 0.0509565 0.0372246 0.0192
v 0.0509565 0.0372246 0.0272
v 0.05026270000000001 0.0382627 0.0192
v 0.05026270000000001 0.0382627 0.0272
v 0.04922460000000001 0.038956500000000005 0.0192
v 0.04922460000000001 0.038956500000000005 0.0272
v 0.048 0.0392 0.0192
v 0.048 0.0392 0.0272
v 0.04677540000000001 0.038956500000000005 0.0192
v 0.04677540000000001 0.038956500000000005 0.0272
v 0.04573730000000001 0.0382627 0.0192
v 0.04573730000000001 0.0382627 0.0272
v 0.0450435 0.0372246 0.0192
v 0.0450435 0.0372246 0.0272
v 0.048 0.032799999999999996 0.0192
v 0.048 0.033600000000000005 0.0192
v 0.048918500000000004 0.033782599999999996 0.0192
v 0.04922460000000001 0.0330435 0.0192
v 0.049697000000000005 0.0343029 0.0192
v 0.05026270000000001 0.0337373 0.0192
v 0.05021740000000001 0.0350815 0.0192
v 0.0509565 0.034775299999999995 0.0192
v 0.0504 0.036000000000000004 0.0192
v 0.05120000000000001 0.036000000000000004 0.0192
v 0.05021740000000001 0.0369185 0.0192
v 0.0509565 0.0372246 0.0192
v 0.049697000000000005 0.037697 0.0192
v 0.05026270000000001 0.0382627 0.0192
v 0.048918500000000004 0.038217299999999996 0.0192
v 0.04922460000000001 0.038956500000000005 0.0192
v 0.048 0.038400000000000004 0.0192
v 0.048 0.0392 0.0192
v 0.0470815 0.038217299999999996 0.0192
v 0.04677540000000001 0.038956500000000005 0.0192
v 0.046303 0.037697 0.0192
v 0.04573730000000001 0.0382627 0.0192
v 0.04578260000000001 0.0369185 0.0192
v 0.0450435 0.0372246 0.0192
v 0.0456 0.036000000000000004 0.0192
v 0.044800000000000006 0.036000000000000004 0.0192
v 0.04578260000000001 0.0350815 0.0192
v 0.0450435 0.034775299999999995 0.0192
v 0.046303 0.0343029 0.0192
v 0.04573730000000001 0.0337373 0.0192
v 0.0470815 0.033782599999999996 0.0192
v 0.04677540000000001 0.0330435 0.0192
v 0.03760000000000001 0.036000000000000004 0.0192
v 0.0377826 0.0350815 0.0192
v 0.0377826 0.0350815 0.0272
v 0.03760000000000001 0.036000000000000004 0.0272
v 0.038303000000000004 0.0343029 0.0192
v 0.038303000000000004 0.0343029 0.0272
v 0.039081500000000005 0.033782599999999996 0.0192
v 0.039081500000000005 0.033782599999999996 0.0272
v 0.04000000000000001 0.033600000000000005 0.0192
v 0.04000000000000001 0.033600000000000005 0.0272
v 0.0409185 0.033782599999999996 0.0192
v 0.0409185 0.033782599999999996 0.0272
v 0.041697 0.0343029 0.0192
v 0.041697 0.0343029 0.0272
v 0.0422174 0.0350815 0.0192
v 0.0422174 0.0350815 0.0272
v 0.04240000000000001 0.036000000000000004 0.0192
v 0.04240000000000001 0.036000000000000004 0.0272
v 0.0422174 0.0369185 0.0192
v 0.0422174 0.0369185 0.0272
v 0.041697 0.037697 0.0192
v 0.041697 0.037697 0.0272
v 0.0409185 0.038217299999999996 0.0192
v 0.0409185 0.038217299999999996 0.0272
v 0.04000000000000001 0.038400000000000004 0.0192
v 0.04000000000000001 0.038400000000000004 0.0272
v 0.039081500000000005 0.038217299999999996 0.0192
v 0.039081500000000005 0.038217299999999996 0.0272
v 0.038303000000000004 0.037697 0.0192
v 0.038303000000000004 0.037697 0.0272
v 0.0377826 0.0369185 0.0192
v 0.0377826 0.0369185 0.0272
v 0.0368 0.036000000000000004 0.0192
v 0.03704350000000001 0.034775299999999995 0.0192
v 0.03704350000000001 0.034775299999999995 0.0272
v 0.0368 0.036000000000000004 0.0272
v 0.0377373 0.0337373 0.0192
v 0.0377373 0.0337373 0.0272
v 0.0387754 0.0330435 0.0192
v 0.0387754 0.0330435 0.0272
v 0.04000000000000001 0.032799999999999996 0.0192
v 0.04000000000000001 0.032799999999999996 0.0272
v 0.0412246 0.0330435 0.0192
v 0.0412246 0.0330435 0.0272
v 0.0422627 0.0337373 0.0192
v 0.0422627 0.0337373 0.0272
v 0.04295650000000001 0.034775299999999995 0.0192
v 0.04295650000000001 0.034775299999999995 0.0272
v 0.0432 0.036000000000000004 0.0192
v 0.0432 0.036000000000000004 0.0272
v 0.04295650000000001 0.0372246 0.0192
v 0.04295650000000001 0.0372246 0.0272
v 0.0422627 0.0382627 0.0192
v 0.0422627 0.0382627 0.0272
v 0.0412246 0.038956500000000005 0.0192
v 0.0412246 0.038956500000000005 0.0272
v 0.04000000000000001 0.0392 0.0192
v 0.04000000000000001 0.0392 0.0272
v 0.0387754 0.038956500000000005 0.0192
v 0.0387754 0.038956500000000005 0.0272
v 0.0377373 0.0382627 0.0192
v 0.0377373 0.0382627 0.0272
v 0.03704350000000001 0.0372246 0.0192
v 0.03704350000000001 0.0372246 0.0272
v 0.04000000000000001 0.032799999999999996 0.0192
v 0.04000000000000001 0.033600000000000005 0.0192
v 0.0409185 0.033782599999999996 0.0192
v 0.0412246 0.0330435 0.0192
v 0.041697 0.0343029 0.0192
v 0.0422627 0.0337373 0.0192
v 0.0422174 0.0350815 0.0192
v 0.04295650000000001 0.034775299999999995 0.0192
v 0.04240000000000001 0.036000000000000004 0.0192
v 0.0432 0.036000000000000004 0.0192
v 0.0422174 0.0369185 0.0192
v 0.04295650000000001 0.0372246 0.0192
v 0.041697 0.037697 0.0192
v 0.0422627 0.0382627 0.0192
v 0.0409185 0.038217299999999996 0.0192
v 0.0412246 0.038956500000000005 0.0192
v 0.04000000000000001 0.038400000000000004 0.0192
v 0.04000000000000001 0.0392 0.0192
v 0.039081500000000005 0.038217299999999996 0.0192
v 0.0387754 0.038956500000000005 0.0192
v 0.038303000000000004 0.037697 0.0192
v 0.0377373 0.0382627 0.0192
v 0.0377826 0.0369185 0.0192
v 0.03704350000000001 0.0372246 0.0192
v 0.03760000000000001 0.036000000000000004 0.0192
v 0.0368 0.036000000000000004 0.0192
v 0.0377826 0.0350815 0.0192
v 0.03704350000000001 0.034775299999999995 0.0192
v 0.038303000000000004 0.0343029 0.0192
v 0.0377373 0.0337373 0.0192
v 0.039081500000000005 0.033782599999999996 0.0192
v 0.0387754 0.0330435 0.0192
v 0.029600000000000005 0.036000000000000004 0.0192
v 0.029782600000000003 0.0350815 0.0192
v 0.029782600000000003 0.0350815 0.0272
v 0.029600000000000005 0.036000000000000004 0.0272
v 0.030303 0.0343029 0.0192
v 0.030303 0.0343029 0.0272
v 0.0310815 0.033782599999999996 0.0192
v 0.0310815 0.033782599999999996 0.0272
v 0.032 0.033600000000000005 0.0192
v 0.032 0.033600000000000005 0.0272
v 0.0329185 0.033782599999999996 0.0192
v 0.0329185 0.033782599999999996 0.0272
v 0.033697000000000005 0.0343029 0.0192
v 0.033697000000000005 0.0343029 0.0272
v 0.03421740000000001 0.0350815 0.0192
v 0.03421740000000001 0.0350815 0.0272
v 0.0344 0.036000000000000004 0.0192
v 0.0344 0.036000000000000004 0.0272
v 0.03421740000000001 0.0369185 0.0192
v 0.03421740000000001 0.0369185 0.0272
v 0.033697000000000005 0.037697 0.0192
v 0.033697000000000005 0.037697 0.0272
v 0.0329185 0.038217299999999996 0.0192
v 0.0329185 0.038217299999999996 0.0272
v 0.032 0.038400000000000004 0.0192
v 0.032 0.038400000000000004 0.0272
v 0.0310815 0.038217299999999996 0.0192
v 0.0310815 0.038217299999999996 0.0272
v 0.030303 0.037697 0.0192
v 0.030303 0.037697 0.0272
v 0.029782600000000003 0.0369185 0.0192
v 0.029782600000000003 0.0369185 0.0272
v 0.028800000000000003 0.036000000000000004 0.0192
v 0.029043500000000003 0.034775299999999995 0.0192
v 0.029043500000000003 0.034775299999999995 0.0272
v 0.028800000000000003 0.036000000000000004 0.0272
v 0.029737300000000005 0.0337373 0.0192
v 0.029737300000000005 0.0337373 0.0272
v 0.030775400000000005 0.0330435 0.0192
v 0.030775400000000005 0.0330435 0.0272
v 0.032 0.032799999999999996 0.0192
v 0.032 0.032799999999999996 0.0272
v 0.03322460000000001 0.0330435 0.0192
v 0.03322460000000001 0.0330435 0.0272
v 0.03426270000000001 0.0337373 0.0192
v 0.03426270000000001 0.0337373 0.0272
v 0.0349565 0.034775299999999995 0.0192
v 0.0349565 0.034775299999999995 0.0272
v 0.03520000000000001 0.036000000000000004 0.0192
v 0.03520000000000001 0.036000000000000004 0.0272
v 0.0349565 0.0372246 0.0192
v 0.0349565 0.0372246 0.0272
v 0.03426270000000001 0.0382627 0.0192
v 0.03426270000000001 0.0382627 0.0272
v 0.03322460000000001 0.038956500000000005 0.0192
v 0.03322460000000001 0.038956500000000005 0.0272
v 0.032 0.0392 0.0192
v 0.032 0.0392 0.0272
v 0.030775400000000005 0.038956500000000005 0.0192
v 0.030775400000000005 0.038956500000000005 0.0272
v 0.029737300000000005 0.0382627 0.0192
v 0.029737300000000005 0.0382627 0.0272
v 0.029043500000000003 0.0372246 0.0192
v 0.029043500000000003 0.0372246 0.0272
v 0.032 0.032799999999999996 0.0192
v 0.032 0.033600000000000005 0.0192
v 0.0329185 0.033782599999999996 0.0192
v 0.03322460000000001 0.0330435 0.0192
v 0.033697000000000005 0.0343029 0.0192
v 0.03426270000000001 0.0337373 0.0192
v 0.03421740000000001 0.0350815 0.0192
v 0.0349565 0.034775299999999995 0.0192
v 0.0344 0.036000000000000004 0.0192
v 0.03520000000000001 0.036000000000000004 0.0192
v 0.03421740000000001 0.0369185 0.0192
v 0.0349565 0.0372246 0.0192
v 0.033697000000000005 0.037697 0.0192
v 0.03426270000000001 0.0382627 0.0192
v 0.0329185 0.038217299999999996 0.0192
v 0.03322460000000001 0.038956500000000005 0.0192
v 0.032 0.038400000000000004 0.0192
v 0.032 0.0392 0.0192
v 0.0310815 0.038217299999999996 0.0192
v 0.030775400000000005 0.038956500000000005 0.0192
v 0.030303 0.037697 0.0192
v 0.029737300000000005 0.0382627 0.0192
v 0.029782600000000003 0.0369185 0.0192
v 0.029043500000000003 0.0372246 0.0192
v 0.029600000000000005 0.036000000000000004 0.0192
v 0.028800000000000003 0.036000000000000004 0.0192
v 0.029782600000000003 0.0350815 0.0192
v 0.029043500000000003 0.034775299999999995 0.0192
v 0.030303 0.0343029 0.0192
v 0.029737300000000005 0.0337373 0.0192
v 0.0310815 0.033782599999999996 0.0192
v 0.030775400000000005 0.0330435 0.0192
v 0.021600000000000005 0.036000000000000004 0.0192
v 0.021782600000000003 0.0350815 0.0192
v 0.021782600000000003 0.0350815 0.0272
v 0.021600000000000005 0.036000000000000004 0.0272
v 0.022303000000000003 0.0343029 0.0192
v 0.022303000000000003 0.0343029 0.0272
v 0.023081500000000005 0.033782599999999996 0.0192
v 0.023081500000000005 0.033782599999999996 0.0272
v 0.024000000000000004 0.033600000000000005 0.0192
v 0.024000000000000004 0.033600000000000005 0.0272
v 0.024918500000000007 0.033782599999999996 0.0192
v 0.024918500000000007 0.033782599999999996 0.0272
v 0.025697 0.0343029 0.0192
v 0.025697 0.0343029 0.0272
v 0.026217400000000005 0.0350815 0.0192
v 0.026217400000000005 0.0350815 0.0272
v 0.026400000000000003 0.036000000000000004 0.0192
v 0.026400000000000003 0.036000000000000004 0.0272
v 0.026217400000000005 0.0369185 0.0192
v 0.026217400000000005 0.0369185 0.0272
v 0.025697 0.037697 0.0192
v 0.025697 0.037697 0.0272
v 0.024918500000000007 0.038217299999999996 0.0192
v 0.024918500000000007 0.038217299999999996 0.0272
v 0.024000000000000004 0.038400000000000004 0.0192
v 0.024000000000000004 0.038400000000000004 0.0272
v 0.023081500000000005 0.038217299999999996 0.0192
v 0.023081500000000005 0.038217299999999996 0.0272
v 0.022303000000000003 0.037697 0.0192
v 0.022303000000000003 0.037697 0.0272
v 0.021782600000000003 0.0369185 0.0192
v 0.021782600000000003 0.0369185 0.0272
v 0.020800000000000003 0.036000000000000004 0.0192
v 0.021043500000000003 0.034775299999999995 0.0192
v 0.021043500000000003 0.034775299999999995 0.0272
v 0.020800000000000003 0.036000000000000004 0.0272
v 0.021737300000000005 0.0337373 0.0192
v 0.021737300000000005 0.0337373 0.0272
v 0.022775400000000005 0.0330435 0.0192
v 0.022775400000000005 0.0330435 0.0272
v 0.024000000000000004 0.032799999999999996 0.0192
v 0.024000000000000004 0.032799999999999996 0.0272
v 0.025224600000000003 0.0330435 0.0192
v 0.025224600000000003 0.0330435 0.0272
v 0.026262700000000003 0.0337373 0.0192
v 0.026262700000000003 0.0337373 0.0272
v 0.026956500000000005 0.034775299999999995 0.0192
v 0.026956500000000005 0.034775299999999995 0.0272
v 0.027200000000000005 0.036000000000000004 0.0192
v 0.027200000000000005 0.036000000000000004 0.0272
v 0.026956500000000005 0.0372246 0.0192
v 0.026956500000000005 0.0372246 0.0272
v 0.026262700000000003 0.0382627 0.0192
v 0.026262700000000003 0.0382627 0.0272
v 0.025224600000000003 0.038956500000000005 0.0192
v 0.025224600000000003 0.038956500000000005 0.0272
v 0.024000000000000004 0.0392 0.0192
v 0.024000000000000004 0.0392 0.0272
v 0.022775400000000005 0.038956500000000005 0.0192
v 0.022775400000000005 0.038956500000000005 0.0272
v 0.021737300000000005 0.0382627 0.0192
v 0.021737300000000005 0.0382627 0.0272
v 0.021043500000000003 0.0372246 0.0192
v 0.021043500000000003 0.0372246 0.0272
v 0.024000000000000004 0.032799999999999996 0.0192
v 0.024000000000000004 0.033600000000000005 0.0192
v 0.024918500000000007 0.033782599999999996 0.0192
v 0.025224600000000003 0.0330435 0.0192
v 0.025697 0.0343029 0.0192
v 0.026262700000000003 0.0337373 0.0192
v 0.026217400000000005 0.0350815 0.0192
v 0.026956500000000005 0.034775299999999995 0.0192
v 0.026400000000000003 0.036000000000000004 0.0192
v 0.027200000000000005 0.036000000000000004 0.0192
v 0.026217400000000005 0.0369185 0.0192
v 0.026956500000000005 0.0372246 0.0192
v 0.025697 0.037697 0.0192
v 0.026262700000000003 0.0382627 0.0192
v 0.024918500000000007 0.038217299999999996 0.0192
v 0.025224600000000003 0.038956500000000005 0.0192
v 0.024000000000000004 0.038400000000000004 0.0192
v 0.024000000000000004 0.0392 0.0192
v 0.023081500000000005 0.038217299999999996 0.0192
v 0.022775400000000005 0.038956500000000005 0.0192
v 0.022303000000000003 0.037697 0.0192
v 0.021737300000000005 0.0382627 0.0192
v 0.021782600000000003 0.0369185 0.0192
v 0.021043500000000003 0.0372246 0.0192
v 0.021600000000000005 0.036000000000000004 0.0192
v 0.020800000000000003 0.036000000000000004 0.0192
v 0.021782600000000003 0.0350815 0.0192
v 0.021043500000000003 0.034775299999999995 0.0192
v 0.022303000000000003 0.0343029 0.0192
v 0.021737300000000005 0.0337373 0.0192
v 0.023081500000000005 0.033782599999999996 0.0192
v 0.022775400000000005 0.0330435 0.0192
v 0.013600000000000004 0.036000000000000004 0.0192
v 0.013782600000000002 0.0350815 0.0192
v 0.013782600000000002 0.0350815 0.0272
v 0.013600000000000004 0.036000000000000004 0.0272
v 0.014303000000000003 0.0343029 0.0192
v 0.014303000000000003 0.0343029 0.0272
v 0.015081500000000005 0.033782599999999996 0.0192
v 0.015081500000000005 0.033782599999999996 0.0272
v 0.016000000000000004 0.033600000000000005 0.0192
v 0.016000000000000004 0.033600000000000005 0.0272
v 0.016918500000000003 0.033782599999999996 0.0192
v 0.016918500000000003 0.033782599999999996 0.0272
v 0.017697000000000004 0.0343029 0.0192
v 0.017697000000000004 0.0343029 0.0272
v 0.0182174 0.0350815 0.0192
v 0.0182174 0.0350815 0.0272
v 0.018400000000000003 0.036000000000000004 0.0192
v 0.018400000000000003 0.036000000000000004 0.0272
v 0.0182174 0.0369185 0.0192
v 0.0182174 0.0369185 0.0272
v 0.017697000000000004 0.037697 0.0192
v 0.017697000000000004 0.037697 0.0272
v 0.016918500000000003 0.038217299999999996 0.0192
v 0.016918500000000003 0.038217299999999996 0.0272
v 0.016000000000000004 0.038400000000000004 0.0192
v 0.016000000000000004 0.038400000000000004 0.0272
v 0.015081500000000005 0.038217299999999996 0.0192
v 0.015081500000000005 0.038217299999999996 0.0272
v 0.014303000000000003 0.037697 0.0192
v 0.014303000000000003 0.037697 0.0272
v 0.013782600000000002 0.0369185 0.0192
v 0.013782600000000002 0.0369185 0.0272
v 0.012800000000000002 0.036000000000000004 0.0192
v 0.013043500000000003 0.0347754 0.0192
v 0.013043500000000003 0.0347754 0.0272
v 0.012800000000000002 0.036000000000000004 0.0272
v 0.013737300000000004 0.0337373 0.0192
v 0.013737300000000004 0.0337373 0.0272
v 0.014775400000000005 0.0330435 0.0192
v 0.014775400000000005 0.0330435 0.0272
v 0.016000000000000004 0.032799999999999996 0.0192
v 0.016000000000000004 0.032799999999999996 0.0272
v 0.017224600000000003 0.0330435 0.0192
v 0.017224600000000003 0.0330435 0.0272
v 0.018262700000000003 0.0337373 0.0192
v 0.018262700000000003 0.0337373 0.0272
v 0.018956500000000005 0.034775299999999995 0.0192
v 0.018956500000000005 0.034775299999999995 0.0272
v 0.019200000000000002 0.036000000000000004 0.0192
v 0.019200000000000002 0.036000000000000004 0.0272
v 0.018956500000000005 0.0372246 0.0192
v 0.018956500000000005 0.0372246 0.0272
v 0.018262700000000003 0.0382627 0.0192
v 0.018262700000000003 0.0382627 0.0272
v 0.017224600000000003 0.038956500000000005 0.0192
v 0.017224600000000003 0.038956500000000005 0.0272
v 0.016000000000000004 0.0392 0.0192
v 0.016000000000000004 0.0392 0.0272
v 0.014775400000000005 0.038956500000000005 0.0192
v 0.014775400000000005 0.038956500000000005 0.0272
v 0.013737300000000004 0.0382627 0.0192
v 0.013737300000000004 0.0382627 0.0272
v 0.013043500000000003 0.0372246 0.0192
v 0.013043500000000003 0.0372246 0.0272
v 0.016000000000000004 0.032799999999999996 0.0192
v 0.016000000000000004 0.033600000000000005 0.0192
v 0.016918500000000003 0.033782599999999996 0.0192
v 0.017224600000000003 0.0330435 0.0192
v 0.017697000000000004 0.0343029 0.0192
v 0.018262700000000003 0.0337373 0.0192
v 0.0182174 0.0350815 0.0192
v 0.018956500000000005 0.034775299999999995 0.0192
v 0.018400000000000003 0.036000000000000004 0.0192
v 0.019200000000000002 0.036000000000000004 0.0192
v 0.0182174 0.0369185 0.0192
v 0.018956500000000005 0.0372246 0.0192
v 0.017697000000000004 0.037697 0.0192
v 0.018262700000000003 0.0382627 0.0192
v 0.016918500000000003 0.038217299999999996 0.0192
v 0.017224600000000003 0.038956500000000005 0.0192
v 0.016000000000000004 0.038400000000000004 0.0192
v 0.016000000000000004 0.0392 0.0192
v 0.015081500000000005 0.038217299999999996 0.0192
v 0.014775400000000005 0.038956500000000005 0.0192
v 0.014303000000000003 0.037697 0.0192
v 0.013737300000000004 0.0382627 0.0192
v 0.013782600000000002 0.0369185 0.0192
v 0.013043500000000003 0.0372246 0.0192
v 0.013600000000000004 0.036000000000000004 0.0192
v 0.012800000000000002 0.036000000000000004 0.0192
v 0.013782600000000002 0.0350815 0.0192
v 0.013043500000000003 0.0347754 0.0192
v 0.014303000000000003 0.0343029 0.0192
v 0.013737300000000004 0.0337373 0.0192
v 0.015081500000000005 0.033782599999999996 0.0192
v 0.014775400000000005 0.0330435 0.0192
v 0.0056000000000000025 0.036000000000000004 0.0192
v 0.005782600000000004 0.0350815 0.0192
v 0.005782600000000004 0.0350815 0.0272
v 0.0056000000000000025 0.036000000000000004 0.0272
v 0.006303000000000003 0.0343029 0.0192
v 0.006303000000000003 0.0343029 0.0272
v 0.007081500000000003 0.033782599999999996 0.0192
v 0.007081500000000003 0.033782599999999996 0.0272
v 0.008000000000000004 0.033600000000000005 0.0192
v 0.008000000000000004 0.033600000000000005 0.0272
v 0.008918500000000003 0.033782599999999996 0.0192
v 0.008918500000000003 0.033782599999999996 0.0272
v 0.009697000000000004 0.0343029 0.0192
v 0.009697000000000004 0.0343029 0.0272
v 0.010217400000000005 0.0350815 0.0192
v 0.010217400000000005 0.0350815 0.0272
v 0.010400000000000003 0.036000000000000004 0.0192
v 0.010400000000000003 0.036000000000000004 0.0272
v 0.010217400000000005 0.0369185 0.0192
v 0.010217400000000005 0.0369185 0.0272
v 0.009697000000000004 0.037697 0.0192
v 0.009697000000000004 0.037697 0.0272
v 0.008918500000000003 0.038217299999999996 0.0192
v 0.008918500000000003 0.038217299999999996 0.0272
v 0.008000000000000004 0.038400000000000004 0.0192
v 0.008000000000000004 0.038400000000000004 0.0272
v 0.007081500000000003 0.038217299999999996 0.0192
v 0.007081500000000003 0.038217299999999996 0.0272
v 0.006303000000000003 0.037697 0.0192
v 0.006303000000000003 0.037697 0.0272
v 0.005782600000000004 0.0369185 0.0192
v 0.005782600000000004 0.0369185 0.0272
v 0.004800000000000004 0.036000000000000004 0.0192
v 0.005043500000000003 0.0347754 0.0192
v 0.005043500000000003 0.0347754 0.0272
v 0.004800000000000004 0.036000000000000004 0.0272
v 0.0057373000000000025 0.0337373 0.0192
v 0.0057373000000000025 0.0337373 0.0272
v 0.006775400000000003 0.0330435 0.0192
v 0.006775400000000003 0.0330435 0.0272
v 0.008000000000000004 0.032799999999999996 0.0192
v 0.008000000000000004 0.032799999999999996 0.0272
v 0.009224600000000003 0.0330435 0.0192
v 0.009224600000000003 0.0330435 0.0272
v 0.010262700000000003 0.0337373 0.0192
v 0.010262700000000003 0.0337373 0.0272
v 0.010956500000000004 0.0347754 0.0192
v 0.010956500000000004 0.0347754 0.0272
v 0.011200000000000002 0.036000000000000004 0.0192
v 0.011200000000000002 0.036000000000000004 0.0272
v 0.010956500000000004 0.0372246 0.0192
v 0.010956500000000004 0.0372246 0.0272
v 0.010262700000000003 0.0382627 0.0192
v 0.010262700000000003 0.0382627 0.0272
v 0.009224600000000003 0.038956500000000005 0.0192
v 0.009224600000000003 0.038956500000000005 0.0272
v 0.008000000000000004 0.0392 0.0192
v 0.008000000000000004 0.0392 0.0272
v 0.006775400000000003 0.038956500000000005 0.0192
v 0.006775400000000003 0.038956500000000005 0.0272
v 0.0057373000000000025 0.0382627 0.0192
v 0.0057373000000000025 0.0382627 0.0272
v 0.005043500000000003 0.0372246 0.0192
v 0.005043500000000003 0.0372246 0.0272
v 0.008000000000000004 0.032799999999999996 0.0192
v 0.008000000000000004 0.033600000000000005 0.0192
v 0.008918500000000003 0.033782599999999996 0.0192
v 0.009224600000000003 0.0330435 0.0192
v 0.009697000000000004 0.0343029 0.0192
v 0.010262700000000003 0.0337373 0.0192
v 0.010217400000000005 0.0350815 0.0192
v 0.010956500000000004 0.0347754 0.0192
v 0.010400000000000003 0.036000000000000004 0.0192
v 0.011200000000000002 0.036000000000000004 0.0192
v 0.010217400000000005 0.0369185 0.0192
v 0.010956500000000004 0.0372246 0.0192
v 0.009697000000000004 0.037697 0.0192
v 0.010262700000000003 0.0382627 0.0192
v 0.008918500000000003 0.038217299999999996 0.0192
v 0.009224600000000003 0.038956500000000005 0.0192
v 0.008000000000000004 0.038400000000000004 0.0192
v 0.008000000000000004 0.0392 0.0192
v 0.007081500000000003 0.038217299999999996 0.0192
v 0.006775400000000003 0.038956500000000005 0.0192
v 0.006303000000000003 0.037697 0.0192
v 0.0057373000000000025 0.0382627 0.0192
v 0.005782600000000004 0.0369185 0.0192
v 0.005043500000000003 0.0372246 0.0192
v 0.0056000000000000025 0.036000000000000004 0.0192
v 0.004800000000000004 0.036000000000000004 0.0192
v 0.005782600000000004 0.0350815 0.0192
v 0.005043500000000003 0.0347754 0.0192
v 0.006303000000000003 0.0343029 0.0192
v 0.0057373000000000025 0.0337373 0.0192
v 0.007081500000000003 0.033782599999999996 0.0192
v 0.006775400000000003 0.0330435 0.0192
v 0.048 0.032799999999999996 0.0214
v 0.0484 0.032799999999999996 0.0214
v 0.0484 0.0328796 0.0214
v 0.0476 0.0328796 0.0214
v 0.0476 0.032799999999999996 0.0214
v 0.0484 0.0328796 0.0214
v 0.0484 0.032799999999999996 0.0214
v 0.0484 0.032799999999999996 0.0272
v 0.0484 0.0328796 0.0272
v 0.0476 0.0328796 0.0272
v 0.0476 0.032799999999999996 0.0272
v 0.0476 0.032799999999999996 0.0214
v 0.0476 0.0328796 0.0214
v 0.0476 0.0296 0.0214
v 0.0484 0.0296 0.0214
v 0.0476 0.0296 0.0272
v 0.0476 0.0296 0.0214
v 0.0484 0.0296 0.0272
v 0.0484 0.0296 0.0214
v 0.048 0.0392 0.0214
v 0.0476 0.0392 0.0214
v 0.0476 0.0391204 0.0214
v 0.0484 0.0391204 0.0214
v 0.0484 0.0392 0.0214
v 0.0476 0.0391204 0.0214
v 0.0476 0.0392 0.0214
v 0.0476 0.0392 0.0272
v 0.0476 0.0391204 0.0272
v 0.0484 0.0391204 0.0272
v 0.0484 0.0392 0.0272
v 0.0484 0.0392 0.0214
v 0.0484 0.0391204 0.0214
v 0.0484 0.0424 0.0214
v 0.0476 0.0424 0.0214
v 0.0484 0.0424 0.0272
v 0.0484 0.0424 0.0214
v 0.0476 0.0424 0.0272
v 0.0476 0.0424 0.0214
v 0.032 0.032799999999999996 0.0214
v 0.0324 0.032799999999999996 0.0214
v 0.0324 0.0328796 0.0214
v 0.0316 0.0328796 0.0214
v 0.0316 0.032799999999999996 0.0214
v 0.0324 0.0328796 0.0214
v 0.0324 0.032799999999999996 0.0214
v 0.0324 0.032799999999999996 0.0272
v 0.0324 0.0328796 0.0272
v 0.0316 0.0328796 0.0272
v 0.0316 0.032799999999999996 0.0272
v 0.0316 0.032799999999999996 0.0214
v 0.0316 0.0328796 0.0214
v 0.0316 0.0296 0.0214
v 0.0324 0.0296 0.0214
v 0.0316 0.0296 0.0272
v 0.0316 0.0296 0.0214
v 0.0324 0.0296 0.0272
v 0.0324 0.0296 0.0214
v 0.032 0.0392 0.0214
v 0.0316 0.0392 0.0214
v 0.0316 0.0391204 0.0214
v 0.0324 0.0391204 0.0214
v 0.0324 0.0392 0.0214
v 0.0316 0.0391204 0.0214
v 0.0316 0.0392 0.0214
v 0.0316 0.0392 0.0272
v 0.0316 0.0391204 0.0272
v 0.0324 0.0391204 0.0272
v 0.0324 0.0392 0.0272
v 0.0324 0.0392 0.0214
v 0.0324 0.0391204 0.0214
v 0.0324 0.0424 0.0214
v 0.0316 0.0424 0.0214
v 0.0324 0.0424 0.0272
v 0.0324 0.0424 0.0214
v 0.0316 0.0424 0.0272
v 0.0316 0.0424 0.0214
v 0.016000000000000004 0.032799999999999996 0.0214
v 0.016400000000000005 0.032799999999999996 0.0214
v 0.016400000000000005 0.0328796 0.0214
v 0.015600000000000003 0.0328796 0.0214
v 0.015600000000000003 0.032799999999999996 0.0214
v 0.016400000000000005 0.0328796 0.0214
v 0.016400000000000005 0.032799999999999996 0.0214
v 0.016400000000000005 0.032799999999999996 0.0272
v 0.016400000000000005 0.0328796 0.0272
v 0.015600000000000003 0.0328796 0.0272
v 0.015600000000000003 0.032799999999999996 0.0272
v 0.015600000000000003 0.032799999999999996 0.0214
v 0.015600000000000003 0.0328796 0.0214
v 0.015600000000000003 0.0296 0.0214
v 0.016400000000000005 0.0296 0.0214
v 0.015600000000000003 0.0296 0.0272
v 0.015600000000000003 0.0296 0.0214
v 0.016400000000000005 0.0296 0.0272
v 0.016400000000000005 0.0296 0.0214
v 0.016000000000000004 0.0392 0.0214
v 0.015600000000000003 0.0392 0.0214
v 0.015600000000000003 0.0391204 0.0214
v 0.016400000000000005 0.0391204 0.0214
v 0.016400000000000005 0.0392 0.0214
v 0.015600000000000003 0.0391204 0.0214
v 0.015600000000000003 0.0392 0.0214
v 0.015600000000000003 0.0392 0.0272
v 0.015600000000000003 0.0391204 0.0272
v 0.016400000000000005 0.0391204 0.0272
v 0.016400000000000005 0.0392 0.0272
v 0.016400000000000005 0.0392 0.0214
v 0.016400000000000005 0.0391204 0.0214
v 0.016400000000000005 0.0424 0.0214
v 0.015600000000000003 0.0424 0.0214
v 0.016400000000000005 0.0424 0.0272
v 0.016400000000000005 0.0424 0.0214
v 0.015600000000000003 0.0424 0.0272
v 0.015600000000000003 0.0424 0.0214
v 3.469446951953614e-18 0.044 0.0288
v 3.469446951953614e-18 0.044 0.0192
v 0.064 0.044 0.0192
v 0.064 0.044 0.0288
v 0.018400000000000003 0.036000000000000004 0.0288
v 0.0182174 0.0369185 0.0288
v 0.0182174 0.0369185 0.0304
v 0.018400000000000003 0.036000000000000004 0.0304
v 0.017697000000000004 0.037697 0.0288
v 0.017697000000000004 0.037697 0.0304
v 0.016918500000000003 0.0382174 0.0288
v 0.016918500000000003 0.0382174 0.0304
v 0.016000000000000004 0.038400000000000004 0.0288
v 0.016000000000000004 0.038400000000000004 0.0304
v 0.015081500000000005 0.0382174 0.0288
v 0.015081500000000005 0.0382174 0.0304
v 0.014303000000000003 0.037697 0.0288
v 0.014303000000000003 0.037697 0.0304
v 0.013782600000000002 0.0369185 0.0288
v 0.013782600000000002 0.0369185 0.0304
v 0.013600000000000004 0.036000000000000004 0.0288
v 0.013600000000000004 0.036000000000000004 0.0304
v 0.013782600000000002 0.0350815 0.0288
v 0.013782600000000002 0.0350815 0.0304
v 0.014303000000000003 0.034303 0.0288
v 0.014303000000000003 0.034303 0.0304
v 0.015081500000000005 0.033782599999999996 0.0288
v 0.015081500000000005 0.033782599999999996 0.0304
v 0.016000000000000004 0.033600000000000005 0.0288
v 0.016000000000000004 0.033600000000000005 0.0304
v 0.016918500000000003 0.033782599999999996 0.0288
v 0.016918500000000003 0.033782599999999996 0.0304
v 0.017697000000000004 0.034303 0.0288
v 0.017697000000000004 0.034303 0.0304
v 0.0182174 0.0350815 0.0288
v 0.0182174 0.0350815 0.0304
v 0.019200000000000002 0.036000000000000004 0.0288
v 0.018956500000000005 0.0372246 0.0288
v 0.018956500000000005 0.0372246 0.0304
v 0.019200000000000002 0.036000000000000004 0.0304
v 0.018262700000000003 0.0382627 0.0288
v 0.018262700000000003 0.0382627 0.0304
v 0.017224600000000003 0.038956500000000005 0.0288
v 0.017224600000000003 0.038956500000000005 0.0304
v 0.016000000000000004 0.0392 0.0288
v 0.016000000000000004 0.0392 0.0304
v 0.014775400000000005 0.038956500000000005 0.0288
v 0.014775400000000005 0.038956500000000005 0.0304
v 0.013737300000000004 0.0382627 0.0288
v 0.013737300000000004 0.0382627 0.0304
v 0.013043500000000003 0.0372246 0.0288
v 0.013043500000000003 0.0372246 0.0304
v 0.012800000000000002 0.036000000000000004 0.0288
v 0.012800000000000002 0.036000000000000004 0.0304
v 0.013043500000000003 0.0347754 0.0288
v 0.013043500000000003 0.0347754 0.0304
v 0.013737300000000004 0.0337373 0.0288
v 0.013737300000000004 0.0337373 0.0304
v 0.014775400000000005 0.0330435 0.0288
v 0.014775400000000005 0.0330435 0.0304
v 0.016000000000000004 0.032799999999999996 0.0288
v 0.016000000000000004 0.032799999999999996 0.0304
v 0.017224600000000003 0.0330435 0.0288
v 0.017224600000000003 0.0330435 0.0304
v 0.018262700000000003 0.0337373 0.0288
v 0.018262700000000003 0.0337373 0.0304
v 0.018956500000000005 0.0347754 0.0288
v 0.018956500000000005 0.0347754 0.0304
v 0.016000000000000004 0.0392 0.0288
v 0.016000000000000004 0.038400000000000004 0.0288
v 0.015081500000000005 0.0382174 0.0288
v 0.014775400000000005 0.038956500000000005 0.0288
v 0.014303000000000003 0.037697 0.0288
v 0.013737300000000004 0.0382627 0.0288
v 0.013782600000000002 0.0369185 0.0288
v 0.013043500000000003 0.0372246 0.0288
v 0.013600000000000004 0.036000000000000004 0.0288
v 0.012800000000000002 0.036000000000000004 0.0288
v 0.013782600000000002 0.0350815 0.0288
v 0.013043500000000003 0.0347754 0.0288
v 0.014303000000000003 0.034303 0.0288
v 0.013737300000000004 0.0337373 0.0288
v 0.015081500000000005 0.033782599999999996 0.0288
v 0.014775400000000005 0.0330435 0.0288
v 0.016000000000000004 0.033600000000000005 0.0288
v 0.016000000000000004 0.032799999999999996 0.0288
v 0.016918500000000003 0.033782599999999996 0.0288
v 0.017224600000000003 0.0330435 0.0288
v 0.017697000000000004 0.034303 0.0288
v 0.018262700000000003 0.0337373 0.0288
v 0.0182174 0.0350815 0.0288
v 0.018956500000000005 0.0347754 0.0288
v 0.018400000000000003 0.036000000000000004 0.0288
v 0.019200000000000002 0.036000000000000004 0.0288
v 0.0182174 0.0369185 0.0288
v 0.018956500000000005 0.0372246 0.0288
v 0.017697000000000004 0.037697 0.0288
v 0.018262700000000003 0.0382627 0.0288
v 0.016918500000000003 0.0382174 0.0288
v 0.017224600000000003 0.038956500000000005 0.0288
v 0.010400000000000003 0.036000000000000004 0.0288
v 0.010217400000000005 0.0369185 0.0288
v 0.010217400000000005 0.0369185 0.0304
v 0.010400000000000003 0.036000000000000004 0.0304
v 0.009697000000000004 0.037697 0.0288
v 0.009697000000000004 0.037697 0.0304
v 0.008918500000000003 0.0382174 0.0288
v 0.008918500000000003 0.0382174 0.0304
v 0.008000000000000004 0.038400000000000004 0.0288
v 0.008000000000000004 0.038400000000000004 0.0304
v 0.007081500000000003 0.0382174 0.0288
v 0.007081500000000003 0.0382174 0.0304
v 0.006303000000000003 0.037697 0.0288
v 0.006303000000000003 0.037697 0.0304
v 0.005782600000000004 0.0369185 0.0288
v 0.005782600000000004 0.0369185 0.0304
v 0.0056000000000000025 0.036000000000000004 0.0288
v 0.0056000000000000025 0.036000000000000004 0.0304
v 0.005782600000000004 0.0350815 0.0288
v 0.005782600000000004 0.0350815 0.0304
v 0.006303000000000003 0.034303 0.0288
v 0.006303000000000003 0.034303 0.0304
v 0.007081500000000003 0.033782599999999996 0.0288
v 0.007081500000000003 0.033782599999999996 0.0304
v 0.008000000000000004 0.033600000000000005 0.0288
v 0.008000000000000004 0.033600000000000005 0.0304
v 0.008918500000000003 0.033782599999999996 0.0288
v 0.008918500000000003 0.033782599999999996 0.0304
v 0.009697000000000004 0.034303 0.0288
v 0.009697000000000004 0.034303 0.0304
v 0.010217400000000005 0.0350815 0.0288
v 0.010217400000000005 0.0350815 0.0304
v 0.011200000000000002 0.036000000000000004 0.0288
v 0.010956500000000004 0.0372246 0.0288
v 0.010956500000000004 0.0372246 0.0304
v 0.011200000000000002 0.036000000000000004 0.0304
v 0.010262700000000003 0.0382627 0.0288
v 0.010262700000000003 0.0382627 0.0304
v 0.009224600000000003 0.038956500000000005 0.0288
v 0.009224600000000003 0.038956500000000005 0.0304
v 0.008000000000000004 0.0392 0.0288
v 0.008000000000000004 0.0392 0.0304
v 0.006775400000000003 0.038956500000000005 0.0288
v 0.006775400000000003 0.038956500000000005 0.0304
v 0.0057373000000000025 0.0382627 0.0288
v 0.0057373000000000025 0.0382627 0.0304
v 0.005043500000000003 0.0372246 0.0288
v 0.005043500000000003 0.0372246 0.0304
v 0.004800000000000004 0.036000000000000004 0.0288
v 0.004800000000000004 0.036000000000000004 0.0304
v 0.005043500000000003 0.0347754 0.0288
v 0.005043500000000003 0.0347754 0.0304
v 0.0057373000000000025 0.0337373 0.0288
v 0.0057373000000000025 0.0337373 0.0304
v 0.006775400000000003 0.0330435 0.0288
v 0.006775400000000003 0.0330435 0.0304
v 0.008000000000000004 0.032799999999999996 0.0288
v 0.008000000000000004 0.032799999999999996 0.0304
v 0.009224600000000003 0.0330435 0.0288
v 0.009224600000000003 0.0330435 0.0304
v 0.010262700000000003 0.0337373 0.0288
v 0.010262700000000003 0.0337373 0.0304
v 0.010956500000000004 0.0347754 0.0288
v 0.010956500000000004 0.0347754 0.0304
v 0.008000000000000004 0.0392 0.0288
v 0.008000000000000004 0.038400000000000004 0.0288
v 0.007081500000000003 0.0382174 0.0288
v 0.006775400000000003 0.038956500000000005 0.0288
v 0.006303000000000003 0.037697 0.0288
v 0.0057373000000000025 0.0382627 0.0288
v 0.005782600000000004 0.0369185 0.0288
v 0.005043500000000003 0.0372246 0.0288
v 0.0056000000000000025 0.036000000000000004 0.0288
v 0.004800000000000004 0.036000000000000004 0.0288
v 0.005782600000000004 0.0350815 0.0288
v 0.005043500000000003 0.0347754 0.0288
v 0.006303000000000003 0.034303 0.0288
v 0.0057373000000000025 0.0337373 0.0288
v 0.007081500000000003 0.033782599999999996 0.0288
v 0.006775400000000003 0.0330435 0.0288
v 0.008000000000000004 0.033600000000000005 0.0288
v 0.008000000000000004 0.032799999999999996 0.0288
v 0.008918500000000003 0.033782599999999996 0.0288
v 0.009224600000000003 0.0330435 0.0288
v 0.009697000000000004 0.034303 0.0288
v 0.010262700000000003 0.0337373 0.0288
v 0.010217400000000005 0.0350815 0.0288
v 0.010956500000000004 0.0347754 0.0288
v 0.010400000000000003 0.036000000000000004 0.0288
v 0.011200000000000002 0.036000000000000004 0.0288
v 0.010217400000000005 0.0369185 0.0288
v 0.010956500000000004 0.0372246 0.0288
v 0.009697000000000004 0.037697 0.0288
v 0.010262700000000003 0.0382627 0.0288
v 0.008918500000000003 0.0382174 0.0288
v 0.009224600000000003 0.038956500000000005 0.0288
v 0.002400000000000003 0.036000000000000004 0.0288
v 0.002217400000000003 0.0369185 0.0288
v 0.002217400000000003 0.0369185 0.0304
v 0.002400000000000003 0.036000000000000004 0.0304
v 0.001697000000000004 0.037697 0.0288
v 0.001697000000000004 0.037697 0.0304
v 0.0009185000000000026 0.0382174 0.0288
v 0.0009185000000000026 0.0382174 0.0304
v 3.469446951953614e-18 0.038400000000000004 0.0288
v 3.469446951953614e-18 0.038400000000000004 0.0304
v -0.0009184999999999966 0.0382174 0.0288
v -0.0009184999999999966 0.0382174 0.0304
v -0.0016969999999999971 0.037697 0.0288
v -0.0016969999999999971 0.037697 0.0304
v -0.002217399999999997 0.0369185 0.0288
v -0.002217399999999997 0.0369185 0.0304
v -0.0023999999999999968 0.036000000000000004 0.0288
v -0.0023999999999999968 0.036000000000000004 0.0304
v -0.002217399999999997 0.0350815 0.0288
v -0.002217399999999997 0.0350815 0.0304
v -0.0016969999999999971 0.034303 0.0288
v -0.0016969999999999971 0.034303 0.0304
v -0.0009184999999999966 0.033782599999999996 0.0288
v -0.0009184999999999966 0.033782599999999996 0.0304
v 3.469446951953614e-18 0.033600000000000005 0.0288
v 3.469446951953614e-18 0.033600000000000005 0.0304
v 0.0009185000000000026 0.033782599999999996 0.0288
v 0.0009185000000000026 0.033782599999999996 0.0304
v 0.001697000000000004 0.034303 0.0288
v 0.001697000000000004 0.034303 0.0304
v 0.002217400000000003 0.0350815 0.0288
v 0.002217400000000003 0.0350815 0.0304
v 0.003200000000000003 0.036000000000000004 0.0288
v 0.0029565000000000025 0.0372246 0.0288
v 0.0029565000000000025 0.0372246 0.0304
v 0.003200000000000003 0.036000000000000004 0.0304
v 0.002262700000000003 0.0382627 0.0288
v 0.002262700000000003 0.0382627 0.0304
v 0.0012246000000000028 0.038956500000000005 0.0288
v 0.0012246000000000028 0.038956500000000005 0.0304
v 3.469446951953614e-18 0.0392 0.0288
v 3.469446951953614e-18 0.0392 0.0304
v -0.0012245999999999967 0.038956500000000005 0.0288
v -0.0012245999999999967 0.038956500000000005 0.0304
v -0.002262699999999997 0.0382627 0.0288
v -0.002262699999999997 0.0382627 0.0304
v -0.0029564999999999965 0.0372246 0.0288
v -0.0029564999999999965 0.0372246 0.0304
v -0.003199999999999997 0.036000000000000004 0.0288
v -0.003199999999999997 0.036000000000000004 0.0304
v -0.0029564999999999965 0.0347754 0.0288
v -0.0029564999999999965 0.0347754 0.0304
v -0.002262699999999997 0.0337373 0.0288
v -0.002262699999999997 0.0337373 0.0304
v -0.0012245999999999967 0.0330435 0.0288
v -0.0012245999999999967 0.0330435 0.0304
v 3.469446951953614e-18 0.032799999999999996 0.0288
v 3.469446951953614e-18 0.032799999999999996 0.0304
v 0.0012246000000000028 0.0330435 0.0288
v 0.0012246000000000028 0.0330435 0.0304
v 0.002262700000000003 0.0337373 0.0288
v 0.002262700000000003 0.0337373 0.0304
v 0.0029565000000000025 0.0347754 0.0288
v 0.0029565000000000025 0.0347754 0.0304
v 3.469446951953614e-18 0.0392 0.0288
v 3.469446951953614e-18 0.038400000000000004 0.0288
v -0.0009184999999999966 0.0382174 0.0288
v -0.0012245999999999967 0.038956500000000005 0.0288
v -0.0016969999999999971 0.037697 0.0288
v -0.002262699999999997 0.0382627 0.0288
v -0.002217399999999997 0.0369185 0.0288
v -0.0029564999999999965 0.0372246 0.0288
v -0.0023999999999999968 0.036000000000000004 0.0288
v -0.003199999999999997 0.036000000000000004 0.0288
v -0.002217399999999997 0.0350815 0.0288
v -0.0029564999999999965 0.0347754 0.0288
v -0.0016969999999999971 0.034303 0.0288
v -0.002262699999999997 0.0337373 0.0288
v -0.0009184999999999966 0.033782599999999996 0.0288
v -0.0012245999999999967 0.0330435 0.0288
v 3.469446951953614e-18 0.033600000000000005 0.0288
v 3.469446951953614e-18 0.032799999999999996 0.0288
v 0.0009185000000000026 0.033782599999999996 0.0288
v 0.0012246000000000028 0.0330435 0.0288
v 0.001697000000000004 0.034303 0.0288
v 0.002262700000000003 0.0337373 0.0288
v 0.002217400000000003 0.0350815 0.0288
v 0.0029565000000000025 0.0347754 0.0288
v 0.002400000000000003 0.036000000000000004 0.0288
v 0.003200000000000003 0.036000000000000004 0.0288
v 0.002217400000000003 0.0369185 0.0288
v 0.0029565000000000025 0.0372246 0.0288
v 0.001697000000000004 0.037697 0.0288
v 0.002262700000000003 0.0382627 0.0288
v 0.0009185000000000026 0.0382174 0.0288
v 0.0012246000000000028 0.038956500000000005 0.0288
v -0.005599999999999997 0.036000000000000004 0.0288
v -0.005782599999999997 0.0369185 0.0288
v -0.005782599999999997 0.0369185 0.0304
v -0.005599999999999997 0.036000000000000004 0.0304
v -0.006302999999999997 0.037697 0.0288
v -0.006302999999999997 0.037697 0.0304
v -0.007081499999999997 0.0382174 0.0288
v -0.007081499999999997 0.0382174 0.0304
v -0.007999999999999997 0.038400000000000004 0.0288
v -0.007999999999999997 0.038400000000000004 0.0304
v -0.008918499999999996 0.0382174 0.0288
v -0.008918499999999996 0.0382174 0.0304
v -0.009696999999999997 0.037697 0.0288
v -0.009696999999999997 0.037697 0.0304
v -0.010217399999999996 0.0369185 0.0288
v -0.010217399999999996 0.0369185 0.0304
v -0.010399999999999996 0.036000000000000004 0.0288
v -0.010399999999999996 0.036000000000000004 0.0304
v -0.010217399999999996 0.0350815 0.0288
v -0.010217399999999996 0.0350815 0.0304
v -0.009696999999999997 0.034303 0.0288
v -0.009696999999999997 0.034303 0.0304
v -0.008918499999999996 0.033782599999999996 0.0288
v -0.008918499999999996 0.033782599999999996 0.0304
v -0.007999999999999997 0.033600000000000005 0.0288
v -0.007999999999999997 0.033600000000000005 0.0304
v -0.007081499999999997 0.033782599999999996 0.0288
v -0.007081499999999997 0.033782599999999996 0.0304
v -0.006302999999999997 0.034303 0.0288
v -0.006302999999999997 0.034303 0.0304
v -0.005782599999999997 0.0350815 0.0288
v -0.005782599999999997 0.0350815 0.0304
v -0.004799999999999997 0.036000000000000004 0.0288
v -0.005043499999999997 0.0372246 0.0288
v -0.005043499999999997 0.0372246 0.0304
v -0.004799999999999997 0.036000000000000004 0.0304
v -0.005737299999999997 0.0382627 0.0288
v -0.005737299999999997 0.0382627 0.0304
v -0.0067753999999999965 0.038956500000000005 0.0288
v -0.0067753999999999965 0.038956500000000005 0.0304
v -0.007999999999999997 0.0392 0.0288
v -0.007999999999999997 0.0392 0.0304
v -0.009224599999999996 0.038956500000000005 0.0288
v -0.009224599999999996 0.038956500000000005 0.0304
v -0.010262699999999996 0.0382627 0.0288
v -0.010262699999999996 0.0382627 0.0304
v -0.010956499999999997 0.0372246 0.0288
v -0.010956499999999997 0.0372246 0.0304
v -0.011199999999999996 0.036000000000000004 0.0288
v -0.011199999999999996 0.036000000000000004 0.0304
v -0.010956499999999997 0.0347754 0.0288
v -0.010956499999999997 0.0347754 0.0304
v -0.010262699999999996 0.0337373 0.0288
v -0.010262699999999996 0.0337373 0.0304
v -0.009224599999999996 0.0330435 0.0288
v -0.009224599999999996 0.0330435 0.0304
v -0.007999999999999997 0.032799999999999996 0.0288
v -0.007999999999999997 0.032799999999999996 0.0304
v -0.0067753999999999965 0.0330435 0.0288
v -0.0067753999999999965 0.0330435 0.0304
v -0.005737299999999997 0.0337373 0.0288
v -0.005737299999999997 0.0337373 0.0304
v -0.005043499999999997 0.0347754 0.0288
v -0.005043499999999997 0.0347754 0.0304
v -0.007999999999999997 0.0392 0.0288
v -0.007999999999999997 0.038400000000000004 0.0288
v -0.008918499999999996 0.0382174 0.0288
v -0.009224599999999996 0.038956500000000005 0.0288
v -0.009696999999999997 0.037697 0.0288
v -0.010262699999999996 0.0382627 0.0288
v -0.010217399999999996 0.0369185 0.0288
v -0.010956499999999997 0.0372246 0.0288
v -0.010399999999999996 0.036000000000000004 0.0288
v -0.011199999999999996 0.036000000000000004 0.0288
v -0.010217399999999996 0.0350815 0.0288
v -0.010956499999999997 0.0347754 0.0288
v -0.009696999999999997 0.034303 0.0288
v -0.010262699999999996 0.0337373 0.0288
v -0.008918499999999996 0.033782599999999996 0.0288
v -0.009224599999999996 0.0330435 0.0288
v -0.007999999999999997 0.033600000000000005 0.0288
v -0.007999999999999997 0.032799999999999996 0.0288
v -0.007081499999999997 0.033782599999999996 0.0288
v -0.0067753999999999965 0.0330435 0.0288
v -0.006302999999999997 0.034303 0.0288
v -0.005737299999999997 0.0337373 0.0288
v -0.005782599999999997 0.0350815 0.0288
v -0.005043499999999997 0.0347754 0.0288
v -0.005599999999999997 0.036000000000000004 0.0288
v -0.004799999999999997 0.036000000000000004 0.0288
v -0.005782599999999997 0.0369185 0.0288
v -0.005043499999999997 0.0372246 0.0288
v -0.006302999999999997 0.037697 0.0288
v -0.005737299999999997 0.0382627 0.0288
v -0.007081499999999997 0.0382174 0.0288
v -0.0067753999999999965 0.038956500000000005 0.0288
v -0.013599999999999998 0.036000000000000004 0.0288
v -0.013782599999999996 0.0369185 0.0288
v -0.013782599999999996 0.0369185 0.0304
v -0.013599999999999998 0.036000000000000004 0.0304
v -0.014302999999999996 0.037697 0.0288
v -0.014302999999999996 0.037697 0.0304
v -0.015081499999999998 0.0382174 0.0288
v -0.015081499999999998 0.0382174 0.0304
v -0.015999999999999997 0.038400000000000004 0.0288
v -0.015999999999999997 0.038400000000000004 0.0304
v -0.016918499999999996 0.0382174 0.0288
v -0.016918499999999996 0.0382174 0.0304
v -0.017696999999999997 0.037697 0.0288
v -0.017696999999999997 0.037697 0.0304
v -0.018217399999999995 0.0369185 0.0288
v -0.018217399999999995 0.0369185 0.0304
v -0.018399999999999996 0.036000000000000004 0.0288
v -0.018399999999999996 0.036000000000000004 0.0304
v -0.018217399999999995 0.0350815 0.0288
v -0.018217399999999995 0.0350815 0.0304
v -0.017696999999999997 0.034303 0.0288
v -0.017696999999999997 0.034303 0.0304
v -0.016918499999999996 0.033782599999999996 0.0288
v -0.016918499999999996 0.033782599999999996 0.0304
v -0.015999999999999997 0.033600000000000005 0.0288
v -0.015999999999999997 0.033600000000000005 0.0304
v -0.015081499999999998 0.033782599999999996 0.0288
v -0.015081499999999998 0.033782599999999996 0.0304
v -0.014302999999999996 0.034303 0.0288
v -0.014302999999999996 0.034303 0.0304
v -0.013782599999999996 0.0350815 0.0288
v -0.013782599999999996 0.0350815 0.0304
v -0.012799999999999995 0.036000000000000004 0.0288
v -0.013043499999999996 0.0372246 0.0288
v -0.013043499999999996 0.0372246 0.0304
v -0.012799999999999995 0.036000000000000004 0.0304
v -0.013737299999999997 0.0382627 0.0288
v -0.013737299999999997 0.0382627 0.0304
v -0.014775399999999998 0.038956500000000005 0.0288
v -0.014775399999999998 0.038956500000000005 0.0304
v -0.015999999999999997 0.0392 0.0288
v -0.015999999999999997 0.0392 0.0304
v -0.017224599999999996 0.038956500000000005 0.0288
v -0.017224599999999996 0.038956500000000005 0.0304
v -0.018262699999999996 0.0382627 0.0288
v -0.018262699999999996 0.0382627 0.0304
v -0.018956499999999994 0.0372246 0.0288
v -0.018956499999999994 0.0372246 0.0304
v -0.019199999999999995 0.036000000000000004 0.0288
v -0.019199999999999995 0.036000000000000004 0.0304
v -0.018956499999999994 0.0347754 0.0288
v -0.018956499999999994 0.0347754 0.0304
v -0.018262699999999996 0.0337373 0.0288
v -0.018262699999999996 0.0337373 0.0304
v -0.017224599999999996 0.0330435 0.0288
v -0.017224599999999996 0.0330435 0.0304
v -0.015999999999999997 0.032799999999999996 0.0288
v -0.015999999999999997 0.032799999999999996 0.0304
v -0.014775399999999998 0.0330435 0.0288
v -0.014775399999999998 0.0330435 0.0304
v -0.013737299999999997 0.0337373 0.0288
v -0.013737299999999997 0.0337373 0.0304
v -0.013043499999999996 0.0347754 0.0288
v -0.013043499999999996 0.0347754 0.0304
v -0.015999999999999997 0.0392 0.0288
v -0.015999999999999997 0.038400000000000004 0.0288
v -0.016918499999999996 0.0382174 0.0288
v -0.017224599999999996 0.038956500000000005 0.0288
v -0.017696999999999997 0.037697 0.0288
v -0.018262699999999996 0.0382627 0.0288
v -0.018217399999999995 0.0369185 0.0288
v -0.018956499999999994 0.0372246 0.0288
v -0.018399999999999996 0.036000000000000004 0.0288
v -0.019199999999999995 0.036000000000000004 0.0288
v -0.018217399999999995 0.0350815 0.0288
v -0.018956499999999994 0.0347754 0.0288
v -0.017696999999999997 0.034303 0.0288
v -0.018262699999999996 0.0337373 0.0288
v -0.016918499999999996 0.033782599999999996 0.0288
v -0.017224599999999996 0.0330435 0.0288
v -0.015999999999999997 0.033600000000000005 0.0288
v -0.015999999999999997 0.032799999999999996 0.0288
v -0.015081499999999998 0.033782599999999996 0.0288
v -0.014775399999999998 0.0330435 0.0288
v -0.014302999999999996 0.034303 0.0288
v -0.013737299999999997 0.0337373 0.0288
v -0.013782599999999996 0.0350815 0.0288
v -0.013043499999999996 0.0347754 0.0288
v -0.013599999999999998 0.036000000000000004 0.0288
v -0.012799999999999995 0.036000000000000004 0.0288
v -0.013782599999999996 0.0369185 0.0288
v -0.013043499999999996 0.0372246 0.0288
v -0.014302999999999996 0.037697 0.0288
v -0.013737299999999997 0.0382627 0.0288
v -0.015081499999999998 0.0382174 0.0288
v -0.014775399999999998 0.038956500000000005 0.0288
v -0.022399999999999996 0.0296 0.0304
v 0.022400000000000003 0.0296 0.0304
v 0.022400000000000003 0.0424 0.0304
v -0.022399999999999996 0.0424 0.0304
v 0.022400000000000003 0.0424 0.0304
v 0.022400000000000003 0.0424 0.0288
v -0.022399999999999996 0.0424 0.0288
v -0.022399999999999996 0.0424 0.0304
v -0.022399999999999996 0.0424 0.0304
v -0.022399999999999996 0.0424 0.0288
v -0.022399999999999996 0.0296 0.0288
v -0.022399999999999996 0.0296 0.0304
v -0.022399999999999996 0.0296 0.0304
v -0.022399999999999996 0.0296 0.0288
v 0.022400000000000003 0.0296 0.0288
v 0.022400000000000003 0.0296 0.0304
v 0.022400000000000003 0.0296 0.0304
v 0.022400000000000003 0.0296 0.0288
v 0.022400000000000003 0.0424 0.0288
v 0.022400000000000003 0.0424 0.0304
v -0.023999999999999997 0.044 0.0288
v -0.022399999999999996 0.0424 0.0288
v 0.022400000000000003 0.0424 0.0288
v 0.024000000000000004 0.044 0.0288
v 0.024000000000000004 0.028 0.0288
v 0.022400000000000003 0.0296 0.0288
v -0.022399999999999996 0.0296 0.0288
v -0.023999999999999997 0.028 0.0288
v -0.023999999999999997 0.028 0.032
v 0.024000000000000004 0.028 0.032
v 0.024000000000000004 0.044 0.032
v -0.023999999999999997 0.044 0.032
v 0.024000000000000004 0.044 0.032
v 0.024000000000000004 0.044 0.0288
v -0.023999999999999997 0.044 0.0288
v -0.023999999999999997 0.044 0.032
v -0.023999999999999997 0.044 0.032
v -0.023999999999999997 0.044 0.0288
v -0.023999999999999997 0.028 0.0288
v -0.023999999999999997 0.028 0.032
v -0.023999999999999997 0.028 0.032
v -0.023999999999999997 0.028 0.0288
v 0.024000000000000004 0.028 0.0288
v 0.024000000000000004 0.028 0.032
v 0.024000000000000004 0.028 0.032
v 0.024000000000000004 0.028 0.0288
v 0.024000000000000004 0.044 0.0288
v 0.024000000000000004 0.044 0.032
v 0.022400000000000003 0.04 0.032
v 0.0222174 0.0409185 0.032
v 0.0222174 0.0409185 0.0336
v 0.022400000000000003 0.04 0.0336
v 0.021697000000000004 0.041697 0.032
v 0.021697000000000004 0.041697 0.0336
v 0.020918500000000003 0.0422174 0.032
v 0.020918500000000003 0.0422174 0.0336
v 0.020000000000000004 0.0424 0.032
v 0.020000000000000004 0.0424 0.0336
v 0.019081500000000005 0.0422174 0.032
v 0.019081500000000005 0.0422174 0.0336
v 0.018303000000000003 0.041697 0.032
v 0.018303000000000003 0.041697 0.0336
v 0.017782600000000003 0.0409185 0.032
v 0.017782600000000003 0.0409185 0.0336
v 0.017600000000000005 0.04 0.032
v 0.017600000000000005 0.04 0.0336
v 0.017782600000000003 0.039081500000000005 0.032
v 0.017782600000000003 0.039081500000000005 0.0336
v 0.018303000000000003 0.038303000000000004 0.032
v 0.018303000000000003 0.038303000000000004 0.0336
v 0.019081500000000005 0.0377826 0.032
v 0.019081500000000005 0.0377826 0.0336
v 0.020000000000000004 0.0376 0.032
v 0.020000000000000004 0.0376 0.0336
v 0.020918500000000003 0.0377826 0.032
v 0.020918500000000003 0.0377826 0.0336
v 0.021697000000000004 0.038303000000000004 0.032
v 0.021697000000000004 0.038303000000000004 0.0336
v 0.0222174 0.039081500000000005 0.032
v 0.0222174 0.039081500000000005 0.0336
v 0.0222174 0.0409185 0.0336
v 0.022400000000000003 0.04 0.0336
v 0.020000000000000004 0.04 0.0336
v 0.021697000000000004 0.041697 0.0336
v 0.020918500000000003 0.0422174 0.0336
v 0.020000000000000004 0.0424 0.0336
v 0.019081500000000005 0.0422174 0.0336
v 0.018303000000000003 0.041697 0.0336
v 0.017782600000000003 0.0409185 0.0336
v 0.017600000000000005 0.04 0.0336
v 0.017782600000000003 0.039081500000000005 0.0336
v 0.018303000000000003 0.038303000000000004 0.0336
v 0.019081500000000005 0.0377826 0.0336
v 0.020000000000000004 0.0376 0.0336
v 0.020918500000000003 0.0377826 0.0336
v 0.021697000000000004 0.038303000000000004 0.0336
v 0.0222174 0.039081500000000005 0.0336
v 0.014400000000000003 0.04 0.032
v 0.014217400000000005 0.0409185 0.032
v 0.014217400000000005 0.0409185 0.0336
v 0.014400000000000003 0.04 0.0336
v 0.013697000000000004 0.041697 0.032
v 0.013697000000000004 0.041697 0.0336
v 0.012918500000000003 0.0422174 0.032
v 0.012918500000000003 0.0422174 0.0336
v 0.012000000000000004 0.0424 0.032
v 0.012000000000000004 0.0424 0.0336
v 0.011081500000000005 0.0422174 0.032
v 0.011081500000000005 0.0422174 0.0336
v 0.010303000000000003 0.041697 0.032
v 0.010303000000000003 0.041697 0.0336
v 0.009782600000000002 0.0409185 0.032
v 0.009782600000000002 0.0409185 0.0336
v 0.009600000000000004 0.04 0.032
v 0.009600000000000004 0.04 0.0336
v 0.009782600000000002 0.039081500000000005 0.032
v 0.009782600000000002 0.039081500000000005 0.0336
v 0.010303000000000003 0.038303000000000004 0.032
v 0.010303000000000003 0.038303000000000004 0.0336
v 0.011081500000000005 0.0377826 0.032
v 0.011081500000000005 0.0377826 0.0336
v 0.012000000000000004 0.0376 0.032
v 0.012000000000000004 0.0376 0.0336
v 0.012918500000000003 0.0377826 0.032
v 0.012918500000000003 0.0377826 0.0336
v 0.013697000000000004 0.038303000000000004 0.032
v 0.013697000000000004 0.038303000000000004 0.0336
v 0.014217400000000005 0.039081500000000005 0.032
v 0.014217400000000005 0.039081500000000005 0.0336
v 0.014217400000000005 0.0409185 0.0336
v 0.014400000000000003 0.04 0.0336
v 0.012000000000000004 0.04 0.0336
v 0.013697000000000004 0.041697 0.0336
v 0.012918500000000003 0.0422174 0.0336
v 0.012000000000000004 0.0424 0.0336
v 0.011081500000000005 0.0422174 0.0336
v 0.010303000000000003 0.041697 0.0336
v 0.009782600000000002 0.0409185 0.0336
v 0.009600000000000004 0.04 0.0336
v 0.009782600000000002 0.039081500000000005 0.0336
v 0.010303000000000003 0.038303000000000004 0.0336
v 0.011081500000000005 0.0377826 0.0336
v 0.012000000000000004 0.0376 0.0336
v 0.012918500000000003 0.0377826 0.0336
v 0.013697000000000004 0.038303000000000004 0.0336
v 0.014217400000000005 0.039081500000000005 0.0336
v 0.006400000000000003 0.04 0.032
v 0.006217400000000003 0.0409185 0.032
v 0.006217400000000003 0.0409185 0.0336
v 0.006400000000000003 0.04 0.0336
v 0.005697000000000004 0.041697 0.032
v 0.005697000000000004 0.041697 0.0336
v 0.004918500000000003 0.0422174 0.032
v 0.004918500000000003 0.0422174 0.0336
v 0.0040000000000000036 0.0424 0.032
v 0.0040000000000000036 0.0424 0.0336
v 0.0030815000000000026 0.0422174 0.032
v 0.0030815000000000026 0.0422174 0.0336
v 0.002303000000000003 0.041697 0.032
v 0.002303000000000003 0.041697 0.0336
v 0.001782600000000004 0.0409185 0.032
v 0.001782600000000004 0.0409185 0.0336
v 0.0016000000000000025 0.04 0.032
v 0.0016000000000000025 0.04 0.0336
v 0.001782600000000004 0.039081500000000005 0.032
v 0.001782600000000004 0.039081500000000005 0.0336
v 0.002303000000000003 0.038303000000000004 0.032
v 0.002303000000000003 0.038303000000000004 0.0336
v 0.0030815000000000026 0.0377826 0.032
v 0.0030815000000000026 0.0377826 0.0336
v 0.0040000000000000036 0.0376 0.032
v 0.0040000000000000036 0.0376 0.0336
v 0.004918500000000003 0.0377826 0.032
v 0.004918500000000003 0.0377826 0.0336
v 0.005697000000000004 0.038303000000000004 0.032
v 0.005697000000000004 0.038303000000000004 0.0336
v 0.006217400000000003 0.039081500000000005 0.032
v 0.006217400000000003 0.039081500000000005 0.0336
v 0.006217400000000003 0.0409185 0.0336
v 0.006400000000000003 0.04 0.0336
v 0.0040000000000000036 0.04 0.0336
v 0.005697000000000004 0.041697 0.0336
v 0.004918500000000003 0.0422174 0.0336
v 0.0040000000000000036 0.0424 0.0336
v 0.0030815000000000026 0.0422174 0.0336
v 0.002303000000000003 0.041697 0.0336
v 0.001782600000000004 0.0409185 0.0336
v 0.0016000000000000025 0.04 0.0336
v 0.001782600000000004 0.039081500000000005 0.0336
v 0.002303000000000003 0.038303000000000004 0.0336
v 0.0030815000000000026 0.0377826 0.0336
v 0.0040000000000000036 0.0376 0.0336
v 0.004918500000000003 0.0377826 0.0336
v 0.005697000000000004 0.038303000000000004 0.0336
v 0.006217400000000003 0.039081500000000005 0.0336
v -0.0015999999999999964 0.04 0.032
v -0.001782599999999997 0.0409185 0.032
v -0.001782599999999997 0.0409185 0.0336
v -0.0015999999999999964 0.04 0.0336
v -0.002302999999999997 0.041697 0.032
v -0.002302999999999997 0.041697 0.0336
v -0.0030814999999999966 0.0422174 0.032
v -0.0030814999999999966 0.0422174 0.0336
v -0.003999999999999997 0.0424 0.032
v -0.003999999999999997 0.0424 0.0336
v -0.004918499999999997 0.0422174 0.032
v -0.004918499999999997 0.0422174 0.0336
v -0.005696999999999997 0.041697 0.032
v -0.005696999999999997 0.041697 0.0336
v -0.006217399999999996 0.0409185 0.032
v -0.006217399999999996 0.0409185 0.0336
v -0.006399999999999997 0.04 0.032
v -0.006399999999999997 0.04 0.0336
v -0.006217399999999996 0.039081500000000005 0.032
v -0.006217399999999996 0.039081500000000005 0.0336
v -0.005696999999999997 0.038303000000000004 0.032
v -0.005696999999999997 0.038303000000000004 0.0336
v -0.004918499999999997 0.0377826 0.032
v -0.004918499999999997 0.0377826 0.0336
v -0.003999999999999997 0.0376 0.032
v -0.003999999999999997 0.0376 0.0336
v -0.0030814999999999966 0.0377826 0.032
v -0.0030814999999999966 0.0377826 0.0336
v -0.002302999999999997 0.038303000000000004 0.032
v -0.002302999999999997 0.038303000000000004 0.0336
v -0.001782599999999997 0.039081500000000005 0.032
v -0.001782599999999997 0.039081500000000005 0.0336
v -0.001782599999999997 0.0409185 0.0336
v -0.0015999999999999964 0.04 0.0336
v -0.003999999999999997 0.04 0.0336
v -0.002302999999999997 0.041697 0.0336
v -0.0030814999999999966 0.0422174 0.0336
v -0.003999999999999997 0.0424 0.0336
v -0.004918499999999997 0.0422174 0.0336
v -0.005696999999999997 0.041697 0.0336
v -0.006217399999999996 0.0409185 0.0336
v -0.006399999999999997 0.04 0.0336
v -0.006217399999999996 0.039081500000000005 0.0336
v -0.005696999999999997 0.038303000000000004 0.0336
v -0.004918499999999997 0.0377826 0.0336
v -0.003999999999999997 0.0376 0.0336
v -0.0030814999999999966 0.0377826 0.0336
v -0.002302999999999997 0.038303000000000004 0.0336
v -0.001782599999999997 0.039081500000000005 0.0336
v -0.009599999999999997 0.04 0.032
v -0.009782599999999997 0.0409185 0.032
v -0.009782599999999997 0.0409185 0.0336
v -0.009599999999999997 0.04 0.0336
v -0.010302999999999996 0.041697 0.032
v -0.010302999999999996 0.041697 0.0336
v -0.011081499999999998 0.0422174 0.032
v -0.011081499999999998 0.0422174 0.0336
v -0.011999999999999997 0.0424 0.032
v -0.011999999999999997 0.0424 0.0336
v -0.012918499999999996 0.0422174 0.032
v -0.012918499999999996 0.0422174 0.0336
v -0.013696999999999997 0.041697 0.032
v -0.013696999999999997 0.041697 0.0336
v -0.014217399999999996 0.0409185 0.032
v -0.014217399999999996 0.0409185 0.0336
v -0.014399999999999996 0.04 0.032
v -0.014399999999999996 0.04 0.0336
v -0.014217399999999996 0.039081500000000005 0.032
v -0.014217399999999996 0.039081500000000005 0.0336
v -0.013696999999999997 0.038303000000000004 0.032
v -0.013696999999999997 0.038303000000000004 0.0336
v -0.012918499999999996 0.0377826 0.032
v -0.012918499999999996 0.0377826 0.0336
v -0.011999999999999997 0.0376 0.032
v -0.011999999999999997 0.0376 0.0336
v -0.011081499999999998 0.0377826 0.032
v -0.011081499999999998 0.0377826 0.0336
v -0.010302999999999996 0.038303000000000004 0.032
v -0.010302999999999996 0.038303000000000004 0.0336
v -0.009782599999999997 0.039081500000000005 0.032
v -0.009782599999999997 0.039081500000000005 0.0336
v -0.009782599999999997 0.0409185 0.0336
v -0.009599999999999997 0.04 0.0336
v -0.011999999999999997 0.04 0.0336
v -0.010302999999999996 0.041697 0.0336
v -0.011081499999999998 0.0422174 0.0336
v -0.011999999999999997 0.0424 0.0336
v -0.012918499999999996 0.0422174 0.0336
v -0.013696999999999997 0.041697 0.0336
v -0.014217399999999996 0.0409185 0.0336
v -0.014399999999999996 0.04 0.0336
v -0.014217399999999996 0.039081500000000005 0.0336
v -0.013696999999999997 0.038303000000000004 0.0336
v -0.012918499999999996 0.0377826 0.0336
v -0.011999999999999997 0.0376 0.0336
v -0.011081499999999998 0.0377826 0.0336
v -0.010302999999999996 0.038303000000000004 0.0336
v -0.009782599999999997 0.039081500000000005 0.0336
v -0.017599999999999998 0.04 0.032
v -0.017782599999999996 0.0409185 0.032
v -0.017782599999999996 0.0409185 0.0336
v -0.017599999999999998 0.04 0.0336
v -0.018302999999999996 0.041697 0.032
v -0.018302999999999996 0.041697 0.0336
v -0.019081499999999994 0.0422174 0.032
v -0.019081499999999994 0.0422174 0.0336
v -0.019999999999999997 0.0424 0.032
v -0.019999999999999997 0.0424 0.0336
v -0.020918499999999996 0.0422174 0.032
v -0.020918499999999996 0.0422174 0.0336
v -0.021696999999999998 0.041697 0.032
v -0.021696999999999998 0.041697 0.0336
v -0.022217399999999998 0.0409185 0.032
v -0.022217399999999998 0.0409185 0.0336
v -0.022399999999999996 0.04 0.032
v -0.022399999999999996 0.04 0.0336
v -0.022217399999999998 0.039081500000000005 0.032
v -0.022217399999999998 0.039081500000000005 0.0336
v -0.021696999999999998 0.038303000000000004 0.032
v -0.021696999999999998 0.038303000000000004 0.0336
v -0.020918499999999996 0.0377826 0.032
v -0.020918499999999996 0.0377826 0.0336
v -0.019999999999999997 0.0376 0.032
v -0.019999999999999997 0.0376 0.0336
v -0.019081499999999994 0.0377826 0.032
v -0.019081499999999994 0.0377826 0.0336
v -0.018302999999999996 0.038303000000000004 0.032
v -0.018302999999999996 0.038303000000000004 0.0336
v -0.017782599999999996 0.039081500000000005 0.032
v -0.017782599999999996 0.039081500000000005 0.0336
v -0.017782599999999996 0.0409185 0.0336
v -0.017599999999999998 0.04 0.0336
v -0.019999999999999997 0.04 0.0336
v -0.018302999999999996 0.041697 0.0336
v -0.019081499999999994 0.0422174 0.0336
v -0.019999999999999997 0.0424 0.0336
v -0.020918499999999996 0.0422174 0.0336
v -0.021696999999999998 0.041697 0.0336
v -0.022217399999999998 0.0409185 0.0336
v -0.022399999999999996 0.04 0.0336
v -0.022217399999999998 0.039081500000000005 0.0336
v -0.021696999999999998 0.038303000000000004 0.0336
v -0.020918499999999996 0.0377826 0.0336
v -0.019999999999999997 0.0376 0.0336
v -0.019081499999999994 0.0377826 0.0336
v -0.018302999999999996 0.038303000000000004 0.0336
v -0.017782599999999996 0.039081500000000005 0.0336
v 0.022400000000000003 0.032 0.032
v 0.0222174 0.0329185 0.032
v 0.0222174 0.0329185 0.0336
v 0.022400000000000003 0.032 0.0336
v 0.021697000000000004 0.033697000000000005 0.032
v 0.021697000000000004 0.033697000000000005 0.0336
v 0.020918500000000003 0.0342174 0.032
v 0.020918500000000003 0.0342174 0.0336
v 0.020000000000000004 0.0344 0.032
v 0.020000000000000004 0.0344 0.0336
v 0.019081500000000005 0.0342174 0.032
v 0.019081500000000005 0.0342174 0.0336
v 0.018303000000000003 0.033697000000000005 0.032
v 0.018303000000000003 0.033697000000000005 0.0336
v 0.017782600000000003 0.0329185 0.032
v 0.017782600000000003 0.0329185 0.0336
v 0.017600000000000005 0.032 0.032
v 0.017600000000000005 0.032 0.0336
v 0.017782600000000003 0.0310815 0.032
v 0.017782600000000003 0.0310815 0.0336
v 0.018303000000000003 0.030303 0.032
v 0.018303000000000003 0.030303 0.0336
v 0.019081500000000005 0.0297826 0.032
v 0.019081500000000005 0.0297826 0.0336
v 0.020000000000000004 0.0296 0.032
v 0.020000000000000004 0.0296 0.0336
v 0.020918500000000003 0.0297826 0.032
v 0.020918500000000003 0.0297826 0.0336
v 0.021697000000000004 0.030303 0.032
v 0.021697000000000004 0.030303 0.0336
v 0.0222174 0.0310815 0.032
v 0.0222174 0.0310815 0.0336
v 0.0222174 0.0329185 0.0336
v 0.022400000000000003 0.032 0.0336
v 0.020000000000000004 0.032 0.0336
v 0.021697000000000004 0.033697000000000005 0.0336
v 0.020918500000000003 0.0342174 0.0336
v 0.020000000000000004 0.0344 0.0336
v 0.019081500000000005 0.0342174 0.0336
v 0.018303000000000003 0.033697000000000005 0.0336
v 0.017782600000000003 0.0329185 0.0336
v 0.017600000000000005 0.032 0.0336
v 0.017782600000000003 0.0310815 0.0336
v 0.018303000000000003 0.030303 0.0336
v 0.019081500000000005 0.0297826 0.0336
v 0.020000000000000004 0.0296 0.0336
v 0.020918500000000003 0.0297826 0.0336
v 0.021697000000000004 0.030303 0.0336
v 0.0222174 0.0310815 0.0336
v 0.014400000000000003 0.032 0.032
v 0.014217400000000005 0.0329185 0.032
v 0.014217400000000005 0.0329185 0.0336
v 0.014400000000000003 0.032 0.0336
v 0.013697000000000004 0.033697000000000005 0.032
v 0.013697000000000004 0.033697000000000005 0.0336
v 0.012918500000000003 0.0342174 0.032
v 0.012918500000000003 0.0342174 0.0336
v 0.012000000000000004 0.0344 0.032
v 0.012000000000000004 0.0344 0.0336
v 0.011081500000000005 0.0342174 0.032
v 0.011081500000000005 0.0342174 0.0336
v 0.010303000000000003 0.033697000000000005 0.032
v 0.010303000000000003 0.033697000000000005 0.0336
v 0.009782600000000002 0.0329185 0.032
v 0.009782600000000002 0.0329185 0.0336
v 0.009600000000000004 0.032 0.032
v 0.009600000000000004 0.032 0.0336
v 0.009782600000000002 0.0310815 0.032
v 0.009782600000000002 0.0310815 0.0336
v 0.010303000000000003 0.030303 0.032
v 0.010303000000000003 0.030303 0.0336
v 0.011081500000000005 0.0297826 0.032
v 0.011081500000000005 0.0297826 0.0336
v 0.012000000000000004 0.0296 0.032
v 0.012000000000000004 0.0296 0.0336
v 0.012918500000000003 0.0297826 0.032
v 0.012918500000000003 0.0297826 0.0336
v 0.013697000000000004 0.030303 0.032
v 0.013697000000000004 0.030303 0.0336
v 0.014217400000000005 0.0310815 0.032
v 0.014217400000000005 0.0310815 0.0336
v 0.014217400000000005 0.0329185 0.0336
v 0.014400000000000003 0.032 0.0336
v 0.012000000000000004 0.032 0.0336
v 0.013697000000000004 0.033697000000000005 0.0336
v 0.012918500000000003 0.0342174 0.0336
v 0.012000000000000004 0.0344 0.0336
v 0.011081500000000005 0.0342174 0.0336
v 0.010303000000000003 0.033697000000000005 0.0336
v 0.009782600000000002 0.0329185 0.0336
v 0.009600000000000004 0.032 0.0336
v 0.009782600000000002 0.0310815 0.0336
v 0.010303000000000003 0.030303 0.0336
v 0.011081500000000005 0.0297826 0.0336
v 0.012000000000000004 0.0296 0.0336
v 0.012918500000000003 0.0297826 0.0336
v 0.013697000000000004 0.030303 0.0336
v 0.014217400000000005 0.0310815 0.0336
v 0.006400000000000003 0.032 0.032
v 0.006217400000000003 0.0329185 0.032
v 0.006217400000000003 0.0329185 0.0336
v 0.006400000000000003 0.032 0.0336
v 0.005697000000000004 0.033697000000000005 0.032
v 0.005697000000000004 0.033697000000000005 0.0336
v 0.004918500000000003 0.0342174 0.032
v 0.004918500000000003 0.0342174 0.0336
v 0.0040000000000000036 0.0344 0.032
v 0.0040000000000000036 0.0344 0.0336
v 0.0030815000000000026 0.0342174 0.032
v 0.0030815000000000026 0.0342174 0.0336
v 0.002303000000000003 0.033697000000000005 0.032
v 0.002303000000000003 0.033697000000000005 0.0336
v 0.001782600000000004 0.0329185 0.032
v 0.001782600000000004 0.0329185 0.0336
v 0.0016000000000000025 0.032 0.032
v 0.0016000000000000025 0.032 0.0336
v 0.001782600000000004 0.0310815 0.032
v 0.001782600000000004 0.0310815 0.0336
v 0.002303000000000003 0.030303 0.032
v 0.002303000000000003 0.030303 0.0336
v 0.0030815000000000026 0.0297826 0.032
v 0.0030815000000000026 0.0297826 0.0336
v 0.0040000000000000036 0.0296 0.032
v 0.0040000000000000036 0.0296 0.0336
v 0.004918500000000003 0.0297826 0.032
v 0.004918500000000003 0.0297826 0.0336
v 0.005697000000000004 0.030303 0.032
v 0.005697000000000004 0.030303 0.0336
v 0.006217400000000003 0.0310815 0.032
v 0.006217400000000003 0.0310815 0.0336
v 0.006217400000000003 0.0329185 0.0336
v 0.006400000000000003 0.032 0.0336
v 0.0040000000000000036 0.032 0.0336
v 0.005697000000000004 0.033697000000000005 0.0336
v 0.004918500000000003 0.0342174 0.0336
v 0.0040000000000000036 0.0344 0.0336
v 0.0030815000000000026 0.0342174 0.0336
v 0.002303000000000003 0.033697000000000005 0.0336
v 0.001782600000000004 0.0329185 0.0336
v 0.0016000000000000025 0.032 0.0336
v 0.001782600000000004 0.0310815 0.0336
v 0.002303000000000003 0.030303 0.0336
v 0.0030815000000000026 0.0297826 0.0336
v 0.0040000000000000036 0.0296 0.0336
v 0.004918500000000003 0.0297826 0.0336
v 0.005697000000000004 0.030303 0.0336
v 0.006217400000000003 0.0310815 0.0336
v -0.0015999999999999964 0.032 0.032
v -0.001782599999999997 0.0329185 0.032
v -0.001782599999999997 0.0329185 0.0336
v -0.0015999999999999964 0.032 0.0336
v -0.002302999999999997 0.033697000000000005 0.032
v -0.002302999999999997 0.033697000000000005 0.0336
v -0.0030814999999999966 0.0342174 0.032
v -0.0030814999999999966 0.0342174 0.0336
v -0.003999999999999997 0.0344 0.032
v -0.003999999999999997 0.0344 0.0336
v -0.004918499999999997 0.0342174 0.032
v -0.004918499999999997 0.0342174 0.0336
v -0.005696999999999997 0.033697000000000005 0.032
v -0.005696999999999997 0.033697000000000005 0.0336
v -0.006217399999999996 0.0329185 0.032
v -0.006217399999999996 0.0329185 0.0336
v -0.006399999999999997 0.032 0.032
v -0.006399999999999997 0.032 0.0336
v -0.006217399999999996 0.0310815 0.032
v -0.006217399999999996 0.0310815 0.0336
v -0.005696999999999997 0.030303 0.032
v -0.005696999999999997 0.030303 0.0336
v -0.004918499999999997 0.0297826 0.032
v -0.004918499999999997 0.0297826 0.0336
v -0.003999999999999997 0.0296 0.032
v -0.003999999999999997 0.0296 0.0336
v -0.0030814999999999966 0.0297826 0.032
v -0.0030814999999999966 0.0297826 0.0336
v -0.002302999999999997 0.030303 0.032
v -0.002302999999999997 0.030303 0.0336
v -0.001782599999999997 0.0310815 0.032
v -0.001782599999999997 0.0310815 0.0336
v -0.001782599999999997 0.0329185 0.0336
v -0.0015999999999999964 0.032 0.0336
v -0.003999999999999997 0.032 0.0336
v -0.002302999999999997 0.033697000000000005 0.0336
v -0.0030814999999999966 0.0342174 0.0336
v -0.003999999999999997 0.0344 0.0336
v -0.004918499999999997 0.0342174 0.0336
v -0.005696999999999997 0.033697000000000005 0.0336
v -0.006217399999999996 0.0329185 0.0336
v -0.006399999999999997 0.032 0.0336
v -0.006217399999999996 0.0310815 0.0336
v -0.005696999999999997 0.030303 0.0336
v -0.004918499999999997 0.0297826 0.0336
v -0.003999999999999997 0.0296 0.0336
v -0.0030814999999999966 0.0297826 0.0336
v -0.002302999999999997 0.030303 0.0336
v -0.001782599999999997 0.0310815 0.0336
v -0.009599999999999997 0.032 0.032
v -0.009782599999999997 0.0329185 0.032
v -0.009782599999999997 0.0329185 0.0336
v -0.009599999999999997 0.032 0.0336
v -0.010302999999999996 0.033697000000000005 0.032
v -0.010302999999999996 0.033697000000000005 0.0336
v -0.011081499999999998 0.0342174 0.032
v -0.011081499999999998 0.0342174 0.0336
v -0.011999999999999997 0.0344 0.032
v -0.011999999999999997 0.0344 0.0336
v -0.012918499999999996 0.0342174 0.032
v -0.012918499999999996 0.0342174 0.0336
v -0.013696999999999997 0.033697000000000005 0.032
v -0.013696999999999997 0.033697000000000005 0.0336
v -0.014217399999999996 0.0329185 0.032
v -0.014217399999999996 0.0329185 0.0336
v -0.014399999999999996 0.032 0.032
v -0.014399999999999996 0.032 0.0336
v -0.014217399999999996 0.0310815 0.032
v -0.014217399999999996 0.0310815 0.0336
v -0.013696999999999997 0.030303 0.032
v -0.013696999999999997 0.030303 0.0336
v -0.012918499999999996 0.0297826 0.032
v -0.012918499999999996 0.0297826 0.0336
v -0.011999999999999997 0.0296 0.032
v -0.011999999999999997 0.0296 0.0336
v -0.011081499999999998 0.0297826 0.032
v -0.011081499999999998 0.0297826 0.0336
v -0.010302999999999996 0.030303 0.032
v -0.010302999999999996 0.030303 0.0336
v -0.009782599999999997 0.0310815 0.032
v -0.009782599999999997 0.0310815 0.0336
v -0.009782599999999997 0.0329185 0.0336
v -0.009599999999999997 0.032 0.0336
v -0.011999999999999997 0.032 0.0336
v -0.010302999999999996 0.033697000000000005 0.0336
v -0.011081499999999998 0.0342174 0.0336
v -0.011999999999999997 0.0344 0.0336
v -0.012918499999999996 0.0342174 0.0336
v -0.013696999999999997 0.033697000000000005 0.0336
v -0.014217399999999996 0.0329185 0.0336
v -0.014399999999999996 0.032 0.0336
v -0.014217399999999996 0.0310815 0.0336
v -0.013696999999999997 0.030303 0.0336
v -0.012918499999999996 0.0297826 0.0336
v -0.011999999999999997 0.0296 0.0336
v -0.011081499999999998 0.0297826 0.0336
v -0.010302999999999996 0.030303 0.0336
v -0.009782599999999997 0.0310815 0.0336
v -0.017599999999999998 0.032 0.032
v -0.017782599999999996 0.0329185 0.032
v -0.017782599999999996 0.0329185 0.0336
v -0.017599999999999998 0.032 0.0336
v -0.018302999999999996 0.033697000000000005 0.032
v -0.018302999999999996 0.033697000000000005 0.0336
v -0.019081499999999994 0.0342174 0.032
v -0.019081499999999994 0.0342174 0.0336
v -0.019999999999999997 0.0344 0.032
v -0.019999999999999997 0.0344 0.0336
v -0.020918499999999996 0.0342174 0.032
v -0.020918499999999996 0.0342174 0.0336
v -0.021696999999999998 0.033697000000000005 0.032
v -0.021696999999999998 0.033697000000000005 0.0336
v -0.022217399999999998 0.0329185 0.032
v -0.022217399999999998 0.0329185 0.0336
v -0.022399999999999996 0.032 0.032
v -0.022399999999999996 0.032 0.0336
v -0.022217399999999998 0.0310815 0.032
v -0.022217399999999998 0.0310815 0.0336
v -0.021696999999999998 0.030303 0.032
v -0.021696999999999998 0.030303 0.0336
v -0.020918499999999996 0.0297826 0.032
v -0.020918499999999996 0.0297826 0.0336
v -0.019999999999999997 0.0296 0.032
v -0.019999999999999997 0.0296 0.0336
v -0.019081499999999994 0.0297826 0.032
v -0.019081499999999994 0.0297826 0.0336
v -0.018302999999999996 0.030303 0.032
v -0.018302999999999996 0.030303 0.0336
v -0.017782599999999996 0.0310815 0.032
v -0.017782599999999996 0.0310815 0.0336
v -0.017782599999999996 0.0329185 0.0336
v -0.017599999999999998 0.032 0.0336
v -0.019999999999999997 0.032 0.0336
v -0.018302999999999996 0.033697000000000005 0.0336
v -0.019081499999999994 0.0342174 0.0336
v -0.019999999999999997 0.0344 0.0336
v -0.020918499999999996 0.0342174 0.0336
v -0.021696999999999998 0.033697000000000005 0.0336
v -0.022217399999999998 0.0329185 0.0336
v -0.022399999999999996 0.032 0.0336
v -0.022217399999999998 0.0310815 0.0336
v -0.021696999999999998 0.030303 0.0336
v -0.020918499999999996 0.0297826 0.0336
v -0.019999999999999997 0.0296 0.0336
v -0.019081499999999994 0.0297826 0.0336
v -0.018302999999999996 0.030303 0.0336
v -0.017782599999999996 0.0310815 0.0336
v 3.469446951953614e-18 -0.0416 0.0192
v -0.0009184999999999966 -0.0417826 0.0192
v -0.0009184999999999966 -0.0417826 0.0208
v 3.469446951953614e-18 -0.0416 0.0208
v -0.0016969999999999971 -0.04230299999999999 0.0192
v -0.0016969999999999971 -0.04230299999999999 0.0208
v -0.002217399999999997 -0.043081499999999995 0.0192
v -0.002217399999999997 -0.043081499999999995 0.0208
v -0.0023999999999999968 -0.044 0.0192
v -0.0023999999999999968 -0.044 0.0208
v -0.002217399999999997 -0.0449185 0.0192
v -0.002217399999999997 -0.0449185 0.0208
v -0.0016969999999999971 -0.045697 0.0192
v -0.0016969999999999971 -0.045697 0.0208
v -0.0009184999999999966 -0.046217400000000006 0.0192
v -0.0009184999999999966 -0.046217400000000006 0.0208
v 3.469446951953614e-18 -0.0464 0.0192
v 3.469446951953614e-18 -0.0464 0.0208
v 0.0009185000000000026 -0.046217400000000006 0.0192
v 0.0009185000000000026 -0.046217400000000006 0.0208
v 0.001697000000000004 -0.045697 0.0192
v 0.001697000000000004 -0.045697 0.0208
v 0.002217400000000003 -0.0449185 0.0192
v 0.002217400000000003 -0.0449185 0.0208
v 0.002400000000000003 -0.044 0.0192
v 0.002400000000000003 -0.044 0.0208
v 0.002217400000000003 -0.043081499999999995 0.0192
v 0.002217400000000003 -0.043081499999999995 0.0208
v 0.001697000000000004 -0.04230299999999999 0.0192
v 0.001697000000000004 -0.04230299999999999 0.0208
v 0.0009185000000000026 -0.0417826 0.0192
v 0.0009185000000000026 -0.0417826 0.0208
v 3.469446951953614e-18 -0.0408 0.0192
v -0.0012245999999999967 -0.0410435 0.0192
v -0.0012245999999999967 -0.0410435 0.0208
v 3.469446951953614e-18 -0.0408 0.0208
v -0.002262699999999997 -0.041737300000000005 0.0192
v -0.002262699999999997 -0.041737300000000005 0.0208
v -0.0029564999999999965 -0.042775400000000005 0.0192
v -0.0029564999999999965 -0.042775400000000005 0.0208
v -0.003199999999999997 -0.044 0.0192
v -0.003199999999999997 -0.044 0.0208
v -0.0029564999999999965 -0.045224600000000004 0.0192
v -0.0029564999999999965 -0.045224600000000004 0.0208
v -0.002262699999999997 -0.046262700000000004 0.0192
v -0.002262699999999997 -0.046262700000000004 0.0208
v -0.0012245999999999967 -0.0469565 0.0192
v -0.0012245999999999967 -0.0469565 0.0208
v 3.469446951953614e-18 -0.047200000000000006 0.0192
v 3.469446951953614e-18 -0.047200000000000006 0.0208
v 0.0012246000000000028 -0.0469565 0.0192
v 0.0012246000000000028 -0.0469565 0.0208
v 0.002262700000000003 -0.046262700000000004 0.0192
v 0.002262700000000003 -0.046262700000000004 0.0208
v 0.0029565000000000025 -0.045224600000000004 0.0192
v 0.0029565000000000025 -0.045224600000000004 0.0208
v 0.003200000000000003 -0.044 0.0192
v 0.003200000000000003 -0.044 0.0208
v 0.0029565000000000025 -0.042775400000000005 0.0192
v 0.0029565000000000025 -0.042775400000000005 0.0208
v 0.002262700000000003 -0.041737300000000005 0.0192
v 0.002262700000000003 -0.041737300000000005 0.0208
v 0.0012246000000000028 -0.0410435 0.0192
v 0.0012246000000000028 -0.0410435 0.0208
v -0.003199999999999997 -0.044 0.0192
v -0.0023999999999999968 -0.044 0.0192
v -0.002217399999999997 -0.0449185 0.0192
v -0.0029564999999999965 -0.045224600000000004 0.0192
v -0.0016969999999999971 -0.045697 0.0192
v -0.002262699999999997 -0.046262700000000004 0.0192
v -0.0009184999999999966 -0.046217400000000006 0.0192
v -0.0012245999999999967 -0.0469565 0.0192
v 3.469446951953614e-18 -0.0464 0.0192
v 3.469446951953614e-18 -0.047200000000000006 0.0192
v 0.0009185000000000026 -0.046217400000000006 0.0192
v 0.0012246000000000028 -0.0469565 0.0192
v 0.001697000000000004 -0.045697 0.0192
v 0.002262700000000003 -0.046262700000000004 0.0192
v 0.002217400000000003 -0.0449185 0.0192
v 0.0029565000000000025 -0.045224600000000004 0.0192
v 0.002400000000000003 -0.044 0.0192
v 0.003200000000000003 -0.044 0.0192
v 0.002217400000000003 -0.043081499999999995 0.0192
v 0.0029565000000000025 -0.042775400000000005 0.0192
v 0.001697000000000004 -0.04230299999999999 0.0192
v 0.002262700000000003 -0.041737300000000005 0.0192
v 0.0009185000000000026 -0.0417826 0.0192
v 0.0012246000000000028 -0.0410435 0.0192
v 3.469446951953614e-18 -0.0416 0.0192
v 3.469446951953614e-18 -0.0408 0.0192
v -0.0009184999999999966 -0.0417826 0.0192
v -0.0012245999999999967 -0.0410435 0.0192
v -0.0016969999999999971 -0.04230299999999999 0.0192
v -0.002262699999999997 -0.041737300000000005 0.0192
v -0.002217399999999997 -0.043081499999999995 0.0192
v -0.0029564999999999965 -0.042775400000000005 0.0192
v 3.469446951953614e-18 -0.049600000000000005 0.0192
v -0.0009184999999999966 -0.049782599999999996 0.0192
v -0.0009184999999999966 -0.049782599999999996 0.0208
v 3.469446951953614e-18 -0.049600000000000005 0.0208
v -0.0016969999999999971 -0.050303 0.0192
v -0.0016969999999999971 -0.050303 0.0208
v -0.002217399999999997 -0.0510815 0.0192
v -0.002217399999999997 -0.0510815 0.0208
v -0.0023999999999999968 -0.052000000000000005 0.0192
v -0.0023999999999999968 -0.052000000000000005 0.0208
v -0.002217399999999997 -0.05291850000000001 0.0192
v -0.002217399999999997 -0.05291850000000001 0.0208
v -0.0016969999999999971 -0.05369700000000001 0.0192
v -0.0016969999999999971 -0.05369700000000001 0.0208
v -0.0009184999999999966 -0.0542174 0.0192
v -0.0009184999999999966 -0.0542174 0.0208
v 3.469446951953614e-18 -0.054400000000000004 0.0192
v 3.469446951953614e-18 -0.054400000000000004 0.0208
v 0.0009185000000000026 -0.0542174 0.0192
v 0.0009185000000000026 -0.0542174 0.0208
v 0.001697000000000004 -0.05369700000000001 0.0192
v 0.001697000000000004 -0.05369700000000001 0.0208
v 0.002217400000000003 -0.05291850000000001 0.0192
v 0.002217400000000003 -0.05291850000000001 0.0208
v 0.002400000000000003 -0.052000000000000005 0.0192
v 0.002400000000000003 -0.052000000000000005 0.0208
v 0.002217400000000003 -0.0510815 0.0192
v 0.002217400000000003 -0.0510815 0.0208
v 0.001697000000000004 -0.050303 0.0192
v 0.001697000000000004 -0.050303 0.0208
v 0.0009185000000000026 -0.049782599999999996 0.0192
v 0.0009185000000000026 -0.049782599999999996 0.0208
v 3.469446951953614e-18 -0.048799999999999996 0.0192
v -0.0012245999999999967 -0.049043500000000004 0.0192
v -0.0012245999999999967 -0.049043500000000004 0.0208
v 3.469446951953614e-18 -0.048799999999999996 0.0208
v -0.002262699999999997 -0.0497373 0.0192
v -0.002262699999999997 -0.0497373 0.0208
v -0.0029564999999999965 -0.0507754 0.0192
v -0.0029564999999999965 -0.0507754 0.0208
v -0.003199999999999997 -0.052000000000000005 0.0192
v -0.003199999999999997 -0.052000000000000005 0.0208
v -0.0029564999999999965 -0.0532246 0.0192
v -0.0029564999999999965 -0.0532246 0.0208
v -0.002262699999999997 -0.0542627 0.0192
v -0.002262699999999997 -0.0542627 0.0208
v -0.0012245999999999967 -0.054956500000000005 0.0192
v -0.0012245999999999967 -0.054956500000000005 0.0208
v 3.469446951953614e-18 -0.0552 0.0192
v 3.469446951953614e-18 -0.0552 0.0208
v 0.0012246000000000028 -0.054956500000000005 0.0192
v 0.0012246000000000028 -0.054956500000000005 0.0208
v 0.002262700000000003 -0.0542627 0.0192
v 0.002262700000000003 -0.0542627 0.0208
v 0.0029565000000000025 -0.0532246 0.0192
v 0.0029565000000000025 -0.0532246 0.0208
v 0.003200000000000003 -0.052000000000000005 0.0192
v 0.003200000000000003 -0.052000000000000005 0.0208
v 0.0029565000000000025 -0.0507754 0.0192
v 0.0029565000000000025 -0.0507754 0.0208
v 0.002262700000000003 -0.0497373 0.0192
v 0.002262700000000003 -0.0497373 0.0208
v 0.0012246000000000028 -0.049043500000000004 0.0192
v 0.0012246000000000028 -0.049043500000000004 0.0208
v -0.003199999999999997 -0.052000000000000005 0.0192
v -0.0023999999999999968 -0.052000000000000005 0.0192
v -0.002217399999999997 -0.05291850000000001 0.0192
v -0.0029564999999999965 -0.0532246 0.0192
v -0.0016969999999999971 -0.05369700000000001 0.0192
v -0.002262699999999997 -0.0542627 0.0192
v -0.0009184999999999966 -0.0542174 0.0192
v -0.0012245999999999967 -0.054956500000000005 0.0192
v 3.469446951953614e-18 -0.054400000000000004 0.0192
v 3.469446951953614e-18 -0.0552 0.0192
v 0.0009185000000000026 -0.0542174 0.0192
v 0.0012246000000000028 -0.054956500000000005 0.0192
v 0.001697000000000004 -0.05369700000000001 0.0192
v 0.002262700000000003 -0.0542627 0.0192
v 0.002217400000000003 -0.05291850000000001 0.0192
v 0.0029565000000000025 -0.0532246 0.0192
v 0.002400000000000003 -0.052000000000000005 0.0192
v 0.003200000000000003 -0.052000000000000005 0.0192
v 0.002217400000000003 -0.0510815 0.0192
v 0.0029565000000000025 -0.0507754 0.0192
v 0.001697000000000004 -0.050303 0.0192
v 0.002262700000000003 -0.0497373 0.0192
v 0.0009185000000000026 -0.049782599999999996 0.0192
v 0.0012246000000000028 -0.049043500000000004 0.0192
v 3.469446951953614e-18 -0.049600000000000005 0.0192
v 3.469446951953614e-18 -0.048799999999999996 0.0192
v -0.0009184999999999966 -0.049782599999999996 0.0192
v -0.0012245999999999967 -0.049043500000000004 0.0192
v -0.0016969999999999971 -0.050303 0.0192
v -0.002262699999999997 -0.0497373 0.0192
v -0.002217399999999997 -0.0510815 0.0192
v -0.0029564999999999965 -0.0507754 0.0192
v 3.469446951953614e-18 -0.0576 0.0192
v -0.0009184999999999966 -0.0577826 0.0192
v -0.0009184999999999966 -0.0577826 0.0208
v 3.469446951953614e-18 -0.0576 0.0208
v -0.0016969999999999971 -0.05830300000000001 0.0192
v -0.0016969999999999971 -0.05830300000000001 0.0208
v -0.002217399999999997 -0.05908150000000001 0.0192
v -0.002217399999999997 -0.05908150000000001 0.0208
v -0.0023999999999999968 -0.06 0.0192
v -0.0023999999999999968 -0.06 0.0208
v -0.002217399999999997 -0.0609185 0.0192
v -0.002217399999999997 -0.0609185 0.0208
v -0.0016969999999999971 -0.061697 0.0192
v -0.0016969999999999971 -0.061697 0.0208
v -0.0009184999999999966 -0.0622173 0.0192
v -0.0009184999999999966 -0.0622173 0.0208
v 3.469446951953614e-18 -0.0624 0.0192
v 3.469446951953614e-18 -0.0624 0.0208
v 0.0009185000000000026 -0.0622173 0.0192
v 0.0009185000000000026 -0.0622173 0.0208
v 0.001697000000000004 -0.061697 0.0192
v 0.001697000000000004 -0.061697 0.0208
v 0.002217400000000003 -0.0609185 0.0192
v 0.002217400000000003 -0.0609185 0.0208
v 0.002400000000000003 -0.06 0.0192
v 0.002400000000000003 -0.06 0.0208
v 0.002217400000000003 -0.05908150000000001 0.0192
v 0.002217400000000003 -0.05908150000000001 0.0208
v 0.001697000000000004 -0.05830300000000001 0.0192
v 0.001697000000000004 -0.05830300000000001 0.0208
v 0.0009185000000000026 -0.0577826 0.0192
v 0.0009185000000000026 -0.0577826 0.0208
v 3.469446951953614e-18 -0.0568 0.0192
v -0.0012245999999999967 -0.0570435 0.0192
v -0.0012245999999999967 -0.0570435 0.0208
v 3.469446951953614e-18 -0.0568 0.0208
v -0.002262699999999997 -0.057737300000000005 0.0192
v -0.002262699999999997 -0.057737300000000005 0.0208
v -0.0029564999999999965 -0.058775400000000005 0.0192
v -0.0029564999999999965 -0.058775400000000005 0.0208
v -0.003199999999999997 -0.06 0.0192
v -0.003199999999999997 -0.06 0.0208
v -0.0029564999999999965 -0.061224600000000004 0.0192
v -0.0029564999999999965 -0.061224600000000004 0.0208
v -0.002262699999999997 -0.062262700000000004 0.0192
v -0.002262699999999997 -0.062262700000000004 0.0208
v -0.0012245999999999967 -0.0629565 0.0192
v -0.0012245999999999967 -0.0629565 0.0208
v 3.469446951953614e-18 -0.0632 0.0192
v 3.469446951953614e-18 -0.0632 0.0208
v 0.0012246000000000028 -0.0629565 0.0192
v 0.0012246000000000028 -0.0629565 0.0208
v 0.002262700000000003 -0.062262700000000004 0.0192
v 0.002262700000000003 -0.062262700000000004 0.0208
v 0.0029565000000000025 -0.061224600000000004 0.0192
v 0.0029565000000000025 -0.061224600000000004 0.0208
v 0.003200000000000003 -0.06 0.0192
v 0.003200000000000003 -0.06 0.0208
v 0.0029565000000000025 -0.058775400000000005 0.0192
v 0.0029565000000000025 -0.058775400000000005 0.0208
v 0.002262700000000003 -0.057737300000000005 0.0192
v 0.002262700000000003 -0.057737300000000005 0.0208
v 0.0012246000000000028 -0.0570435 0.0192
v 0.0012246000000000028 -0.0570435 0.0208
v -0.003199999999999997 -0.06 0.0192
v -0.0023999999999999968 -0.06 0.0192
v -0.002217399999999997 -0.0609185 0.0192
v -0.0029564999999999965 -0.061224600000000004 0.0192
v -0.0016969999999999971 -0.061697 0.0192
v -0.002262699999999997 -0.062262700000000004 0.0192
v -0.0009184999999999966 -0.0622173 0.0192
v -0.0012245999999999967 -0.0629565 0.0192
v 3.469446951953614e-18 -0.0624 0.0192
v 3.469446951953614e-18 -0.0632 0.0192
v 0.0009185000000000026 -0.0622173 0.0192
v 0.0012246000000000028 -0.0629565 0.0192
v 0.001697000000000004 -0.061697 0.0192
v 0.002262700000000003 -0.062262700000000004 0.0192
v 0.002217400000000003 -0.0609185 0.0192
v 0.0029565000000000025 -0.061224600000000004 0.0192
v 0.002400000000000003 -0.06 0.0192
v 0.003200000000000003 -0.06 0.0192
v 0.002217400000000003 -0.05908150000000001 0.0192
v 0.0029565000000000025 -0.058775400000000005 0.0192
v 0.001697000000000004 -0.05830300000000001 0.0192
v 0.002262700000000003 -0.057737300000000005 0.0192
v 0.0009185000000000026 -0.0577826 0.0192
v 0.0012246000000000028 -0.0570435 0.0192
v 3.469446951953614e-18 -0.0576 0.0192
v 3.469446951953614e-18 -0.0568 0.0192
v -0.0009184999999999966 -0.0577826 0.0192
v -0.0012245999999999967 -0.0570435 0.0192
v -0.0016969999999999971 -0.05830300000000001 0.0192
v -0.002262699999999997 -0.057737300000000005 0.0192
v -0.002217399999999997 -0.05908150000000001 0.0192
v -0.0029564999999999965 -0.058775400000000005 0.0192
v 0.006400000000000003 -0.0664 0.0208
v 0.006400000000000003 -0.037599999999999995 0.0208
v -0.006399999999999997 -0.037599999999999995 0.0208
v -0.006399999999999997 -0.0664 0.0208
v -0.006399999999999997 -0.037599999999999995 0.0208
v -0.006399999999999997 -0.037599999999999995 0.0192
v -0.006399999999999997 -0.0664 0.0192
v -0.006399999999999997 -0.0664 0.0208
v -0.006399999999999997 -0.0664 0.0208
v -0.006399999999999997 -0.0664 0.0192
v 0.006400000000000003 -0.0664 0.0192
v 0.006400000000000003 -0.0664 0.0208
v 0.006400000000000003 -0.0664 0.0208
v 0.006400000000000003 -0.0664 0.0192
v 0.006400000000000003 -0.037599999999999995 0.0192
v 0.006400000000000003 -0.037599999999999995 0.0208
v 0.006400000000000003 -0.037599999999999995 0.0208
v 0.006400000000000003 -0.037599999999999995 0.0192
v -0.006399999999999997 -0.037599999999999995 0.0192
v -0.006399999999999997 -0.037599999999999995 0.0208
v -0.007999999999999997 -0.068 0.0192
v -0.006399999999999997 -0.0664 0.0192
v -0.006399999999999997 -0.037599999999999995 0.0192
v -0.007999999999999997 -0.036000000000000004 0.0192
v 0.008000000000000004 -0.036000000000000004 0.0192
v 0.006400000000000003 -0.037599999999999995 0.0192
v 0.006400000000000003 -0.0664 0.0192
v 0.008000000000000004 -0.068 0.0192
v 0.008000000000000004 -0.068 0.0224
v 0.008000000000000004 -0.036000000000000004 0.0224
v -0.007999999999999997 -0.036000000000000004 0.0224
v -0.007999999999999997 -0.068 0.0224
v -0.007999999999999997 -0.036000000000000004 0.0224
v -0.007999999999999997 -0.036000000000000004 0.0192
v -0.007999999999999997 -0.068 0.0192
v -0.007999999999999997 -0.068 0.0224
v -0.007999999999999997 -0.068 0.0224
v -0.007999999999999997 -0.068 0.0192
v 0.008000000000000004 -0.068 0.0192
v 0.008000000000000004 -0.068 0.0224
v 0.008000000000000004 -0.068 0.0224
v 0.008000000000000004 -0.068 0.0192
v 0.008000000000000004 -0.036000000000000004 0.0192
v 0.008000000000000004 -0.036000000000000004 0.0224
v 0.008000000000000004 -0.036000000000000004 0.0224
v 0.008000000000000004 -0.036000000000000004 0.0192
v -0.007999999999999997 -0.036000000000000004 0.0192
v -0.007999999999999997 -0.036000000000000004 0.0224
v -0.003999999999999997 -0.037599999999999995 0.0224
v -0.004918499999999997 -0.0377826 0.0224
v -0.004918499999999997 -0.0377826 0.024
v -0.003999999999999997 -0.037599999999999995 0.024
v -0.005696999999999997 -0.038303000000000004 0.0224
v -0.005696999999999997 -0.038303000000000004 0.024
v -0.006217399999999996 -0.039081500000000005 0.0224
v -0.006217399999999996 -0.039081500000000005 0.024
v -0.006399999999999997 -0.039999999999999994 0.0224
v -0.006399999999999997 -0.039999999999999994 0.024
v -0.006217399999999996 -0.0409185 0.0224
v -0.006217399999999996 -0.0409185 0.024
v -0.005696999999999997 -0.041697 0.0224
v -0.005696999999999997 -0.041697 0.024
v -0.004918499999999997 -0.0422174 0.0224
v -0.004918499999999997 -0.0422174 0.024
v -0.003999999999999997 -0.04239999999999999 0.0224
v -0.003999999999999997 -0.04239999999999999 0.024
v -0.0030814999999999966 -0.0422174 0.0224
v -0.0030814999999999966 -0.0422174 0.024
v -0.002302999999999997 -0.041697 0.0224
v -0.002302999999999997 -0.041697 0.024
v -0.001782599999999997 -0.0409185 0.0224
v -0.001782599999999997 -0.0409185 0.024
v -0.0015999999999999964 -0.039999999999999994 0.0224
v -0.0015999999999999964 -0.039999999999999994 0.024
v -0.001782599999999997 -0.039081500000000005 0.0224
v -0.001782599999999997 -0.039081500000000005 0.024
v -0.002302999999999997 -0.038303000000000004 0.0224
v -0.002302999999999997 -0.038303000000000004 0.024
v -0.0030814999999999966 -0.0377826 0.0224
v -0.0030814999999999966 -0.0377826 0.024
v -0.004918499999999997 -0.0377826 0.024
v -0.003999999999999997 -0.037599999999999995 0.024
v -0.003999999999999997 -0.039999999999999994 0.024
v -0.005696999999999997 -0.038303000000000004 0.024
v -0.006217399999999996 -0.039081500000000005 0.024
v -0.006399999999999997 -0.039999999999999994 0.024
v -0.006217399999999996 -0.0409185 0.024
v -0.005696999999999997 -0.041697 0.024
v -0.004918499999999997 -0.0422174 0.024
v -0.003999999999999997 -0.04239999999999999 0.024
v -0.0030814999999999966 -0.0422174 0.024
v -0.002302999999999997 -0.041697 0.024
v -0.001782599999999997 -0.0409185 0.024
v -0.0015999999999999964 -0.039999999999999994 0.024
v -0.001782599999999997 -0.039081500000000005 0.024
v -0.002302999999999997 -0.038303000000000004 0.024
v -0.0030814999999999966 -0.0377826 0.024
v -0.003999999999999997 -0.0456 0.0224
v -0.004918499999999997 -0.04578260000000001 0.0224
v -0.004918499999999997 -0.04578260000000001 0.024
v -0.003999999999999997 -0.0456 0.024
v -0.005696999999999997 -0.046303 0.0224
v -0.005696999999999997 -0.046303 0.024
v -0.006217399999999996 -0.0470815 0.0224
v -0.006217399999999996 -0.0470815 0.024
v -0.006399999999999997 -0.048 0.0224
v -0.006399999999999997 -0.048 0.024
v -0.006217399999999996 -0.048918500000000004 0.0224
v -0.006217399999999996 -0.048918500000000004 0.024
v -0.005696999999999997 -0.049697000000000005 0.0224
v -0.005696999999999997 -0.049697000000000005 0.024
v -0.004918499999999997 -0.050217399999999995 0.0224
v -0.004918499999999997 -0.050217399999999995 0.024
v -0.003999999999999997 -0.0504 0.0224
v -0.003999999999999997 -0.0504 0.024
v -0.0030814999999999966 -0.050217399999999995 0.0224
v -0.0030814999999999966 -0.050217399999999995 0.024
v -0.002302999999999997 -0.049697000000000005 0.0224
v -0.002302999999999997 -0.049697000000000005 0.024
v -0.001782599999999997 -0.048918500000000004 0.0224
v -0.001782599999999997 -0.048918500000000004 0.024
v -0.0015999999999999964 -0.048 0.0224
v -0.0015999999999999964 -0.048 0.024
v -0.001782599999999997 -0.0470815 0.0224
v -0.001782599999999997 -0.0470815 0.024
v -0.002302999999999997 -0.046303 0.0224
v -0.002302999999999997 -0.046303 0.024
v -0.0030814999999999966 -0.04578260000000001 0.0224
v -0.0030814999999999966 -0.04578260000000001 0.024
v -0.004918499999999997 -0.04578260000000001 0.024
v -0.003999999999999997 -0.0456 0.024
v -0.003999999999999997 -0.048 0.024
v -0.005696999999999997 -0.046303 0.024
v -0.006217399999999996 -0.0470815 0.024
v -0.006399999999999997 -0.048 0.024
v -0.006217399999999996 -0.048918500000000004 0.024
v -0.005696999999999997 -0.049697000000000005 0.024
v -0.004918499999999997 -0.050217399999999995 0.024
v -0.003999999999999997 -0.0504 0.024
v -0.0030814999999999966 -0.050217399999999995 0.024
v -0.002302999999999997 -0.049697000000000005 0.024
v -0.001782599999999997 -0.048918500000000004 0.024
v -0.0015999999999999964 -0.048 0.024
v -0.001782599999999997 -0.0470815 0.024
v -0.002302999999999997 -0.046303 0.024
v -0.0030814999999999966 -0.04578260000000001 0.024
v -0.003999999999999997 -0.05360000000000001 0.0224
v -0.004918499999999997 -0.0537826 0.0224
v -0.004918499999999997 -0.0537826 0.024
v -0.003999999999999997 -0.05360000000000001 0.024
v -0.005696999999999997 -0.054303000000000004 0.0224
v -0.005696999999999997 -0.054303000000000004 0.024
v -0.006217399999999996 -0.055081500000000005 0.0224
v -0.006217399999999996 -0.055081500000000005 0.024
v -0.006399999999999997 -0.05600000000000001 0.0224
v -0.006399999999999997 -0.05600000000000001 0.024
v -0.006217399999999996 -0.0569185 0.0224
v -0.006217399999999996 -0.0569185 0.024
v -0.005696999999999997 -0.057697 0.0224
v -0.005696999999999997 -0.057697 0.024
v -0.004918499999999997 -0.0582173 0.0224
v -0.004918499999999997 -0.0582173 0.024
v -0.003999999999999997 -0.05840000000000001 0.0224
v -0.003999999999999997 -0.05840000000000001 0.024
v -0.0030814999999999966 -0.0582173 0.0224
v -0.0030814999999999966 -0.0582173 0.024
v -0.002302999999999997 -0.057697 0.0224
v -0.002302999999999997 -0.057697 0.024
v -0.001782599999999997 -0.0569185 0.0224
v -0.001782599999999997 -0.0569185 0.024
v -0.0015999999999999964 -0.05600000000000001 0.0224
v -0.0015999999999999964 -0.05600000000000001 0.024
v -0.001782599999999997 -0.055081500000000005 0.0224
v -0.001782599999999997 -0.055081500000000005 0.024
v -0.002302999999999997 -0.054303000000000004 0.0224
v -0.002302999999999997 -0.054303000000000004 0.024
v -0.0030814999999999966 -0.0537826 0.0224
v -0.0030814999999999966 -0.0537826 0.024
v -0.004918499999999997 -0.0537826 0.024
v -0.003999999999999997 -0.05360000000000001 0.024
v -0.003999999999999997 -0.05600000000000001 0.024
v -0.005696999999999997 -0.054303000000000004 0.024
v -0.006217399999999996 -0.055081500000000005 0.024
v -0.006399999999999997 -0.05600000000000001 0.024
v -0.006217399999999996 -0.0569185 0.024
v -0.005696999999999997 -0.057697 0.024
v -0.004918499999999997 -0.0582173 0.024
v -0.003999999999999997 -0.05840000000000001 0.024
v -0.0030814999999999966 -0.0582173 0.024
v -0.002302999999999997 -0.057697 0.024
v -0.001782599999999997 -0.0569185 0.024
v -0.0015999999999999964 -0.05600000000000001 0.024
v -0.001782599999999997 -0.055081500000000005 0.024
v -0.002302999999999997 -0.054303000000000004 0.024
v -0.0030814999999999966 -0.0537826 0.024
v -0.003999999999999997 -0.0616 0.0224
v -0.004918499999999997 -0.06178260000000001 0.0224
v -0.004918499999999997 -0.06178260000000001 0.024
v -0.003999999999999997 -0.0616 0.024
v -0.005696999999999997 -0.062303 0.0224
v -0.005696999999999997 -0.062303 0.024
v -0.006217399999999996 -0.0630815 0.0224
v -0.006217399999999996 -0.0630815 0.024
v -0.006399999999999997 -0.064 0.0224
v -0.006399999999999997 -0.064 0.024
v -0.006217399999999996 -0.0649185 0.0224
v -0.006217399999999996 -0.0649185 0.024
v -0.005696999999999997 -0.065697 0.0224
v -0.005696999999999997 -0.065697 0.024
v -0.004918499999999997 -0.0662173 0.0224
v -0.004918499999999997 -0.0662173 0.024
v -0.003999999999999997 -0.0664 0.0224
v -0.003999999999999997 -0.0664 0.024
v -0.0030814999999999966 -0.0662173 0.0224
v -0.0030814999999999966 -0.0662173 0.024
v -0.002302999999999997 -0.065697 0.0224
v -0.002302999999999997 -0.065697 0.024
v -0.001782599999999997 -0.0649185 0.0224
v -0.001782599999999997 -0.0649185 0.024
v -0.0015999999999999964 -0.064 0.0224
v -0.0015999999999999964 -0.064 0.024
v -0.001782599999999997 -0.0630815 0.0224
v -0.001782599999999997 -0.0630815 0.024
v -0.002302999999999997 -0.062303 0.0224
v -0.002302999999999997 -0.062303 0.024
v -0.0030814999999999966 -0.06178260000000001 0.0224
v -0.0030814999999999966 -0.06178260000000001 0.024
v -0.004918499999999997 -0.06178260000000001 0.024
v -0.003999999999999997 -0.0616 0.024
v -0.003999999999999997 -0.064 0.024
v -0.005696999999999997 -0.062303 0.024
v -0.006217399999999996 -0.0630815 0.024
v -0.006399999999999997 -0.064 0.024
v -0.006217399999999996 -0.0649185 0.024
v -0.005696999999999997 -0.065697 0.024
v -0.004918499999999997 -0.0662173 0.024
v -0.003999999999999997 -0.0664 0.024
v -0.0030814999999999966 -0.0662173 0.024
v -0.002302999999999997 -0.065697 0.024
v -0.001782599999999997 -0.0649185 0.024
v -0.0015999999999999964 -0.064 0.024
v -0.001782599999999997 -0.0630815 0.024
v -0.002302999999999997 -0.062303 0.024
v -0.0030814999999999966 -0.06178260000000001 0.024
v 0.0040000000000000036 -0.037599999999999995 0.0224
v 0.0030815000000000026 -0.0377826 0.0224
v 0.0030815000000000026 -0.0377826 0.024
v 0.0040000000000000036 -0.037599999999999995 0.024
v 0.002303000000000003 -0.038303000000000004 0.0224
v 0.002303000000000003 -0.038303000000000004 0.024
v 0.001782600000000004 -0.039081500000000005 0.0224
v 0.001782600000000004 -0.039081500000000005 0.024
v 0.0016000000000000025 -0.039999999999999994 0.0224
v 0.0016000000000000025 -0.039999999999999994 0.024
v 0.001782600000000004 -0.0409185 0.0224
v 0.001782600000000004 -0.0409185 0.024
v 0.002303000000000003 -0.041697 0.0224
v 0.002303000000000003 -0.041697 0.024
v 0.0030815000000000026 -0.0422174 0.0224
v 0.0030815000000000026 -0.0422174 0.024
v 0.0040000000000000036 -0.04239999999999999 0.0224
v 0.0040000000000000036 -0.04239999999999999 0.024
v 0.004918500000000003 -0.0422174 0.0224
v 0.004918500000000003 -0.0422174 0.024
v 0.005697000000000004 -0.041697 0.0224
v 0.005697000000000004 -0.041697 0.024
v 0.006217400000000003 -0.0409185 0.0224
v 0.006217400000000003 -0.0409185 0.024
v 0.006400000000000003 -0.039999999999999994 0.0224
v 0.006400000000000003 -0.039999999999999994 0.024
v 0.006217400000000003 -0.039081500000000005 0.0224
v 0.006217400000000003 -0.039081500000000005 0.024
v 0.005697000000000004 -0.038303000000000004 0.0224
v 0.005697000000000004 -0.038303000000000004 0.024
v 0.004918500000000003 -0.0377826 0.0224
v 0.004918500000000003 -0.0377826 0.024
v 0.0030815000000000026 -0.0377826 0.024
v 0.0040000000000000036 -0.037599999999999995 0.024
v 0.0040000000000000036 -0.039999999999999994 0.024
v 0.002303000000000003 -0.038303000000000004 0.024
v 0.001782600000000004 -0.039081500000000005 0.024
v 0.0016000000000000025 -0.039999999999999994 0.024
v 0.001782600000000004 -0.0409185 0.024
v 0.002303000000000003 -0.041697 0.024
v 0.0030815000000000026 -0.0422174 0.024
v 0.0040000000000000036 -0.04239999999999999 0.024
v 0.004918500000000003 -0.0422174 0.024
v 0.005697000000000004 -0.041697 0.024
v 0.006217400000000003 -0.0409185 0.024
v 0.006400000000000003 -0.039999999999999994 0.024
v 0.006217400000000003 -0.039081500000000005 0.024
v 0.005697000000000004 -0.038303000000000004 0.024
v 0.004918500000000003 -0.0377826 0.024
v 0.0040000000000000036 -0.0456 0.0224
v 0.0030815000000000026 -0.04578260000000001 0.0224
v 0.0030815000000000026 -0.04578260000000001 0.024
v 0.0040000000000000036 -0.0456 0.024
v 0.002303000000000003 -0.046303 0.0224
v 0.002303000000000003 -0.046303 0.024
v 0.001782600000000004 -0.0470815 0.0224
v 0.001782600000000004 -0.0470815 0.024
v 0.0016000000000000025 -0.048 0.0224
v 0.0016000000000000025 -0.048 0.024
v 0.001782600000000004 -0.048918500000000004 0.0224
v 0.001782600000000004 -0.048918500000000004 0.024
v 0.002303000000000003 -0.049697000000000005 0.0224
v 0.002303000000000003 -0.049697000000000005 0.024
v 0.0030815000000000026 -0.050217399999999995 0.0224
v 0.0030815000000000026 -0.050217399999999995 0.024
v 0.0040000000000000036 -0.0504 0.0224
v 0.0040000000000000036 -0.0504 0.024
v 0.004918500000000003 -0.050217399999999995 0.0224
v 0.004918500000000003 -0.050217399999999995 0.024
v 0.005697000000000004 -0.049697000000000005 0.0224
v 0.005697000000000004 -0.049697000000000005 0.024
v 0.006217400000000003 -0.048918500000000004 0.0224
v 0.006217400000000003 -0.048918500000000004 0.024
v 0.006400000000000003 -0.048 0.0224
v 0.006400000000000003 -0.048 0.024
v 0.006217400000000003 -0.0470815 0.0224
v 0.006217400000000003 -0.0470815 0.024
v 0.005697000000000004 -0.046303 0.0224
v 0.005697000000000004 -0.046303 0.024
v 0.004918500000000003 -0.04578260000000001 0.0224
v 0.004918500000000003 -0.04578260000000001 0.024
v 0.0030815000000000026 -0.04578260000000001 0.024
v 0.0040000000000000036 -0.0456 0.024
v 0.0040000000000000036 -0.048 0.024
v 0.002303000000000003 -0.046303 0.024
v 0.001782600000000004 -0.0470815 0.024
v 0.0016000000000000025 -0.048 0.024
v 0.001782600000000004 -0.048918500000000004 0.024
v 0.002303000000000003 -0.049697000000000005 0.024
v 0.0030815000000000026 -0.050217399999999995 0.024
v 0.0040000000000000036 -0.0504 0.024
v 0.004918500000000003 -0.050217399999999995 0.024
v 0.005697000000000004 -0.049697000000000005 0.024
v 0.006217400000000003 -0.048918500000000004 0.024
v 0.006400000000000003 -0.048 0.024
v 0.006217400000000003 -0.0470815 0.024
v 0.005697000000000004 -0.046303 0.024
v 0.004918500000000003 -0.04578260000000001 0.024
v 0.0040000000000000036 -0.05360000000000001 0.0224
v 0.0030815000000000026 -0.0537826 0.0224
v 0.0030815000000000026 -0.0537826 0.024
v 0.0040000000000000036 -0.05360000000000001 0.024
v 0.002303000000000003 -0.054303000000000004 0.0224
v 0.002303000000000003 -0.054303000000000004 0.024
v 0.001782600000000004 -0.055081500000000005 0.0224
v 0.001782600000000004 -0.055081500000000005 0.024
v 0.0016000000000000025 -0.05600000000000001 0.0224
v 0.0016000000000000025 -0.05600000000000001 0.024
v 0.001782600000000004 -0.0569185 0.0224
v 0.001782600000000004 -0.0569185 0.024
v 0.002303000000000003 -0.057697 0.0224
v 0.002303000000000003 -0.057697 0.024
v 0.0030815000000000026 -0.0582173 0.0224
v 0.0030815000000000026 -0.0582173 0.024
v 0.0040000000000000036 -0.05840000000000001 0.0224
v 0.0040000000000000036 -0.05840000000000001 0.024
v 0.004918500000000003 -0.0582173 0.0224
v 0.004918500000000003 -0.0582173 0.024
v 0.005697000000000004 -0.057697 0.0224
v 0.005697000000000004 -0.057697 0.024
v 0.006217400000000003 -0.0569185 0.0224
v 0.006217400000000003 -0.0569185 0.024
v 0.006400000000000003 -0.05600000000000001 0.0224
v 0.006400000000000003 -0.05600000000000001 0.024
v 0.006217400000000003 -0.055081500000000005 0.0224
v 0.006217400000000003 -0.055081500000000005 0.024
v 0.005697000000000004 -0.054303000000000004 0.0224
v 0.005697000000000004 -0.054303000000000004 0.024
v 0.004918500000000003 -0.0537826 0.0224
v 0.004918500000000003 -0.0537826 0.024
v 0.0030815000000000026 -0.0537826 0.024
v 0.0040000000000000036 -0.05360000000000001 0.024
v 0.0040000000000000036 -0.05600000000000001 0.024
v 0.002303000000000003 -0.054303000000000004 0.024
v 0.001782600000000004 -0.055081500000000005 0.024
v 0.0016000000000000025 -0.05600000000000001 0.024
v 0.001782600000000004 -0.0569185 0.024
v 0.002303000000000003 -0.057697 0.024
v 0.0030815000000000026 -0.0582173 0.024
v 0.0040000000000000036 -0.05840000000000001 0.024
v 0.004918500000000003 -0.0582173 0.024
v 0.005697000000000004 -0.057697 0.024
v 0.006217400000000003 -0.0569185 0.024
v 0.006400000000000003 -0.05600000000000001 0.024
v 0.006217400000000003 -0.055081500000000005 0.024
v 0.005697000000000004 -0.054303000000000004 0.024
v 0.004918500000000003 -0.0537826 0.024
v 0.0040000000000000036 -0.0616 0.0224
v 0.0030815000000000026 -0.06178260000000001 0.0224
v 0.0030815000000000026 -0.06178260000000001 0.024
v 0.0040000000000000036 -0.0616 0.024
v 0.002303000000000003 -0.062303 0.0224
v 0.002303000000000003 -0.062303 0.024
v 0.001782600000000004 -0.0630815 0.0224
v 0.001782600000000004 -0.0630815 0.024
v 0.0016000000000000025 -0.064 0.0224
v 0.0016000000000000025 -0.064 0.024
v 0.001782600000000004 -0.0649185 0.0224
v 0.001782600000000004 -0.0649185 0.024
v 0.002303000000000003 -0.065697 0.0224
v 0.002303000000000003 -0.065697 0.024
v 0.0030815000000000026 -0.0662173 0.0224
v 0.0030815000000000026 -0.0662173 0.024
v 0.0040000000000000036 -0.0664 0.0224
v 0.0040000000000000036 -0.0664 0.024
v 0.004918500000000003 -0.0662173 0.0224
v 0.004918500000000003 -0.0662173 0.024
v 0.005697000000000004 -0.065697 0.0224
v 0.005697000000000004 -0.065697 0.024
v 0.006217400000000003 -0.0649185 0.0224
v 0.006217400000000003 -0.0649185 0.024
v 0.006400000000000003 -0.064 0.0224
v 0.006400000000000003 -0.064 0.024
v 0.006217400000000003 -0.0630815 0.0224
v 0.006217400000000003 -0.0630815 0.024
v 0.005697000000000004 -0.062303 0.0224
v 0.005697000000000004 -0.062303 0.024
v 0.004918500000000003 -0.06178260000000001 0.0224
v 0.004918500000000003 -0.06178260000000001 0.024
v 0.0030815000000000026 -0.06178260000000001 0.024
v 0.0040000000000000036 -0.0616 0.024
v 0.0040000000000000036 -0.064 0.024
v 0.002303000000000003 -0.062303 0.024
v 0.001782600000000004 -0.0630815 0.024
v 0.0016000000000000025 -0.064 0.024
v 0.001782600000000004 -0.0649185 0.024
v 0.002303000000000003 -0.065697 0.024
v 0.0030815000000000026 -0.0662173 0.024
v 0.0040000000000000036 -0.0664 0.024
v 0.004918500000000003 -0.0662173 0.024
v 0.005697000000000004 -0.065697 0.024
v 0.006217400000000003 -0.0649185 0.024
v 0.006400000000000003 -0.064 0.024
v 0.006217400000000003 -0.0630815 0.024
v 0.005697000000000004 -0.062303 0.024
v 0.004918500000000003 -0.06178260000000001 0.024
v 0.002400000000000003 -0.06 0.0224
v 0.002217400000000003 -0.05908150000000001 0.0224
v 0.002217400000000003 -0.05908150000000001 0.024
v 0.002400000000000003 -0.06 0.024
v 0.001697000000000004 -0.05830300000000001 0.0224
v 0.001697000000000004 -0.05830300000000001 0.024
v 0.0009185000000000026 -0.0577826 0.0224
v 0.0009185000000000026 -0.0577826 0.024
v 3.469446951953614e-18 -0.0576 0.0224
v 3.469446951953614e-18 -0.0576 0.024
v -0.0009184999999999966 -0.0577826 0.0224
v -0.0009184999999999966 -0.0577826 0.024
v -0.0016969999999999971 -0.05830300000000001 0.0224
v -0.0016969999999999971 -0.05830300000000001 0.024
v -0.002217399999999997 -0.05908150000000001 0.0224
v -0.002217399999999997 -0.05908150000000001 0.024
v -0.0023999999999999968 -0.06 0.0224
v -0.0023999999999999968 -0.06 0.024
v -0.002217399999999997 -0.0609185 0.0224
v -0.002217399999999997 -0.0609185 0.024
v -0.0016969999999999971 -0.061697 0.0224
v -0.0016969999999999971 -0.061697 0.024
v -0.0009184999999999966 -0.0622173 0.0224
v -0.0009184999999999966 -0.0622173 0.024
v 3.469446951953614e-18 -0.0624 0.0224
v 3.469446951953614e-18 -0.0624 0.024
v 0.0009185000000000026 -0.0622173 0.0224
v 0.0009185000000000026 -0.0622173 0.024
v 0.001697000000000004 -0.061697 0.0224
v 0.001697000000000004 -0.061697 0.024
v 0.002217400000000003 -0.0609185 0.0224
v 0.002217400000000003 -0.0609185 0.024
v 0.003200000000000003 -0.06 0.0224
v 0.0029565000000000025 -0.058775400000000005 0.0224
v 0.0029565000000000025 -0.058775400000000005 0.024
v 0.003200000000000003 -0.06 0.024
v 0.002262700000000003 -0.057737300000000005 0.0224
v 0.002262700000000003 -0.057737300000000005 0.024
v 0.0012246000000000028 -0.0570435 0.0224
v 0.0012246000000000028 -0.0570435 0.024
v 3.469446951953614e-18 -0.0568 0.0224
v 3.469446951953614e-18 -0.0568 0.024
v -0.0012245999999999967 -0.0570435 0.0224
v -0.0012245999999999967 -0.0570435 0.024
v -0.002262699999999997 -0.057737300000000005 0.0224
v -0.002262699999999997 -0.057737300000000005 0.024
v -0.0029564999999999965 -0.058775400000000005 0.0224
v -0.0029564999999999965 -0.058775400000000005 0.024
v -0.003199999999999997 -0.06 0.0224
v -0.003199999999999997 -0.06 0.024
v -0.0029564999999999965 -0.061224600000000004 0.0224
v -0.0029564999999999965 -0.061224600000000004 0.024
v -0.002262699999999997 -0.062262700000000004 0.0224
v -0.002262699999999997 -0.062262700000000004 0.024
v -0.0012245999999999967 -0.0629565 0.0224
v -0.0012245999999999967 -0.0629565 0.024
v 3.469446951953614e-18 -0.0632 0.0224
v 3.469446951953614e-18 -0.0632 0.024
v 0.0012246000000000028 -0.0629565 0.0224
v 0.0012246000000000028 -0.0629565 0.024
v 0.002262700000000003 -0.062262700000000004 0.0224
v 0.002262700000000003 -0.062262700000000004 0.024
v 0.0029565000000000025 -0.061224600000000004 0.0224
v 0.0029565000000000025 -0.061224600000000004 0.024
v 3.469446951953614e-18 -0.0568 0.0224
v 3.469446951953614e-18 -0.0576 0.0224
v -0.0009184999999999966 -0.0577826 0.0224
v -0.0012245999999999967 -0.0570435 0.0224
v -0.0016969999999999971 -0.05830300000000001 0.0224
v -0.002262699999999997 -0.057737300000000005 0.0224
v -0.002217399999999997 -0.05908150000000001 0.0224
v -0.0029564999999999965 -0.058775400000000005 0.0224
v -0.0023999999999999968 -0.06 0.0224
v -0.003199999999999997 -0.06 0.0224
v -0.002217399999999997 -0.0609185 0.0224
v -0.0029564999999999965 -0.061224600000000004 0.0224
v -0.0016969999999999971 -0.061697 0.0224
v -0.002262699999999997 -0.062262700000000004 0.0224
v -0.0009184999999999966 -0.0622173 0.0224
v -0.0012245999999999967 -0.0629565 0.0224
v 3.469446951953614e-18 -0.0624 0.0224
v 3.469446951953614e-18 -0.0632 0.0224
v 0.0009185000000000026 -0.0622173 0.0224
v 0.0012246000000000028 -0.0629565 0.0224
v 0.001697000000000004 -0.061697 0.0224
v 0.002262700000000003 -0.062262700000000004 0.0224
v 0.002217400000000003 -0.0609185 0.0224
v 0.0029565000000000025 -0.061224600000000004 0.0224
v 0.002400000000000003 -0.06 0.0224
v 0.003200000000000003 -0.06 0.0224
v 0.002217400000000003 -0.05908150000000001 0.0224
v 0.0029565000000000025 -0.058775400000000005 0.0224
v 0.001697000000000004 -0.05830300000000001 0.0224
v 0.002262700000000003 -0.057737300000000005 0.0224
v 0.0009185000000000026 -0.0577826 0.0224
v 0.0012246000000000028 -0.0570435 0.0224
v 3.469446951953614e-18 -0.0624 0.028
v 0.0009185000000000026 -0.0622173 0.028
v 0.0009185000000000026 -0.0622173 0.0281826
v 0.001697000000000004 -0.061697 0.028
v 0.001697000000000004 -0.061697 0.028703
v 0.002217400000000003 -0.0609185 0.028
v 0.002217400000000003 -0.0609185 0.0294815
v 0.002400000000000003 -0.06 0.028
v 0.002400000000000003 -0.06 0.0304
v -0.0009184999999999966 -0.0622173 0.028
v -0.0009184999999999966 -0.0622173 0.0281826
v -0.0016969999999999971 -0.061697 0.028
v -0.0016969999999999971 -0.061697 0.028703
v -0.002217399999999997 -0.0609185 0.028
v -0.002217399999999997 -0.0609185 0.0294815
v -0.0023999999999999968 -0.06 0.028
v -0.0023999999999999968 -0.06 0.0304
v 0.002217400000000003 -0.05908150000000001 0.0304
v 0.001697000000000004 -0.05830300000000001 0.0304
v 0.0009185000000000026 -0.0577826 0.0304
v 3.469446951953614e-18 -0.0576 0.0304
v -0.0009184999999999966 -0.0577826 0.0304
v -0.0016969999999999971 -0.05830300000000001 0.0304
v -0.002217399999999997 -0.05908150000000001 0.0304
v 3.469446951953614e-18 -0.0632 0.0272
v 0.0012246000000000028 -0.0629565 0.0272
v 0.0012246000000000028 -0.0629565 0.0274435
v 0.002262700000000003 -0.062262700000000004 0.0272
v 0.002262700000000003 -0.062262700000000004 0.0281373
v 0.0029565000000000025 -0.061224600000000004 0.0272
v 0.0029565000000000025 -0.061224600000000004 0.0291754
v 0.003200000000000003 -0.06 0.0272
v 0.003200000000000003 -0.06 0.0304
v -0.0012245999999999967 -0.0629565 0.0272
v -0.0012245999999999967 -0.0629565 0.0274435
v -0.002262699999999997 -0.062262700000000004 0.0272
v -0.002262699999999997 -0.062262700000000004 0.0281373
v -0.0029564999999999965 -0.061224600000000004 0.0272
v -0.0029564999999999965 -0.061224600000000004 0.0291754
v -0.003199999999999997 -0.06 0.0272
v -0.003199999999999997 -0.06 0.0304
v 0.0029565000000000025 -0.058775400000000005 0.0304
v 0.002262700000000003 -0.057737300000000005 0.0304
v 0.0012246000000000028 -0.0570435 0.0304
v 3.469446951953614e-18 -0.0568 0.0304
v -0.0012245999999999967 -0.0570435 0.0304
v -0.002262699999999997 -0.057737300000000005 0.0304
v -0.0029564999999999965 -0.058775400000000005 0.0304
v -0.007999999999999997 -0.052000000000000005 0.0224
v -0.006399999999999997 -0.05360000000000001 0.0224
v 0.006400000000000003 -0.05360000000000001 0.0224
v 0.008000000000000004 -0.052000000000000005 0.0224
v -0.007999999999999997 -0.068 0.0224
v -0.006399999999999997 -0.0664 0.0224
v 0.008000000000000004 -0.068 0.0224
v 0.006400000000000003 -0.0664 0.0224
v -0.006399999999999997 -0.05360000000000001 0.0304
v -0.006399999999999997 -0.06 0.0304
v 0.006400000000000003 -0.06 0.0304
v 0.006400000000000003 -0.05360000000000001 0.0304
v -0.007999999999999997 -0.06 0.032
v -0.007999999999999997 -0.052000000000000005 0.032
v 0.008000000000000004 -0.052000000000000005 0.032
v 0.008000000000000004 -0.06 0.032
v 0.008000000000000004 -0.052000000000000005 0.0224
v 0.008000000000000004 -0.052000000000000005 0.032
v -0.007999999999999997 -0.052000000000000005 0.032
v -0.007999999999999997 -0.052000000000000005 0.0224
v -0.006399999999999997 -0.05360000000000001 0.0224
v -0.006399999999999997 -0.05360000000000001 0.0304
v 0.006400000000000003 -0.05360000000000001 0.0304
v 0.006400000000000003 -0.05360000000000001 0.0224
v 0.006400000000000003 -0.0664 0.0224
v 0.006400000000000003 -0.0664 0.024
v -0.006399999999999997 -0.0664 0.024
v -0.006399999999999997 -0.0664 0.0224
v -0.007999999999999997 -0.068 0.0224
v -0.007999999999999997 -0.068 0.024
v 0.008000000000000004 -0.068 0.024
v 0.008000000000000004 -0.068 0.0224
v 0.008000000000000004 -0.068 0.0224
v 0.008000000000000004 -0.068 0.024
v 0.008000000000000004 -0.052000000000000005 0.032
v 0.008000000000000004 -0.052000000000000005 0.0224
v 0.008000000000000004 -0.06 0.032
v 0.006400000000000003 -0.0664 0.0224
v 0.006400000000000003 -0.05360000000000001 0.0224
v 0.006400000000000003 -0.05360000000000001 0.0304
v 0.006400000000000003 -0.0664 0.024
v 0.006400000000000003 -0.06 0.0304
v -0.006399999999999997 -0.0664 0.0224
v -0.006399999999999997 -0.0664 0.024
v -0.006399999999999997 -0.05360000000000001 0.0304
v -0.006399999999999997 -0.05360000000000001 0.0224
v -0.006399999999999997 -0.06 0.0304
v -0.007999999999999997 -0.068 0.0224
v -0.007999999999999997 -0.052000000000000005 0.0224
v -0.007999999999999997 -0.052000000000000005 0.032
v -0.007999999999999997 -0.068 0.024
v -0.007999999999999997 -0.06 0.032
v 0.006400000000000003 -0.06 0.0304
v -0.006399999999999997 -0.06 0.0304
v -0.006399999999999997 -0.0664 0.024
v 0.006400000000000003 -0.0664 0.024
v -0.0015999999999999964 -0.05600000000000001 0.032
v -0.001782599999999997 -0.055081500000000005 0.032
v -0.001782599999999997 -0.055081500000000005 0.0336
v -0.0015999999999999964 -0.05600000000000001 0.0336
v -0.002302999999999997 -0.054303000000000004 0.032
v -0.002302999999999997 -0.054303000000000004 0.0336
v -0.0030814999999999966 -0.0537826 0.032
v -0.0030814999999999966 -0.0537826 0.0336
v -0.003999999999999997 -0.05360000000000001 0.032
v -0.003999999999999997 -0.05360000000000001 0.0336
v -0.004918499999999997 -0.0537826 0.032
v -0.004918499999999997 -0.0537826 0.0336
v -0.005696999999999997 -0.054303000000000004 0.032
v -0.005696999999999997 -0.054303000000000004 0.0336
v -0.006217399999999996 -0.055081500000000005 0.032
v -0.006217399999999996 -0.055081500000000005 0.0336
v -0.006399999999999997 -0.05600000000000001 0.032
v -0.006399999999999997 -0.05600000000000001 0.0336
v -0.006217399999999996 -0.0569185 0.032
v -0.006217399999999996 -0.0569185 0.0336
v -0.005696999999999997 -0.057697 0.032
v -0.005696999999999997 -0.057697 0.0336
v -0.004918499999999997 -0.0582173 0.032
v -0.004918499999999997 -0.0582173 0.0336
v -0.003999999999999997 -0.05840000000000001 0.032
v -0.003999999999999997 -0.05840000000000001 0.0336
v -0.0030814999999999966 -0.0582173 0.032
v -0.0030814999999999966 -0.0582173 0.0336
v -0.002302999999999997 -0.057697 0.032
v -0.002302999999999997 -0.057697 0.0336
v -0.001782599999999997 -0.0569185 0.032
v -0.001782599999999997 -0.0569185 0.0336
v -0.001782599999999997 -0.055081500000000005 0.0336
v -0.0015999999999999964 -0.05600000000000001 0.0336
v -0.003999999999999997 -0.05600000000000001 0.0336
v -0.002302999999999997 -0.054303000000000004 0.0336
v -0.0030814999999999966 -0.0537826 0.0336
v -0.003999999999999997 -0.05360000000000001 0.0336
v -0.004918499999999997 -0.0537826 0.0336
v -0.005696999999999997 -0.054303000000000004 0.0336
v -0.006217399999999996 -0.055081500000000005 0.0336
v -0.006399999999999997 -0.05600000000000001 0.0336
v -0.006217399999999996 -0.0569185 0.0336
v -0.005696999999999997 -0.057697 0.0336
v -0.004918499999999997 -0.0582173 0.0336
v -0.003999999999999997 -0.05840000000000001 0.0336
v -0.0030814999999999966 -0.0582173 0.0336
v -0.002302999999999997 -0.057697 0.0336
v -0.001782599999999997 -0.0569185 0.0336
v 0.006400000000000003 -0.05600000000000001 0.032
v 0.006217400000000003 -0.055081500000000005 0.032
v 0.006217400000000003 -0.055081500000000005 0.0336
v 0.006400000000000003 -0.05600000000000001 0.0336
v 0.005697000000000004 -0.054303000000000004 0.032
v 0.005697000000000004 -0.054303000000000004 0.0336
v 0.004918500000000003 -0.0537826 0.032
v 0.004918500000000003 -0.0537826 0.0336
v 0.0040000000000000036 -0.05360000000000001 0.032
v 0.0040000000000000036 -0.05360000000000001 0.0336
v 0.0030815000000000026 -0.0537826 0.032
v 0.0030815000000000026 -0.0537826 0.0336
v 0.002303000000000003 -0.054303000000000004 0.032
v 0.002303000000000003 -0.054303000000000004 0.0336
v 0.001782600000000004 -0.055081500000000005 0.032
v 0.001782600000000004 -0.055081500000000005 0.0336
v 0.0016000000000000025 -0.05600000000000001 0.032
v 0.0016000000000000025 -0.05600000000000001 0.0336
v 0.001782600000000004 -0.0569185 0.032
v 0.001782600000000004 -0.0569185 0.0336
v 0.002303000000000003 -0.057697 0.032
v 0.002303000000000003 -0.057697 0.0336
v 0.0030815000000000026 -0.0582173 0.032
v 0.0030815000000000026 -0.0582173 0.0336
v 0.0040000000000000036 -0.05840000000000001 0.032
v 0.0040000000000000036 -0.05840000000000001 0.0336
v 0.004918500000000003 -0.0582173 0.032
v 0.004918500000000003 -0.0582173 0.0336
v 0.005697000000000004 -0.057697 0.032
v 0.005697000000000004 -0.057697 0.0336
v 0.006217400000000003 -0.0569185 0.032
v 0.006217400000000003 -0.0569185 0.0336
v 0.006217400000000003 -0.055081500000000005 0.0336
v 0.006400000000000003 -0.05600000000000001 0.0336
v 0.0040000000000000036 -0.05600000000000001 0.0336
v 0.005697000000000004 -0.054303000000000004 0.0336
v 0.004918500000000003 -0.0537826 0.0336
v 0.0040000000000000036 -0.05360000000000001 0.0336
v 0.0030815000000000026 -0.0537826 0.0336
v 0.002303000000000003 -0.054303000000000004 0.0336
v 0.001782600000000004 -0.055081500000000005 0.0336
v 0.0016000000000000025 -0.05600000000000001 0.0336
v 0.001782600000000004 -0.0569185 0.0336
v 0.002303000000000003 -0.057697 0.0336
v 0.0030815000000000026 -0.0582173 0.0336
v 0.0040000000000000036 -0.05840000000000001 0.0336
v 0.004918500000000003 -0.0582173 0.0336
v 0.005697000000000004 -0.057697 0.0336
v 0.006217400000000003 -0.0569185 0.0336
v -0.007999999999999997 -0.068 0.024
v -0.007999999999999997 -0.06 0.032
v 0.008000000000000004 -0.06 0.032
v 0.008000000000000004 -0.068 0.024
v -0.0174782 -0.05661240000000001 0.032
v -0.017599999999999998 -0.05600000000000001 0.032
v -0.015999999999999997 -0.05600000000000001 0.032
v -0.017131399999999998 -0.0571314 0.032
v -0.016612299999999997 -0.05747830000000001 0.032
v -0.015999999999999997 -0.0576 0.032
v -0.015387699999999997 -0.05747830000000001 0.032
v -0.014868599999999996 -0.0571314 0.032
v -0.014521799999999998 -0.05661240000000001 0.032
v -0.014399999999999996 -0.05600000000000001 0.032
v -0.014521799999999998 -0.0553877 0.032
v -0.014868599999999996 -0.054868700000000006 0.032
v -0.015387699999999997 -0.05452180000000001 0.032
v -0.015999999999999997 -0.054400000000000004 0.032
v -0.016612299999999997 -0.05452180000000001 0.032
v -0.017131399999999998 -0.054868700000000006 0.032
v -0.0174782 -0.0553877 0.032
v -0.017599999999999998 -0.05600000000000001 0.032
v -0.0174782 -0.05661240000000001 0.032
v -0.0174782 -0.05661240000000001 0.0336
v -0.017599999999999998 -0.05600000000000001 0.0336
v -0.017131399999999998 -0.0571314 0.032
v -0.017131399999999998 -0.0571314 0.0336
v -0.016612299999999997 -0.05747830000000001 0.032
v -0.016612299999999997 -0.05747830000000001 0.0336
v -0.015999999999999997 -0.0576 0.032
v -0.015999999999999997 -0.0576 0.0336
v -0.015387699999999997 -0.05747830000000001 0.032
v -0.015387699999999997 -0.05747830000000001 0.0336
v -0.014868599999999996 -0.0571314 0.032
v -0.014868599999999996 -0.0571314 0.0336
v -0.014521799999999998 -0.05661240000000001 0.032
v -0.014521799999999998 -0.05661240000000001 0.0336
v -0.014399999999999996 -0.05600000000000001 0.032
v -0.014399999999999996 -0.05600000000000001 0.0336
v -0.014521799999999998 -0.0553877 0.032
v -0.014521799999999998 -0.0553877 0.0336
v -0.014868599999999996 -0.054868700000000006 0.032
v -0.014868599999999996 -0.054868700000000006 0.0336
v -0.015387699999999997 -0.05452180000000001 0.032
v -0.015387699999999997 -0.05452180000000001 0.0336
v -0.015999999999999997 -0.054400000000000004 0.032
v -0.015999999999999997 -0.054400000000000004 0.0336
v -0.016612299999999997 -0.05452180000000001 0.032
v -0.016612299999999997 -0.05452180000000001 0.0336
v -0.017131399999999998 -0.054868700000000006 0.032
v -0.017131399999999998 -0.054868700000000006 0.0336
v -0.0174782 -0.0553877 0.032
v -0.0174782 -0.0553877 0.0336
v -0.009478199999999997 -0.05661240000000001 0.032
v -0.009599999999999997 -0.05600000000000001 0.032
v -0.007999999999999997 -0.05600000000000001 0.032
v -0.009131399999999996 -0.0571314 0.032
v -0.008612299999999996 -0.05747830000000001 0.032
v -0.007999999999999997 -0.0576 0.032
v -0.007387699999999997 -0.05747830000000001 0.032
v -0.006868599999999996 -0.0571314 0.032
v -0.006521799999999997 -0.05661240000000001 0.032
v -0.006399999999999997 -0.05600000000000001 0.032
v -0.006521799999999997 -0.0553877 0.032
v -0.006868599999999996 -0.054868700000000006 0.032
v -0.007387699999999997 -0.05452180000000001 0.032
v -0.007999999999999997 -0.054400000000000004 0.032
v -0.008612299999999996 -0.05452180000000001 0.032
v -0.009131399999999996 -0.054868700000000006 0.032
v -0.009478199999999997 -0.0553877 0.032
v -0.009599999999999997 -0.05600000000000001 0.032
v -0.009478199999999997 -0.05661240000000001 0.032
v -0.009478199999999997 -0.05661240000000001 0.0336
v -0.009599999999999997 -0.05600000000000001 0.0336
v -0.009131399999999996 -0.0571314 0.032
v -0.009131399999999996 -0.0571314 0.0336
v -0.008612299999999996 -0.05747830000000001 0.032
v -0.008612299999999996 -0.05747830000000001 0.0336
v -0.007999999999999997 -0.0576 0.032
v -0.007999999999999997 -0.0576 0.0336
v -0.007387699999999997 -0.05747830000000001 0.032
v -0.007387699999999997 -0.05747830000000001 0.0336
v -0.006868599999999996 -0.0571314 0.032
v -0.006868599999999996 -0.0571314 0.0336
v -0.006521799999999997 -0.05661240000000001 0.032
v -0.006521799999999997 -0.05661240000000001 0.0336
v -0.006399999999999997 -0.05600000000000001 0.032
v -0.006399999999999997 -0.05600000000000001 0.0336
v -0.006521799999999997 -0.0553877 0.032
v -0.006521799999999997 -0.0553877 0.0336
v -0.006868599999999996 -0.054868700000000006 0.032
v -0.006868599999999996 -0.054868700000000006 0.0336
v -0.007387699999999997 -0.05452180000000001 0.032
v -0.007387699999999997 -0.05452180000000001 0.0336
v -0.007999999999999997 -0.054400000000000004 0.032
v -0.007999999999999997 -0.054400000000000004 0.0336
v -0.008612299999999996 -0.05452180000000001 0.032
v -0.008612299999999996 -0.05452180000000001 0.0336
v -0.009131399999999996 -0.054868700000000006 0.032
v -0.009131399999999996 -0.054868700000000006 0.0336
v -0.009478199999999997 -0.0553877 0.032
v -0.009478199999999997 -0.0553877 0.0336
v -0.0014781999999999964 -0.05661240000000001 0.032
v -0.0015999999999999964 -0.05600000000000001 0.032
v 3.469446951953614e-18 -0.05600000000000001 0.032
v -0.0011313999999999968 -0.0571314 0.032
v -0.000612299999999997 -0.05747830000000001 0.032
v 3.469446951953614e-18 -0.0576 0.032
v 0.0006123000000000031 -0.05747830000000001 0.032
v 0.0011314000000000029 -0.0571314 0.032
v 0.0014782000000000042 -0.05661240000000001 0.032
v 0.0016000000000000025 -0.05600000000000001 0.032
v 0.0014782000000000042 -0.0553877 0.032
v 0.0011314000000000029 -0.054868700000000006 0.032
v 0.0006123000000000031 -0.05452180000000001 0.032
v 3.469446951953614e-18 -0.054400000000000004 0.032
v -0.000612299999999997 -0.05452180000000001 0.032
v -0.0011313999999999968 -0.054868700000000006 0.032
v -0.0014781999999999964 -0.0553877 0.032
v -0.0015999999999999964 -0.05600000000000001 0.032
v -0.0014781999999999964 -0.05661240000000001 0.032
v -0.0014781999999999964 -0.05661240000000001 0.0336
v -0.0015999999999999964 -0.05600000000000001 0.0336
v -0.0011313999999999968 -0.0571314 0.032
v -0.0011313999999999968 -0.0571314 0.0336
v -0.000612299999999997 -0.05747830000000001 0.032
v -0.000612299999999997 -0.05747830000000001 0.0336
v 3.469446951953614e-18 -0.0576 0.032
v 3.469446951953614e-18 -0.0576 0.0336
v 0.0006123000000000031 -0.05747830000000001 0.032
v 0.0006123000000000031 -0.05747830000000001 0.0336
v 0.0011314000000000029 -0.0571314 0.032
v 0.0011314000000000029 -0.0571314 0.0336
v 0.0014782000000000042 -0.05661240000000001 0.032
v 0.0014782000000000042 -0.05661240000000001 0.0336
v 0.0016000000000000025 -0.05600000000000001 0.032
v 0.0016000000000000025 -0.05600000000000001 0.0336
v 0.0014782000000000042 -0.0553877 0.032
v 0.0014782000000000042 -0.0553877 0.0336
v 0.0011314000000000029 -0.054868700000000006 0.032
v 0.0011314000000000029 -0.054868700000000006 0.0336
v 0.0006123000000000031 -0.05452180000000001 0.032
v 0.0006123000000000031 -0.05452180000000001 0.0336
v 3.469446951953614e-18 -0.054400000000000004 0.032
v 3.469446951953614e-18 -0.054400000000000004 0.0336
v -0.000612299999999997 -0.05452180000000001 0.032
v -0.000612299999999997 -0.05452180000000001 0.0336
v -0.0011313999999999968 -0.054868700000000006 0.032
v -0.0011313999999999968 -0.054868700000000006 0.0336
v -0.0014781999999999964 -0.0553877 0.032
v -0.0014781999999999964 -0.0553877 0.0336
v 0.006521800000000003 -0.05661240000000001 0.032
v 0.006400000000000003 -0.05600000000000001 0.032
v 0.008000000000000004 -0.05600000000000001 0.032
v 0.0068686000000000025 -0.0571314 0.032
v 0.007387700000000004 -0.05747830000000001 0.032
v 0.008000000000000004 -0.0576 0.032
v 0.008612300000000003 -0.05747830000000001 0.032
v 0.009131400000000005 -0.0571314 0.032
v 0.009478200000000003 -0.05661240000000001 0.032
v 0.009600000000000004 -0.05600000000000001 0.032
v 0.009478200000000003 -0.0553877 0.032
v 0.009131400000000005 -0.054868700000000006 0.032
v 0.008612300000000003 -0.05452180000000001 0.032
v 0.008000000000000004 -0.054400000000000004 0.032
v 0.007387700000000004 -0.05452180000000001 0.032
v 0.0068686000000000025 -0.054868700000000006 0.032
v 0.006521800000000003 -0.0553877 0.032
v 0.006400000000000003 -0.05600000000000001 0.032
v 0.006521800000000003 -0.05661240000000001 0.032
v 0.006521800000000003 -0.05661240000000001 0.0336
v 0.006400000000000003 -0.05600000000000001 0.0336
v 0.0068686000000000025 -0.0571314 0.032
v 0.0068686000000000025 -0.0571314 0.0336
v 0.007387700000000004 -0.05747830000000001 0.032
v 0.007387700000000004 -0.05747830000000001 0.0336
v 0.008000000000000004 -0.0576 0.032
v 0.008000000000000004 -0.0576 0.0336
v 0.008612300000000003 -0.05747830000000001 0.032
v 0.008612300000000003 -0.05747830000000001 0.0336
v 0.009131400000000005 -0.0571314 0.032
v 0.009131400000000005 -0.0571314 0.0336
v 0.009478200000000003 -0.05661240000000001 0.032
v 0.009478200000000003 -0.05661240000000001 0.0336
v 0.009600000000000004 -0.05600000000000001 0.032
v 0.009600000000000004 -0.05600000000000001 0.0336
v 0.009478200000000003 -0.0553877 0.032
v 0.009478200000000003 -0.0553877 0.0336
v 0.009131400000000005 -0.054868700000000006 0.032
v 0.009131400000000005 -0.054868700000000006 0.0336
v 0.008612300000000003 -0.05452180000000001 0.032
v 0.008612300000000003 -0.05452180000000001 0.0336
v 0.008000000000000004 -0.054400000000000004 0.032
v 0.008000000000000004 -0.054400000000000004 0.0336
v 0.007387700000000004 -0.05452180000000001 0.032
v 0.007387700000000004 -0.05452180000000001 0.0336
v 0.0068686000000000025 -0.054868700000000006 0.032
v 0.0068686000000000025 -0.054868700000000006 0.0336
v 0.006521800000000003 -0.0553877 0.032
v 0.006521800000000003 -0.0553877 0.0336
v 0.014521800000000005 -0.05661240000000001 0.032
v 0.014400000000000003 -0.05600000000000001 0.032
v 0.016000000000000004 -0.05600000000000001 0.032
v 0.014868600000000003 -0.0571314 0.032
v 0.015387700000000004 -0.05747830000000001 0.032
v 0.016000000000000004 -0.0576 0.032
v 0.016612300000000003 -0.05747830000000001 0.032
v 0.017131400000000005 -0.0571314 0.032
v 0.017478200000000003 -0.05661240000000001 0.032
v 0.017600000000000005 -0.05600000000000001 0.032
v 0.017478200000000003 -0.0553877 0.032
v 0.017131400000000005 -0.054868700000000006 0.032
v 0.016612300000000003 -0.05452180000000001 0.032
v 0.016000000000000004 -0.054400000000000004 0.032
v 0.015387700000000004 -0.05452180000000001 0.032
v 0.014868600000000003 -0.054868700000000006 0.032
v 0.014521800000000005 -0.0553877 0.032
v 0.014400000000000003 -0.05600000000000001 0.032
v 0.014521800000000005 -0.05661240000000001 0.032
v 0.014521800000000005 -0.05661240000000001 0.0336
v 0.014400000000000003 -0.05600000000000001 0.0336
v 0.014868600000000003 -0.0571314 0.032
v 0.014868600000000003 -0.0571314 0.0336
v 0.015387700000000004 -0.05747830000000001 0.032
v 0.015387700000000004 -0.05747830000000001 0.0336
v 0.016000000000000004 -0.0576 0.032
v 0.016000000000000004 -0.0576 0.0336
v 0.016612300000000003 -0.05747830000000001 0.032
v 0.016612300000000003 -0.05747830000000001 0.0336
v 0.017131400000000005 -0.0571314 0.032
v 0.017131400000000005 -0.0571314 0.0336
v 0.017478200000000003 -0.05661240000000001 0.032
v 0.017478200000000003 -0.05661240000000001 0.0336
v 0.017600000000000005 -0.05600000000000001 0.032
v 0.017600000000000005 -0.05600000000000001 0.0336
v 0.017478200000000003 -0.0553877 0.032
v 0.017478200000000003 -0.0553877 0.0336
v 0.017131400000000005 -0.054868700000000006 0.032
v 0.017131400000000005 -0.054868700000000006 0.0336
v 0.016612300000000003 -0.05452180000000001 0.032
v 0.016612300000000003 -0.05452180000000001 0.0336
v 0.016000000000000004 -0.054400000000000004 0.032
v 0.016000000000000004 -0.054400000000000004 0.0336
v 0.015387700000000004 -0.05452180000000001 0.032
v 0.015387700000000004 -0.05452180000000001 0.0336
v 0.014868600000000003 -0.054868700000000006 0.032
v 0.014868600000000003 -0.054868700000000006 0.0336
v 0.014521800000000005 -0.0553877 0.032
v 0.014521800000000005 -0.0553877 0.0336
v 0.022400000000000003 -0.05360000000000001 0.0336
v -0.022399999999999996 -0.05360000000000001 0.0336
v -0.022399999999999996 -0.05840000000000001 0.0336
v 0.022400000000000003 -0.05840000000000001 0.0336
v -0.022399999999999996 -0.05840000000000001 0.0336
v -0.022399999999999996 -0.05840000000000001 0.032
v 0.022400000000000003 -0.05840000000000001 0.032
v 0.022400000000000003 -0.05840000000000001 0.0336
v 0.022400000000000003 -0.05840000000000001 0.0336
v 0.022400000000000003 -0.05840000000000001 0.032
v 0.022400000000000003 -0.05360000000000001 0.032
v 0.022400000000000003 -0.05360000000000001 0.0336
v 0.022400000000000003 -0.05360000000000001 0.0336
v 0.022400000000000003 -0.05360000000000001 0.032
v -0.022399999999999996 -0.05360000000000001 0.032
v -0.022399999999999996 -0.05360000000000001 0.0336
v -0.022399999999999996 -0.05360000000000001 0.0336
v -0.022399999999999996 -0.05360000000000001 0.032
v -0.022399999999999996 -0.05840000000000001 0.032
v -0.022399999999999996 -0.05840000000000001 0.0336
v 0.024000000000000004 -0.06 0.032
v 0.022400000000000003 -0.05840000000000001 0.032
v -0.022399999999999996 -0.05840000000000001 0.032
v -0.023999999999999997 -0.06 0.032
v 0.024000000000000004 -0.052000000000000005 0.032
v 0.022400000000000003 -0.05360000000000001 0.032
v -0.023999999999999997 -0.052000000000000005 0.032
v -0.022399999999999996 -0.05360000000000001 0.032
v 0.024000000000000004 -0.052000000000000005 0.0352
v -0.023999999999999997 -0.052000000000000005 0.0352
v -0.023999999999999997 -0.06 0.0352
v 0.024000000000000004 -0.06 0.0352
v -0.023999999999999997 -0.06 0.0352
v -0.023999999999999997 -0.06 0.032
v 0.024000000000000004 -0.06 0.032
v 0.024000000000000004 -0.06 0.0352
v 0.024000000000000004 -0.06 0.0352
v 0.024000000000000004 -0.06 0.032
v 0.024000000000000004 -0.052000000000000005 0.032
v 0.024000000000000004 -0.052000000000000005 0.0352
v 0.024000000000000004 -0.052000000000000005 0.0352
v 0.024000000000000004 -0.052000000000000005 0.032
v -0.023999999999999997 -0.052000000000000005 0.032
v -0.023999999999999997 -0.052000000000000005 0.0352
v -0.023999999999999997 -0.052000000000000005 0.0352
v -0.023999999999999997 -0.052000000000000005 0.032
v -0.023999999999999997 -0.06 0.032
v -0.023999999999999997 -0.06 0.0352
v -0.022399999999999996 -0.05600000000000001 0.0352
v -0.022217399999999998 -0.0569185 0.0352
v -0.022217399999999998 -0.0569185 0.0368
v -0.022399999999999996 -0.05600000000000001 0.0368
v -0.021696999999999998 -0.0576971 0.0352
v -0.021696999999999998 -0.0576971 0.0368
v -0.020918499999999996 -0.0582174 0.0352
v -0.020918499999999996 -0.0582174 0.0368
v -0.019999999999999997 -0.05840000000000001 0.0352
v -0.019999999999999997 -0.05840000000000001 0.0368
v -0.019081499999999994 -0.0582174 0.0352
v -0.019081499999999994 -0.0582174 0.0368
v -0.018302999999999996 -0.0576971 0.0352
v -0.018302999999999996 -0.0576971 0.0368
v -0.017782599999999996 -0.0569185 0.0352
v -0.017782599999999996 -0.0569185 0.0368
v -0.017599999999999998 -0.05600000000000001 0.0352
v -0.017599999999999998 -0.05600000000000001 0.0368
v -0.017782599999999996 -0.05508160000000001 0.0352
v -0.017782599999999996 -0.05508160000000001 0.0368
v -0.018302999999999996 -0.054303000000000004 0.0352
v -0.018302999999999996 -0.054303000000000004 0.0368
v -0.019081499999999994 -0.0537827 0.0352
v -0.019081499999999994 -0.0537827 0.0368
v -0.019999999999999997 -0.05360000000000001 0.0352
v -0.019999999999999997 -0.05360000000000001 0.0368
v -0.020918499999999996 -0.0537827 0.0352
v -0.020918499999999996 -0.0537827 0.0368
v -0.021696999999999998 -0.054303000000000004 0.0352
v -0.021696999999999998 -0.054303000000000004 0.0368
v -0.022217399999999998 -0.05508160000000001 0.0352
v -0.022217399999999998 -0.05508160000000001 0.0368
v -0.022217399999999998 -0.0569185 0.0368
v -0.022399999999999996 -0.05600000000000001 0.0368
v -0.019999999999999997 -0.05600000000000001 0.0368
v -0.021696999999999998 -0.0576971 0.0368
v -0.020918499999999996 -0.0582174 0.0368
v -0.019999999999999997 -0.05840000000000001 0.0368
v -0.019081499999999994 -0.0582174 0.0368
v -0.018302999999999996 -0.0576971 0.0368
v -0.017782599999999996 -0.0569185 0.0368
v -0.017599999999999998 -0.05600000000000001 0.0368
v -0.017782599999999996 -0.05508160000000001 0.0368
v -0.018302999999999996 -0.054303000000000004 0.0368
v -0.019081499999999994 -0.0537827 0.0368
v -0.019999999999999997 -0.05360000000000001 0.0368
v -0.020918499999999996 -0.0537827 0.0368
v -0.021696999999999998 -0.054303000000000004 0.0368
v -0.022217399999999998 -0.05508160000000001 0.0368
v -0.014399999999999996 -0.05600000000000001 0.0352
v -0.014217399999999996 -0.0569185 0.0352
v -0.014217399999999996 -0.0569185 0.0368
v -0.014399999999999996 -0.05600000000000001 0.0368
v -0.013696999999999997 -0.0576971 0.0352
v -0.013696999999999997 -0.0576971 0.0368
v -0.012918499999999996 -0.0582174 0.0352
v -0.012918499999999996 -0.0582174 0.0368
v -0.011999999999999997 -0.05840000000000001 0.0352
v -0.011999999999999997 -0.05840000000000001 0.0368
v -0.011081499999999998 -0.0582174 0.0352
v -0.011081499999999998 -0.0582174 0.0368
v -0.010302999999999996 -0.0576971 0.0352
v -0.010302999999999996 -0.0576971 0.0368
v -0.009782599999999997 -0.0569185 0.0352
v -0.009782599999999997 -0.0569185 0.0368
v -0.009599999999999997 -0.05600000000000001 0.0352
v -0.009599999999999997 -0.05600000000000001 0.0368
v -0.009782599999999997 -0.05508160000000001 0.0352
v -0.009782599999999997 -0.05508160000000001 0.0368
v -0.010302999999999996 -0.054303000000000004 0.0352
v -0.010302999999999996 -0.054303000000000004 0.0368
v -0.011081499999999998 -0.0537827 0.0352
v -0.011081499999999998 -0.0537827 0.0368
v -0.011999999999999997 -0.05360000000000001 0.0352
v -0.011999999999999997 -0.05360000000000001 0.0368
v -0.012918499999999996 -0.0537827 0.0352
v -0.012918499999999996 -0.0537827 0.0368
v -0.013696999999999997 -0.054303000000000004 0.0352
v -0.013696999999999997 -0.054303000000000004 0.0368
v -0.014217399999999996 -0.05508160000000001 0.0352
v -0.014217399999999996 -0.05508160000000001 0.0368
v -0.014217399999999996 -0.0569185 0.0368
v -0.014399999999999996 -0.05600000000000001 0.0368
v -0.011999999999999997 -0.05600000000000001 0.0368
v -0.013696999999999997 -0.0576971 0.0368
v -0.012918499999999996 -0.0582174 0.0368
v -0.011999999999999997 -0.05840000000000001 0.0368
v -0.011081499999999998 -0.0582174 0.0368
v -0.010302999999999996 -0.0576971 0.0368
v -0.009782599999999997 -0.0569185 0.0368
v -0.009599999999999997 -0.05600000000000001 0.0368
v -0.009782599999999997 -0.05508160000000001 0.0368
v -0.010302999999999996 -0.054303000000000004 0.0368
v -0.011081499999999998 -0.0537827 0.0368
v -0.011999999999999997 -0.05360000000000001 0.0368
v -0.012918499999999996 -0.0537827 0.0368
v -0.013696999999999997 -0.054303000000000004 0.0368
v -0.014217399999999996 -0.05508160000000001 0.0368
v -0.006399999999999997 -0.05600000000000001 0.0352
v -0.006217399999999996 -0.0569185 0.0352
v -0.006217399999999996 -0.0569185 0.0368
v -0.006399999999999997 -0.05600000000000001 0.0368
v -0.005696999999999997 -0.0576971 0.0352
v -0.005696999999999997 -0.0576971 0.0368
v -0.004918499999999997 -0.0582174 0.0352
v -0.004918499999999997 -0.0582174 0.0368
v -0.003999999999999997 -0.05840000000000001 0.0352
v -0.003999999999999997 -0.05840000000000001 0.0368
v -0.0030814999999999966 -0.0582174 0.0352
v -0.0030814999999999966 -0.0582174 0.0368
v -0.002302999999999997 -0.0576971 0.0352
v -0.002302999999999997 -0.0576971 0.0368
v -0.001782599999999997 -0.0569185 0.0352
v -0.001782599999999997 -0.0569185 0.0368
v -0.0015999999999999964 -0.05600000000000001 0.0352
v -0.0015999999999999964 -0.05600000000000001 0.0368
v -0.001782599999999997 -0.05508160000000001 0.0352
v -0.001782599999999997 -0.05508160000000001 0.0368
v -0.002302999999999997 -0.054303000000000004 0.0352
v -0.002302999999999997 -0.054303000000000004 0.0368
v -0.0030814999999999966 -0.0537827 0.0352
v -0.0030814999999999966 -0.0537827 0.0368
v -0.003999999999999997 -0.05360000000000001 0.0352
v -0.003999999999999997 -0.05360000000000001 0.0368
v -0.004918499999999997 -0.0537827 0.0352
v -0.004918499999999997 -0.0537827 0.0368
v -0.005696999999999997 -0.054303000000000004 0.0352
v -0.005696999999999997 -0.054303000000000004 0.0368
v -0.006217399999999996 -0.05508160000000001 0.0352
v -0.006217399999999996 -0.05508160000000001 0.0368
v -0.006217399999999996 -0.0569185 0.0368
v -0.006399999999999997 -0.05600000000000001 0.0368
v -0.003999999999999997 -0.05600000000000001 0.0368
v -0.005696999999999997 -0.0576971 0.0368
v -0.004918499999999997 -0.0582174 0.0368
v -0.003999999999999997 -0.05840000000000001 0.0368
v -0.0030814999999999966 -0.0582174 0.0368
v -0.002302999999999997 -0.0576971 0.0368
v -0.001782599999999997 -0.0569185 0.0368
v -0.0015999999999999964 -0.05600000000000001 0.0368
v -0.001782599999999997 -0.05508160000000001 0.0368
v -0.002302999999999997 -0.054303000000000004 0.0368
v -0.0030814999999999966 -0.0537827 0.0368
v -0.003999999999999997 -0.05360000000000001 0.0368
v -0.004918499999999997 -0.0537827 0.0368
v -0.005696999999999997 -0.054303000000000004 0.0368
v -0.006217399999999996 -0.05508160000000001 0.0368
v 0.0016000000000000025 -0.05600000000000001 0.0352
v 0.001782600000000004 -0.0569185 0.0352
v 0.001782600000000004 -0.0569185 0.0368
v 0.0016000000000000025 -0.05600000000000001 0.0368
v 0.002303000000000003 -0.0576971 0.0352
v 0.002303000000000003 -0.0576971 0.0368
v 0.0030815000000000026 -0.0582174 0.0352
v 0.0030815000000000026 -0.0582174 0.0368
v 0.0040000000000000036 -0.05840000000000001 0.0352
v 0.0040000000000000036 -0.05840000000000001 0.0368
v 0.004918500000000003 -0.0582174 0.0352
v 0.004918500000000003 -0.0582174 0.0368
v 0.005697000000000004 -0.0576971 0.0352
v 0.005697000000000004 -0.0576971 0.0368
v 0.006217400000000003 -0.0569185 0.0352
v 0.006217400000000003 -0.0569185 0.0368
v 0.006400000000000003 -0.05600000000000001 0.0352
v 0.006400000000000003 -0.05600000000000001 0.0368
v 0.006217400000000003 -0.05508160000000001 0.0352
v 0.006217400000000003 -0.05508160000000001 0.0368
v 0.005697000000000004 -0.054303000000000004 0.0352
v 0.005697000000000004 -0.054303000000000004 0.0368
v 0.004918500000000003 -0.0537827 0.0352
v 0.004918500000000003 -0.0537827 0.0368
v 0.0040000000000000036 -0.05360000000000001 0.0352
v 0.0040000000000000036 -0.05360000000000001 0.0368
v 0.0030815000000000026 -0.0537827 0.0352
v 0.0030815000000000026 -0.0537827 0.0368
v 0.002303000000000003 -0.054303000000000004 0.0352
v 0.002303000000000003 -0.054303000000000004 0.0368
v 0.001782600000000004 -0.05508160000000001 0.0352
v 0.001782600000000004 -0.05508160000000001 0.0368
v 0.001782600000000004 -0.0569185 0.0368
v 0.0016000000000000025 -0.05600000000000001 0.0368
v 0.0040000000000000036 -0.05600000000000001 0.0368
v 0.002303000000000003 -0.0576971 0.0368
v 0.0030815000000000026 -0.0582174 0.0368
v 0.0040000000000000036 -0.05840000000000001 0.0368
v 0.004918500000000003 -0.0582174 0.0368
v 0.005697000000000004 -0.0576971 0.0368
v 0.006217400000000003 -0.0569185 0.0368
v 0.006400000000000003 -0.05600000000000001 0.0368
v 0.006217400000000003 -0.05508160000000001 0.0368
v 0.005697000000000004 -0.054303000000000004 0.0368
v 0.004918500000000003 -0.0537827 0.0368
v 0.0040000000000000036 -0.05360000000000001 0.0368
v 0.0030815000000000026 -0.0537827 0.0368
v 0.002303000000000003 -0.054303000000000004 0.0368
v 0.001782600000000004 -0.05508160000000001 0.0368
v 0.009600000000000004 -0.05600000000000001 0.0352
v 0.009782600000000002 -0.0569185 0.0352
v 0.009782600000000002 -0.0569185 0.0368
v 0.009600000000000004 -0.05600000000000001 0.0368
v 0.010303000000000003 -0.0576971 0.0352
v 0.010303000000000003 -0.0576971 0.0368
v 0.011081500000000005 -0.0582174 0.0352
v 0.011081500000000005 -0.0582174 0.0368
v 0.012000000000000004 -0.05840000000000001 0.0352
v 0.012000000000000004 -0.05840000000000001 0.0368
v 0.012918500000000003 -0.0582174 0.0352
v 0.012918500000000003 -0.0582174 0.0368
v 0.013697000000000004 -0.0576971 0.0352
v 0.013697000000000004 -0.0576971 0.0368
v 0.014217400000000005 -0.0569185 0.0352
v 0.014217400000000005 -0.0569185 0.0368
v 0.014400000000000003 -0.05600000000000001 0.0352
v 0.014400000000000003 -0.05600000000000001 0.0368
v 0.014217400000000005 -0.05508160000000001 0.0352
v 0.014217400000000005 -0.05508160000000001 0.0368
v 0.013697000000000004 -0.054303000000000004 0.0352
v 0.013697000000000004 -0.054303000000000004 0.0368
v 0.012918500000000003 -0.0537827 0.0352
v 0.012918500000000003 -0.0537827 0.0368
v 0.012000000000000004 -0.05360000000000001 0.0352
v 0.012000000000000004 -0.05360000000000001 0.0368
v 0.011081500000000005 -0.0537827 0.0352
v 0.011081500000000005 -0.0537827 0.0368
v 0.010303000000000003 -0.054303000000000004 0.0352
v 0.010303000000000003 -0.054303000000000004 0.0368
v 0.009782600000000002 -0.05508160000000001 0.0352
v 0.009782600000000002 -0.05508160000000001 0.0368
v 0.009782600000000002 -0.0569185 0.0368
v 0.009600000000000004 -0.05600000000000001 0.0368
v 0.012000000000000004 -0.05600000000000001 0.0368
v 0.010303000000000003 -0.0576971 0.0368
v 0.011081500000000005 -0.0582174 0.0368
v 0.012000000000000004 -0.05840000000000001 0.0368
v 0.012918500000000003 -0.0582174 0.0368
v 0.013697000000000004 -0.0576971 0.0368
v 0.014217400000000005 -0.0569185 0.0368
v 0.014400000000000003 -0.05600000000000001 0.0368
v 0.014217400000000005 -0.05508160000000001 0.0368
v 0.013697000000000004 -0.054303000000000004 0.0368
v 0.012918500000000003 -0.0537827 0.0368
v 0.012000000000000004 -0.05360000000000001 0.0368
v 0.011081500000000005 -0.0537827 0.0368
v 0.010303000000000003 -0.054303000000000004 0.0368
v 0.009782600000000002 -0.05508160000000001 0.0368
v 0.017600000000000005 -0.05600000000000001 0.0352
v 0.017782600000000003 -0.0569185 0.0352
v 0.017782600000000003 -0.0569185 0.0368
v 0.017600000000000005 -0.05600000000000001 0.0368
v 0.018303000000000003 -0.0576971 0.0352
v 0.018303000000000003 -0.0576971 0.0368
v 0.019081500000000005 -0.0582174 0.0352
v 0.019081500000000005 -0.0582174 0.0368
v 0.020000000000000004 -0.05840000000000001 0.0352
v 0.020000000000000004 -0.05840000000000001 0.0368
v 0.020918500000000003 -0.0582174 0.0352
v 0.020918500000000003 -0.0582174 0.0368
v 0.021697000000000004 -0.0576971 0.0352
v 0.021697000000000004 -0.0576971 0.0368
v 0.0222174 -0.0569185 0.0352
v 0.0222174 -0.0569185 0.0368
v 0.022400000000000003 -0.05600000000000001 0.0352
v 0.022400000000000003 -0.05600000000000001 0.0368
v 0.0222174 -0.05508160000000001 0.0352
v 0.0222174 -0.05508160000000001 0.0368
v 0.021697000000000004 -0.054303000000000004 0.0352
v 0.021697000000000004 -0.054303000000000004 0.0368
v 0.020918500000000003 -0.0537827 0.0352
v 0.020918500000000003 -0.0537827 0.0368
v 0.020000000000000004 -0.05360000000000001 0.0352
v 0.020000000000000004 -0.05360000000000001 0.0368
v 0.019081500000000005 -0.0537827 0.0352
v 0.019081500000000005 -0.0537827 0.0368
v 0.018303000000000003 -0.054303000000000004 0.0352
v 0.018303000000000003 -0.054303000000000004 0.0368
v 0.017782600000000003 -0.05508160000000001 0.0352
v 0.017782600000000003 -0.05508160000000001 0.0368
v 0.017782600000000003 -0.0569185 0.0368
v 0.017600000000000005 -0.05600000000000001 0.0368
v 0.020000000000000004 -0.05600000000000001 0.0368
v 0.018303000000000003 -0.0576971 0.0368
v 0.019081500000000005 -0.0582174 0.0368
v 0.020000000000000004 -0.05840000000000001 0.0368
v 0.020918500000000003 -0.0582174 0.0368
v 0.021697000000000004 -0.0576971 0.0368
v 0.0222174 -0.0569185 0.0368
v 0.022400000000000003 -0.05600000000000001 0.0368
v 0.0222174 -0.05508160000000001 0.0368
v 0.021697000000000004 -0.054303000000000004 0.0368
v 0.020918500000000003 -0.0537827 0.0368
v 0.020000000000000004 -0.05360000000000001 0.0368
v 0.019081500000000005 -0.0537827 0.0368
v 0.018303000000000003 -0.054303000000000004 0.0368
v 0.017782600000000003 -0.05508160000000001 0.0368
v 0.002400000000000003 0.052000000000000005 0.0192
v 0.002217400000000003 0.05291849999999999 0.0192
v 0.002217400000000003 0.05291849999999999 0.0208
v 0.002400000000000003 0.052000000000000005 0.0208
v 0.001697000000000004 0.053696999999999995 0.0192
v 0.001697000000000004 0.053696999999999995 0.0208
v 0.0009185000000000026 0.0542174 0.0192
v 0.0009185000000000026 0.0542174 0.0208
v 3.469446951953614e-18 0.054400000000000004 0.0192
v 3.469446951953614e-18 0.054400000000000004 0.0208
v -0.0009184999999999966 0.0542174 0.0192
v -0.0009184999999999966 0.0542174 0.0208
v -0.0016969999999999971 0.053696999999999995 0.0192
v -0.0016969999999999971 0.053696999999999995 0.0208
v -0.002217399999999997 0.05291849999999999 0.0192
v -0.002217399999999997 0.05291849999999999 0.0208
v -0.0023999999999999968 0.052000000000000005 0.0192
v -0.0023999999999999968 0.052000000000000005 0.0208
v -0.002217399999999997 0.0510815 0.0192
v -0.002217399999999997 0.0510815 0.0208
v -0.0016969999999999971 0.050303 0.0192
v -0.0016969999999999971 0.050303 0.0208
v -0.0009184999999999966 0.049782599999999996 0.0192
v -0.0009184999999999966 0.049782599999999996 0.0208
v 3.469446951953614e-18 0.049600000000000005 0.0192
v 3.469446951953614e-18 0.049600000000000005 0.0208
v 0.0009185000000000026 0.049782599999999996 0.0192
v 0.0009185000000000026 0.049782599999999996 0.0208
v 0.001697000000000004 0.050303 0.0192
v 0.001697000000000004 0.050303 0.0208
v 0.002217400000000003 0.0510815 0.0192
v 0.002217400000000003 0.0510815 0.0208
v 0.003200000000000003 0.052000000000000005 0.0192
v 0.0029565000000000025 0.0532246 0.0192
v 0.0029565000000000025 0.0532246 0.0208
v 0.003200000000000003 0.052000000000000005 0.0208
v 0.002262700000000003 0.0542627 0.0192
v 0.002262700000000003 0.0542627 0.0208
v 0.0012246000000000028 0.054956500000000005 0.0192
v 0.0012246000000000028 0.054956500000000005 0.0208
v 3.469446951953614e-18 0.0552 0.0192
v 3.469446951953614e-18 0.0552 0.0208
v -0.0012245999999999967 0.054956500000000005 0.0192
v -0.0012245999999999967 0.054956500000000005 0.0208
v -0.002262699999999997 0.0542627 0.0192
v -0.002262699999999997 0.0542627 0.0208
v -0.0029564999999999965 0.0532246 0.0192
v -0.0029564999999999965 0.0532246 0.0208
v -0.003199999999999997 0.052000000000000005 0.0192
v -0.003199999999999997 0.052000000000000005 0.0208
v -0.0029564999999999965 0.0507754 0.0192
v -0.0029564999999999965 0.0507754 0.0208
v -0.002262699999999997 0.0497373 0.0192
v -0.002262699999999997 0.0497373 0.0208
v -0.0012245999999999967 0.049043500000000004 0.0192
v -0.0012245999999999967 0.049043500000000004 0.0208
v 3.469446951953614e-18 0.048799999999999996 0.0192
v 3.469446951953614e-18 0.048799999999999996 0.0208
v 0.0012246000000000028 0.049043500000000004 0.0192
v 0.0012246000000000028 0.049043500000000004 0.0208
v 0.002262700000000003 0.0497373 0.0192
v 0.002262700000000003 0.0497373 0.0208
v 0.0029565000000000025 0.0507754 0.0192
v 0.0029565000000000025 0.0507754 0.0208
v 3.469446951953614e-18 0.0552 0.0192
v 3.469446951953614e-18 0.054400000000000004 0.0192
v -0.0009184999999999966 0.0542174 0.0192
v -0.0012245999999999967 0.054956500000000005 0.0192
v -0.0016969999999999971 0.053696999999999995 0.0192
v -0.002262699999999997 0.0542627 0.0192
v -0.002217399999999997 0.05291849999999999 0.0192
v -0.0029564999999999965 0.0532246 0.0192
v -0.0023999999999999968 0.052000000000000005 0.0192
v -0.003199999999999997 0.052000000000000005 0.0192
v -0.002217399999999997 0.0510815 0.0192
v -0.0029564999999999965 0.0507754 0.0192
v -0.0016969999999999971 0.050303 0.0192
v -0.002262699999999997 0.0497373 0.0192
v -0.0009184999999999966 0.049782599999999996 0.0192
v -0.0012245999999999967 0.049043500000000004 0.0192
v 3.469446951953614e-18 0.049600000000000005 0.0192
v 3.469446951953614e-18 0.048799999999999996 0.0192
v 0.0009185000000000026 0.049782599999999996 0.0192
v 0.0012246000000000028 0.049043500000000004 0.0192
v 0.001697000000000004 0.050303 0.0192
v 0.002262700000000003 0.0497373 0.0192
v 0.002217400000000003 0.0510815 0.0192
v 0.0029565000000000025 0.0507754 0.0192
v 0.002400000000000003 0.052000000000000005 0.0192
v 0.003200000000000003 0.052000000000000005 0.0192
v 0.002217400000000003 0.05291849999999999 0.0192
v 0.0029565000000000025 0.0532246 0.0192
v 0.001697000000000004 0.053696999999999995 0.0192
v 0.002262700000000003 0.0542627 0.0192
v 0.0009185000000000026 0.0542174 0.0192
v 0.0012246000000000028 0.054956500000000005 0.0192
v 0.0009184000000000032 0.054217299999999996 0.0288
v 0.0016971000000000035 0.0536971 0.0288
v 0.0022173000000000036 0.052918400000000004 0.0288
v -0.0022172999999999967 0.052918400000000004 0.0288
v -0.0016970999999999965 0.0536971 0.0288
v -0.0009183999999999963 0.054217299999999996 0.0288
v -0.0009183999999999963 0.0497827 0.0288
v -0.0016970999999999965 0.0503029 0.0288
v -0.0022172999999999967 0.051081600000000005 0.0288
v 0.0022173000000000036 0.051081600000000005 0.0288
v 0.0016971000000000035 0.0503029 0.0288
v 0.0009184000000000032 0.0497827 0.0288
v 0.0010000000000000026 0.053000000000000005 0.0288
v 0.002240900000000004 0.0528 0.0288
v 0.0016000000000000025 0.0528 0.0288
v 0.0008000000000000038 0.054240899999999995 0.0288
v 0.0008000000000000038 0.053599999999999995 0.0288
v -0.0009999999999999966 0.053000000000000005 0.0288
v -0.0007999999999999969 0.054240899999999995 0.0288
v -0.0007999999999999969 0.053599999999999995 0.0288
v -0.0015999999999999964 0.0528 0.0288
v -0.002240899999999997 0.0528 0.0288
v -0.0009999999999999966 0.051000000000000004 0.0288
v -0.002240899999999997 0.051199999999999996 0.0288
v -0.0015999999999999964 0.051199999999999996 0.0288
v -0.0007999999999999969 0.0504 0.0288
v -0.0007999999999999969 0.0497591 0.0288
v 0.0010000000000000026 0.051000000000000004 0.0288
v 0.0008000000000000038 0.0504 0.0288
v 0.0008000000000000038 0.0497591 0.0288
v 0.002240900000000004 0.051199999999999996 0.0288
v 0.0016000000000000025 0.051199999999999996 0.0288
v 0.0009184000000000032 0.0497827 0.0208
v 0.0016971000000000035 0.0503029 0.0208
v 0.0022173000000000036 0.051081600000000005 0.0208
v -0.0022172999999999967 0.051081600000000005 0.0208
v -0.0016970999999999965 0.0503029 0.0208
v -0.0009183999999999963 0.0497827 0.0208
v -0.0009183999999999963 0.054217299999999996 0.0208
v -0.0016970999999999965 0.0536971 0.0208
v -0.0022172999999999967 0.052918400000000004 0.0208
v 0.0022173000000000036 0.052918400000000004 0.0208
v 0.0016971000000000035 0.0536971 0.0208
v 0.0009184000000000032 0.054217299999999996 0.0208
v 0.0010000000000000026 0.051000000000000004 0.0208
v 0.002240900000000004 0.051199999999999996 0.0208
v 0.0016000000000000025 0.051199999999999996 0.0208
v 0.0008000000000000038 0.0497591 0.0208
v 0.0008000000000000038 0.0504 0.0208
v -0.0009999999999999966 0.051000000000000004 0.0208
v -0.0007999999999999969 0.0497591 0.0208
v -0.0007999999999999969 0.0504 0.0208
v -0.0015999999999999964 0.051199999999999996 0.0208
v -0.002240899999999997 0.051199999999999996 0.0208
v -0.0009999999999999966 0.053000000000000005 0.0208
v -0.002240899999999997 0.0528 0.0208
v -0.0015999999999999964 0.0528 0.0208
v -0.0007999999999999969 0.053599999999999995 0.0208
v -0.0007999999999999969 0.054240899999999995 0.0208
v 0.0010000000000000026 0.053000000000000005 0.0208
v 0.0008000000000000038 0.053599999999999995 0.0208
v 0.0008000000000000038 0.054240899999999995 0.0208
v 0.002240900000000004 0.0528 0.0208
v 0.0016000000000000025 0.0528 0.0208
v 0.002240900000000004 0.0528 0.0208
v 0.002240900000000004 0.0528 0.0288
v 0.002400000000000003 0.052000000000000005 0.0288
v 0.0016000000000000025 0.0528 0.0288
v 0.002240900000000004 0.0528 0.0288
v 0.002240900000000004 0.0528 0.0208
v 0.0016000000000000025 0.0528 0.0208
v 0.0010000000000000026 0.053000000000000005 0.0208
v 0.0010000000000000026 0.053000000000000005 0.0288
v 0.0008000000000000038 0.053599999999999995 0.0208
v 0.0008000000000000038 0.053599999999999995 0.0288
v 0.0010000000000000026 0.053000000000000005 0.0288
v 0.0010000000000000026 0.053000000000000005 0.0208
v 0.0008000000000000038 0.054240899999999995 0.0208
v 0.0008000000000000038 0.054240899999999995 0.0288
v 0.0008000000000000038 0.054240899999999995 0.0208
v 3.469446951953614e-18 0.054400000000000004 0.0288
v 0.0008000000000000038 0.054240899999999995 0.0288
v -0.0007999999999999969 0.054240899999999995 0.0208
v -0.0007999999999999969 0.054240899999999995 0.0288
v -0.0007999999999999969 0.053599999999999995 0.0288
v -0.0007999999999999969 0.054240899999999995 0.0288
v -0.0007999999999999969 0.054240899999999995 0.0208
v -0.0007999999999999969 0.053599999999999995 0.0208
v -0.0009999999999999966 0.053000000000000005 0.0208
v -0.0009999999999999966 0.053000000000000005 0.0288
v -0.0015999999999999964 0.0528 0.0208
v -0.0015999999999999964 0.0528 0.0288
v -0.0009999999999999966 0.053000000000000005 0.0288
v -0.0009999999999999966 0.053000000000000005 0.0208
v -0.002240899999999997 0.0528 0.0208
v -0.002240899999999997 0.0528 0.0288
v -0.0023999999999999968 0.052000000000000005 0.0288
v -0.002240899999999997 0.0528 0.0288
v -0.002240899999999997 0.0528 0.0208
v -0.002240899999999997 0.051199999999999996 0.0208
v -0.002240899999999997 0.051199999999999996 0.0288
v -0.0015999999999999964 0.051199999999999996 0.0208
v -0.0015999999999999964 0.051199999999999996 0.0288
v -0.002240899999999997 0.051199999999999996 0.0288
v -0.002240899999999997 0.051199999999999996 0.0208
v -0.0009999999999999966 0.051000000000000004 0.0208
v -0.0009999999999999966 0.051000000000000004 0.0288
v -0.0007999999999999969 0.0504 0.0208
v -0.0007999999999999969 0.0504 0.0288
v -0.0009999999999999966 0.051000000000000004 0.0288
v -0.0009999999999999966 0.051000000000000004 0.0208
v -0.0007999999999999969 0.0497591 0.0208
v -0.0007999999999999969 0.0497591 0.0288
v -0.0007999999999999969 0.0497591 0.0208
v 3.469446951953614e-18 0.049600000000000005 0.0288
v -0.0007999999999999969 0.0497591 0.0288
v 0.0008000000000000038 0.0497591 0.0208
v 0.0008000000000000038 0.0497591 0.0288
v 0.0008000000000000038 0.0504 0.0208
v 0.0008000000000000038 0.0504 0.0288
v 0.0008000000000000038 0.0497591 0.0288
v 0.0008000000000000038 0.0497591 0.0208
v 0.0010000000000000026 0.051000000000000004 0.0208
v 0.0010000000000000026 0.051000000000000004 0.0288
v 0.0016000000000000025 0.051199999999999996 0.0208
v 0.0016000000000000025 0.051199999999999996 0.0288
v 0.0010000000000000026 0.051000000000000004 0.0288
v 0.0010000000000000026 0.051000000000000004 0.0208
v 0.002240900000000004 0.051199999999999996 0.0208
v 0.002240900000000004 0.051199999999999996 0.0288
v 0.002240900000000004 0.051199999999999996 0.0288
v 0.002240900000000004 0.051199999999999996 0.0208
v 0.003200000000000003 0.052000000000000005 0.0272
v 0.0029565000000000025 0.0532246 0.0272
v 0.002262700000000003 0.0542627 0.0272
v 0.0012246000000000028 0.054956500000000005 0.0272
v 3.469446951953614e-18 0.0552 0.0272
v -0.0012245999999999967 0.054956500000000005 0.0272
v -0.002262699999999997 0.0542627 0.0272
v -0.0029564999999999965 0.0532246 0.0272
v -0.003199999999999997 0.052000000000000005 0.0272
v -0.0029564999999999965 0.0507754 0.0272
v -0.002262699999999997 0.0497373 0.0272
v -0.0012245999999999967 0.049043500000000004 0.0272
v 3.469446951953614e-18 0.048799999999999996 0.0272
v 0.0012246000000000028 0.049043500000000004 0.0272
v 0.002262700000000003 0.0497373 0.0272
v 0.0029565000000000025 0.0507754 0.0272
v 0.003200000000000003 0.0552 0.0272
v 0.003200000000000003 0.052000000000000005 0.0272
v 0.0029565000000000025 0.0532246 0.0272
v 0.002262700000000003 0.0542627 0.0272
v 0.0012246000000000028 0.054956500000000005 0.0272
v 3.469446951953614e-18 0.0552 0.0272
v -0.003199999999999997 0.0552 0.0272
v -0.0012245999999999967 0.054956500000000005 0.0272
v -0.002262699999999997 0.0542627 0.0272
v -0.0029564999999999965 0.0532246 0.0272
v -0.003199999999999997 0.052000000000000005 0.0272
v -0.003199999999999997 0.048799999999999996 0.0272
v -0.0029564999999999965 0.0507754 0.0272
v -0.002262699999999997 0.0497373 0.0272
v -0.0012245999999999967 0.049043500000000004 0.0272
v 3.469446951953614e-18 0.048799999999999996 0.0272
v 0.003200000000000003 0.048799999999999996 0.0272
v 0.0012246000000000028 0.049043500000000004 0.0272
v 0.002262700000000003 0.0497373 0.0272
v 0.0029565000000000025 0.0507754 0.0272
v 0.002400000000000003 0.054400000000000004 0.0288
v 0.002400000000000003 0.052000000000000005 0.0288
v 3.469446951953614e-18 0.054400000000000004 0.0288
v -0.0023999999999999968 0.054400000000000004 0.0288
v -0.0023999999999999968 0.052000000000000005 0.0288
v -0.0023999999999999968 0.049600000000000005 0.0288
v 3.469446951953614e-18 0.049600000000000005 0.0288
v 0.002400000000000003 0.049600000000000005 0.0288
v -0.007999999999999997 0.06 0.0192
v -0.006399999999999997 0.058399999999999994 0.0192
v 0.006400000000000003 0.058399999999999994 0.0192
v 0.008000000000000004 0.06 0.0192
v -0.007999999999999997 0.044 0.0192
v -0.006399999999999997 0.0456 0.0192
v 0.008000000000000004 0.044 0.0192
v 0.006400000000000003 0.0456 0.0192
v 0.006400000000000003 0.058399999999999994 0.0192
v 0.006400000000000003 0.058399999999999994 0.0272
v -0.006399999999999997 0.058399999999999994 0.0272
v -0.006399999999999997 0.058399999999999994 0.0192
v -0.006399999999999997 0.058399999999999994 0.0192
v -0.006399999999999997 0.058399999999999994 0.0272
v -0.006399999999999997 0.0456 0.0272
v -0.006399999999999997 0.0456 0.0192
v -0.006399999999999997 0.0456 0.0192
v -0.006399999999999997 0.0456 0.0272
v 0.006400000000000003 0.0456 0.0272
v 0.006400000000000003 0.0456 0.0192
v 0.006400000000000003 0.0456 0.0192
v 0.006400000000000003 0.0456 0.0272
v 0.006400000000000003 0.058399999999999994 0.0272
v 0.006400000000000003 0.058399999999999994 0.0192
v -0.006399999999999997 0.058399999999999994 0.0272
v 0.006400000000000003 0.058399999999999994 0.0272
v -0.006399999999999997 0.0456 0.0272
v 0.006400000000000003 0.0456 0.0272
v 0.008000000000000004 0.06 0.0192
v 0.008000000000000004 0.06 0.0288
v -0.007999999999999997 0.06 0.0288
v -0.007999999999999997 0.06 0.0192
v -0.007999999999999997 0.06 0.0192
v -0.007999999999999997 0.06 0.0288
v -0.007999999999999997 0.044 0.0288
v -0.007999999999999997 0.044 0.0192
v -0.007999999999999997 0.044 0.0192
v -0.007999999999999997 0.044 0.0288
v 0.008000000000000004 0.044 0.0288
v 0.008000000000000004 0.044 0.0192
v 0.008000000000000004 0.044 0.0192
v 0.008000000000000004 0.044 0.0288
v 0.008000000000000004 0.06 0.0288
v 0.008000000000000004 0.06 0.0192
v 0.008000000000000004 0.06 0.0288
v -0.007999999999999997 0.06 0.0288
v -0.007999999999999997 0.044 0.0288
v 0.008000000000000004 0.044 0.0288
v 0.015200000000000002 0.0524 0.0224796
v 0.015200000000000002 0.052918400000000004 0.0225828
v 0.012600000000000004 0.052918400000000004 0.0225828
v 0.012600000000000004 0.0524 0.0224796
v 0.015200000000000002 0.052918400000000004 0.0270172
v 0.015200000000000002 0.0524 0.0271204
v 0.012600000000000004 0.0524 0.0271204
v 0.012600000000000004 0.052918400000000004 0.0270172
v 0.015200000000000002 0.05160000000000001 0.0271204
v 0.015200000000000002 0.051081600000000005 0.0270172
v 0.012600000000000004 0.051081600000000005 0.0270172
v 0.012600000000000004 0.05160000000000001 0.0271204
v 0.015200000000000002 0.051081600000000005 0.0225828
v 0.015200000000000002 0.05160000000000001 0.0224796
v 0.012600000000000004 0.05160000000000001 0.0224796
v 0.012600000000000004 0.051081600000000005 0.0225828
v 0.015200000000000002 0.0524 0.0222796
v 0.015200000000000002 0.052995200000000006 0.022398
v 0.015200000000000002 0.052918400000000004 0.0225828
v 0.015200000000000002 0.0524 0.0224796
v 0.015200000000000002 0.052995200000000006 0.027202
v 0.015200000000000002 0.0524 0.0273204
v 0.015200000000000002 0.0524 0.0271204
v 0.015200000000000002 0.052918400000000004 0.0270172
v 0.015200000000000002 0.05160000000000001 0.0273204
v 0.015200000000000002 0.0510048 0.027202
v 0.015200000000000002 0.051081600000000005 0.0270172
v 0.015200000000000002 0.05160000000000001 0.0271204
v 0.015200000000000002 0.0510048 0.022398
v 0.015200000000000002 0.05160000000000001 0.0222796
v 0.015200000000000002 0.05160000000000001 0.0224796
v 0.015200000000000002 0.051081600000000005 0.0225828
v 0.016000000000000004 0.0524 0.0222796
v 0.016000000000000004 0.052995200000000006 0.022398
v 0.015200000000000002 0.052995200000000006 0.022398
v 0.015200000000000002 0.0524 0.0222796
v 0.016000000000000004 0.052995200000000006 0.027202
v 0.016000000000000004 0.0524 0.0273204
v 0.015200000000000002 0.0524 0.0273204
v 0.015200000000000002 0.052995200000000006 0.027202
v 0.016000000000000004 0.05160000000000001 0.0273204
v 0.016000000000000004 0.0510048 0.027202
v 0.015200000000000002 0.0510048 0.027202
v 0.015200000000000002 0.05160000000000001 0.0273204
v 0.016000000000000004 0.0510048 0.022398
v 0.016000000000000004 0.05160000000000001 0.0222796
v 0.015200000000000002 0.05160000000000001 0.0222796
v 0.015200000000000002 0.0510048 0.022398
v 0.013000000000000005 0.0524 0.0232796
v 0.015200000000000002 0.0524 0.0232796
v 0.015200000000000002 0.0524 0.0224796
v 0.013000000000000005 0.0524 0.0224796
v 0.016000000000000004 0.0524 0.0232796
v 0.016000000000000004 0.0524 0.0222796
v 0.015200000000000002 0.0524 0.0222796
v 0.016000000000000004 0.0524 0.0232796
v 0.016000000000000004 0.052612400000000004 0.0233216
v 0.016000000000000004 0.052995200000000006 0.022398
v 0.016000000000000004 0.0524 0.0222796
v 0.016000000000000004 0.052612400000000004 0.0262784
v 0.016000000000000004 0.0524 0.0263204
v 0.016000000000000004 0.0524 0.0273204
v 0.016000000000000004 0.052995200000000006 0.027202
v 0.015200000000000002 0.0524 0.0263204
v 0.015200000000000002 0.0524 0.0273204
v 0.016000000000000004 0.0524 0.0273204
v 0.016000000000000004 0.0524 0.0263204
v 0.013000000000000005 0.0524 0.0263204
v 0.013000000000000005 0.0524 0.0271204
v 0.015200000000000002 0.0524 0.0271204
v 0.013000000000000005 0.05160000000000001 0.0263204
v 0.015200000000000002 0.05160000000000001 0.0263204
v 0.015200000000000002 0.05160000000000001 0.0271204
v 0.013000000000000005 0.05160000000000001 0.0271204
v 0.016000000000000004 0.05160000000000001 0.0263204
v 0.016000000000000004 0.05160000000000001 0.0273204
v 0.015200000000000002 0.05160000000000001 0.0273204
v 0.016000000000000004 0.05160000000000001 0.0263204
v 0.016000000000000004 0.051387600000000005 0.0262784
v 0.016000000000000004 0.0510048 0.027202
v 0.016000000000000004 0.05160000000000001 0.0273204
v 0.016000000000000004 0.051387600000000005 0.0233216
v 0.016000000000000004 0.05160000000000001 0.0232796
v 0.016000000000000004 0.05160000000000001 0.0222796
v 0.016000000000000004 0.0510048 0.022398
v 0.016000000000000004 0.05160000000000001 0.0232796
v 0.015200000000000002 0.05160000000000001 0.0232796
v 0.015200000000000002 0.05160000000000001 0.0222796
v 0.016000000000000004 0.05160000000000001 0.0222796
v 0.013000000000000005 0.05160000000000001 0.0232796
v 0.013000000000000005 0.05160000000000001 0.0224796
v 0.015200000000000002 0.05160000000000001 0.0224796
v 0.012600000000000004 0.0524 0.0232796
v 0.012600000000000004 0.052612400000000004 0.0233216
v 0.016000000000000004 0.052612400000000004 0.0233216
v 0.016000000000000004 0.0524 0.0232796
v 0.012600000000000004 0.052612400000000004 0.0262784
v 0.012600000000000004 0.0524 0.0263204
v 0.016000000000000004 0.0524 0.0263204
v 0.016000000000000004 0.052612400000000004 0.0262784
v 0.012600000000000004 0.05160000000000001 0.0263204
v 0.012600000000000004 0.051387600000000005 0.0262784
v 0.016000000000000004 0.051387600000000005 0.0262784
v 0.016000000000000004 0.05160000000000001 0.0263204
v 0.012600000000000004 0.051387600000000005 0.0233216
v 0.012600000000000004 0.05160000000000001 0.0232796
v 0.016000000000000004 0.05160000000000001 0.0232796
v 0.016000000000000004 0.051387600000000005 0.0233216
v 0.012600000000000004 0.052000000000000005 0.0224
v 0.008800000000000002 0.05291849999999999 0.0225826
v 0.008800000000000002 0.052000000000000005 0.0224
v 0.012600000000000004 0.053696999999999995 0.023103
v 0.008800000000000002 0.053696999999999995 0.023103
v 0.012600000000000004 0.0542174 0.0238815
v 0.008800000000000002 0.0542174 0.0238815
v 0.012600000000000004 0.054400000000000004 0.0248
v 0.008800000000000002 0.054400000000000004 0.0248
v 0.012600000000000004 0.0542174 0.0257185
v 0.008800000000000002 0.0542174 0.0257185
v 0.012600000000000004 0.053696999999999995 0.026497
v 0.008800000000000002 0.053696999999999995 0.026497
v 0.008800000000000002 0.05291849999999999 0.0270174
v 0.012600000000000004 0.052000000000000005 0.0272
v 0.008800000000000002 0.052000000000000005 0.0272
v 0.008800000000000002 0.0510815 0.0270174
v 0.012600000000000004 0.050303 0.026497
v 0.008800000000000002 0.050303 0.026497
v 0.012600000000000004 0.049782599999999996 0.0257185
v 0.008800000000000002 0.049782599999999996 0.0257185
v 0.012600000000000004 0.049600000000000005 0.0248
v 0.008800000000000002 0.049600000000000005 0.0248
v 0.012600000000000004 0.049782599999999996 0.0238815
v 0.008800000000000002 0.049782599999999996 0.0238815
v 0.012600000000000004 0.050303 0.023103
v 0.008800000000000002 0.050303 0.023103
v 0.008800000000000002 0.0510815 0.0225826
v 0.015200000000000002 0.0503029 0.0264971
v 0.015200000000000002 0.0497827 0.0257184
v 0.015200000000000002 0.0495999 0.0248
v 0.015200000000000002 0.0497827 0.0238816
v 0.015200000000000002 0.0503029 0.0231029
v 0.015200000000000002 0.0536971 0.0231029
v 0.015200000000000002 0.054217299999999996 0.0238816
v 0.015200000000000002 0.05440010000000001 0.0248
v 0.015200000000000002 0.054217299999999996 0.0257184
v 0.015200000000000002 0.0536971 0.0264971
v 0.015200000000000002 0.052995 0.0223979
v 0.016000000000000004 0.052995 0.0223979
v 0.016000000000000004 0.0538386 0.0229615
v 0.015200000000000002 0.0538386 0.0229615
v 0.016000000000000004 0.054402099999999995 0.023805
v 0.015200000000000002 0.054402099999999995 0.023805
v 0.016000000000000004 0.0546001 0.0248
v 0.015200000000000002 0.0546001 0.0248
v 0.016000000000000004 0.054402099999999995 0.025795
v 0.015200000000000002 0.054402099999999995 0.025795
v 0.016000000000000004 0.0538385 0.0266385
v 0.015200000000000002 0.0538385 0.0266385
v 0.016000000000000004 0.052995 0.0272021
v 0.015200000000000002 0.052995 0.0272021
v 0.015200000000000002 0.051004999999999995 0.0272021
v 0.016000000000000004 0.051004999999999995 0.0272021
v 0.016000000000000004 0.0501615 0.0266385
v 0.015200000000000002 0.0501615 0.0266385
v 0.016000000000000004 0.0495979 0.025795
v 0.015200000000000002 0.0495979 0.025795
v 0.016000000000000004 0.0493999 0.0248
v 0.015200000000000002 0.0493999 0.0248
v 0.016000000000000004 0.0495979 0.023805
v 0.015200000000000002 0.0495979 0.023805
v 0.016000000000000004 0.0501615 0.0229615
v 0.015200000000000002 0.0501615 0.0229615
v 0.016000000000000004 0.051004999999999995 0.0223979
v 0.015200000000000002 0.051004999999999995 0.0223979
v 0.008800000000000002 0.052000000000000005 0.0216
v 0.008800000000000002 0.0532246 0.0218435
v 0.008000000000000004 0.0532246 0.0218435
v 0.008000000000000004 0.052000000000000005 0.0216
v 0.008800000000000002 0.0542627 0.0225373
v 0.008000000000000004 0.0542627 0.0225373
v 0.008800000000000002 0.054956500000000005 0.0235754
v 0.008000000000000004 0.054956500000000005 0.0235754
v 0.008800000000000002 0.0552 0.0248
v 0.008000000000000004 0.0552 0.0248
v 0.008800000000000002 0.054956500000000005 0.0260246
v 0.008000000000000004 0.054956500000000005 0.0260246
v 0.008800000000000002 0.0542627 0.0270627
v 0.008000000000000004 0.0542627 0.0270627
v 0.008800000000000002 0.0532246 0.0277565
v 0.008000000000000004 0.0532246 0.0277565
v 0.008800000000000002 0.052000000000000005 0.028
v 0.008000000000000004 0.052000000000000005 0.028
v 0.008800000000000002 0.0507754 0.0277565
v 0.008000000000000004 0.0507754 0.0277565
v 0.008800000000000002 0.0497373 0.0270627
v 0.008000000000000004 0.0497373 0.0270627
v 0.008800000000000002 0.049043500000000004 0.0260246
v 0.008000000000000004 0.049043500000000004 0.0260246
v 0.008800000000000002 0.048799999999999996 0.0248
v 0.008000000000000004 0.048799999999999996 0.0248
v 0.008800000000000002 0.049043500000000004 0.0235754
v 0.008000000000000004 0.049043500000000004 0.0235754
v 0.008800000000000002 0.0497373 0.0225373
v 0.008000000000000004 0.0497373 0.0225373
v 0.008800000000000002 0.0507754 0.0218435
v 0.008000000000000004 0.0507754 0.0218435
v 0.012600000000000004 0.052000000000000005 0.0232
v 0.008000000000000004 0.0526123 0.0233218
v 0.008000000000000004 0.052000000000000005 0.0232
v 0.012600000000000004 0.053131399999999995 0.0236686
v 0.008000000000000004 0.053131399999999995 0.0236686
v 0.012600000000000004 0.053478200000000004 0.0241877
v 0.008000000000000004 0.053478200000000004 0.0241877
v 0.012600000000000004 0.053599999999999995 0.0248
v 0.008000000000000004 0.053599999999999995 0.0248
v 0.012600000000000004 0.053478200000000004 0.0254123
v 0.008000000000000004 0.053478200000000004 0.0254123
v 0.012600000000000004 0.053131399999999995 0.0259314
v 0.008000000000000004 0.053131399999999995 0.0259314
v 0.008000000000000004 0.0526123 0.0262782
v 0.012600000000000004 0.052000000000000005 0.0264
v 0.008000000000000004 0.052000000000000005 0.0264
v 0.008000000000000004 0.051387699999999994 0.0262782
v 0.012600000000000004 0.0508686 0.0259314
v 0.008000000000000004 0.0508686 0.0259314
v 0.012600000000000004 0.050521800000000006 0.0254123
v 0.008000000000000004 0.050521800000000006 0.0254123
v 0.012600000000000004 0.0504 0.0248
v 0.008000000000000004 0.0504 0.0248
v 0.012600000000000004 0.050521800000000006 0.0241877
v 0.008000000000000004 0.050521800000000006 0.0241877
v 0.012600000000000004 0.0508686 0.0236686
v 0.008000000000000004 0.0508686 0.0236686
v 0.008000000000000004 0.051387699999999994 0.0233218
v 0.016000000000000004 0.053131399999999995 0.0236686
v 0.012600000000000004 0.053131399999999995 0.0236686
v 0.016000000000000004 0.053478200000000004 0.0241877
v 0.012600000000000004 0.053478200000000004 0.0241877
v 0.016000000000000004 0.053599999999999995 0.0248
v 0.016000000000000004 0.053478200000000004 0.0254123
v 0.016000000000000004 0.053131399999999995 0.0259314
v 0.012600000000000004 0.053131399999999995 0.0259314
v 0.016000000000000004 0.0526123 0.0262782
v 0.012600000000000004 0.0526123 0.0262782
v 0.016000000000000004 0.0508686 0.0259314
v 0.012600000000000004 0.0508686 0.0259314
v 0.016000000000000004 0.050521800000000006 0.0254123
v 0.012600000000000004 0.050521800000000006 0.0254123
v 0.016000000000000004 0.0504 0.0248
v 0.016000000000000004 0.050521800000000006 0.0241877
v 0.016000000000000004 0.0508686 0.0236686
v 0.012600000000000004 0.0508686 0.0236686
v 0.016000000000000004 0.051387699999999994 0.0233218
v 0.012600000000000004 0.051387699999999994 0.0233218
v 0.008800000000000002 0.0552 0.0248
v 0.008800000000000002 0.054400000000000004 0.0248
v 0.008800000000000002 0.0542174 0.0257185
v 0.008800000000000002 0.054956500000000005 0.0260246
v 0.008800000000000002 0.053696999999999995 0.026497
v 0.008800000000000002 0.0542627 0.0270627
v 0.008800000000000002 0.05291849999999999 0.0270174
v 0.008800000000000002 0.0532246 0.0277565
v 0.008800000000000002 0.052000000000000005 0.0272
v 0.008800000000000002 0.052000000000000005 0.028
v 0.008800000000000002 0.0510815 0.0270174
v 0.008800000000000002 0.0507754 0.0277565
v 0.008800000000000002 0.050303 0.026497
v 0.008800000000000002 0.0497373 0.0270627
v 0.008800000000000002 0.049782599999999996 0.0257185
v 0.008800000000000002 0.049043500000000004 0.0260246
v 0.008800000000000002 0.049600000000000005 0.0248
v 0.008800000000000002 0.048799999999999996 0.0248
v 0.008800000000000002 0.049782599999999996 0.0238815
v 0.008800000000000002 0.049043500000000004 0.0235754
v 0.008800000000000002 0.050303 0.023103
v 0.008800000000000002 0.0497373 0.0225373
v 0.008800000000000002 0.0510815 0.0225826
v 0.008800000000000002 0.0507754 0.0218435
v 0.008800000000000002 0.052000000000000005 0.0224
v 0.008800000000000002 0.052000000000000005 0.0216
v 0.008800000000000002 0.05291849999999999 0.0225826
v 0.008800000000000002 0.0532246 0.0218435
v 0.008800000000000002 0.053696999999999995 0.023103
v 0.008800000000000002 0.0542627 0.0225373
v 0.008800000000000002 0.0542174 0.0238815
v 0.008800000000000002 0.054956500000000005 0.0235754
v 0.016000000000000004 0.053131399999999995 0.0236686
v 0.016000000000000004 0.0536971 0.0231029
v 0.016000000000000004 0.052918400000000004 0.0225827
v 0.016000000000000004 0.053478200000000004 0.0241877
v 0.016000000000000004 0.054217299999999996 0.0238816
v 0.016000000000000004 0.053599999999999995 0.0248
v 0.016000000000000004 0.05440010000000001 0.0248
v 0.016000000000000004 0.053478200000000004 0.0254123
v 0.016000000000000004 0.054217299999999996 0.0257184
v 0.016000000000000004 0.053131399999999995 0.0259314
v 0.016000000000000004 0.0536971 0.0264971
v 0.016000000000000004 0.0526123 0.0262782
v 0.016000000000000004 0.052918400000000004 0.0270173
v 0.016000000000000004 0.0508686 0.0259314
v 0.016000000000000004 0.0503029 0.0264971
v 0.016000000000000004 0.051081600000000005 0.0270173
v 0.016000000000000004 0.050521800000000006 0.0254123
v 0.016000000000000004 0.0497827 0.0257184
v 0.016000000000000004 0.0504 0.0248
v 0.016000000000000004 0.0495999 0.0248
v 0.016000000000000004 0.050521800000000006 0.0241877
v 0.016000000000000004 0.0497827 0.0238816
v 0.016000000000000004 0.0508686 0.0236686
v 0.016000000000000004 0.0503029 0.0231029
v 0.016000000000000004 0.051387699999999994 0.0233218
v 0.016000000000000004 0.051081600000000005 0.0225827
v 0.015200000000000002 0.0536971 0.0231029
v 0.015200000000000002 0.0538385 0.0229615
v 0.015200000000000002 0.052995 0.0223979
v 0.015200000000000002 0.054217299999999996 0.0238816
v 0.015200000000000002 0.054402099999999995 0.023805
v 0.015200000000000002 0.05440010000000001 0.0248
v 0.015200000000000002 0.0546001 0.0248
v 0.015200000000000002 0.054217299999999996 0.0257184
v 0.015200000000000002 0.054402099999999995 0.025795
v 0.015200000000000002 0.0536971 0.0264971
v 0.015200000000000002 0.0538385 0.0266385
v 0.015200000000000002 0.052995 0.0272021
v 0.015200000000000002 0.0503029 0.0264971
v 0.015200000000000002 0.0501615 0.0266385
v 0.015200000000000002 0.051004999999999995 0.0272021
v 0.015200000000000002 0.0497827 0.0257184
v 0.015200000000000002 0.0495979 0.025795
v 0.015200000000000002 0.0495999 0.0248
v 0.015200000000000002 0.0493999 0.0248
v 0.015200000000000002 0.0497827 0.0238816
v 0.015200000000000002 0.0495979 0.023805
v 0.015200000000000002 0.0503029 0.0231029
v 0.015200000000000002 0.0501615 0.0229615
v 0.015200000000000002 0.051004999999999995 0.0223979
v 0.016000000000000004 0.0538385 0.0229615
v 0.016000000000000004 0.052995 0.0223979
v 0.016000000000000004 0.054402099999999995 0.023805
v 0.016000000000000004 0.0546001 0.0248
v 0.016000000000000004 0.054402099999999995 0.025795
v 0.016000000000000004 0.0538385 0.0266385
v 0.016000000000000004 0.052995 0.0272021
v 0.016000000000000004 0.0501615 0.0266385
v 0.016000000000000004 0.051004999999999995 0.0272021
v 0.016000000000000004 0.0495979 0.025795
v 0.016000000000000004 0.0493999 0.0248
v 0.016000000000000004 0.0495979 0.023805
v 0.016000000000000004 0.0501615 0.0229615
v 0.016000000000000004 0.051004999999999995 0.0223979
v 0.012630400000000003 0.052153099999999994 0.0271695
v 0.012717200000000005 0.052282800000000004 0.0271437
v 0.012846900000000005 0.0523696 0.0271265
v 0.013000000000000005 0.0524 0.0271204
v 0.012630400000000003 0.0518469 0.0271695
v 0.012717200000000005 0.051717200000000005 0.0271437
v 0.012846900000000005 0.05163040000000001 0.0271265
v 0.013000000000000005 0.05160000000000001 0.0271204
v 0.012630400000000003 0.0518469 0.0224305
v 0.012717200000000005 0.051717200000000005 0.0224563
v 0.012846900000000005 0.05163040000000001 0.0224735
v 0.013000000000000005 0.05160000000000001 0.0224796
v 0.012630400000000003 0.052153099999999994 0.0224305
v 0.012717200000000005 0.052282800000000004 0.0224563
v 0.012846900000000005 0.0523696 0.0224735
v 0.013000000000000005 0.0524 0.0224796
v 0.012630400000000003 0.052153099999999994 0.0263695
v 0.012717200000000005 0.052282800000000004 0.0263437
v 0.012846900000000005 0.0523696 0.0263265
v 0.013000000000000005 0.0524 0.0263204
v 0.012630400000000003 0.0518469 0.0263695
v 0.012717200000000005 0.051717200000000005 0.0263437
v 0.012846900000000005 0.05163040000000001 0.0263265
v 0.013000000000000005 0.05160000000000001 0.0263204
v 0.012630400000000003 0.0518469 0.0232305
v 0.012717200000000005 0.051717200000000005 0.0232563
v 0.012846900000000005 0.05163040000000001 0.0232735
v 0.013000000000000005 0.05160000000000001 0.0232796
v 0.012630400000000003 0.052153099999999994 0.0232305
v 0.012717200000000005 0.052282800000000004 0.0232563
v 0.012846900000000005 0.0523696 0.0232735
v 0.013000000000000005 0.0524 0.0232796
v 0.012600000000000004 0.052000000000000005 0.0272
v 0.012630400000000003 0.052153099999999994 0.0271695
v 0.012630400000000003 0.052153099999999994 0.0263695
v 0.012600000000000004 0.052000000000000005 0.0264
v 0.012717200000000005 0.052282800000000004 0.0271437
v 0.012717200000000005 0.052282800000000004 0.0263437
v 0.012846900000000005 0.0523696 0.0271265
v 0.012846900000000005 0.0523696 0.0263265
v 0.012630400000000003 0.0518469 0.0271695
v 0.012630400000000003 0.0518469 0.0263695
v 0.012717200000000005 0.051717200000000005 0.0271437
v 0.012717200000000005 0.051717200000000005 0.0263437
v 0.012846900000000005 0.05163040000000001 0.0271265
v 0.012846900000000005 0.05163040000000001 0.0263265
v 0.012600000000000004 0.052000000000000005 0.0224
v 0.012630400000000003 0.0518469 0.0224305
v 0.012630400000000003 0.0518469 0.0232305
v 0.012600000000000004 0.052000000000000005 0.0232
v 0.012717200000000005 0.051717200000000005 0.0224563
v 0.012717200000000005 0.051717200000000005 0.0232563
v 0.012846900000000005 0.05163040000000001 0.0224735
v 0.012846900000000005 0.05163040000000001 0.0232735
v 0.012630400000000003 0.052153099999999994 0.0224305
v 0.012630400000000003 0.052153099999999994 0.0232305
v 0.012717200000000005 0.052282800000000004 0.0224563
v 0.012717200000000005 0.052282800000000004 0.0232563
v 0.012846900000000005 0.0523696 0.0224735
v 0.012846900000000005 0.0523696 0.0232735
v -0.015199999999999997 0.0524 0.0224796
v -0.015199999999999997 0.052918400000000004 0.0225828
v -0.012599999999999997 0.052918400000000004 0.0225828
v -0.012599999999999997 0.0524 0.0224796
v -0.015199999999999997 0.052918400000000004 0.0270172
v -0.015199999999999997 0.0524 0.0271204
v -0.012599999999999997 0.0524 0.0271204
v -0.012599999999999997 0.052918400000000004 0.0270172
v -0.015199999999999997 0.05160000000000001 0.0271204
v -0.015199999999999997 0.051081600000000005 0.0270172
v -0.012599999999999997 0.051081600000000005 0.0270172
v -0.012599999999999997 0.05160000000000001 0.0271204
v -0.015199999999999997 0.051081600000000005 0.0225828
v -0.015199999999999997 0.05160000000000001 0.0224796
v -0.012599999999999997 0.05160000000000001 0.0224796
v -0.012599999999999997 0.051081600000000005 0.0225828
v -0.015199999999999997 0.0524 0.0222796
v -0.015199999999999997 0.052995200000000006 0.022398
v -0.015199999999999997 0.052918400000000004 0.0225828
v -0.015199999999999997 0.0524 0.0224796
v -0.015199999999999997 0.052995200000000006 0.027202
v -0.015199999999999997 0.0524 0.0273204
v -0.015199999999999997 0.0524 0.0271204
v -0.015199999999999997 0.052918400000000004 0.0270172
v -0.015199999999999997 0.05160000000000001 0.0273204
v -0.015199999999999997 0.0510048 0.027202
v -0.015199999999999997 0.051081600000000005 0.0270172
v -0.015199999999999997 0.05160000000000001 0.0271204
v -0.015199999999999997 0.0510048 0.022398
v -0.015199999999999997 0.05160000000000001 0.0222796
v -0.015199999999999997 0.05160000000000001 0.0224796
v -0.015199999999999997 0.051081600000000005 0.0225828
v -0.015999999999999997 0.0524 0.0222796
v -0.015999999999999997 0.052995200000000006 0.022398
v -0.015199999999999997 0.052995200000000006 0.022398
v -0.015199999999999997 0.0524 0.0222796
v -0.015999999999999997 0.052995200000000006 0.027202
v -0.015999999999999997 0.0524 0.0273204
v -0.015199999999999997 0.0524 0.0273204
v -0.015199999999999997 0.052995200000000006 0.027202
v -0.015999999999999997 0.05160000000000001 0.0273204
v -0.015999999999999997 0.0510048 0.027202
v -0.015199999999999997 0.0510048 0.027202
v -0.015199999999999997 0.05160000000000001 0.0273204
v -0.015999999999999997 0.0510048 0.022398
v -0.015999999999999997 0.05160000000000001 0.0222796
v -0.015199999999999997 0.05160000000000001 0.0222796
v -0.015199999999999997 0.0510048 0.022398
v -0.012999999999999998 0.0524 0.0232796
v -0.015199999999999997 0.0524 0.0232796
v -0.015199999999999997 0.0524 0.0224796
v -0.012999999999999998 0.0524 0.0224796
v -0.015999999999999997 0.0524 0.0232796
v -0.015999999999999997 0.0524 0.0222796
v -0.015199999999999997 0.0524 0.0222796
v -0.015999999999999997 0.0524 0.0232796
v -0.015999999999999997 0.052612400000000004 0.0233216
v -0.015999999999999997 0.052995200000000006 0.022398
v -0.015999999999999997 0.0524 0.0222796
v -0.015999999999999997 0.052612400000000004 0.0262784
v -0.015999999999999997 0.0524 0.0263204
v -0.015999999999999997 0.0524 0.0273204
v -0.015999999999999997 0.052995200000000006 0.027202
v -0.015199999999999997 0.0524 0.0263204
v -0.015199999999999997 0.0524 0.0273204
v -0.015999999999999997 0.0524 0.0273204
v -0.015999999999999997 0.0524 0.0263204
v -0.012999999999999998 0.0524 0.0263204
v -0.012999999999999998 0.0524 0.0271204
v -0.015199999999999997 0.0524 0.0271204
v -0.012999999999999998 0.05160000000000001 0.0263204
v -0.015199999999999997 0.05160000000000001 0.0263204
v -0.015199999999999997 0.05160000000000001 0.0271204
v -0.012999999999999998 0.05160000000000001 0.0271204
v -0.015999999999999997 0.05160000000000001 0.0263204
v -0.015999999999999997 0.05160000000000001 0.0273204
v -0.015199999999999997 0.05160000000000001 0.0273204
v -0.015999999999999997 0.05160000000000001 0.0263204
v -0.015999999999999997 0.051387600000000005 0.0262784
v -0.015999999999999997 0.0510048 0.027202
v -0.015999999999999997 0.05160000000000001 0.0273204
v -0.015999999999999997 0.051387600000000005 0.0233216
v -0.015999999999999997 0.05160000000000001 0.0232796
v -0.015999999999999997 0.05160000000000001 0.0222796
v -0.015999999999999997 0.0510048 0.022398
v -0.015999999999999997 0.05160000000000001 0.0232796
v -0.015199999999999997 0.05160000000000001 0.0232796
v -0.015199999999999997 0.05160000000000001 0.0222796
v -0.015999999999999997 0.05160000000000001 0.0222796
v -0.012999999999999998 0.05160000000000001 0.0232796
v -0.012999999999999998 0.05160000000000001 0.0224796
v -0.015199999999999997 0.05160000000000001 0.0224796
v -0.012599999999999997 0.0524 0.0232796
v -0.012599999999999997 0.052612400000000004 0.0233216
v -0.015999999999999997 0.052612400000000004 0.0233216
v -0.015999999999999997 0.0524 0.0232796
v -0.012599999999999997 0.052612400000000004 0.0262784
v -0.012599999999999997 0.0524 0.0263204
v -0.015999999999999997 0.0524 0.0263204
v -0.015999999999999997 0.052612400000000004 0.0262784
v -0.012599999999999997 0.05160000000000001 0.0263204
v -0.012599999999999997 0.051387600000000005 0.0262784
v -0.015999999999999997 0.051387600000000005 0.0262784
v -0.015999999999999997 0.05160000000000001 0.0263204
v -0.012599999999999997 0.051387600000000005 0.0233216
v -0.012599999999999997 0.05160000000000001 0.0232796
v -0.015999999999999997 0.05160000000000001 0.0232796
v -0.015999999999999997 0.051387600000000005 0.0233216
v -0.012599999999999997 0.052000000000000005 0.0224
v -0.008799999999999997 0.05291849999999999 0.0225826
v -0.008799999999999997 0.052000000000000005 0.0224
v -0.012599999999999997 0.053696999999999995 0.023103
v -0.008799999999999997 0.053696999999999995 0.023103
v -0.012599999999999997 0.0542174 0.0238815
v -0.008799999999999997 0.0542174 0.0238815
v -0.012599999999999997 0.054400000000000004 0.0248
v -0.008799999999999997 0.054400000000000004 0.0248
v -0.012599999999999997 0.0542174 0.0257185
v -0.008799999999999997 0.0542174 0.0257185
v -0.012599999999999997 0.053696999999999995 0.026497
v -0.008799999999999997 0.053696999999999995 0.026497
v -0.008799999999999997 0.05291849999999999 0.0270174
v -0.012599999999999997 0.052000000000000005 0.0272
v -0.008799999999999997 0.052000000000000005 0.0272
v -0.008799999999999997 0.0510815 0.0270174
v -0.012599999999999997 0.050303 0.026497
v -0.008799999999999997 0.050303 0.026497
v -0.012599999999999997 0.049782599999999996 0.0257185
v -0.008799999999999997 0.049782599999999996 0.0257185
v -0.012599999999999997 0.049600000000000005 0.0248
v -0.008799999999999997 0.049600000000000005 0.0248
v -0.012599999999999997 0.049782599999999996 0.0238815
v -0.008799999999999997 0.049782599999999996 0.0238815
v -0.012599999999999997 0.050303 0.023103
v -0.008799999999999997 0.050303 0.023103
v -0.008799999999999997 0.0510815 0.0225826
v -0.015199999999999997 0.0503029 0.0264971
v -0.015199999999999997 0.0497827 0.0257184
v -0.015199999999999997 0.0495999 0.0248
v -0.015199999999999997 0.0497827 0.0238816
v -0.015199999999999997 0.0503029 0.0231029
v -0.015199999999999997 0.0536971 0.0231029
v -0.015199999999999997 0.054217299999999996 0.0238816
v -0.015199999999999997 0.054400000000000004 0.0248
v -0.015199999999999997 0.054217299999999996 0.0257184
v -0.015199999999999997 0.0536971 0.0264971
v -0.015199999999999997 0.052995 0.0223979
v -0.015999999999999997 0.052995 0.0223979
v -0.015999999999999997 0.0538385 0.0229615
v -0.015199999999999997 0.0538385 0.0229615
v -0.015999999999999997 0.054402000000000006 0.023805
v -0.015199999999999997 0.054402000000000006 0.023805
v -0.015999999999999997 0.0546001 0.0248
v -0.015199999999999997 0.0546001 0.0248
v -0.015999999999999997 0.054402099999999995 0.025795
v -0.015199999999999997 0.054402099999999995 0.025795
v -0.015999999999999997 0.0538385 0.0266385
v -0.015199999999999997 0.0538385 0.0266385
v -0.015999999999999997 0.052995 0.0272021
v -0.015199999999999997 0.052995 0.0272021
v -0.015199999999999997 0.051004999999999995 0.0272021
v -0.015999999999999997 0.051004999999999995 0.0272021
v -0.015999999999999997 0.0501615 0.0266385
v -0.015199999999999997 0.0501615 0.0266385
v -0.015999999999999997 0.0495979 0.025795
v -0.015199999999999997 0.0495979 0.025795
v -0.015999999999999997 0.0493999 0.0248
v -0.015199999999999997 0.0493999 0.0248
v -0.015999999999999997 0.0495979 0.023805
v -0.015199999999999997 0.0495979 0.023805
v -0.015999999999999997 0.0501615 0.0229615
v -0.015199999999999997 0.0501615 0.0229615
v -0.015999999999999997 0.051004999999999995 0.0223979
v -0.015199999999999997 0.051004999999999995 0.0223979
v -0.008799999999999997 0.052000000000000005 0.0216
v -0.008799999999999997 0.0532246 0.0218435
v -0.007999999999999997 0.0532246 0.0218435
v -0.007999999999999997 0.052000000000000005 0.0216
v -0.008799999999999997 0.0542627 0.0225373
v -0.007999999999999997 0.0542627 0.0225373
v -0.008799999999999997 0.054956500000000005 0.0235754
v -0.007999999999999997 0.054956500000000005 0.0235754
v -0.008799999999999997 0.0552 0.0248
v -0.007999999999999997 0.0552 0.0248
v -0.008799999999999997 0.054956500000000005 0.0260246
v -0.007999999999999997 0.054956500000000005 0.0260246
v -0.008799999999999997 0.0542627 0.0270627
v -0.007999999999999997 0.0542627 0.0270627
v -0.008799999999999997 0.0532246 0.0277565
v -0.007999999999999997 0.0532246 0.0277565
v -0.008799999999999997 0.052000000000000005 0.028
v -0.007999999999999997 0.052000000000000005 0.028
v -0.008799999999999997 0.0507754 0.0277565
v -0.007999999999999997 0.0507754 0.0277565
v -0.008799999999999997 0.0497373 0.0270627
v -0.007999999999999997 0.0497373 0.0270627
v -0.008799999999999997 0.049043500000000004 0.0260246
v -0.007999999999999997 0.049043500000000004 0.0260246
v -0.008799999999999997 0.048799999999999996 0.0248
v -0.007999999999999997 0.048799999999999996 0.0248
v -0.008799999999999997 0.049043500000000004 0.0235754
v -0.007999999999999997 0.049043500000000004 0.0235754
v -0.008799999999999997 0.0497373 0.0225373
v -0.007999999999999997 0.0497373 0.0225373
v -0.008799999999999997 0.0507754 0.0218435
v -0.007999999999999997 0.0507754 0.0218435
v -0.012599999999999997 0.052000000000000005 0.0232
v -0.007999999999999997 0.0526123 0.0233218
v -0.007999999999999997 0.052000000000000005 0.0232
v -0.012599999999999997 0.053131399999999995 0.0236686
v -0.007999999999999997 0.053131399999999995 0.0236686
v -0.012599999999999997 0.053478200000000004 0.0241877
v -0.007999999999999997 0.053478200000000004 0.0241877
v -0.012599999999999997 0.053599999999999995 0.0248
v -0.007999999999999997 0.053599999999999995 0.0248
v -0.012599999999999997 0.053478200000000004 0.0254123
v -0.007999999999999997 0.053478200000000004 0.0254123
v -0.012599999999999997 0.053131399999999995 0.0259314
v -0.007999999999999997 0.053131399999999995 0.0259314
v -0.007999999999999997 0.0526123 0.0262782
v -0.012599999999999997 0.052000000000000005 0.0264
v -0.007999999999999997 0.052000000000000005 0.0264
v -0.007999999999999997 0.051387699999999994 0.0262782
v -0.012599999999999997 0.0508686 0.0259314
v -0.007999999999999997 0.0508686 0.0259314
v -0.012599999999999997 0.050521800000000006 0.0254123
v -0.007999999999999997 0.050521800000000006 0.0254123
v -0.012599999999999997 0.0504 0.0248
v -0.007999999999999997 0.0504 0.0248
v -0.012599999999999997 0.050521800000000006 0.0241877
v -0.007999999999999997 0.050521800000000006 0.0241877
v -0.012599999999999997 0.0508686 0.0236686
v -0.007999999999999997 0.0508686 0.0236686
v -0.007999999999999997 0.051387699999999994 0.0233218
v -0.015999999999999997 0.053131399999999995 0.0236686
v -0.012599999999999997 0.053131399999999995 0.0236686
v -0.015999999999999997 0.053478200000000004 0.0241877
v -0.012599999999999997 0.053478200000000004 0.0241877
v -0.015999999999999997 0.053599999999999995 0.0248
v -0.015999999999999997 0.053478200000000004 0.0254123
v -0.015999999999999997 0.053131399999999995 0.0259314
v -0.012599999999999997 0.053131399999999995 0.0259314
v -0.015999999999999997 0.0526123 0.0262782
v -0.012599999999999997 0.0526123 0.0262782
v -0.015999999999999997 0.0508686 0.0259314
v -0.012599999999999997 0.0508686 0.0259314
v -0.015999999999999997 0.050521800000000006 0.0254123
v -0.012599999999999997 0.050521800000000006 0.0254123
v -0.015999999999999997 0.0504 0.0248
v -0.015999999999999997 0.050521800000000006 0.0241877
v -0.015999999999999997 0.0508686 0.0236686
v -0.012599999999999997 0.0508686 0.0236686
v -0.015999999999999997 0.051387699999999994 0.0233218
v -0.012599999999999997 0.051387699999999994 0.0233218
v -0.008799999999999997 0.0552 0.0248
v -0.008799999999999997 0.054400000000000004 0.0248
v -0.008799999999999997 0.0542174 0.0257185
v -0.008799999999999997 0.054956500000000005 0.0260246
v -0.008799999999999997 0.053696999999999995 0.026497
v -0.008799999999999997 0.0542627 0.0270627
v -0.008799999999999997 0.05291849999999999 0.0270174
v -0.008799999999999997 0.0532246 0.0277565
v -0.008799999999999997 0.052000000000000005 0.0272
v -0.008799999999999997 0.052000000000000005 0.028
v -0.008799999999999997 0.0510815 0.0270174
v -0.008799999999999997 0.0507754 0.0277565
v -0.008799999999999997 0.050303 0.026497
v -0.008799999999999997 0.0497373 0.0270627
v -0.008799999999999997 0.049782599999999996 0.0257185
v -0.008799999999999997 0.049043500000000004 0.0260246
v -0.008799999999999997 0.049600000000000005 0.0248
v -0.008799999999999997 0.048799999999999996 0.0248
v -0.008799999999999997 0.049782599999999996 0.0238815
v -0.008799999999999997 0.049043500000000004 0.0235754
v -0.008799999999999997 0.050303 0.023103
v -0.008799999999999997 0.0497373 0.0225373
v -0.008799999999999997 0.0510815 0.0225826
v -0.008799999999999997 0.0507754 0.0218435
v -0.008799999999999997 0.052000000000000005 0.0224
v -0.008799999999999997 0.052000000000000005 0.0216
v -0.008799999999999997 0.05291849999999999 0.0225826
v -0.008799999999999997 0.0532246 0.0218435
v -0.008799999999999997 0.053696999999999995 0.023103
v -0.008799999999999997 0.0542627 0.0225373
v -0.008799999999999997 0.0542174 0.0238815
v -0.008799999999999997 0.054956500000000005 0.0235754
v -0.015999999999999997 0.053131399999999995 0.0236686
v -0.015999999999999997 0.0536971 0.0231029
v -0.015999999999999997 0.052918400000000004 0.0225827
v -0.015999999999999997 0.053478200000000004 0.0241877
v -0.015999999999999997 0.054217299999999996 0.0238816
v -0.015999999999999997 0.053599999999999995 0.0248
v -0.015999999999999997 0.054400000000000004 0.0248
v -0.015999999999999997 0.053478200000000004 0.0254123
v -0.015999999999999997 0.054217299999999996 0.0257184
v -0.015999999999999997 0.053131399999999995 0.0259314
v -0.015999999999999997 0.0536971 0.0264971
v -0.015999999999999997 0.0526123 0.0262782
v -0.015999999999999997 0.052918400000000004 0.0270173
v -0.015999999999999997 0.0508686 0.0259314
v -0.015999999999999997 0.0503029 0.0264971
v -0.015999999999999997 0.0510815 0.0270173
v -0.015999999999999997 0.050521800000000006 0.0254123
v -0.015999999999999997 0.0497827 0.0257184
v -0.015999999999999997 0.0503999 0.0248
v -0.015999999999999997 0.0495999 0.0248
v -0.015999999999999997 0.050521800000000006 0.0241877
v -0.015999999999999997 0.0497827 0.0238816
v -0.015999999999999997 0.0508686 0.0236686
v -0.015999999999999997 0.0503029 0.0231029
v -0.015999999999999997 0.051387699999999994 0.0233218
v -0.015999999999999997 0.051081600000000005 0.0225827
v -0.015199999999999997 0.0536971 0.0231029
v -0.015199999999999997 0.0538385 0.0229615
v -0.015199999999999997 0.052995 0.0223979
v -0.015199999999999997 0.054217299999999996 0.0238816
v -0.015199999999999997 0.054402000000000006 0.023805
v -0.015199999999999997 0.054400000000000004 0.0248
v -0.015199999999999997 0.054599999999999996 0.0248
v -0.015199999999999997 0.054217299999999996 0.0257184
v -0.015199999999999997 0.054402099999999995 0.025795
v -0.015199999999999997 0.0536971 0.0264971
v -0.015199999999999997 0.0538385 0.0266385
v -0.015199999999999997 0.052995 0.0272021
v -0.015199999999999997 0.0503029 0.0264971
v -0.015199999999999997 0.0501615 0.0266385
v -0.015199999999999997 0.051004999999999995 0.0272021
v -0.015199999999999997 0.0497827 0.0257184
v -0.015199999999999997 0.0495979 0.025795
v -0.015199999999999997 0.0495999 0.0248
v -0.015199999999999997 0.0493999 0.0248
v -0.015199999999999997 0.0497827 0.0238816
v -0.015199999999999997 0.0495979 0.023805
v -0.015199999999999997 0.0503029 0.0231029
v -0.015199999999999997 0.0501615 0.0229615
v -0.015199999999999997 0.051004999999999995 0.0223979
v -0.015999999999999997 0.0538385 0.0229615
v -0.015999999999999997 0.052995 0.0223979
v -0.015999999999999997 0.054402000000000006 0.023805
v -0.015999999999999997 0.054599999999999996 0.0248
v -0.015999999999999997 0.054402099999999995 0.025795
v -0.015999999999999997 0.0538385 0.0266385
v -0.015999999999999997 0.052995 0.0272021
v -0.015999999999999997 0.0501615 0.0266385
v -0.015999999999999997 0.051004999999999995 0.0272021
v -0.015999999999999997 0.0495979 0.025795
v -0.015999999999999997 0.0493999 0.0248
v -0.015999999999999997 0.0495979 0.023805
v -0.015999999999999997 0.0501615 0.0229615
v -0.015999999999999997 0.051004999999999995 0.0223979
v -0.012630399999999996 0.052153099999999994 0.0271695
v -0.012717199999999998 0.052282800000000004 0.0271437
v -0.012846899999999998 0.0523696 0.0271265
v -0.012999999999999998 0.0524 0.0271204
v -0.012630399999999996 0.0518469 0.0271695
v -0.012717199999999998 0.051717200000000005 0.0271437
v -0.012846899999999998 0.05163040000000001 0.0271265
v -0.012999999999999998 0.05160000000000001 0.0271204
v -0.012630399999999996 0.0518469 0.0224305
v -0.012717199999999998 0.051717200000000005 0.0224563
v -0.012846899999999998 0.05163040000000001 0.0224735
v -0.012999999999999998 0.05160000000000001 0.0224796
v -0.012630399999999996 0.052153099999999994 0.0224305
v -0.012717199999999998 0.052282800000000004 0.0224563
v -0.012846899999999998 0.0523696 0.0224735
v -0.012999999999999998 0.0524 0.0224796
v -0.012630399999999996 0.052153099999999994 0.0263695
v -0.012717199999999998 0.052282800000000004 0.0263437
v -0.012846899999999998 0.0523696 0.0263265
v -0.012999999999999998 0.0524 0.0263204
v -0.012630399999999996 0.0518469 0.0263695
v -0.012717199999999998 0.051717200000000005 0.0263437
v -0.012846899999999998 0.05163040000000001 0.0263265
v -0.012999999999999998 0.05160000000000001 0.0263204
v -0.012630399999999996 0.0518469 0.0232305
v -0.012717199999999998 0.051717200000000005 0.0232563
v -0.012846899999999998 0.05163040000000001 0.0232735
v -0.012999999999999998 0.05160000000000001 0.0232796
v -0.012630399999999996 0.052153099999999994 0.0232305
v -0.012717199999999998 0.052282800000000004 0.0232563
v -0.012846899999999998 0.0523696 0.0232735
v -0.012999999999999998 0.0524 0.0232796
v -0.012599999999999997 0.052000000000000005 0.0272
v -0.012630399999999996 0.052153099999999994 0.0271695
v -0.012630399999999996 0.052153099999999994 0.0263695
v -0.012599999999999997 0.052000000000000005 0.0264
v -0.012717199999999998 0.052282800000000004 0.0271437
v -0.012717199999999998 0.052282800000000004 0.0263437
v -0.012846899999999998 0.0523696 0.0271265
v -0.012846899999999998 0.0523696 0.0263265
v -0.012630399999999996 0.0518469 0.0271695
v -0.012630399999999996 0.0518469 0.0263695
v -0.012717199999999998 0.051717200000000005 0.0271437
v -0.012717199999999998 0.051717200000000005 0.0263437
v -0.012846899999999998 0.05163040000000001 0.0271265
v -0.012846899999999998 0.05163040000000001 0.0263265
v -0.012599999999999997 0.052000000000000005 0.0224
v -0.012630399999999996 0.0518469 0.0224305
v -0.012630399999999996 0.0518469 0.0232305
v -0.012599999999999997 0.052000000000000005 0.0232
v -0.012717199999999998 0.051717200000000005 0.0224563
v -0.012717199999999998 0.051717200000000005 0.0232563
v -0.012846899999999998 0.05163040000000001 0.0224735
v -0.012846899999999998 0.05163040000000001 0.0232735
v -0.012630399999999996 0.052153099999999994 0.0224305
v -0.012630399999999996 0.052153099999999994 0.0232305
v -0.012717199999999998 0.052282800000000004 0.0224563
v -0.012717199999999998 0.052282800000000004 0.0232563
v -0.012846899999999998 0.0523696 0.0224735
v -0.012846899999999998 0.0523696 0.0232735
v -0.003999999999999997 0.053599999999999995 0.0288
v -0.0030814999999999966 0.0537826 0.0288
v -0.0030814999999999966 0.0537826 0.0304
v -0.003999999999999997 0.053599999999999995 0.0304
v -0.002302999999999997 0.054303000000000004 0.0288
v -0.002302999999999997 0.054303000000000004 0.0304
v -0.001782599999999997 0.055081500000000005 0.0288
v -0.001782599999999997 0.055081500000000005 0.0304
v -0.0015999999999999964 0.055999999999999994 0.0288
v -0.0015999999999999964 0.055999999999999994 0.0304
v -0.001782599999999997 0.0569185 0.0288
v -0.001782599999999997 0.0569185 0.0304
v -0.002302999999999997 0.057697 0.0288
v -0.002302999999999997 0.057697 0.0304
v -0.0030814999999999966 0.0582174 0.0288
v -0.0030814999999999966 0.0582174 0.0304
v -0.003999999999999997 0.058399999999999994 0.0288
v -0.003999999999999997 0.058399999999999994 0.0304
v -0.004918499999999997 0.0582174 0.0288
v -0.004918499999999997 0.0582174 0.0304
v -0.005696999999999997 0.057697 0.0288
v -0.005696999999999997 0.057697 0.0304
v -0.006217399999999996 0.0569185 0.0288
v -0.006217399999999996 0.0569185 0.0304
v -0.006399999999999997 0.055999999999999994 0.0288
v -0.006399999999999997 0.055999999999999994 0.0304
v -0.006217399999999996 0.055081500000000005 0.0288
v -0.006217399999999996 0.055081500000000005 0.0304
v -0.005696999999999997 0.054303000000000004 0.0288
v -0.005696999999999997 0.054303000000000004 0.0304
v -0.004918499999999997 0.0537826 0.0288
v -0.004918499999999997 0.0537826 0.0304
v -0.0030814999999999966 0.0537826 0.0304
v -0.003999999999999997 0.053599999999999995 0.0304
v -0.003999999999999997 0.055999999999999994 0.0304
v -0.002302999999999997 0.054303000000000004 0.0304
v -0.001782599999999997 0.055081500000000005 0.0304
v -0.0015999999999999964 0.055999999999999994 0.0304
v -0.001782599999999997 0.0569185 0.0304
v -0.002302999999999997 0.057697 0.0304
v -0.0030814999999999966 0.0582174 0.0304
v -0.003999999999999997 0.058399999999999994 0.0304
v -0.004918499999999997 0.0582174 0.0304
v -0.005696999999999997 0.057697 0.0304
v -0.006217399999999996 0.0569185 0.0304
v -0.006399999999999997 0.055999999999999994 0.0304
v -0.006217399999999996 0.055081500000000005 0.0304
v -0.005696999999999997 0.054303000000000004 0.0304
v -0.004918499999999997 0.0537826 0.0304
v -0.003999999999999997 0.0456 0.0288
v -0.0030814999999999966 0.04578260000000001 0.0288
v -0.0030814999999999966 0.04578260000000001 0.0304
v -0.003999999999999997 0.0456 0.0304
v -0.002302999999999997 0.046303 0.0288
v -0.002302999999999997 0.046303 0.0304
v -0.001782599999999997 0.0470815 0.0288
v -0.001782599999999997 0.0470815 0.0304
v -0.0015999999999999964 0.048 0.0288
v -0.0015999999999999964 0.048 0.0304
v -0.001782599999999997 0.048918500000000004 0.0288
v -0.001782599999999997 0.048918500000000004 0.0304
v -0.002302999999999997 0.049697000000000005 0.0288
v -0.002302999999999997 0.049697000000000005 0.0304
v -0.0030814999999999966 0.050217399999999995 0.0288
v -0.0030814999999999966 0.050217399999999995 0.0304
v -0.003999999999999997 0.0504 0.0288
v -0.003999999999999997 0.0504 0.0304
v -0.004918499999999997 0.050217399999999995 0.0288
v -0.004918499999999997 0.050217399999999995 0.0304
v -0.005696999999999997 0.049697000000000005 0.0288
v -0.005696999999999997 0.049697000000000005 0.0304
v -0.006217399999999996 0.048918500000000004 0.0288
v -0.006217399999999996 0.048918500000000004 0.0304
v -0.006399999999999997 0.048 0.0288
v -0.006399999999999997 0.048 0.0304
v -0.006217399999999996 0.0470815 0.0288
v -0.006217399999999996 0.0470815 0.0304
v -0.005696999999999997 0.046303 0.0288
v -0.005696999999999997 0.046303 0.0304
v -0.004918499999999997 0.04578260000000001 0.0288
v -0.004918499999999997 0.04578260000000001 0.0304
v -0.0030814999999999966 0.04578260000000001 0.0304
v -0.003999999999999997 0.0456 0.0304
v -0.003999999999999997 0.048 0.0304
v -0.002302999999999997 0.046303 0.0304
v -0.001782599999999997 0.0470815 0.0304
v -0.0015999999999999964 0.048 0.0304
v -0.001782599999999997 0.048918500000000004 0.0304
v -0.002302999999999997 0.049697000000000005 0.0304
v -0.0030814999999999966 0.050217399999999995 0.0304
v -0.003999999999999997 0.0504 0.0304
v -0.004918499999999997 0.050217399999999995 0.0304
v -0.005696999999999997 0.049697000000000005 0.0304
v -0.006217399999999996 0.048918500000000004 0.0304
v -0.006399999999999997 0.048 0.0304
v -0.006217399999999996 0.0470815 0.0304
v -0.005696999999999997 0.046303 0.0304
v -0.004918499999999997 0.04578260000000001 0.0304
v 0.0040000000000000036 0.053599999999999995 0.0288
v 0.004918500000000003 0.0537826 0.0288
v 0.004918500000000003 0.0537826 0.0304
v 0.0040000000000000036 0.053599999999999995 0.0304
v 0.005697000000000004 0.054303000000000004 0.0288
v 0.005697000000000004 0.054303000000000004 0.0304
v 0.006217400000000003 0.055081500000000005 0.0288
v 0.006217400000000003 0.055081500000000005 0.0304
v 0.006400000000000003 0.055999999999999994 0.0288
v 0.006400000000000003 0.055999999999999994 0.0304
v 0.006217400000000003 0.0569185 0.0288
v 0.006217400000000003 0.0569185 0.0304
v 0.005697000000000004 0.057697 0.0288
v 0.005697000000000004 0.057697 0.0304
v 0.004918500000000003 0.0582174 0.0288
v 0.004918500000000003 0.0582174 0.0304
v 0.0040000000000000036 0.058399999999999994 0.0288
v 0.0040000000000000036 0.058399999999999994 0.0304
v 0.0030815000000000026 0.0582174 0.0288
v 0.0030815000000000026 0.0582174 0.0304
v 0.002303000000000003 0.057697 0.0288
v 0.002303000000000003 0.057697 0.0304
v 0.001782600000000004 0.0569185 0.0288
v 0.001782600000000004 0.0569185 0.0304
v 0.0016000000000000025 0.055999999999999994 0.0288
v 0.0016000000000000025 0.055999999999999994 0.0304
v 0.001782600000000004 0.055081500000000005 0.0288
v 0.001782600000000004 0.055081500000000005 0.0304
v 0.002303000000000003 0.054303000000000004 0.0288
v 0.002303000000000003 0.054303000000000004 0.0304
v 0.0030815000000000026 0.0537826 0.0288
v 0.0030815000000000026 0.0537826 0.0304
v 0.004918500000000003 0.0537826 0.0304
v 0.0040000000000000036 0.053599999999999995 0.0304
v 0.0040000000000000036 0.055999999999999994 0.0304
v 0.005697000000000004 0.054303000000000004 0.0304
v 0.006217400000000003 0.055081500000000005 0.0304
v 0.006400000000000003 0.055999999999999994 0.0304
v 0.006217400000000003 0.0569185 0.0304
v 0.005697000000000004 0.057697 0.0304
v 0.004918500000000003 0.0582174 0.0304
v 0.0040000000000000036 0.058399999999999994 0.0304
v 0.0030815000000000026 0.0582174 0.0304
v 0.002303000000000003 0.057697 0.0304
v 0.001782600000000004 0.0569185 0.0304
v 0.0016000000000000025 0.055999999999999994 0.0304
v 0.001782600000000004 0.055081500000000005 0.0304
v 0.002303000000000003 0.054303000000000004 0.0304
v 0.0030815000000000026 0.0537826 0.0304
v 0.0040000000000000036 0.0456 0.0288
v 0.004918500000000003 0.04578260000000001 0.0288
v 0.004918500000000003 0.04578260000000001 0.0304
v 0.0040000000000000036 0.0456 0.0304
v 0.005697000000000004 0.046303 0.0288
v 0.005697000000000004 0.046303 0.0304
v 0.006217400000000003 0.0470815 0.0288
v 0.006217400000000003 0.0470815 0.0304
v 0.006400000000000003 0.048 0.0288
v 0.006400000000000003 0.048 0.0304
v 0.006217400000000003 0.048918500000000004 0.0288
v 0.006217400000000003 0.048918500000000004 0.0304
v 0.005697000000000004 0.049697000000000005 0.0288
v 0.005697000000000004 0.049697000000000005 0.0304
v 0.004918500000000003 0.050217399999999995 0.0288
v 0.004918500000000003 0.050217399999999995 0.0304
v 0.0040000000000000036 0.0504 0.0288
v 0.0040000000000000036 0.0504 0.0304
v 0.0030815000000000026 0.050217399999999995 0.0288
v 0.0030815000000000026 0.050217399999999995 0.0304
v 0.002303000000000003 0.049697000000000005 0.0288
v 0.002303000000000003 0.049697000000000005 0.0304
v 0.001782600000000004 0.048918500000000004 0.0288
v 0.001782600000000004 0.048918500000000004 0.0304
v 0.0016000000000000025 0.048 0.0288
v 0.0016000000000000025 0.048 0.0304
v 0.001782600000000004 0.0470815 0.0288
v 0.001782600000000004 0.0470815 0.0304
v 0.002303000000000003 0.046303 0.0288
v 0.002303000000000003 0.046303 0.0304
v 0.0030815000000000026 0.04578260000000001 0.0288
v 0.0030815000000000026 0.04578260000000001 0.0304
v 0.004918500000000003 0.04578260000000001 0.0304
v 0.0040000000000000036 0.0456 0.0304
v 0.0040000000000000036 0.048 0.0304
v 0.005697000000000004 0.046303 0.0304
v 0.006217400000000003 0.0470815 0.0304
v 0.006400000000000003 0.048 0.0304
v 0.006217400000000003 0.048918500000000004 0.0304
v 0.005697000000000004 0.049697000000000005 0.0304
v 0.004918500000000003 0.050217399999999995 0.0304
v 0.0040000000000000036 0.0504 0.0304
v 0.0030815000000000026 0.050217399999999995 0.0304
v 0.002303000000000003 0.049697000000000005 0.0304
v 0.001782600000000004 0.048918500000000004 0.0304
v 0.0016000000000000025 0.048 0.0304
v 0.001782600000000004 0.0470815 0.0304
v 0.002303000000000003 0.046303 0.0304
v 0.0030815000000000026 0.04578260000000001 0.0304
v 0.010400000000000003 -0.02 0.0192
v 0.010217400000000005 -0.0190815 0.0192
v 0.010217400000000005 -0.0190815 0.0272
v 0.010400000000000003 -0.02 0.0272
v 0.009697000000000004 -0.018303 0.0192
v 0.009697000000000004 -0.018303 0.0272
v 0.008918500000000003 -0.0177826 0.0192
v 0.008918500000000003 -0.0177826 0.0272
v 0.008000000000000004 -0.0176 0.0192
v 0.008000000000000004 -0.0176 0.0272
v 0.007081500000000003 -0.0177826 0.0192
v 0.007081500000000003 -0.0177826 0.0272
v 0.006303000000000003 -0.018303 0.0192
v 0.006303000000000003 -0.018303 0.0272
v 0.005782600000000004 -0.0190815 0.0192
v 0.005782600000000004 -0.0190815 0.0272
v 0.0056000000000000025 -0.02 0.0192
v 0.0056000000000000025 -0.02 0.0272
v 0.005782600000000004 -0.020918500000000003 0.0192
v 0.005782600000000004 -0.020918500000000003 0.0272
v 0.006303000000000003 -0.021696999999999998 0.0192
v 0.006303000000000003 -0.021696999999999998 0.0272
v 0.007081500000000003 -0.0222174 0.0192
v 0.007081500000000003 -0.0222174 0.0272
v 0.008000000000000004 -0.0224 0.0192
v 0.008000000000000004 -0.0224 0.0272
v 0.008918500000000003 -0.0222174 0.0192
v 0.008918500000000003 -0.0222174 0.0272
v 0.009697000000000004 -0.021696999999999998 0.0192
v 0.009697000000000004 -0.021696999999999998 0.0272
v 0.010217400000000005 -0.020918500000000003 0.0192
v 0.010217400000000005 -0.020918500000000003 0.0272
v 0.011200000000000002 -0.02 0.0192
v 0.010956500000000004 -0.0187754 0.0192
v 0.010956500000000004 -0.0187754 0.0272
v 0.011200000000000002 -0.02 0.0272
v 0.010262700000000003 -0.0177373 0.0192
v 0.010262700000000003 -0.0177373 0.0272
v 0.009224600000000003 -0.0170435 0.0192
v 0.009224600000000003 -0.0170435 0.0272
v 0.008000000000000004 -0.0168 0.0192
v 0.008000000000000004 -0.0168 0.0272
v 0.006775400000000003 -0.0170435 0.0192
v 0.006775400000000003 -0.0170435 0.0272
v 0.0057373000000000025 -0.0177373 0.0192
v 0.0057373000000000025 -0.0177373 0.0272
v 0.005043500000000003 -0.0187754 0.0192
v 0.005043500000000003 -0.0187754 0.0272
v 0.004800000000000004 -0.02 0.0192
v 0.004800000000000004 -0.02 0.0272
v 0.005043500000000003 -0.0212246 0.0192
v 0.005043500000000003 -0.0212246 0.0272
v 0.0057373000000000025 -0.0222627 0.0192
v 0.0057373000000000025 -0.0222627 0.0272
v 0.006775400000000003 -0.0229565 0.0192
v 0.006775400000000003 -0.0229565 0.0272
v 0.008000000000000004 -0.023200000000000002 0.0192
v 0.008000000000000004 -0.023200000000000002 0.0272
v 0.009224600000000003 -0.0229565 0.0192
v 0.009224600000000003 -0.0229565 0.0272
v 0.010262700000000003 -0.0222627 0.0192
v 0.010262700000000003 -0.0222627 0.0272
v 0.010956500000000004 -0.0212246 0.0192
v 0.010956500000000004 -0.0212246 0.0272
v 0.008000000000000004 -0.0168 0.0192
v 0.008000000000000004 -0.0176 0.0192
v 0.007081500000000003 -0.0177826 0.0192
v 0.006775400000000003 -0.0170435 0.0192
v 0.006303000000000003 -0.018303 0.0192
v 0.0057373000000000025 -0.0177373 0.0192
v 0.005782600000000004 -0.0190815 0.0192
v 0.005043500000000003 -0.0187754 0.0192
v 0.0056000000000000025 -0.02 0.0192
v 0.004800000000000004 -0.02 0.0192
v 0.005782600000000004 -0.020918500000000003 0.0192
v 0.005043500000000003 -0.0212246 0.0192
v 0.006303000000000003 -0.021696999999999998 0.0192
v 0.0057373000000000025 -0.0222627 0.0192
v 0.007081500000000003 -0.0222174 0.0192
v 0.006775400000000003 -0.0229565 0.0192
v 0.008000000000000004 -0.0224 0.0192
v 0.008000000000000004 -0.023200000000000002 0.0192
v 0.008918500000000003 -0.0222174 0.0192
v 0.009224600000000003 -0.0229565 0.0192
v 0.009697000000000004 -0.021696999999999998 0.0192
v 0.010262700000000003 -0.0222627 0.0192
v 0.010217400000000005 -0.020918500000000003 0.0192
v 0.010956500000000004 -0.0212246 0.0192
v 0.010400000000000003 -0.02 0.0192
v 0.011200000000000002 -0.02 0.0192
v 0.010217400000000005 -0.0190815 0.0192
v 0.010956500000000004 -0.0187754 0.0192
v 0.009697000000000004 -0.018303 0.0192
v 0.010262700000000003 -0.0177373 0.0192
v 0.008918500000000003 -0.0177826 0.0192
v 0.009224600000000003 -0.0170435 0.0192
v 0.002400000000000003 -0.02 0.0192
v 0.002217400000000003 -0.0190815 0.0192
v 0.002217400000000003 -0.0190815 0.0272
v 0.002400000000000003 -0.02 0.0272
v 0.001697000000000004 -0.018303 0.0192
v 0.001697000000000004 -0.018303 0.0272
v 0.0009185000000000026 -0.0177826 0.0192
v 0.0009185000000000026 -0.0177826 0.0272
v 3.469446951953614e-18 -0.0176 0.0192
v 3.469446951953614e-18 -0.0176 0.0272
v -0.0009184999999999966 -0.0177826 0.0192
v -0.0009184999999999966 -0.0177826 0.0272
v -0.0016969999999999971 -0.018303 0.0192
v -0.0016969999999999971 -0.018303 0.0272
v -0.002217399999999997 -0.0190815 0.0192
v -0.002217399999999997 -0.0190815 0.0272
v -0.0023999999999999968 -0.02 0.0192
v -0.0023999999999999968 -0.02 0.0272
v -0.002217399999999997 -0.020918500000000003 0.0192
v -0.002217399999999997 -0.020918500000000003 0.0272
v -0.0016969999999999971 -0.021696999999999998 0.0192
v -0.0016969999999999971 -0.021696999999999998 0.0272
v -0.0009184999999999966 -0.0222174 0.0192
v -0.0009184999999999966 -0.0222174 0.0272
v 3.469446951953614e-18 -0.0224 0.0192
v 3.469446951953614e-18 -0.0224 0.0272
v 0.0009185000000000026 -0.0222174 0.0192
v 0.0009185000000000026 -0.0222174 0.0272
v 0.001697000000000004 -0.021696999999999998 0.0192
v 0.001697000000000004 -0.021696999999999998 0.0272
v 0.002217400000000003 -0.020918500000000003 0.0192
v 0.002217400000000003 -0.020918500000000003 0.0272
v 0.003200000000000003 -0.02 0.0192
v 0.0029565000000000025 -0.0187754 0.0192
v 0.0029565000000000025 -0.0187754 0.0272
v 0.003200000000000003 -0.02 0.0272
v 0.002262700000000003 -0.0177373 0.0192
v 0.002262700000000003 -0.0177373 0.0272
v 0.0012246000000000028 -0.0170435 0.0192
v 0.0012246000000000028 -0.0170435 0.0272
v 3.469446951953614e-18 -0.0168 0.0192
v 3.469446951953614e-18 -0.0168 0.0272
v -0.0012245999999999967 -0.0170435 0.0192
v -0.0012245999999999967 -0.0170435 0.0272
v -0.002262699999999997 -0.0177373 0.0192
v -0.002262699999999997 -0.0177373 0.0272
v -0.0029564999999999965 -0.0187754 0.0192
v -0.0029564999999999965 -0.0187754 0.0272
v -0.003199999999999997 -0.02 0.0192
v -0.003199999999999997 -0.02 0.0272
v -0.0029564999999999965 -0.0212246 0.0192
v -0.0029564999999999965 -0.0212246 0.0272
v -0.002262699999999997 -0.0222627 0.0192
v -0.002262699999999997 -0.0222627 0.0272
v -0.0012245999999999967 -0.0229565 0.0192
v -0.0012245999999999967 -0.0229565 0.0272
v 3.469446951953614e-18 -0.023200000000000002 0.0192
v 3.469446951953614e-18 -0.023200000000000002 0.0272
v 0.0012246000000000028 -0.0229565 0.0192
v 0.0012246000000000028 -0.0229565 0.0272
v 0.002262700000000003 -0.0222627 0.0192
v 0.002262700000000003 -0.0222627 0.0272
v 0.0029565000000000025 -0.0212246 0.0192
v 0.0029565000000000025 -0.0212246 0.0272
v 3.469446951953614e-18 -0.0168 0.0192
v 3.469446951953614e-18 -0.0176 0.0192
v -0.0009184999999999966 -0.0177826 0.0192
v -0.0012245999999999967 -0.0170435 0.0192
v -0.0016969999999999971 -0.018303 0.0192
v -0.002262699999999997 -0.0177373 0.0192
v -0.002217399999999997 -0.0190815 0.0192
v -0.0029564999999999965 -0.0187754 0.0192
v -0.0023999999999999968 -0.02 0.0192
v -0.003199999999999997 -0.02 0.0192
v -0.002217399999999997 -0.020918500000000003 0.0192
v -0.0029564999999999965 -0.0212246 0.0192
v -0.0016969999999999971 -0.021696999999999998 0.0192
v -0.002262699999999997 -0.0222627 0.0192
v -0.0009184999999999966 -0.0222174 0.0192
v -0.0012245999999999967 -0.0229565 0.0192
v 3.469446951953614e-18 -0.0224 0.0192
v 3.469446951953614e-18 -0.023200000000000002 0.0192
v 0.0009185000000000026 -0.0222174 0.0192
v 0.0012246000000000028 -0.0229565 0.0192
v 0.001697000000000004 -0.021696999999999998 0.0192
v 0.002262700000000003 -0.0222627 0.0192
v 0.002217400000000003 -0.020918500000000003 0.0192
v 0.0029565000000000025 -0.0212246 0.0192
v 0.002400000000000003 -0.02 0.0192
v 0.003200000000000003 -0.02 0.0192
v 0.002217400000000003 -0.0190815 0.0192
v 0.0029565000000000025 -0.0187754 0.0192
v 0.001697000000000004 -0.018303 0.0192
v 0.002262700000000003 -0.0177373 0.0192
v 0.0009185000000000026 -0.0177826 0.0192
v 0.0012246000000000028 -0.0170435 0.0192
v -0.006399999999999997 -0.026399999999999996 0.0272
v 0.014400000000000003 -0.026399999999999996 0.0272
v 0.014400000000000003 -0.013600000000000001 0.0272
v -0.006399999999999997 -0.013600000000000001 0.0272
v 0.014400000000000003 -0.013600000000000001 0.0272
v 0.014400000000000003 -0.013600000000000001 0.0192
v -0.006399999999999997 -0.013600000000000001 0.0192
v -0.006399999999999997 -0.013600000000000001 0.0272
v -0.006399999999999997 -0.013600000000000001 0.0272
v -0.006399999999999997 -0.013600000000000001 0.0192
v -0.006399999999999997 -0.026399999999999996 0.0192
v -0.006399999999999997 -0.026399999999999996 0.0272
v -0.006399999999999997 -0.026399999999999996 0.0272
v -0.006399999999999997 -0.026399999999999996 0.0192
v 0.014400000000000003 -0.026399999999999996 0.0192
v 0.014400000000000003 -0.026399999999999996 0.0272
v 0.014400000000000003 -0.026399999999999996 0.0272
v 0.014400000000000003 -0.026399999999999996 0.0192
v 0.014400000000000003 -0.013600000000000001 0.0192
v 0.014400000000000003 -0.013600000000000001 0.0272
v -0.007999999999999997 -0.012 0.0192
v -0.006399999999999997 -0.013600000000000001 0.0192
v 0.014400000000000003 -0.013600000000000001 0.0192
v 0.016000000000000004 -0.012 0.0192
v -0.007999999999999997 -0.028 0.0192
v -0.006399999999999997 -0.026399999999999996 0.0192
v 0.016000000000000004 -0.028 0.0192
v 0.014400000000000003 -0.026399999999999996 0.0192
v -0.007999999999999997 -0.012 0.0288
v 0.016000000000000004 -0.012 0.0288
v 0.016000000000000004 -0.028 0.0288
v -0.007999999999999997 -0.028 0.0288
v -0.007999999999999997 -0.012 0.0288
v -0.007999999999999997 -0.012 0.0192
v 0.016000000000000004 -0.012 0.0192
v 0.016000000000000004 -0.012 0.0288
v -0.007999999999999997 -0.028 0.0288
v -0.007999999999999997 -0.028 0.0192
v -0.007999999999999997 -0.012 0.0192
v -0.007999999999999997 -0.012 0.0288
v 0.016000000000000004 -0.012 0.0288
v 0.016000000000000004 -0.012 0.0192
v 0.016000000000000004 -0.028 0.0192
v 0.016000000000000004 -0.028 0.0288
v 0.014400000000000003 -0.016 0.0288
v 0.014217400000000005 -0.015081500000000001 0.0288
v 0.014217400000000005 -0.015081500000000001 0.0304
v 0.014400000000000003 -0.016 0.0304
v 0.013697000000000004 -0.014303 0.0288
v 0.013697000000000004 -0.014303 0.0304
v 0.012918500000000003 -0.013782599999999999 0.0288
v 0.012918500000000003 -0.013782599999999999 0.0304
v 0.012000000000000004 -0.013600000000000001 0.0288
v 0.012000000000000004 -0.013600000000000001 0.0304
v 0.011081500000000005 -0.013782599999999999 0.0288
v 0.011081500000000005 -0.013782599999999999 0.0304
v 0.010303000000000003 -0.014303 0.0288
v 0.010303000000000003 -0.014303 0.0304
v 0.009782600000000002 -0.015081500000000001 0.0288
v 0.009782600000000002 -0.015081500000000001 0.0304
v 0.009600000000000004 -0.016 0.0288
v 0.009600000000000004 -0.016 0.0304
v 0.009782600000000002 -0.0169185 0.0288
v 0.009782600000000002 -0.0169185 0.0304
v 0.010303000000000003 -0.017697 0.0288
v 0.010303000000000003 -0.017697 0.0304
v 0.011081500000000005 -0.018217399999999998 0.0288
v 0.011081500000000005 -0.018217399999999998 0.0304
v 0.012000000000000004 -0.0184 0.0288
v 0.012000000000000004 -0.0184 0.0304
v 0.012918500000000003 -0.018217399999999998 0.0288
v 0.012918500000000003 -0.018217399999999998 0.0304
v 0.013697000000000004 -0.017697 0.0288
v 0.013697000000000004 -0.017697 0.0304
v 0.014217400000000005 -0.0169185 0.0288
v 0.014217400000000005 -0.0169185 0.0304
v 0.014217400000000005 -0.015081500000000001 0.0304
v 0.014400000000000003 -0.016 0.0304
v 0.012000000000000004 -0.016 0.0304
v 0.013697000000000004 -0.014303 0.0304
v 0.012918500000000003 -0.013782599999999999 0.0304
v 0.012000000000000004 -0.013600000000000001 0.0304
v 0.011081500000000005 -0.013782599999999999 0.0304
v 0.010303000000000003 -0.014303 0.0304
v 0.009782600000000002 -0.015081500000000001 0.0304
v 0.009600000000000004 -0.016 0.0304
v 0.009782600000000002 -0.0169185 0.0304
v 0.010303000000000003 -0.017697 0.0304
v 0.011081500000000005 -0.018217399999999998 0.0304
v 0.012000000000000004 -0.0184 0.0304
v 0.012918500000000003 -0.018217399999999998 0.0304
v 0.013697000000000004 -0.017697 0.0304
v 0.014217400000000005 -0.0169185 0.0304
v 0.006400000000000003 -0.016 0.0288
v 0.006217400000000003 -0.015081500000000001 0.0288
v 0.006217400000000003 -0.015081500000000001 0.0304
v 0.006400000000000003 -0.016 0.0304
v 0.005697000000000004 -0.014303 0.0288
v 0.005697000000000004 -0.014303 0.0304
v 0.004918500000000003 -0.013782599999999999 0.0288
v 0.004918500000000003 -0.013782599999999999 0.0304
v 0.0040000000000000036 -0.013600000000000001 0.0288
v 0.0040000000000000036 -0.013600000000000001 0.0304
v 0.0030815000000000026 -0.013782599999999999 0.0288
v 0.0030815000000000026 -0.013782599999999999 0.0304
v 0.002303000000000003 -0.014303 0.0288
v 0.002303000000000003 -0.014303 0.0304
v 0.001782600000000004 -0.015081500000000001 0.0288
v 0.001782600000000004 -0.015081500000000001 0.0304
v 0.0016000000000000025 -0.016 0.0288
v 0.0016000000000000025 -0.016 0.0304
v 0.001782600000000004 -0.0169185 0.0288
v 0.001782600000000004 -0.0169185 0.0304
v 0.002303000000000003 -0.017697 0.0288
v 0.002303000000000003 -0.017697 0.0304
v 0.0030815000000000026 -0.018217399999999998 0.0288
v 0.0030815000000000026 -0.018217399999999998 0.0304
v 0.0040000000000000036 -0.0184 0.0288
v 0.0040000000000000036 -0.0184 0.0304
v 0.004918500000000003 -0.018217399999999998 0.0288
v 0.004918500000000003 -0.018217399999999998 0.0304
v 0.005697000000000004 -0.017697 0.0288
v 0.005697000000000004 -0.017697 0.0304
v 0.006217400000000003 -0.0169185 0.0288
v 0.006217400000000003 -0.0169185 0.0304
v 0.006217400000000003 -0.015081500000000001 0.0304
v 0.006400000000000003 -0.016 0.0304
v 0.0040000000000000036 -0.016 0.0304
v 0.005697000000000004 -0.014303 0.0304
v 0.004918500000000003 -0.013782599999999999 0.0304
v 0.0040000000000000036 -0.013600000000000001 0.0304
v 0.0030815000000000026 -0.013782599999999999 0.0304
v 0.002303000000000003 -0.014303 0.0304
v 0.001782600000000004 -0.015081500000000001 0.0304
v 0.0016000000000000025 -0.016 0.0304
v 0.001782600000000004 -0.0169185 0.0304
v 0.002303000000000003 -0.017697 0.0304
v 0.0030815000000000026 -0.018217399999999998 0.0304
v 0.0040000000000000036 -0.0184 0.0304
v 0.004918500000000003 -0.018217399999999998 0.0304
v 0.005697000000000004 -0.017697 0.0304
v 0.006217400000000003 -0.0169185 0.0304
v -0.0015999999999999964 -0.016 0.0288
v -0.001782599999999997 -0.015081500000000001 0.0288
v -0.001782599999999997 -0.015081500000000001 0.0304
v -0.0015999999999999964 -0.016 0.0304
v -0.002302999999999997 -0.014303 0.0288
v -0.002302999999999997 -0.014303 0.0304
v -0.0030814999999999966 -0.013782599999999999 0.0288
v -0.0030814999999999966 -0.013782599999999999 0.0304
v -0.003999999999999997 -0.013600000000000001 0.0288
v -0.003999999999999997 -0.013600000000000001 0.0304
v -0.004918499999999997 -0.013782599999999999 0.0288
v -0.004918499999999997 -0.013782599999999999 0.0304
v -0.005696999999999997 -0.014303 0.0288
v -0.005696999999999997 -0.014303 0.0304
v -0.006217399999999996 -0.015081500000000001 0.0288
v -0.006217399999999996 -0.015081500000000001 0.0304
v -0.006399999999999997 -0.016 0.0288
v -0.006399999999999997 -0.016 0.0304
v -0.006217399999999996 -0.0169185 0.0288
v -0.006217399999999996 -0.0169185 0.0304
v -0.005696999999999997 -0.017697 0.0288
v -0.005696999999999997 -0.017697 0.0304
v -0.004918499999999997 -0.018217399999999998 0.0288
v -0.004918499999999997 -0.018217399999999998 0.0304
v -0.003999999999999997 -0.0184 0.0288
v -0.003999999999999997 -0.0184 0.0304
v -0.0030814999999999966 -0.018217399999999998 0.0288
v -0.0030814999999999966 -0.018217399999999998 0.0304
v -0.002302999999999997 -0.017697 0.0288
v -0.002302999999999997 -0.017697 0.0304
v -0.001782599999999997 -0.0169185 0.0288
v -0.001782599999999997 -0.0169185 0.0304
v -0.001782599999999997 -0.015081500000000001 0.0304
v -0.0015999999999999964 -0.016 0.0304
v -0.003999999999999997 -0.016 0.0304
v -0.002302999999999997 -0.014303 0.0304
v -0.0030814999999999966 -0.013782599999999999 0.0304
v -0.003999999999999997 -0.013600000000000001 0.0304
v -0.004918499999999997 -0.013782599999999999 0.0304
v -0.005696999999999997 -0.014303 0.0304
v -0.006217399999999996 -0.015081500000000001 0.0304
v -0.006399999999999997 -0.016 0.0304
v -0.006217399999999996 -0.0169185 0.0304
v -0.005696999999999997 -0.017697 0.0304
v -0.004918499999999997 -0.018217399999999998 0.0304
v -0.003999999999999997 -0.0184 0.0304
v -0.0030814999999999966 -0.018217399999999998 0.0304
v -0.002302999999999997 -0.017697 0.0304
v -0.001782599999999997 -0.0169185 0.0304
v 0.014400000000000003 -0.023999999999999997 0.0288
v 0.014217400000000005 -0.0230815 0.0288
v 0.014217400000000005 -0.0230815 0.0304
v 0.014400000000000003 -0.023999999999999997 0.0304
v 0.013697000000000004 -0.022303 0.0288
v 0.013697000000000004 -0.022303 0.0304
v 0.012918500000000003 -0.021782600000000003 0.0288
v 0.012918500000000003 -0.021782600000000003 0.0304
v 0.012000000000000004 -0.021599999999999998 0.0288
v 0.012000000000000004 -0.021599999999999998 0.0304
v 0.011081500000000005 -0.021782600000000003 0.0288
v 0.011081500000000005 -0.021782600000000003 0.0304
v 0.010303000000000003 -0.022303 0.0288
v 0.010303000000000003 -0.022303 0.0304
v 0.009782600000000002 -0.0230815 0.0288
v 0.009782600000000002 -0.0230815 0.0304
v 0.009600000000000004 -0.023999999999999997 0.0288
v 0.009600000000000004 -0.023999999999999997 0.0304
v 0.009782600000000002 -0.0249185 0.0288
v 0.009782600000000002 -0.0249185 0.0304
v 0.010303000000000003 -0.025697 0.0288
v 0.010303000000000003 -0.025697 0.0304
v 0.011081500000000005 -0.0262174 0.0288
v 0.011081500000000005 -0.0262174 0.0304
v 0.012000000000000004 -0.026399999999999996 0.0288
v 0.012000000000000004 -0.026399999999999996 0.0304
v 0.012918500000000003 -0.0262174 0.0288
v 0.012918500000000003 -0.0262174 0.0304
v 0.013697000000000004 -0.025697 0.0288
v 0.013697000000000004 -0.025697 0.0304
v 0.014217400000000005 -0.0249185 0.0288
v 0.014217400000000005 -0.0249185 0.0304
v 0.014217400000000005 -0.0230815 0.0304
v 0.014400000000000003 -0.023999999999999997 0.0304
v 0.012000000000000004 -0.023999999999999997 0.0304
v 0.013697000000000004 -0.022303 0.0304
v 0.012918500000000003 -0.021782600000000003 0.0304
v 0.012000000000000004 -0.021599999999999998 0.0304
v 0.011081500000000005 -0.021782600000000003 0.0304
v 0.010303000000000003 -0.022303 0.0304
v 0.009782600000000002 -0.0230815 0.0304
v 0.009600000000000004 -0.023999999999999997 0.0304
v 0.009782600000000002 -0.0249185 0.0304
v 0.010303000000000003 -0.025697 0.0304
v 0.011081500000000005 -0.0262174 0.0304
v 0.012000000000000004 -0.026399999999999996 0.0304
v 0.012918500000000003 -0.0262174 0.0304
v 0.013697000000000004 -0.025697 0.0304
v 0.014217400000000005 -0.0249185 0.0304
v 0.006400000000000003 -0.023999999999999997 0.0288
v 0.006217400000000003 -0.0230815 0.0288
v 0.006217400000000003 -0.0230815 0.0304
v 0.006400000000000003 -0.023999999999999997 0.0304
v 0.005697000000000004 -0.022303 0.0288
v 0.005697000000000004 -0.022303 0.0304
v 0.004918500000000003 -0.021782600000000003 0.0288
v 0.004918500000000003 -0.021782600000000003 0.0304
v 0.0040000000000000036 -0.021599999999999998 0.0288
v 0.0040000000000000036 -0.021599999999999998 0.0304
v 0.0030815000000000026 -0.021782600000000003 0.0288
v 0.0030815000000000026 -0.021782600000000003 0.0304
v 0.002303000000000003 -0.022303 0.0288
v 0.002303000000000003 -0.022303 0.0304
v 0.001782600000000004 -0.0230815 0.0288
v 0.001782600000000004 -0.0230815 0.0304
v 0.0016000000000000025 -0.023999999999999997 0.0288
v 0.0016000000000000025 -0.023999999999999997 0.0304
v 0.001782600000000004 -0.0249185 0.0288
v 0.001782600000000004 -0.0249185 0.0304
v 0.002303000000000003 -0.025697 0.0288
v 0.002303000000000003 -0.025697 0.0304
v 0.0030815000000000026 -0.0262174 0.0288
v 0.0030815000000000026 -0.0262174 0.0304
v 0.0040000000000000036 -0.026399999999999996 0.0288
v 0.0040000000000000036 -0.026399999999999996 0.0304
v 0.004918500000000003 -0.0262174 0.0288
v 0.004918500000000003 -0.0262174 0.0304
v 0.005697000000000004 -0.025697 0.0288
v 0.005697000000000004 -0.025697 0.0304
v 0.006217400000000003 -0.0249185 0.0288
v 0.006217400000000003 -0.0249185 0.0304
v 0.006217400000000003 -0.0230815 0.0304
v 0.006400000000000003 -0.023999999999999997 0.0304
v 0.0040000000000000036 -0.023999999999999997 0.0304
v 0.005697000000000004 -0.022303 0.0304
v 0.004918500000000003 -0.021782600000000003 0.0304
v 0.0040000000000000036 -0.021599999999999998 0.0304
v 0.0030815000000000026 -0.021782600000000003 0.0304
v 0.002303000000000003 -0.022303 0.0304
v 0.001782600000000004 -0.0230815 0.0304
v 0.0016000000000000025 -0.023999999999999997 0.0304
v 0.001782600000000004 -0.0249185 0.0304
v 0.002303000000000003 -0.025697 0.0304
v 0.0030815000000000026 -0.0262174 0.0304
v 0.0040000000000000036 -0.026399999999999996 0.0304
v 0.004918500000000003 -0.0262174 0.0304
v 0.005697000000000004 -0.025697 0.0304
v 0.006217400000000003 -0.0249185 0.0304
v -0.0015999999999999964 -0.023999999999999997 0.0288
v -0.001782599999999997 -0.0230815 0.0288
v -0.001782599999999997 -0.0230815 0.0304
v -0.0015999999999999964 -0.023999999999999997 0.0304
v -0.002302999999999997 -0.022303 0.0288
v -0.002302999999999997 -0.022303 0.0304
v -0.0030814999999999966 -0.021782600000000003 0.0288
v -0.0030814999999999966 -0.021782600000000003 0.0304
v -0.003999999999999997 -0.021599999999999998 0.0288
v -0.003999999999999997 -0.021599999999999998 0.0304
v -0.004918499999999997 -0.021782600000000003 0.0288
v -0.004918499999999997 -0.021782600000000003 0.0304
v -0.005696999999999997 -0.022303 0.0288
v -0.005696999999999997 -0.022303 0.0304
v -0.006217399999999996 -0.0230815 0.0288
v -0.006217399999999996 -0.0230815 0.0304
v -0.006399999999999997 -0.023999999999999997 0.0288
v -0.006399999999999997 -0.023999999999999997 0.0304
v -0.006217399999999996 -0.0249185 0.0288
v -0.006217399999999996 -0.0249185 0.0304
v -0.005696999999999997 -0.025697 0.0288
v -0.005696999999999997 -0.025697 0.0304
v -0.004918499999999997 -0.0262174 0.0288
v -0.004918499999999997 -0.0262174 0.0304
v -0.003999999999999997 -0.026399999999999996 0.0288
v -0.003999999999999997 -0.026399999999999996 0.0304
v -0.0030814999999999966 -0.0262174 0.0288
v -0.0030814999999999966 -0.0262174 0.0304
v -0.002302999999999997 -0.025697 0.0288
v -0.002302999999999997 -0.025697 0.0304
v -0.001782599999999997 -0.0249185 0.0288
v -0.001782599999999997 -0.0249185 0.0304
v -0.001782599999999997 -0.0230815 0.0304
v -0.0015999999999999964 -0.023999999999999997 0.0304
v -0.003999999999999997 -0.023999999999999997 0.0304
v -0.002302999999999997 -0.022303 0.0304
v -0.0030814999999999966 -0.021782600000000003 0.0304
v -0.003999999999999997 -0.021599999999999998 0.0304
v -0.004918499999999997 -0.021782600000000003 0.0304
v -0.005696999999999997 -0.022303 0.0304
v -0.006217399999999996 -0.0230815 0.0304
v -0.006399999999999997 -0.023999999999999997 0.0304
v -0.006217399999999996 -0.0249185 0.0304
v -0.005696999999999997 -0.025697 0.0304
v -0.004918499999999997 -0.0262174 0.0304
v -0.003999999999999997 -0.026399999999999996 0.0304
v -0.0030814999999999966 -0.0262174 0.0304
v -0.002302999999999997 -0.025697 0.0304
v -0.001782599999999997 -0.0249185 0.0304
v 0.016000000000000004 -0.028 0.0288
v 0.016000000000000004 -0.028 0.0192
v -0.007999999999999997 -0.028 0.0192
v -0.007999999999999997 -0.028 0.0288
f 3 2 1
f 1 4 3
f 6 5 2
f 2 3 6
f 8 7 5
f 5 6 8
f 10 9 7
f 7 8 10
f 12 11 9
f 9 10 12
f 14 13 11
f 11 12 14
f 16 15 13
f 13 14 16
f 18 17 15
f 15 16 18
f 20 19 17
f 17 18 20
f 22 21 19
f 19 20 22
f 24 23 21
f 21 22 24
f 26 25 23
f 23 24 26
f 28 27 25
f 25 26 28
f 30 29 27
f 27 28 30
f 32 31 29
f 29 30 32
f 4 1 31
f 31 32 4
f 33 34 35
f 35 36 33
f 34 37 38
f 38 35 34
f 37 39 40
f 40 38 37
f 39 41 42
f 42 40 39
f 41 43 44
f 44 42 41
f 43 45 46
f 46 44 43
f 45 47 48
f 48 46 45
f 47 49 50
f 50 48 47
f 49 51 52
f 52 50 49
f 51 53 54
f 54 52 51
f 53 55 56
f 56 54 53
f 55 57 58
f 58 56 55
f 57 59 60
f 60 58 57
f 59 61 62
f 62 60 59
f 61 63 64
f 64 62 61
f 63 33 36
f 36 64 63
f 65 66 67
f 67 68 65
f 68 67 69
f 69 70 68
f 70 69 71
f 71 72 70
f 72 71 73
f 73 74 72
f 74 73 75
f 75 76 74
f 76 75 77
f 77 78 76
f 78 77 79
f 79 80 78
f 80 79 81
f 81 82 80
f 82 81 83
f 83 84 82
f 84 83 85
f 85 86 84
f 86 85 87
f 87 88 86
f 88 87 89
f 89 90 88
f 90 89 91
f 91 92 90
f 92 91 93
f 93 94 92
f 94 93 95
f 95 96 94
f 96 95 66
f 66 65 96
f 99 98 97
f 97 100 99
f 102 101 98
f 98 99 102
f 104 103 101
f 101 102 104
f 106 105 103
f 103 104 106
f 108 107 105
f 105 106 108
f 110 109 107
f 107 108 110
f 112 111 109
f 109 110 112
f 114 113 111
f 111 112 114
f 116 115 113
f 113 114 116
f 118 117 115
f 115 116 118
f 120 119 117
f 117 118 120
f 122 121 119
f 119 120 122
f 124 123 121
f 121 122 124
f 126 125 123
f 123 124 126
f 128 127 125
f 125 126 128
f 100 97 127
f 127 128 100
f 129 130 131
f 131 132 129
f 130 133 134
f 134 131 130
f 133 135 136
f 136 134 133
f 135 137 138
f 138 136 135
f 137 139 140
f 140 138 137
f 139 141 142
f 142 140 139
f 141 143 144
f 144 142 141
f 143 145 146
f 146 144 143
f 145 147 148
f 148 146 145
f 147 149 150
f 150 148 147
f 149 151 152
f 152 150 149
f 151 153 154
f 154 152 151
f 153 155 156
f 156 154 153
f 155 157 158
f 158 156 155
f 157 159 160
f 160 158 157
f 159 129 132
f 132 160 159
f 161 162 163
f 163 164 161
f 164 163 165
f 165 166 164
f 166 165 167
f 167 168 166
f 168 167 169
f 169 170 168
f 170 169 171
f 171 172 170
f 172 171 173
f 173 174 172
f 174 173 175
f 175 176 174
f 176 175 177
f 177 178 176
f 178 177 179
f 179 180 178
f 180 179 181
f 181 182 180
f 182 181 183
f 183 184 182
f 184 183 185
f 185 186 184
f 186 185 187
f 187 188 186
f 188 187 189
f 189 190 188
f 190 189 191
f 191 192 190
f 192 191 162
f 162 161 192
f 195 194 193
f 193 196 195
f 198 197 194
f 194 195 198
f 200 199 197
f 197 198 200
f 202 201 199
f 199 200 202
f 204 203 201
f 201 202 204
f 206 205 203
f 203 204 206
f 208 207 205
f 205 206 208
f 210 209 207
f 207 208 210
f 212 211 209
f 209 210 212
f 214 213 211
f 211 212 214
f 216 215 213
f 213 214 216
f 218 217 215
f 215 216 218
f 220 219 217
f 217 218 220
f 222 221 219
f 219 220 222
f 224 223 221
f 221 222 224
f 196 193 223
f 223 224 196
f 225 226 227
f 227 228 225
f 226 229 230
f 230 227 226
f 229 231 232
f 232 230 229
f 231 233 234
f 234 232 231
f 233 235 236
f 236 234 233
f 235 237 238
f 238 236 235
f 237 239 240
f 240 238 237
f 239 241 242
f 242 240 239
f 241 243 244
f 244 242 241
f 243 245 246
f 246 244 243
f 245 247 248
f 248 246 245
f 247 249 250
f 250 248 247
f 249 251 252
f 252 250 249
f 251 253 254
f 254 252 251
f 253 255 256
f 256 254 253
f 255 225 228
f 228 256 255
f 257 258 259
f 259 260 257
f 260 259 261
f 261 262 260
f 262 261 263
f 263 264 262
f 264 263 265
f 265 266 264
f 266 265 267
f 267 268 266
f 268 267 269
f 269 270 268
f 270 269 271
f 271 272 270
f 272 271 273
f 273 274 272
f 274 273 275
f 275 276 274
f 276 275 277
f 277 278 276
f 278 277 279
f 279 280 278
f 280 279 281
f 281 282 280
f 282 281 283
f 283 284 282
f 284 283 285
f 285 286 284
f 286 285 287
f 287 288 286
f 288 287 258
f 258 257 288
f 291 290 289
f 289 292 291
f 294 293 290
f 290 291 294
f 296 295 293
f 293 294 296
f 298 297 295
f 295 296 298
f 300 299 297
f 297 298 300
f 302 301 299
f 299 300 302
f 304 303 301
f 301 302 304
f 306 305 303
f 303 304 306
f 308 307 305
f 305 306 308
f 310 309 307
f 307 308 310
f 312 311 309
f 309 310 312
f 314 313 311
f 311 312 314
f 316 315 313
f 313 314 316
f 318 317 315
f 315 316 318
f 320 319 317
f 317 318 320
f 292 289 319
f 319 320 292
f 321 322 323
f 323 324 321
f 322 325 326
f 326 323 322
f 325 327 328
f 328 326 325
f 327 329 330
f 330 328 327
f 329 331 332
f 332 330 329
f 331 333 334
f 334 332 331
f 333 335 336
f 336 334 333
f 335 337 338
f 338 336 335
f 337 339 340
f 340 338 337
f 339 341 342
f 342 340 339
f 341 343 344
f 344 342 341
f 343 345 346
f 346 344 343
f 345 347 348
f 348 346 345
f 347 349 350
f 350 348 347
f 349 351 352
f 352 350 349
f 351 321 324
f 324 352 351
f 353 354 355
f 355 356 353
f 356 355 357
f 357 358 356
f 358 357 359
f 359 360 358
f 360 359 361
f 361 362 360
f 362 361 363
f 363 364 362
f 364 363 365
f 365 366 364
f 366 365 367
f 367 368 366
f 368 367 369
f 369 370 368
f 370 369 371
f 371 372 370
f 372 371 373
f 373 374 372
f 374 373 375
f 375 376 374
f 376 375 377
f 377 378 376
f 378 377 379
f 379 380 378
f 380 379 381
f 381 382 380
f 382 381 383
f 383 384 382
f 384 383 354
f 354 353 384
f 387 386 385
f 385 388 387
f 390 389 386
f 386 387 390
f 392 391 389
f 389 390 392
f 394 393 391
f 391 392 394
f 396 395 393
f 393 394 396
f 398 397 395
f 395 396 398
f 400 399 397
f 397 398 400
f 402 401 399
f 399 400 402
f 404 403 401
f 401 402 404
f 406 405 403
f 403 404 406
f 408 407 405
f 405 406 408
f 410 409 407
f 407 408 410
f 412 411 409
f 409 410 412
f 414 413 411
f 411 412 414
f 416 415 413
f 413 414 416
f 388 385 415
f 415 416 388
f 417 418 419
f 419 420 417
f 418 421 422
f 422 419 418
f 421 423 424
f 424 422 421
f 423 425 426
f 426 424 423
f 425 427 428
f 428 426 425
f 427 429 430
f 430 428 427
f 429 431 432
f 432 430 429
f 431 433 434
f 434 432 431
f 433 435 436
f 436 434 433
f 435 437 438
f 438 436 435
f 437 439 440
f 440 438 437
f 439 441 442
f 442 440 439
f 441 443 444
f 444 442 441
f 443 445 446
f 446 444 443
f 445 447 448
f 448 446 445
f 447 417 420
f 420 448 447
f 449 450 451
f 451 452 449
f 452 451 453
f 453 454 452
f 454 453 455
f 455 456 454
f 456 455 457
f 457 458 456
f 458 457 459
f 459 460 458
f 460 459 461
f 461 462 460
f 462 461 463
f 463 464 462
f 464 463 465
f 465 466 464
f 466 465 467
f 467 468 466
f 468 467 469
f 469 470 468
f 470 469 471
f 471 472 470
f 472 471 473
f 473 474 472
f 474 473 475
f 475 476 474
f 476 475 477
f 477 478 476
f 478 477 479
f 479 480 478
f 480 479 450
f 450 449 480
f 483 482 481
f 481 484 483
f 487 486 485
f 485 488 487
f 491 490 489
f 489 492 491
f 495 494 493
f 493 496 495
f 499 498 497
f 497 500 499
f 503 502 501
f 501 504 503
f 502 506 505
f 505 501 502
f 506 508 507
f 507 505 506
f 508 503 504
f 504 507 508
f 509 510 511
f 511 512 509
f 513 514 515
f 515 516 513
f 517 518 519
f 519 520 517
f 521 522 523
f 523 524 521
f 525 526 527
f 527 528 525
f 529 530 531
f 531 532 529
f 530 533 534
f 534 531 530
f 533 535 536
f 536 534 533
f 535 537 538
f 538 536 535
f 537 539 540
f 540 538 537
f 539 541 542
f 542 540 539
f 541 543 544
f 544 542 541
f 543 545 546
f 546 544 543
f 545 547 548
f 548 546 545
f 547 549 550
f 550 548 547
f 549 551 552
f 552 550 549
f 551 553 554
f 554 552 551
f 553 555 556
f 556 554 553
f 555 557 558
f 558 556 555
f 557 559 560
f 560 558 557
f 559 529 532
f 532 560 559
f 563 562 561
f 563 561 564
f 563 564 565
f 563 565 566
f 563 566 567
f 563 567 568
f 563 568 569
f 563 569 570
f 563 570 571
f 563 571 572
f 563 572 573
f 563 573 574
f 563 574 575
f 563 575 576
f 563 576 577
f 563 577 562
f 578 579 580
f 580 581 578
f 579 582 583
f 583 580 579
f 582 584 585
f 585 583 582
f 584 586 587
f 587 585 584
f 586 588 589
f 589 587 586
f 588 590 591
f 591 589 588
f 590 592 593
f 593 591 590
f 592 594 595
f 595 593 592
f 594 596 597
f 597 595 594
f 596 598 599
f 599 597 596
f 598 600 601
f 601 599 598
f 600 602 603
f 603 601 600
f 602 604 605
f 605 603 602
f 604 606 607
f 607 605 604
f 606 608 609
f 609 607 606
f 608 578 581
f 581 609 608
f 612 611 610
f 612 610 613
f 612 613 614
f 612 614 615
f 612 615 616
f 612 616 617
f 612 617 618
f 612 618 619
f 612 619 620
f 612 620 621
f 612 621 622
f 612 622 623
f 612 623 624
f 612 624 625
f 612 625 626
f 612 626 611
f 627 628 629
f 629 630 627
f 628 631 632
f 632 629 628
f 631 633 634
f 634 632 631
f 633 635 636
f 636 634 633
f 635 637 638
f 638 636 635
f 637 639 640
f 640 638 637
f 639 641 642
f 642 640 639
f 641 643 644
f 644 642 641
f 643 645 646
f 646 644 643
f 645 647 648
f 648 646 645
f 647 649 650
f 650 648 647
f 649 651 652
f 652 650 649
f 651 653 654
f 654 652 651
f 653 655 656
f 656 654 653
f 655 657 658
f 658 656 655
f 657 627 630
f 630 658 657
f 661 660 659
f 661 659 662
f 661 662 663
f 661 663 664
f 661 664 665
f 661 665 666
f 661 666 667
f 661 667 668
f 661 668 669
f 661 669 670
f 661 670 671
f 661 671 672
f 661 672 673
f 661 673 674
f 661 674 675
f 661 675 660
f 676 677 678
f 678 679 676
f 677 680 681
f 681 678 677
f 680 682 683
f 683 681 680
f 682 684 685
f 685 683 682
f 684 686 687
f 687 685 684
f 686 688 689
f 689 687 686
f 688 690 691
f 691 689 688
f 690 692 693
f 693 691 690
f 692 694 695
f 695 693 692
f 694 696 697
f 697 695 694
f 696 698 699
f 699 697 696
f 698 700 701
f 701 699 698
f 700 702 703
f 703 701 700
f 702 704 705
f 705 703 702
f 704 706 707
f 707 705 704
f 706 676 679
f 679 707 706
f 710 709 708
f 710 708 711
f 710 711 712
f 710 712 713
f 710 713 714
f 710 714 715
f 710 715 716
f 710 716 717
f 710 717 718
f 710 718 719
f 710 719 720
f 710 720 721
f 710 721 722
f 710 722 723
f 710 723 724
f 710 724 709
f 725 726 727
f 727 728 725
f 726 729 730
f 730 727 726
f 729 731 732
f 732 730 729
f 731 733 734
f 734 732 731
f 733 735 736
f 736 734 733
f 735 737 738
f 738 736 735
f 737 739 740
f 740 738 737
f 739 741 742
f 742 740 739
f 741 743 744
f 744 742 741
f 743 745 746
f 746 744 743
f 745 747 748
f 748 746 745
f 747 749 750
f 750 748 747
f 749 751 752
f 752 750 749
f 751 753 754
f 754 752 751
f 753 755 756
f 756 754 753
f 755 725 728
f 728 756 755
f 759 758 757
f 759 757 760
f 759 760 761
f 759 761 762
f 759 762 763
f 759 763 764
f 759 764 765
f 759 765 766
f 759 766 767
f 759 767 768
f 759 768 769
f 759 769 770
f 759 770 771
f 759 771 772
f 759 772 773
f 759 773 758
f 774 775 776
f 776 777 774
f 775 778 779
f 779 776 775
f 778 780 781
f 781 779 778
f 780 782 783
f 783 781 780
f 782 784 785
f 785 783 782
f 784 786 787
f 787 785 784
f 786 788 789
f 789 787 786
f 788 790 791
f 791 789 788
f 790 792 793
f 793 791 790
f 792 794 795
f 795 793 792
f 794 796 797
f 797 795 794
f 796 798 799
f 799 797 796
f 798 800 801
f 801 799 798
f 800 802 803
f 803 801 800
f 802 804 805
f 805 803 802
f 804 774 777
f 777 805 804
f 808 807 806
f 808 806 809
f 808 809 810
f 808 810 811
f 808 811 812
f 808 812 813
f 808 813 814
f 808 814 815
f 808 815 816
f 808 816 817
f 808 817 818
f 808 818 819
f 808 819 820
f 808 820 821
f 808 821 822
f 808 822 807
f 823 824 825
f 825 826 823
f 824 827 828
f 828 825 824
f 827 829 830
f 830 828 827
f 829 831 832
f 832 830 829
f 831 833 834
f 834 832 831
f 833 835 836
f 836 834 833
f 835 837 838
f 838 836 835
f 837 839 840
f 840 838 837
f 839 841 842
f 842 840 839
f 841 843 844
f 844 842 841
f 843 845 846
f 846 844 843
f 845 847 848
f 848 846 845
f 847 849 850
f 850 848 847
f 849 851 852
f 852 850 849
f 851 853 854
f 854 852 851
f 853 823 826
f 826 854 853
f 857 856 855
f 857 855 858
f 857 858 859
f 857 859 860
f 857 860 861
f 857 861 862
f 857 862 863
f 857 863 864
f 857 864 865
f 857 865 866
f 857 866 867
f 857 867 868
f 857 868 869
f 857 869 870
f 857 870 871
f 857 871 856
f 872 873 874
f 874 875 872
f 873 876 877
f 877 874 873
f 876 878 879
f 879 877 876
f 878 880 881
f 881 879 878
f 880 882 883
f 883 881 880
f 882 884 885
f 885 883 882
f 884 886 887
f 887 885 884
f 886 888 889
f 889 887 886
f 888 890 891
f 891 889 888
f 890 892 893
f 893 891 890
f 892 894 895
f 895 893 892
f 894 896 897
f 897 895 894
f 896 898 899
f 899 897 896
f 898 900 901
f 901 899 898
f 900 902 903
f 903 901 900
f 902 872 875
f 875 903 902
f 906 905 904
f 906 904 907
f 906 907 908
f 906 908 909
f 906 909 910
f 906 910 911
f 906 911 912
f 906 912 913
f 906 913 914
f 906 914 915
f 906 915 916
f 906 916 917
f 906 917 918
f 906 918 919
f 906 919 920
f 906 920 905
f 921 922 923
f 923 924 921
f 922 925 926
f 926 923 922
f 925 927 928
f 928 926 925
f 927 929 930
f 930 928 927
f 929 931 932
f 932 930 929
f 931 933 934
f 934 932 931
f 933 935 936
f 936 934 933
f 935 937 938
f 938 936 935
f 937 939 940
f 940 938 937
f 939 941 942
f 942 940 939
f 941 943 944
f 944 942 941
f 943 945 946
f 946 944 943
f 945 947 948
f 948 946 945
f 947 949 950
f 950 948 947
f 949 951 952
f 952 950 949
f 951 921 924
f 924 952 951
f 955 954 953
f 955 953 956
f 955 956 957
f 955 957 958
f 955 958 959
f 955 959 960
f 955 960 961
f 955 961 962
f 955 962 963
f 955 963 964
f 955 964 965
f 955 965 966
f 955 966 967
f 955 967 968
f 955 968 969
f 955 969 954
f 970 971 972
f 972 973 970
f 971 974 975
f 975 972 971
f 974 976 977
f 977 975 974
f 976 978 979
f 979 977 976
f 978 980 981
f 981 979 978
f 980 982 983
f 983 981 980
f 982 984 985
f 985 983 982
f 984 986 987
f 987 985 984
f 986 988 989
f 989 987 986
f 988 990 991
f 991 989 988
f 990 992 993
f 993 991 990
f 992 994 995
f 995 993 992
f 994 996 997
f 997 995 994
f 996 998 999
f 999 997 996
f 998 1000 1001
f 1001 999 998
f 1000 970 973
f 973 1001 1000
f 1004 1003 1002
f 1004 1002 1005
f 1004 1005 1006
f 1004 1006 1007
f 1004 1007 1008
f 1004 1008 1009
f 1004 1009 1010
f 1004 1010 1011
f 1004 1011 1012
f 1004 1012 1013
f 1004 1013 1014
f 1004 1014 1015
f 1004 1015 1016
f 1004 1016 1017
f 1004 1017 1018
f 1004 1018 1003
f 1019 1020 1021
f 1021 1022 1019
f 1020 1023 1024
f 1024 1021 1020
f 1023 1025 1026
f 1026 1024 1023
f 1025 1027 1028
f 1028 1026 1025
f 1027 1029 1030
f 1030 1028 1027
f 1029 1031 1032
f 1032 1030 1029
f 1031 1033 1034
f 1034 1032 1031
f 1033 1035 1036
f 1036 1034 1033
f 1035 1037 1038
f 1038 1036 1035
f 1037 1039 1040
f 1040 1038 1037
f 1039 1041 1042
f 1042 1040 1039
f 1041 1043 1044
f 1044 1042 1041
f 1043 1045 1046
f 1046 1044 1043
f 1045 1047 1048
f 1048 1046 1045
f 1047 1049 1050
f 1050 1048 1047
f 1049 1019 1022
f 1022 1050 1049
f 1053 1052 1051
f 1053 1051 1054
f 1053 1054 1055
f 1053 1055 1056
f 1053 1056 1057
f 1053 1057 1058
f 1053 1058 1059
f 1053 1059 1060
f 1053 1060 1061
f 1053 1061 1062
f 1053 1062 1063
f 1053 1063 1064
f 1053 1064 1065
f 1053 1065 1066
f 1053 1066 1067
f 1053 1067 1052
f 1068 1069 1070
f 1070 1071 1068
f 1069 1072 1073
f 1073 1070 1069
f 1072 1074 1075
f 1075 1073 1072
f 1074 1076 1077
f 1077 1075 1074
f 1076 1078 1079
f 1079 1077 1076
f 1078 1080 1081
f 1081 1079 1078
f 1080 1082 1083
f 1083 1081 1080
f 1082 1084 1085
f 1085 1083 1082
f 1084 1086 1087
f 1087 1085 1084
f 1086 1088 1089
f 1089 1087 1086
f 1088 1090 1091
f 1091 1089 1088
f 1090 1092 1093
f 1093 1091 1090
f 1092 1094 1095
f 1095 1093 1092
f 1094 1096 1097
f 1097 1095 1094
f 1096 1098 1099
f 1099 1097 1096
f 1098 1068 1071
f 1071 1099 1098
f 1102 1101 1100
f 1102 1100 1103
f 1102 1103 1104
f 1102 1104 1105
f 1102 1105 1106
f 1102 1106 1107
f 1102 1107 1108
f 1102 1108 1109
f 1102 1109 1110
f 1102 1110 1111
f 1102 1111 1112
f 1102 1112 1113
f 1102 1113 1114
f 1102 1114 1115
f 1102 1115 1116
f 1102 1116 1101
f 1119 1118 1117
f 1117 1120 1119
f 1122 1121 1118
f 1118 1119 1122
f 1124 1123 1121
f 1121 1122 1124
f 1126 1125 1123
f 1123 1124 1126
f 1128 1127 1125
f 1125 1126 1128
f 1130 1129 1127
f 1127 1128 1130
f 1132 1131 1129
f 1129 1130 1132
f 1134 1133 1131
f 1131 1132 1134
f 1136 1135 1133
f 1133 1134 1136
f 1138 1137 1135
f 1135 1136 1138
f 1140 1139 1137
f 1137 1138 1140
f 1142 1141 1139
f 1139 1140 1142
f 1144 1143 1141
f 1141 1142 1144
f 1146 1145 1143
f 1143 1144 1146
f 1148 1147 1145
f 1145 1146 1148
f 1120 1117 1147
f 1147 1148 1120
f 1149 1150 1151
f 1151 1152 1149
f 1150 1153 1154
f 1154 1151 1150
f 1153 1155 1156
f 1156 1154 1153
f 1155 1157 1158
f 1158 1156 1155
f 1157 1159 1160
f 1160 1158 1157
f 1159 1161 1162
f 1162 1160 1159
f 1161 1163 1164
f 1164 1162 1161
f 1163 1165 1166
f 1166 1164 1163
f 1165 1167 1168
f 1168 1166 1165
f 1167 1169 1170
f 1170 1168 1167
f 1169 1171 1172
f 1172 1170 1169
f 1171 1173 1174
f 1174 1172 1171
f 1173 1175 1176
f 1176 1174 1173
f 1175 1177 1178
f 1178 1176 1175
f 1177 1179 1180
f 1180 1178 1177
f 1179 1149 1152
f 1152 1180 1179
f 1181 1182 1183
f 1183 1184 1181
f 1184 1183 1185
f 1185 1186 1184
f 1186 1185 1187
f 1187 1188 1186
f 1188 1187 1189
f 1189 1190 1188
f 1190 1189 1191
f 1191 1192 1190
f 1192 1191 1193
f 1193 1194 1192
f 1194 1193 1195
f 1195 1196 1194
f 1196 1195 1197
f 1197 1198 1196
f 1198 1197 1199
f 1199 1200 1198
f 1200 1199 1201
f 1201 1202 1200
f 1202 1201 1203
f 1203 1204 1202
f 1204 1203 1205
f 1205 1206 1204
f 1206 1205 1207
f 1207 1208 1206
f 1208 1207 1209
f 1209 1210 1208
f 1210 1209 1211
f 1211 1212 1210
f 1212 1211 1182
f 1182 1181 1212
f 1215 1214 1213
f 1213 1216 1215
f 1218 1217 1214
f 1214 1215 1218
f 1220 1219 1217
f 1217 1218 1220
f 1222 1221 1219
f 1219 1220 1222
f 1224 1223 1221
f 1221 1222 1224
f 1226 1225 1223
f 1223 1224 1226
f 1228 1227 1225
f 1225 1226 1228
f 1230 1229 1227
f 1227 1228 1230
f 1232 1231 1229
f 1229 1230 1232
f 1234 1233 1231
f 1231 1232 1234
f 1236 1235 1233
f 1233 1234 1236
f 1238 1237 1235
f 1235 1236 1238
f 1240 1239 1237
f 1237 1238 1240
f 1242 1241 1239
f 1239 1240 1242
f 1244 1243 1241
f 1241 1242 1244
f 1216 1213 1243
f 1243 1244 1216
f 1245 1246 1247
f 1247 1248 1245
f 1246 1249 1250
f 1250 1247 1246
f 1249 1251 1252
f 1252 1250 1249
f 1251 1253 1254
f 1254 1252 1251
f 1253 1255 1256
f 1256 1254 1253
f 1255 1257 1258
f 1258 1256 1255
f 1257 1259 1260
f 1260 1258 1257
f 1259 1261 1262
f 1262 1260 1259
f 1261 1263 1264
f 1264 1262 1261
f 1263 1265 1266
f 1266 1264 1263
f 1265 1267 1268
f 1268 1266 1265
f 1267 1269 1270
f 1270 1268 1267
f 1269 1271 1272
f 1272 1270 1269
f 1271 1273 1274
f 1274 1272 1271
f 1273 1275 1276
f 1276 1274 1273
f 1275 1245 1248
f 1248 1276 1275
f 1277 1278 1279
f 1279 1280 1277
f 1280 1279 1281
f 1281 1282 1280
f 1282 1281 1283
f 1283 1284 1282
f 1284 1283 1285
f 1285 1286 1284
f 1286 1285 1287
f 1287 1288 1286
f 1288 1287 1289
f 1289 1290 1288
f 1290 1289 1291
f 1291 1292 1290
f 1292 1291 1293
f 1293 1294 1292
f 1294 1293 1295
f 1295 1296 1294
f 1296 1295 1297
f 1297 1298 1296
f 1298 1297 1299
f 1299 1300 1298
f 1300 1299 1301
f 1301 1302 1300
f 1302 1301 1303
f 1303 1304 1302
f 1304 1303 1305
f 1305 1306 1304
f 1306 1305 1307
f 1307 1308 1306
f 1308 1307 1278
f 1278 1277 1308
f 1311 1310 1309
f 1309 1312 1311
f 1314 1313 1310
f 1310 1311 1314
f 1316 1315 1313
f 1313 1314 1316
f 1318 1317 1315
f 1315 1316 1318
f 1320 1319 1317
f 1317 1318 1320
f 1322 1321 1319
f 1319 1320 1322
f 1324 1323 1321
f 1321 1322 1324
f 1326 1325 1323
f 1323 1324 1326
f 1328 1327 1325
f 1325 1326 1328
f 1330 1329 1327
f 1327 1328 1330
f 1332 1331 1329
f 1329 1330 1332
f 1334 1333 1331
f 1331 1332 1334
f 1336 1335 1333
f 1333 1334 1336
f 1338 1337 1335
f 1335 1336 1338
f 1340 1339 1337
f 1337 1338 1340
f 1312 1309 1339
f 1339 1340 1312
f 1341 1342 1343
f 1343 1344 1341
f 1342 1345 1346
f 1346 1343 1342
f 1345 1347 1348
f 1348 1346 1345
f 1347 1349 1350
f 1350 1348 1347
f 1349 1351 1352
f 1352 1350 1349
f 1351 1353 1354
f 1354 1352 1351
f 1353 1355 1356
f 1356 1354 1353
f 1355 1357 1358
f 1358 1356 1355
f 1357 1359 1360
f 1360 1358 1357
f 1359 1361 1362
f 1362 1360 1359
f 1361 1363 1364
f 1364 1362 1361
f 1363 1365 1366
f 1366 1364 1363
f 1365 1367 1368
f 1368 1366 1365
f 1367 1369 1370
f 1370 1368 1367
f 1369 1371 1372
f 1372 1370 1369
f 1371 1341 1344
f 1344 1372 1371
f 1373 1374 1375
f 1375 1376 1373
f 1376 1375 1377
f 1377 1378 1376
f 1378 1377 1379
f 1379 1380 1378
f 1380 1379 1381
f 1381 1382 1380
f 1382 1381 1383
f 1383 1384 1382
f 1384 1383 1385
f 1385 1386 1384
f 1386 1385 1387
f 1387 1388 1386
f 1388 1387 1389
f 1389 1390 1388
f 1390 1389 1391
f 1391 1392 1390
f 1392 1391 1393
f 1393 1394 1392
f 1394 1393 1395
f 1395 1396 1394
f 1396 1395 1397
f 1397 1398 1396
f 1398 1397 1399
f 1399 1400 1398
f 1400 1399 1401
f 1401 1402 1400
f 1402 1401 1403
f 1403 1404 1402
f 1404 1403 1374
f 1374 1373 1404
f 1407 1406 1405
f 1405 1408 1407
f 1411 1410 1409
f 1409 1412 1411
f 1415 1414 1413
f 1413 1416 1415
f 1419 1418 1417
f 1417 1420 1419
f 1423 1422 1421
f 1421 1424 1423
f 1427 1426 1425
f 1425 1428 1427
f 1426 1430 1429
f 1429 1425 1426
f 1430 1432 1431
f 1431 1429 1430
f 1432 1427 1428
f 1428 1431 1432
f 1433 1434 1435
f 1435 1436 1433
f 1437 1438 1439
f 1439 1440 1437
f 1441 1442 1443
f 1443 1444 1441
f 1445 1446 1447
f 1447 1448 1445
f 1446 1449 1450
f 1450 1447 1446
f 1449 1451 1452
f 1452 1450 1449
f 1451 1453 1454
f 1454 1452 1451
f 1453 1455 1456
f 1456 1454 1453
f 1455 1457 1458
f 1458 1456 1455
f 1457 1459 1460
f 1460 1458 1457
f 1459 1461 1462
f 1462 1460 1459
f 1461 1463 1464
f 1464 1462 1461
f 1463 1465 1466
f 1466 1464 1463
f 1465 1467 1468
f 1468 1466 1465
f 1467 1469 1470
f 1470 1468 1467
f 1469 1471 1472
f 1472 1470 1469
f 1471 1473 1474
f 1474 1472 1471
f 1473 1475 1476
f 1476 1474 1473
f 1475 1445 1448
f 1448 1476 1475
f 1479 1478 1477
f 1479 1477 1480
f 1479 1480 1481
f 1479 1481 1482
f 1479 1482 1483
f 1479 1483 1484
f 1479 1484 1485
f 1479 1485 1486
f 1479 1486 1487
f 1479 1487 1488
f 1479 1488 1489
f 1479 1489 1490
f 1479 1490 1491
f 1479 1491 1492
f 1479 1492 1493
f 1479 1493 1478
f 1494 1495 1496
f 1496 1497 1494
f 1495 1498 1499
f 1499 1496 1495
f 1498 1500 1501
f 1501 1499 1498
f 1500 1502 1503
f 1503 1501 1500
f 1502 1504 1505
f 1505 1503 1502
f 1504 1506 1507
f 1507 1505 1504
f 1506 1508 1509
f 1509 1507 1506
f 1508 1510 1511
f 1511 1509 1508
f 1510 1512 1513
f 1513 1511 1510
f 1512 1514 1515
f 1515 1513 1512
f 1514 1516 1517
f 1517 1515 1514
f 1516 1518 1519
f 1519 1517 1516
f 1518 1520 1521
f 1521 1519 1518
f 1520 1522 1523
f 1523 1521 1520
f 1522 1524 1525
f 1525 1523 1522
f 1524 1494 1497
f 1497 1525 1524
f 1528 1527 1526
f 1528 1526 1529
f 1528 1529 1530
f 1528 1530 1531
f 1528 1531 1532
f 1528 1532 1533
f 1528 1533 1534
f 1528 1534 1535
f 1528 1535 1536
f 1528 1536 1537
f 1528 1537 1538
f 1528 1538 1539
f 1528 1539 1540
f 1528 1540 1541
f 1528 1541 1542
f 1528 1542 1527
f 1543 1544 1545
f 1545 1546 1543
f 1544 1547 1548
f 1548 1545 1544
f 1547 1549 1550
f 1550 1548 1547
f 1549 1551 1552
f 1552 1550 1549
f 1551 1553 1554
f 1554 1552 1551
f 1553 1555 1556
f 1556 1554 1553
f 1555 1557 1558
f 1558 1556 1555
f 1557 1559 1560
f 1560 1558 1557
f 1559 1561 1562
f 1562 1560 1559
f 1561 1563 1564
f 1564 1562 1561
f 1563 1565 1566
f 1566 1564 1563
f 1565 1567 1568
f 1568 1566 1565
f 1567 1569 1570
f 1570 1568 1567
f 1569 1571 1572
f 1572 1570 1569
f 1571 1573 1574
f 1574 1572 1571
f 1573 1543 1546
f 1546 1574 1573
f 1577 1576 1575
f 1577 1575 1578
f 1577 1578 1579
f 1577 1579 1580
f 1577 1580 1581
f 1577 1581 1582
f 1577 1582 1583
f 1577 1583 1584
f 1577 1584 1585
f 1577 1585 1586
f 1577 1586 1587
f 1577 1587 1588
f 1577 1588 1589
f 1577 1589 1590
f 1577 1590 1591
f 1577 1591 1576
f 1592 1593 1594
f 1594 1595 1592
f 1593 1596 1597
f 1597 1594 1593
f 1596 1598 1599
f 1599 1597 1596
f 1598 1600 1601
f 1601 1599 1598
f 1600 1602 1603
f 1603 1601 1600
f 1602 1604 1605
f 1605 1603 1602
f 1604 1606 1607
f 1607 1605 1604
f 1606 1608 1609
f 1609 1607 1606
f 1608 1610 1611
f 1611 1609 1608
f 1610 1612 1613
f 1613 1611 1610
f 1612 1614 1615
f 1615 1613 1612
f 1614 1616 1617
f 1617 1615 1614
f 1616 1618 1619
f 1619 1617 1616
f 1618 1620 1621
f 1621 1619 1618
f 1620 1622 1623
f 1623 1621 1620
f 1622 1592 1595
f 1595 1623 1622
f 1626 1625 1624
f 1626 1624 1627
f 1626 1627 1628
f 1626 1628 1629
f 1626 1629 1630
f 1626 1630 1631
f 1626 1631 1632
f 1626 1632 1633
f 1626 1633 1634
f 1626 1634 1635
f 1626 1635 1636
f 1626 1636 1637
f 1626 1637 1638
f 1626 1638 1639
f 1626 1639 1640
f 1626 1640 1625
f 1641 1642 1643
f 1643 1644 1641
f 1642 1645 1646
f 1646 1643 1642
f 1645 1647 1648
f 1648 1646 1645
f 1647 1649 1650
f 1650 1648 1647
f 1649 1651 1652
f 1652 1650 1649
f 1651 1653 1654
f 1654 1652 1651
f 1653 1655 1656
f 1656 1654 1653
f 1655 1657 1658
f 1658 1656 1655
f 1657 1659 1660
f 1660 1658 1657
f 1659 1661 1662
f 1662 1660 1659
f 1661 1663 1664
f 1664 1662 1661
f 1663 1665 1666
f 1666 1664 1663
f 1665 1667 1668
f 1668 1666 1665
f 1667 1669 1670
f 1670 1668 1667
f 1669 1671 1672
f 1672 1670 1669
f 1671 1641 1644
f 1644 1672 1671
f 1675 1674 1673
f 1675 1673 1676
f 1675 1676 1677
f 1675 1677 1678
f 1675 1678 1679
f 1675 1679 1680
f 1675 1680 1681
f 1675 1681 1682
f 1675 1682 1683
f 1675 1683 1684
f 1675 1684 1685
f 1675 1685 1686
f 1675 1686 1687
f 1675 1687 1688
f 1675 1688 1689
f 1675 1689 1674
f 1690 1691 1692
f 1692 1693 1690
f 1691 1694 1695
f 1695 1692 1691
f 1694 1696 1697
f 1697 1695 1694
f 1696 1698 1699
f 1699 1697 1696
f 1698 1700 1701
f 1701 1699 1698
f 1700 1702 1703
f 1703 1701 1700
f 1702 1704 1705
f 1705 1703 1702
f 1704 1706 1707
f 1707 1705 1704
f 1706 1708 1709
f 1709 1707 1706
f 1708 1710 1711
f 1711 1709 1708
f 1710 1712 1713
f 1713 1711 1710
f 1712 1714 1715
f 1715 1713 1712
f 1714 1716 1717
f 1717 1715 1714
f 1716 1718 1719
f 1719 1717 1716
f 1718 1720 1721
f 1721 1719 1718
f 1720 1690 1693
f 1693 1721 1720
f 1724 1723 1722
f 1724 1722 1725
f 1724 1725 1726
f 1724 1726 1727
f 1724 1727 1728
f 1724 1728 1729
f 1724 1729 1730
f 1724 1730 1731
f 1724 1731 1732
f 1724 1732 1733
f 1724 1733 1734
f 1724 1734 1735
f 1724 1735 1736
f 1724 1736 1737
f 1724 1737 1738
f 1724 1738 1723
f 1739 1740 1741
f 1741 1742 1739
f 1740 1743 1744
f 1744 1741 1740
f 1743 1745 1746
f 1746 1744 1743
f 1745 1747 1748
f 1748 1746 1745
f 1747 1749 1750
f 1750 1748 1747
f 1749 1751 1752
f 1752 1750 1749
f 1751 1753 1754
f 1754 1752 1751
f 1753 1755 1756
f 1756 1754 1753
f 1755 1757 1758
f 1758 1756 1755
f 1757 1759 1760
f 1760 1758 1757
f 1759 1761 1762
f 1762 1760 1759
f 1761 1763 1764
f 1764 1762 1761
f 1763 1765 1766
f 1766 1764 1763
f 1765 1767 1768
f 1768 1766 1765
f 1767 1769 1770
f 1770 1768 1767
f 1769 1739 1742
f 1742 1770 1769
f 1773 1772 1771
f 1773 1771 1774
f 1773 1774 1775
f 1773 1775 1776
f 1773 1776 1777
f 1773 1777 1778
f 1773 1778 1779
f 1773 1779 1780
f 1773 1780 1781
f 1773 1781 1782
f 1773 1782 1783
f 1773 1783 1784
f 1773 1784 1785
f 1773 1785 1786
f 1773 1786 1787
f 1773 1787 1772
f 1788 1789 1790
f 1790 1791 1788
f 1789 1792 1793
f 1793 1790 1789
f 1792 1794 1795
f 1795 1793 1792
f 1794 1796 1797
f 1797 1795 1794
f 1796 1798 1799
f 1799 1797 1796
f 1798 1800 1801
f 1801 1799 1798
f 1800 1802 1803
f 1803 1801 1800
f 1802 1804 1805
f 1805 1803 1802
f 1804 1806 1807
f 1807 1805 1804
f 1806 1808 1809
f 1809 1807 1806
f 1808 1810 1811
f 1811 1809 1808
f 1810 1812 1813
f 1813 1811 1810
f 1812 1814 1815
f 1815 1813 1812
f 1814 1816 1817
f 1817 1815 1814
f 1816 1818 1819
f 1819 1817 1816
f 1818 1788 1791
f 1791 1819 1818
f 1822 1821 1820
f 1822 1820 1823
f 1822 1823 1824
f 1822 1824 1825
f 1822 1825 1826
f 1822 1826 1827
f 1822 1827 1828
f 1822 1828 1829
f 1822 1829 1830
f 1822 1830 1831
f 1822 1831 1832
f 1822 1832 1833
f 1822 1833 1834
f 1822 1834 1835
f 1822 1835 1836
f 1822 1836 1821
f 1839 1838 1837
f 1837 1840 1839
f 1843 1842 1841
f 1841 1844 1843
f 1847 1846 1845
f 1845 1848 1847
f 1850 1849 1846
f 1846 1847 1850
f 1852 1851 1849
f 1849 1850 1852
f 1854 1853 1851
f 1851 1852 1854
f 1856 1855 1853
f 1853 1854 1856
f 1858 1857 1855
f 1855 1856 1858
f 1860 1859 1857
f 1857 1858 1860
f 1862 1861 1859
f 1859 1860 1862
f 1864 1863 1861
f 1861 1862 1864
f 1866 1865 1863
f 1863 1864 1866
f 1868 1867 1865
f 1865 1866 1868
f 1870 1869 1867
f 1867 1868 1870
f 1872 1871 1869
f 1869 1870 1872
f 1874 1873 1871
f 1871 1872 1874
f 1876 1875 1873
f 1873 1874 1876
f 1848 1845 1875
f 1875 1876 1848
f 1877 1878 1879
f 1879 1880 1877
f 1878 1881 1882
f 1882 1879 1878
f 1881 1883 1884
f 1884 1882 1881
f 1883 1885 1886
f 1886 1884 1883
f 1885 1887 1888
f 1888 1886 1885
f 1887 1889 1890
f 1890 1888 1887
f 1889 1891 1892
f 1892 1890 1889
f 1891 1893 1894
f 1894 1892 1891
f 1893 1895 1896
f 1896 1894 1893
f 1895 1897 1898
f 1898 1896 1895
f 1897 1899 1900
f 1900 1898 1897
f 1899 1901 1902
f 1902 1900 1899
f 1901 1903 1904
f 1904 1902 1901
f 1903 1905 1906
f 1906 1904 1903
f 1905 1907 1908
f 1908 1906 1905
f 1907 1877 1880
f 1880 1908 1907
f 1909 1910 1911
f 1911 1912 1909
f 1912 1911 1913
f 1913 1914 1912
f 1914 1913 1915
f 1915 1916 1914
f 1916 1915 1917
f 1917 1918 1916
f 1918 1917 1919
f 1919 1920 1918
f 1920 1919 1921
f 1921 1922 1920
f 1922 1921 1923
f 1923 1924 1922
f 1924 1923 1925
f 1925 1926 1924
f 1926 1925 1927
f 1927 1928 1926
f 1928 1927 1929
f 1929 1930 1928
f 1930 1929 1931
f 1931 1932 1930
f 1932 1931 1933
f 1933 1934 1932
f 1934 1933 1935
f 1935 1936 1934
f 1936 1935 1937
f 1937 1938 1936
f 1938 1937 1939
f 1939 1940 1938
f 1940 1939 1910
f 1910 1909 1940
f 1943 1942 1941
f 1941 1944 1943
f 1946 1945 1942
f 1942 1943 1946
f 1948 1947 1945
f 1945 1946 1948
f 1950 1949 1947
f 1947 1948 1950
f 1952 1951 1949
f 1949 1950 1952
f 1954 1953 1951
f 1951 1952 1954
f 1956 1955 1953
f 1953 1954 1956
f 1958 1957 1955
f 1955 1956 1958
f 1960 1959 1957
f 1957 1958 1960
f 1962 1961 1959
f 1959 1960 1962
f 1964 1963 1961
f 1961 1962 1964
f 1966 1965 1963
f 1963 1964 1966
f 1968 1967 1965
f 1965 1966 1968
f 1970 1969 1967
f 1967 1968 1970
f 1972 1971 1969
f 1969 1970 1972
f 1944 1941 1971
f 1971 1972 1944
f 1973 1974 1975
f 1975 1976 1973
f 1974 1977 1978
f 1978 1975 1974
f 1977 1979 1980
f 1980 1978 1977
f 1979 1981 1982
f 1982 1980 1979
f 1981 1983 1984
f 1984 1982 1981
f 1983 1985 1986
f 1986 1984 1983
f 1985 1987 1988
f 1988 1986 1985
f 1987 1989 1990
f 1990 1988 1987
f 1989 1991 1992
f 1992 1990 1989
f 1991 1993 1994
f 1994 1992 1991
f 1993 1995 1996
f 1996 1994 1993
f 1995 1997 1998
f 1998 1996 1995
f 1997 1999 2000
f 2000 1998 1997
f 1999 2001 2002
f 2002 2000 1999
f 2001 2003 2004
f 2004 2002 2001
f 2003 1973 1976
f 1976 2004 2003
f 2005 2006 2007
f 2007 2008 2005
f 2008 2007 2009
f 2009 2010 2008
f 2010 2009 2011
f 2011 2012 2010
f 2012 2011 2013
f 2013 2014 2012
f 2014 2013 2015
f 2015 2016 2014
f 2016 2015 2017
f 2017 2018 2016
f 2018 2017 2019
f 2019 2020 2018
f 2020 2019 2021
f 2021 2022 2020
f 2022 2021 2023
f 2023 2024 2022
f 2024 2023 2025
f 2025 2026 2024
f 2026 2025 2027
f 2027 2028 2026
f 2028 2027 2029
f 2029 2030 2028
f 2030 2029 2031
f 2031 2032 2030
f 2032 2031 2033
f 2033 2034 2032
f 2034 2033 2035
f 2035 2036 2034
f 2036 2035 2006
f 2006 2005 2036
f 2039 2038 2037
f 2037 2040 2039
f 2042 2041 2038
f 2038 2039 2042
f 2044 2043 2041
f 2041 2042 2044
f 2046 2045 2043
f 2043 2044 2046
f 2048 2047 2045
f 2045 2046 2048
f 2050 2049 2047
f 2047 2048 2050
f 2052 2051 2049
f 2049 2050 2052
f 2054 2053 2051
f 2051 2052 2054
f 2056 2055 2053
f 2053 2054 2056
f 2058 2057 2055
f 2055 2056 2058
f 2060 2059 2057
f 2057 2058 2060
f 2062 2061 2059
f 2059 2060 2062
f 2064 2063 2061
f 2061 2062 2064
f 2066 2065 2063
f 2063 2064 2066
f 2068 2067 2065
f 2065 2066 2068
f 2040 2037 2067
f 2067 2068 2040
f 2069 2070 2071
f 2071 2072 2069
f 2070 2073 2074
f 2074 2071 2070
f 2073 2075 2076
f 2076 2074 2073
f 2075 2077 2078
f 2078 2076 2075
f 2077 2079 2080
f 2080 2078 2077
f 2079 2081 2082
f 2082 2080 2079
f 2081 2083 2084
f 2084 2082 2081
f 2083 2085 2086
f 2086 2084 2083
f 2085 2087 2088
f 2088 2086 2085
f 2087 2089 2090
f 2090 2088 2087
f 2089 2091 2092
f 2092 2090 2089
f 2091 2093 2094
f 2094 2092 2091
f 2093 2095 2096
f 2096 2094 2093
f 2095 2097 2098
f 2098 2096 2095
f 2097 2099 2100
f 2100 2098 2097
f 2099 2069 2072
f 2072 2100 2099
f 2101 2102 2103
f 2103 2104 2101
f 2104 2103 2105
f 2105 2106 2104
f 2106 2105 2107
f 2107 2108 2106
f 2108 2107 2109
f 2109 2110 2108
f 2110 2109 2111
f 2111 2112 2110
f 2112 2111 2113
f 2113 2114 2112
f 2114 2113 2115
f 2115 2116 2114
f 2116 2115 2117
f 2117 2118 2116
f 2118 2117 2119
f 2119 2120 2118
f 2120 2119 2121
f 2121 2122 2120
f 2122 2121 2123
f 2123 2124 2122
f 2124 2123 2125
f 2125 2126 2124
f 2126 2125 2127
f 2127 2128 2126
f 2128 2127 2129
f 2129 2130 2128
f 2130 2129 2131
f 2131 2132 2130
f 2132 2131 2102
f 2102 2101 2132
f 2135 2134 2133
f 2133 2136 2135
f 2139 2138 2137
f 2137 2140 2139
f 2143 2142 2141
f 2141 2144 2143
f 2147 2146 2145
f 2145 2148 2147
f 2151 2150 2149
f 2149 2152 2151
f 2155 2154 2153
f 2153 2156 2155
f 2154 2158 2157
f 2157 2153 2154
f 2158 2160 2159
f 2159 2157 2158
f 2160 2155 2156
f 2156 2159 2160
f 2161 2162 2163
f 2163 2164 2161
f 2165 2166 2167
f 2167 2168 2165
f 2169 2170 2171
f 2171 2172 2169
f 2173 2174 2175
f 2175 2176 2173
f 2174 2177 2178
f 2178 2175 2174
f 2177 2179 2180
f 2180 2178 2177
f 2179 2181 2182
f 2182 2180 2179
f 2181 2183 2184
f 2184 2182 2181
f 2183 2185 2186
f 2186 2184 2183
f 2185 2187 2188
f 2188 2186 2185
f 2187 2189 2190
f 2190 2188 2187
f 2189 2191 2192
f 2192 2190 2189
f 2191 2193 2194
f 2194 2192 2191
f 2193 2195 2196
f 2196 2194 2193
f 2195 2197 2198
f 2198 2196 2195
f 2197 2199 2200
f 2200 2198 2197
f 2199 2201 2202
f 2202 2200 2199
f 2201 2203 2204
f 2204 2202 2201
f 2203 2173 2176
f 2176 2204 2203
f 2207 2206 2205
f 2207 2205 2208
f 2207 2208 2209
f 2207 2209 2210
f 2207 2210 2211
f 2207 2211 2212
f 2207 2212 2213
f 2207 2213 2214
f 2207 2214 2215
f 2207 2215 2216
f 2207 2216 2217
f 2207 2217 2218
f 2207 2218 2219
f 2207 2219 2220
f 2207 2220 2221
f 2207 2221 2206
f 2222 2223 2224
f 2224 2225 2222
f 2223 2226 2227
f 2227 2224 2223
f 2226 2228 2229
f 2229 2227 2226
f 2228 2230 2231
f 2231 2229 2228
f 2230 2232 2233
f 2233 2231 2230
f 2232 2234 2235
f 2235 2233 2232
f 2234 2236 2237
f 2237 2235 2234
f 2236 2238 2239
f 2239 2237 2236
f 2238 2240 2241
f 2241 2239 2238
f 2240 2242 2243
f 2243 2241 2240
f 2242 2244 2245
f 2245 2243 2242
f 2244 2246 2247
f 2247 2245 2244
f 2246 2248 2249
f 2249 2247 2246
f 2248 2250 2251
f 2251 2249 2248
f 2250 2252 2253
f 2253 2251 2250
f 2252 2222 2225
f 2225 2253 2252
f 2256 2255 2254
f 2256 2254 2257
f 2256 2257 2258
f 2256 2258 2259
f 2256 2259 2260
f 2256 2260 2261
f 2256 2261 2262
f 2256 2262 2263
f 2256 2263 2264
f 2256 2264 2265
f 2256 2265 2266
f 2256 2266 2267
f 2256 2267 2268
f 2256 2268 2269
f 2256 2269 2270
f 2256 2270 2255
f 2271 2272 2273
f 2273 2274 2271
f 2272 2275 2276
f 2276 2273 2272
f 2275 2277 2278
f 2278 2276 2275
f 2277 2279 2280
f 2280 2278 2277
f 2279 2281 2282
f 2282 2280 2279
f 2281 2283 2284
f 2284 2282 2281
f 2283 2285 2286
f 2286 2284 2283
f 2285 2287 2288
f 2288 2286 2285
f 2287 2289 2290
f 2290 2288 2287
f 2289 2291 2292
f 2292 2290 2289
f 2291 2293 2294
f 2294 2292 2291
f 2293 2295 2296
f 2296 2294 2293
f 2295 2297 2298
f 2298 2296 2295
f 2297 2299 2300
f 2300 2298 2297
f 2299 2301 2302
f 2302 2300 2299
f 2301 2271 2274
f 2274 2302 2301
f 2305 2304 2303
f 2305 2303 2306
f 2305 2306 2307
f 2305 2307 2308
f 2305 2308 2309
f 2305 2309 2310
f 2305 2310 2311
f 2305 2311 2312
f 2305 2312 2313
f 2305 2313 2314
f 2305 2314 2315
f 2305 2315 2316
f 2305 2316 2317
f 2305 2317 2318
f 2305 2318 2319
f 2305 2319 2304
f 2320 2321 2322
f 2322 2323 2320
f 2321 2324 2325
f 2325 2322 2321
f 2324 2326 2327
f 2327 2325 2324
f 2326 2328 2329
f 2329 2327 2326
f 2328 2330 2331
f 2331 2329 2328
f 2330 2332 2333
f 2333 2331 2330
f 2332 2334 2335
f 2335 2333 2332
f 2334 2336 2337
f 2337 2335 2334
f 2336 2338 2339
f 2339 2337 2336
f 2338 2340 2341
f 2341 2339 2338
f 2340 2342 2343
f 2343 2341 2340
f 2342 2344 2345
f 2345 2343 2342
f 2344 2346 2347
f 2347 2345 2344
f 2346 2348 2349
f 2349 2347 2346
f 2348 2350 2351
f 2351 2349 2348
f 2350 2320 2323
f 2323 2351 2350
f 2354 2353 2352
f 2354 2352 2355
f 2354 2355 2356
f 2354 2356 2357
f 2354 2357 2358
f 2354 2358 2359
f 2354 2359 2360
f 2354 2360 2361
f 2354 2361 2362
f 2354 2362 2363
f 2354 2363 2364
f 2354 2364 2365
f 2354 2365 2366
f 2354 2366 2367
f 2354 2367 2368
f 2354 2368 2353
f 2369 2370 2371
f 2371 2372 2369
f 2370 2373 2374
f 2374 2371 2370
f 2373 2375 2376
f 2376 2374 2373
f 2375 2377 2378
f 2378 2376 2375
f 2377 2379 2380
f 2380 2378 2377
f 2379 2381 2382
f 2382 2380 2379
f 2381 2383 2384
f 2384 2382 2381
f 2383 2385 2386
f 2386 2384 2383
f 2385 2387 2388
f 2388 2386 2385
f 2387 2389 2390
f 2390 2388 2387
f 2389 2391 2392
f 2392 2390 2389
f 2391 2393 2394
f 2394 2392 2391
f 2393 2395 2396
f 2396 2394 2393
f 2395 2397 2398
f 2398 2396 2395
f 2397 2399 2400
f 2400 2398 2397
f 2399 2369 2372
f 2372 2400 2399
f 2403 2402 2401
f 2403 2401 2404
f 2403 2404 2405
f 2403 2405 2406
f 2403 2406 2407
f 2403 2407 2408
f 2403 2408 2409
f 2403 2409 2410
f 2403 2410 2411
f 2403 2411 2412
f 2403 2412 2413
f 2403 2413 2414
f 2403 2414 2415
f 2403 2415 2416
f 2403 2416 2417
f 2403 2417 2402
f 2418 2419 2420
f 2420 2421 2418
f 2419 2422 2423
f 2423 2420 2419
f 2422 2424 2425
f 2425 2423 2422
f 2424 2426 2427
f 2427 2425 2424
f 2426 2428 2429
f 2429 2427 2426
f 2428 2430 2431
f 2431 2429 2428
f 2430 2432 2433
f 2433 2431 2430
f 2432 2434 2435
f 2435 2433 2432
f 2434 2436 2437
f 2437 2435 2434
f 2436 2438 2439
f 2439 2437 2436
f 2438 2440 2441
f 2441 2439 2438
f 2440 2442 2443
f 2443 2441 2440
f 2442 2444 2445
f 2445 2443 2442
f 2444 2446 2447
f 2447 2445 2444
f 2446 2448 2449
f 2449 2447 2446
f 2448 2418 2421
f 2421 2449 2448
f 2452 2451 2450
f 2452 2450 2453
f 2452 2453 2454
f 2452 2454 2455
f 2452 2455 2456
f 2452 2456 2457
f 2452 2457 2458
f 2452 2458 2459
f 2452 2459 2460
f 2452 2460 2461
f 2452 2461 2462
f 2452 2462 2463
f 2452 2463 2464
f 2452 2464 2465
f 2452 2465 2466
f 2452 2466 2451
f 2467 2468 2469
f 2469 2470 2467
f 2468 2471 2472
f 2472 2469 2468
f 2471 2473 2474
f 2474 2472 2471
f 2473 2475 2476
f 2476 2474 2473
f 2475 2477 2478
f 2478 2476 2475
f 2477 2479 2480
f 2480 2478 2477
f 2479 2481 2482
f 2482 2480 2479
f 2481 2483 2484
f 2484 2482 2481
f 2483 2485 2486
f 2486 2484 2483
f 2485 2487 2488
f 2488 2486 2485
f 2487 2489 2490
f 2490 2488 2487
f 2489 2491 2492
f 2492 2490 2489
f 2491 2493 2494
f 2494 2492 2491
f 2493 2495 2496
f 2496 2494 2493
f 2495 2497 2498
f 2498 2496 2495
f 2497 2467 2470
f 2470 2498 2497
f 2501 2500 2499
f 2501 2499 2502
f 2501 2502 2503
f 2501 2503 2504
f 2501 2504 2505
f 2501 2505 2506
f 2501 2506 2507
f 2501 2507 2508
f 2501 2508 2509
f 2501 2509 2510
f 2501 2510 2511
f 2501 2511 2512
f 2501 2512 2513
f 2501 2513 2514
f 2501 2514 2515
f 2501 2515 2500
f 2516 2517 2518
f 2518 2519 2516
f 2517 2520 2521
f 2521 2518 2517
f 2520 2522 2523
f 2523 2521 2520
f 2522 2524 2525
f 2525 2523 2522
f 2524 2526 2527
f 2527 2525 2524
f 2526 2528 2529
f 2529 2527 2526
f 2528 2530 2531
f 2531 2529 2528
f 2530 2532 2533
f 2533 2531 2530
f 2532 2534 2535
f 2535 2533 2532
f 2534 2536 2537
f 2537 2535 2534
f 2536 2538 2539
f 2539 2537 2536
f 2538 2540 2541
f 2541 2539 2538
f 2540 2542 2543
f 2543 2541 2540
f 2542 2544 2545
f 2545 2543 2542
f 2544 2546 2547
f 2547 2545 2544
f 2546 2516 2519
f 2519 2547 2546
f 2550 2549 2548
f 2550 2548 2551
f 2550 2551 2552
f 2550 2552 2553
f 2550 2553 2554
f 2550 2554 2555
f 2550 2555 2556
f 2550 2556 2557
f 2550 2557 2558
f 2550 2558 2559
f 2550 2559 2560
f 2550 2560 2561
f 2550 2561 2562
f 2550 2562 2563
f 2550 2563 2564
f 2550 2564 2549
f 2567 2566 2565
f 2565 2568 2567
f 2571 2570 2569
f 2569 2572 2571
f 2573 2574 2575
f 2575 2576 2573
f 2577 2578 2579
f 2579 2580 2577
f 2581 2582 2583
f 2583 2584 2581
f 2585 2586 2587
f 2587 2588 2585
f 2591 2590 2589
f 2589 2592 2591
f 2595 2594 2593
f 2593 2596 2595
f 2599 2598 2597
f 2597 2600 2599
f 2603 2602 2601
f 2601 2604 2603
f 2607 2606 2605
f 2605 2608 2607
f 2611 2610 2609
f 2609 2612 2611
f 2615 2614 2613
f 2613 2616 2615
f 2614 2611 2612
f 2612 2613 2614
f 2610 2615 2616
f 2616 2609 2610
f 2617 2618 2619
f 2619 2620 2617
f 2618 2621 2622
f 2622 2619 2618
f 2621 2623 2624
f 2624 2622 2621
f 2623 2625 2626
f 2626 2624 2623
f 2625 2627 2628
f 2628 2626 2625
f 2627 2629 2630
f 2630 2628 2627
f 2629 2631 2632
f 2632 2630 2629
f 2631 2633 2634
f 2634 2632 2631
f 2633 2635 2636
f 2636 2634 2633
f 2635 2637 2638
f 2638 2636 2635
f 2637 2639 2640
f 2640 2638 2637
f 2639 2641 2642
f 2642 2640 2639
f 2641 2643 2644
f 2644 2642 2641
f 2643 2645 2646
f 2646 2644 2643
f 2645 2647 2648
f 2648 2646 2645
f 2647 2617 2620
f 2620 2648 2647
f 2651 2650 2649
f 2651 2649 2652
f 2651 2652 2653
f 2651 2653 2654
f 2651 2654 2655
f 2651 2655 2656
f 2651 2656 2657
f 2651 2657 2658
f 2651 2658 2659
f 2651 2659 2660
f 2651 2660 2661
f 2651 2661 2662
f 2651 2662 2663
f 2651 2663 2664
f 2651 2664 2665
f 2651 2665 2650
f 2666 2667 2668
f 2668 2669 2666
f 2667 2670 2671
f 2671 2668 2667
f 2670 2672 2673
f 2673 2671 2670
f 2672 2674 2675
f 2675 2673 2672
f 2674 2676 2677
f 2677 2675 2674
f 2676 2678 2679
f 2679 2677 2676
f 2678 2680 2681
f 2681 2679 2678
f 2680 2682 2683
f 2683 2681 2680
f 2682 2684 2685
f 2685 2683 2682
f 2684 2686 2687
f 2687 2685 2684
f 2686 2688 2689
f 2689 2687 2686
f 2688 2690 2691
f 2691 2689 2688
f 2690 2692 2693
f 2693 2691 2690
f 2692 2694 2695
f 2695 2693 2692
f 2694 2696 2697
f 2697 2695 2694
f 2696 2666 2669
f 2669 2697 2696
f 2700 2699 2698
f 2700 2698 2701
f 2700 2701 2702
f 2700 2702 2703
f 2700 2703 2704
f 2700 2704 2705
f 2700 2705 2706
f 2700 2706 2707
f 2700 2707 2708
f 2700 2708 2709
f 2700 2709 2710
f 2700 2710 2711
f 2700 2711 2712
f 2700 2712 2713
f 2700 2713 2714
f 2700 2714 2699
f 2715 2716 2717
f 2717 2718 2715
f 2716 2719 2720
f 2720 2717 2716
f 2719 2721 2722
f 2722 2720 2719
f 2721 2723 2724
f 2724 2722 2721
f 2723 2725 2726
f 2726 2724 2723
f 2725 2727 2728
f 2728 2726 2725
f 2727 2729 2730
f 2730 2728 2727
f 2729 2731 2732
f 2732 2730 2729
f 2731 2733 2734
f 2734 2732 2731
f 2733 2735 2736
f 2736 2734 2733
f 2735 2737 2738
f 2738 2736 2735
f 2737 2739 2740
f 2740 2738 2737
f 2739 2741 2742
f 2742 2740 2739
f 2741 2743 2744
f 2744 2742 2741
f 2743 2745 2746
f 2746 2744 2743
f 2745 2715 2718
f 2718 2746 2745
f 2749 2748 2747
f 2749 2747 2750
f 2749 2750 2751
f 2749 2751 2752
f 2749 2752 2753
f 2749 2753 2754
f 2749 2754 2755
f 2749 2755 2756
f 2749 2756 2757
f 2749 2757 2758
f 2749 2758 2759
f 2749 2759 2760
f 2749 2760 2761
f 2749 2761 2762
f 2749 2762 2763
f 2749 2763 2748
f 2764 2765 2766
f 2766 2767 2764
f 2765 2768 2769
f 2769 2766 2765
f 2768 2770 2771
f 2771 2769 2768
f 2770 2772 2773
f 2773 2771 2770
f 2772 2774 2775
f 2775 2773 2772
f 2774 2776 2777
f 2777 2775 2774
f 2776 2778 2779
f 2779 2777 2776
f 2778 2780 2781
f 2781 2779 2778
f 2780 2782 2783
f 2783 2781 2780
f 2782 2784 2785
f 2785 2783 2782
f 2784 2786 2787
f 2787 2785 2784
f 2786 2788 2789
f 2789 2787 2786
f 2788 2790 2791
f 2791 2789 2788
f 2790 2792 2793
f 2793 2791 2790
f 2792 2794 2795
f 2795 2793 2792
f 2794 2764 2767
f 2767 2795 2794
f 2798 2797 2796
f 2798 2796 2799
f 2798 2799 2800
f 2798 2800 2801
f 2798 2801 2802
f 2798 2802 2803
f 2798 2803 2804
f 2798 2804 2805
f 2798 2805 2806
f 2798 2806 2807
f 2798 2807 2808
f 2798 2808 2809
f 2798 2809 2810
f 2798 2810 2811
f 2798 2811 2812
f 2798 2812 2797
f 2813 2814 2815
f 2815 2816 2813
f 2814 2817 2818
f 2818 2815 2814
f 2817 2819 2820
f 2820 2818 2817
f 2819 2821 2822
f 2822 2820 2819
f 2821 2823 2824
f 2824 2822 2821
f 2823 2825 2826
f 2826 2824 2823
f 2825 2827 2828
f 2828 2826 2825
f 2827 2829 2830
f 2830 2828 2827
f 2829 2831 2832
f 2832 2830 2829
f 2831 2833 2834
f 2834 2832 2831
f 2833 2835 2836
f 2836 2834 2833
f 2835 2837 2838
f 2838 2836 2835
f 2837 2839 2840
f 2840 2838 2837
f 2839 2841 2842
f 2842 2840 2839
f 2841 2843 2844
f 2844 2842 2841
f 2843 2813 2816
f 2816 2844 2843
f 2847 2846 2845
f 2847 2845 2848
f 2847 2848 2849
f 2847 2849 2850
f 2847 2850 2851
f 2847 2851 2852
f 2847 2852 2853
f 2847 2853 2854
f 2847 2854 2855
f 2847 2855 2856
f 2847 2856 2857
f 2847 2857 2858
f 2847 2858 2859
f 2847 2859 2860
f 2847 2860 2861
f 2847 2861 2846
f 2862 2863 2864
f 2864 2865 2862
f 2863 2866 2867
f 2867 2864 2863
f 2866 2868 2869
f 2869 2867 2866
f 2868 2870 2871
f 2871 2869 2868
f 2870 2872 2873
f 2873 2871 2870
f 2872 2874 2875
f 2875 2873 2872
f 2874 2876 2877
f 2877 2875 2874
f 2876 2878 2879
f 2879 2877 2876
f 2878 2880 2881
f 2881 2879 2878
f 2880 2882 2883
f 2883 2881 2880
f 2882 2884 2885
f 2885 2883 2882
f 2884 2886 2887
f 2887 2885 2884
f 2886 2888 2889
f 2889 2887 2886
f 2888 2890 2891
f 2891 2889 2888
f 2890 2892 2893
f 2893 2891 2890
f 2892 2862 2865
f 2865 2893 2892
f 2896 2895 2894
f 2896 2894 2897
f 2896 2897 2898
f 2896 2898 2899
f 2896 2899 2900
f 2896 2900 2901
f 2896 2901 2902
f 2896 2902 2903
f 2896 2903 2904
f 2896 2904 2905
f 2896 2905 2906
f 2896 2906 2907
f 2896 2907 2908
f 2896 2908 2909
f 2896 2909 2910
f 2896 2910 2895
f 2911 2912 2913
f 2913 2914 2911
f 2912 2915 2916
f 2916 2913 2912
f 2915 2917 2918
f 2918 2916 2915
f 2917 2919 2920
f 2920 2918 2917
f 2919 2921 2922
f 2922 2920 2919
f 2921 2923 2924
f 2924 2922 2921
f 2923 2925 2926
f 2926 2924 2923
f 2925 2927 2928
f 2928 2926 2925
f 2927 2929 2930
f 2930 2928 2927
f 2929 2931 2932
f 2932 2930 2929
f 2931 2933 2934
f 2934 2932 2931
f 2933 2935 2936
f 2936 2934 2933
f 2935 2937 2938
f 2938 2936 2935
f 2937 2939 2940
f 2940 2938 2937
f 2939 2941 2942
f 2942 2940 2939
f 2941 2911 2914
f 2914 2942 2941
f 2945 2944 2943
f 2945 2943 2946
f 2945 2946 2947
f 2945 2947 2948
f 2945 2948 2949
f 2945 2949 2950
f 2945 2950 2951
f 2945 2951 2952
f 2945 2952 2953
f 2945 2953 2954
f 2945 2954 2955
f 2945 2955 2956
f 2945 2956 2957
f 2945 2957 2958
f 2945 2958 2959
f 2945 2959 2944
f 2960 2961 2962
f 2962 2963 2960
f 2961 2964 2965
f 2965 2962 2961
f 2964 2966 2967
f 2967 2965 2964
f 2966 2968 2969
f 2969 2967 2966
f 2968 2970 2971
f 2971 2969 2968
f 2970 2972 2973
f 2973 2971 2970
f 2972 2974 2975
f 2975 2973 2972
f 2974 2976 2977
f 2977 2975 2974
f 2976 2978 2979
f 2979 2977 2976
f 2978 2980 2981
f 2981 2979 2978
f 2980 2982 2983
f 2983 2981 2980
f 2982 2984 2985
f 2985 2983 2982
f 2984 2986 2987
f 2987 2985 2984
f 2986 2988 2989
f 2989 2987 2986
f 2988 2990 2991
f 2991 2989 2988
f 2990 2960 2963
f 2963 2991 2990
f 2994 2993 2992
f 2994 2992 2995
f 2994 2995 2996
f 2994 2996 2997
f 2994 2997 2998
f 2994 2998 2999
f 2994 2999 3000
f 2994 3000 3001
f 2994 3001 3002
f 2994 3002 3003
f 2994 3003 3004
f 2994 3004 3005
f 2994 3005 3006
f 2994 3006 3007
f 2994 3007 3008
f 2994 3008 2993
f 3009 3010 3011
f 3011 3012 3009
f 3010 3013 3014
f 3014 3011 3010
f 3013 3015 3016
f 3016 3014 3013
f 3015 3017 3018
f 3018 3016 3015
f 3017 3019 3020
f 3020 3018 3017
f 3019 3021 3022
f 3022 3020 3019
f 3021 3023 3024
f 3024 3022 3021
f 3023 3025 3026
f 3026 3024 3023
f 3025 3027 3028
f 3028 3026 3025
f 3027 3029 3030
f 3030 3028 3027
f 3029 3031 3032
f 3032 3030 3029
f 3031 3033 3034
f 3034 3032 3031
f 3033 3035 3036
f 3036 3034 3033
f 3035 3037 3038
f 3038 3036 3035
f 3037 3039 3040
f 3040 3038 3037
f 3039 3009 3012
f 3012 3040 3039
f 3043 3042 3041
f 3043 3041 3044
f 3043 3044 3045
f 3043 3045 3046
f 3043 3046 3047
f 3043 3047 3048
f 3043 3048 3049
f 3043 3049 3050
f 3043 3050 3051
f 3043 3051 3052
f 3043 3052 3053
f 3043 3053 3054
f 3043 3054 3055
f 3043 3055 3056
f 3043 3056 3057
f 3043 3057 3042
f 3058 3059 3060
f 3060 3061 3058
f 3059 3062 3063
f 3063 3060 3059
f 3062 3064 3065
f 3065 3063 3062
f 3064 3066 3067
f 3067 3065 3064
f 3066 3068 3069
f 3069 3067 3066
f 3068 3070 3071
f 3071 3069 3068
f 3070 3072 3073
f 3073 3071 3070
f 3072 3074 3075
f 3075 3073 3072
f 3074 3076 3077
f 3077 3075 3074
f 3076 3078 3079
f 3079 3077 3076
f 3078 3080 3081
f 3081 3079 3078
f 3080 3082 3083
f 3083 3081 3080
f 3082 3084 3085
f 3085 3083 3082
f 3084 3086 3087
f 3087 3085 3084
f 3086 3088 3089
f 3089 3087 3086
f 3088 3058 3061
f 3061 3089 3088
f 3092 3091 3090
f 3092 3090 3093
f 3092 3093 3094
f 3092 3094 3095
f 3092 3095 3096
f 3092 3096 3097
f 3092 3097 3098
f 3092 3098 3099
f 3092 3099 3100
f 3092 3100 3101
f 3092 3101 3102
f 3092 3102 3103
f 3092 3103 3104
f 3092 3104 3105
f 3092 3105 3106
f 3092 3106 3091
f 3107 3108 3109
f 3109 3110 3107
f 3108 3111 3112
f 3112 3109 3108
f 3111 3113 3114
f 3114 3112 3111
f 3113 3115 3116
f 3116 3114 3113
f 3115 3117 3118
f 3118 3116 3115
f 3117 3119 3120
f 3120 3118 3117
f 3119 3121 3122
f 3122 3120 3119
f 3121 3123 3124
f 3124 3122 3121
f 3123 3125 3126
f 3126 3124 3123
f 3125 3127 3128
f 3128 3126 3125
f 3127 3129 3130
f 3130 3128 3127
f 3129 3131 3132
f 3132 3130 3129
f 3131 3133 3134
f 3134 3132 3131
f 3133 3135 3136
f 3136 3134 3133
f 3135 3137 3138
f 3138 3136 3135
f 3137 3107 3110
f 3110 3138 3137
f 3141 3140 3139
f 3141 3139 3142
f 3141 3142 3143
f 3141 3143 3144
f 3141 3144 3145
f 3141 3145 3146
f 3141 3146 3147
f 3141 3147 3148
f 3141 3148 3149
f 3141 3149 3150
f 3141 3150 3151
f 3141 3151 3152
f 3141 3152 3153
f 3141 3153 3154
f 3141 3154 3155
f 3141 3155 3140
f 3156 3157 3158
f 3158 3159 3156
f 3157 3160 3161
f 3161 3158 3157
f 3160 3162 3163
f 3163 3161 3160
f 3162 3164 3165
f 3165 3163 3162
f 3164 3166 3167
f 3167 3165 3164
f 3166 3168 3169
f 3169 3167 3166
f 3168 3170 3171
f 3171 3169 3168
f 3170 3172 3173
f 3173 3171 3170
f 3172 3174 3175
f 3175 3173 3172
f 3174 3176 3177
f 3177 3175 3174
f 3176 3178 3179
f 3179 3177 3176
f 3178 3180 3181
f 3181 3179 3178
f 3180 3182 3183
f 3183 3181 3180
f 3182 3184 3185
f 3185 3183 3182
f 3184 3186 3187
f 3187 3185 3184
f 3186 3156 3159
f 3159 3187 3186
f 3190 3189 3188
f 3190 3188 3191
f 3190 3191 3192
f 3190 3192 3193
f 3190 3193 3194
f 3190 3194 3195
f 3190 3195 3196
f 3190 3196 3197
f 3190 3197 3198
f 3190 3198 3199
f 3190 3199 3200
f 3190 3200 3201
f 3190 3201 3202
f 3190 3202 3203
f 3190 3203 3204
f 3190 3204 3189
f 3205 3206 3207
f 3207 3208 3205
f 3206 3209 3210
f 3210 3207 3206
f 3209 3211 3212
f 3212 3210 3209
f 3211 3213 3214
f 3214 3212 3211
f 3213 3215 3216
f 3216 3214 3213
f 3215 3217 3218
f 3218 3216 3215
f 3217 3219 3220
f 3220 3218 3217
f 3219 3221 3222
f 3222 3220 3219
f 3221 3223 3224
f 3224 3222 3221
f 3223 3225 3226
f 3226 3224 3223
f 3225 3227 3228
f 3228 3226 3225
f 3227 3229 3230
f 3230 3228 3227
f 3229 3231 3232
f 3232 3230 3229
f 3231 3233 3234
f 3234 3232 3231
f 3233 3235 3236
f 3236 3234 3233
f 3235 3205 3208
f 3208 3236 3235
f 3239 3238 3237
f 3239 3237 3240
f 3239 3240 3241
f 3239 3241 3242
f 3239 3242 3243
f 3239 3243 3244
f 3239 3244 3245
f 3239 3245 3246
f 3239 3246 3247
f 3239 3247 3248
f 3239 3248 3249
f 3239 3249 3250
f 3239 3250 3251
f 3239 3251 3252
f 3239 3252 3253
f 3239 3253 3238
f 3254 3255 3256
f 3256 3257 3254
f 3255 3258 3259
f 3259 3256 3255
f 3258 3260 3261
f 3261 3259 3258
f 3260 3262 3263
f 3263 3261 3260
f 3262 3264 3265
f 3265 3263 3262
f 3264 3266 3267
f 3267 3265 3264
f 3266 3268 3269
f 3269 3267 3266
f 3268 3270 3271
f 3271 3269 3268
f 3270 3272 3273
f 3273 3271 3270
f 3272 3274 3275
f 3275 3273 3272
f 3274 3276 3277
f 3277 3275 3274
f 3276 3278 3279
f 3279 3277 3276
f 3278 3280 3281
f 3281 3279 3278
f 3280 3282 3283
f 3283 3281 3280
f 3282 3284 3285
f 3285 3283 3282
f 3284 3254 3257
f 3257 3285 3284
f 3288 3287 3286
f 3288 3286 3289
f 3288 3289 3290
f 3288 3290 3291
f 3288 3291 3292
f 3288 3292 3293
f 3288 3293 3294
f 3288 3294 3295
f 3288 3295 3296
f 3288 3296 3297
f 3288 3297 3298
f 3288 3298 3299
f 3288 3299 3300
f 3288 3300 3301
f 3288 3301 3302
f 3288 3302 3287
f 3303 3304 3305
f 3305 3306 3303
f 3304 3307 3308
f 3308 3305 3304
f 3307 3309 3310
f 3310 3308 3307
f 3309 3311 3312
f 3312 3310 3309
f 3311 3313 3314
f 3314 3312 3311
f 3313 3315 3316
f 3316 3314 3313
f 3315 3317 3318
f 3318 3316 3315
f 3317 3319 3320
f 3320 3318 3317
f 3319 3321 3322
f 3322 3320 3319
f 3321 3323 3324
f 3324 3322 3321
f 3323 3325 3326
f 3326 3324 3323
f 3325 3327 3328
f 3328 3326 3325
f 3327 3329 3330
f 3330 3328 3327
f 3329 3331 3332
f 3332 3330 3329
f 3331 3333 3334
f 3334 3332 3331
f 3333 3303 3306
f 3306 3334 3333
f 3337 3336 3335
f 3337 3335 3338
f 3337 3338 3339
f 3337 3339 3340
f 3337 3340 3341
f 3337 3341 3342
f 3337 3342 3343
f 3337 3343 3344
f 3337 3344 3345
f 3337 3345 3346
f 3337 3346 3347
f 3337 3347 3348
f 3337 3348 3349
f 3337 3349 3350
f 3337 3350 3351
f 3337 3351 3336
f 3352 3353 3354
f 3354 3355 3352
f 3353 3356 3357
f 3357 3354 3353
f 3356 3358 3359
f 3359 3357 3356
f 3358 3360 3361
f 3361 3359 3358
f 3360 3362 3363
f 3363 3361 3360
f 3362 3364 3365
f 3365 3363 3362
f 3364 3366 3367
f 3367 3365 3364
f 3366 3368 3369
f 3369 3367 3366
f 3368 3370 3371
f 3371 3369 3368
f 3370 3372 3373
f 3373 3371 3370
f 3372 3374 3375
f 3375 3373 3372
f 3374 3376 3377
f 3377 3375 3374
f 3376 3378 3379
f 3379 3377 3376
f 3378 3380 3381
f 3381 3379 3378
f 3380 3382 3383
f 3383 3381 3380
f 3382 3352 3355
f 3355 3383 3382
f 3386 3385 3384
f 3386 3384 3387
f 3386 3387 3388
f 3386 3388 3389
f 3386 3389 3390
f 3386 3390 3391
f 3386 3391 3392
f 3386 3392 3393
f 3386 3393 3394
f 3386 3394 3395
f 3386 3395 3396
f 3386 3396 3397
f 3386 3397 3398
f 3386 3398 3399
f 3386 3399 3400
f 3386 3400 3385
f 3403 3402 3401
f 3401 3404 3403
f 3406 3405 3402
f 3402 3403 3406
f 3408 3407 3405
f 3405 3406 3408
f 3410 3409 3407
f 3407 3408 3410
f 3412 3411 3409
f 3409 3410 3412
f 3414 3413 3411
f 3411 3412 3414
f 3416 3415 3413
f 3413 3414 3416
f 3418 3417 3415
f 3415 3416 3418
f 3420 3419 3417
f 3417 3418 3420
f 3422 3421 3419
f 3419 3420 3422
f 3424 3423 3421
f 3421 3422 3424
f 3426 3425 3423
f 3423 3424 3426
f 3428 3427 3425
f 3425 3426 3428
f 3430 3429 3427
f 3427 3428 3430
f 3432 3431 3429
f 3429 3430 3432
f 3404 3401 3431
f 3431 3432 3404
f 3433 3434 3435
f 3435 3436 3433
f 3434 3437 3438
f 3438 3435 3434
f 3437 3439 3440
f 3440 3438 3437
f 3439 3441 3442
f 3442 3440 3439
f 3441 3443 3444
f 3444 3442 3441
f 3443 3445 3446
f 3446 3444 3443
f 3445 3447 3448
f 3448 3446 3445
f 3447 3449 3450
f 3450 3448 3447
f 3449 3451 3452
f 3452 3450 3449
f 3451 3453 3454
f 3454 3452 3451
f 3453 3455 3456
f 3456 3454 3453
f 3455 3457 3458
f 3458 3456 3455
f 3457 3459 3460
f 3460 3458 3457
f 3459 3461 3462
f 3462 3460 3459
f 3461 3463 3464
f 3464 3462 3461
f 3463 3433 3436
f 3436 3464 3463
f 3465 3466 3467
f 3467 3468 3465
f 3468 3467 3469
f 3469 3470 3468
f 3470 3469 3471
f 3471 3472 3470
f 3472 3471 3473
f 3473 3474 3472
f 3474 3473 3475
f 3475 3476 3474
f 3476 3475 3477
f 3477 3478 3476
f 3478 3477 3479
f 3479 3480 3478
f 3480 3479 3481
f 3481 3482 3480
f 3482 3481 3483
f 3483 3484 3482
f 3484 3483 3485
f 3485 3486 3484
f 3486 3485 3487
f 3487 3488 3486
f 3488 3487 3489
f 3489 3490 3488
f 3490 3489 3491
f 3491 3492 3490
f 3492 3491 3493
f 3493 3494 3492
f 3494 3493 3495
f 3495 3496 3494
f 3496 3495 3466
f 3466 3465 3496
f 3499 3498 3497
f 3497 3500 3499
f 3502 3501 3498
f 3498 3499 3502
f 3504 3503 3501
f 3501 3502 3504
f 3506 3505 3503
f 3503 3504 3506
f 3508 3507 3505
f 3505 3506 3508
f 3510 3509 3507
f 3507 3508 3510
f 3512 3511 3509
f 3509 3510 3512
f 3514 3513 3511
f 3511 3512 3514
f 3516 3515 3513
f 3513 3514 3516
f 3518 3517 3515
f 3515 3516 3518
f 3520 3519 3517
f 3517 3518 3520
f 3522 3521 3519
f 3519 3520 3522
f 3524 3523 3521
f 3521 3522 3524
f 3526 3525 3523
f 3523 3524 3526
f 3528 3527 3525
f 3525 3526 3528
f 3500 3497 3527
f 3527 3528 3500
f 3529 3530 3531
f 3531 3532 3529
f 3530 3533 3534
f 3534 3531 3530
f 3533 3535 3536
f 3536 3534 3533
f 3535 3537 3538
f 3538 3536 3535
f 3537 3539 3540
f 3540 3538 3537
f 3539 3541 3542
f 3542 3540 3539
f 3541 3543 3544
f 3544 3542 3541
f 3543 3545 3546
f 3546 3544 3543
f 3545 3547 3548
f 3548 3546 3545
f 3547 3549 3550
f 3550 3548 3547
f 3549 3551 3552
f 3552 3550 3549
f 3551 3553 3554
f 3554 3552 3551
f 3553 3555 3556
f 3556 3554 3553
f 3555 3557 3558
f 3558 3556 3555
f 3557 3559 3560
f 3560 3558 3557
f 3559 3529 3532
f 3532 3560 3559
f 3561 3562 3563
f 3563 3564 3561
f 3564 3563 3565
f 3565 3566 3564
f 3566 3565 3567
f 3567 3568 3566
f 3568 3567 3569
f 3569 3570 3568
f 3570 3569 3571
f 3571 3572 3570
f 3572 3571 3573
f 3573 3574 3572
f 3574 3573 3575
f 3575 3576 3574
f 3576 3575 3577
f 3577 3578 3576
f 3578 3577 3579
f 3579 3580 3578
f 3580 3579 3581
f 3581 3582 3580
f 3582 3581 3583
f 3583 3584 3582
f 3584 3583 3585
f 3585 3586 3584
f 3586 3585 3587
f 3587 3588 3586
f 3588 3587 3589
f 3589 3590 3588
f 3590 3589 3591
f 3591 3592 3590
f 3592 3591 3562
f 3562 3561 3592
f 3595 3594 3593
f 3593 3596 3595
f 3598 3597 3594
f 3594 3595 3598
f 3600 3599 3597
f 3597 3598 3600
f 3602 3601 3599
f 3599 3600 3602
f 3604 3603 3601
f 3601 3602 3604
f 3606 3605 3603
f 3603 3604 3606
f 3608 3607 3605
f 3605 3606 3608
f 3610 3609 3607
f 3607 3608 3610
f 3612 3611 3609
f 3609 3610 3612
f 3614 3613 3611
f 3611 3612 3614
f 3616 3615 3613
f 3613 3614 3616
f 3618 3617 3615
f 3615 3616 3618
f 3620 3619 3617
f 3617 3618 3620
f 3622 3621 3619
f 3619 3620 3622
f 3624 3623 3621
f 3621 3622 3624
f 3596 3593 3623
f 3623 3624 3596
f 3625 3626 3627
f 3627 3628 3625
f 3626 3629 3630
f 3630 3627 3626
f 3629 3631 3632
f 3632 3630 3629
f 3631 3633 3634
f 3634 3632 3631
f 3633 3635 3636
f 3636 3634 3633
f 3635 3637 3638
f 3638 3636 3635
f 3637 3639 3640
f 3640 3638 3637
f 3639 3641 3642
f 3642 3640 3639
f 3641 3643 3644
f 3644 3642 3641
f 3643 3645 3646
f 3646 3644 3643
f 3645 3647 3648
f 3648 3646 3645
f 3647 3649 3650
f 3650 3648 3647
f 3649 3651 3652
f 3652 3650 3649
f 3651 3653 3654
f 3654 3652 3651
f 3653 3655 3656
f 3656 3654 3653
f 3655 3625 3628
f 3628 3656 3655
f 3657 3658 3659
f 3659 3660 3657
f 3660 3659 3661
f 3661 3662 3660
f 3662 3661 3663
f 3663 3664 3662
f 3664 3663 3665
f 3665 3666 3664
f 3666 3665 3667
f 3667 3668 3666
f 3668 3667 3669
f 3669 3670 3668
f 3670 3669 3671
f 3671 3672 3670
f 3672 3671 3673
f 3673 3674 3672
f 3674 3673 3675
f 3675 3676 3674
f 3676 3675 3677
f 3677 3678 3676
f 3678 3677 3679
f 3679 3680 3678
f 3680 3679 3681
f 3681 3682 3680
f 3682 3681 3683
f 3683 3684 3682
f 3684 3683 3685
f 3685 3686 3684
f 3686 3685 3687
f 3687 3688 3686
f 3688 3687 3658
f 3658 3657 3688
f 3691 3690 3689
f 3689 3692 3691
f 3694 3693 3690
f 3690 3691 3694
f 3696 3695 3693
f 3693 3694 3696
f 3698 3697 3695
f 3695 3696 3698
f 3700 3699 3697
f 3697 3698 3700
f 3702 3701 3699
f 3699 3700 3702
f 3704 3703 3701
f 3701 3702 3704
f 3706 3705 3703
f 3703 3704 3706
f 3708 3707 3705
f 3705 3706 3708
f 3710 3709 3707
f 3707 3708 3710
f 3712 3711 3709
f 3709 3710 3712
f 3714 3713 3711
f 3711 3712 3714
f 3716 3715 3713
f 3713 3714 3716
f 3718 3717 3715
f 3715 3716 3718
f 3720 3719 3717
f 3717 3718 3720
f 3692 3689 3719
f 3719 3720 3692
f 3721 3722 3723
f 3723 3724 3721
f 3722 3725 3726
f 3726 3723 3722
f 3725 3727 3728
f 3728 3726 3725
f 3727 3729 3730
f 3730 3728 3727
f 3729 3731 3732
f 3732 3730 3729
f 3731 3733 3734
f 3734 3732 3731
f 3733 3735 3736
f 3736 3734 3733
f 3735 3737 3738
f 3738 3736 3735
f 3737 3739 3740
f 3740 3738 3737
f 3739 3741 3742
f 3742 3740 3739
f 3741 3743 3744
f 3744 3742 3741
f 3743 3745 3746
f 3746 3744 3743
f 3745 3747 3748
f 3748 3746 3745
f 3747 3749 3750
f 3750 3748 3747
f 3749 3751 3752
f 3752 3750 3749
f 3751 3721 3724
f 3724 3752 3751
f 3753 3754 3755
f 3755 3756 3753
f 3756 3755 3757
f 3757 3758 3756
f 3758 3757 3759
f 3759 3760 3758
f 3760 3759 3761
f 3761 3762 3760
f 3762 3761 3763
f 3763 3764 3762
f 3764 3763 3765
f 3765 3766 3764
f 3766 3765 3767
f 3767 3768 3766
f 3768 3767 3769
f 3769 3770 3768
f 3770 3769 3771
f 3771 3772 3770
f 3772 3771 3773
f 3773 3774 3772
f 3774 3773 3775
f 3775 3776 3774
f 3776 3775 3777
f 3777 3778 3776
f 3778 3777 3779
f 3779 3780 3778
f 3780 3779 3781
f 3781 3782 3780
f 3782 3781 3783
f 3783 3784 3782
f 3784 3783 3754
f 3754 3753 3784
f 3787 3786 3785
f 3785 3788 3787
f 3790 3789 3786
f 3786 3787 3790
f 3792 3791 3789
f 3789 3790 3792
f 3794 3793 3791
f 3791 3792 3794
f 3796 3795 3793
f 3793 3794 3796
f 3798 3797 3795
f 3795 3796 3798
f 3800 3799 3797
f 3797 3798 3800
f 3802 3801 3799
f 3799 3800 3802
f 3804 3803 3801
f 3801 3802 3804
f 3806 3805 3803
f 3803 3804 3806
f 3808 3807 3805
f 3805 3806 3808
f 3810 3809 3807
f 3807 3808 3810
f 3812 3811 3809
f 3809 3810 3812
f 3814 3813 3811
f 3811 3812 3814
f 3816 3815 3813
f 3813 3814 3816
f 3788 3785 3815
f 3815 3816 3788
f 3817 3818 3819
f 3819 3820 3817
f 3818 3821 3822
f 3822 3819 3818
f 3821 3823 3824
f 3824 3822 3821
f 3823 3825 3826
f 3826 3824 3823
f 3825 3827 3828
f 3828 3826 3825
f 3827 3829 3830
f 3830 3828 3827
f 3829 3831 3832
f 3832 3830 3829
f 3831 3833 3834
f 3834 3832 3831
f 3833 3835 3836
f 3836 3834 3833
f 3835 3837 3838
f 3838 3836 3835
f 3837 3839 3840
f 3840 3838 3837
f 3839 3841 3842
f 3842 3840 3839
f 3841 3843 3844
f 3844 3842 3841
f 3843 3845 3846
f 3846 3844 3843
f 3845 3847 3848
f 3848 3846 3845
f 3847 3817 3820
f 3820 3848 3847
f 3849 3850 3851
f 3851 3852 3849
f 3852 3851 3853
f 3853 3854 3852
f 3854 3853 3855
f 3855 3856 3854
f 3856 3855 3857
f 3857 3858 3856
f 3858 3857 3859
f 3859 3860 3858
f 3860 3859 3861
f 3861 3862 3860
f 3862 3861 3863
f 3863 3864 3862
f 3864 3863 3865
f 3865 3866 3864
f 3866 3865 3867
f 3867 3868 3866
f 3868 3867 3869
f 3869 3870 3868
f 3870 3869 3871
f 3871 3872 3870
f 3872 3871 3873
f 3873 3874 3872
f 3874 3873 3875
f 3875 3876 3874
f 3876 3875 3877
f 3877 3878 3876
f 3878 3877 3879
f 3879 3880 3878
f 3880 3879 3850
f 3850 3849 3880
f 3883 3882 3881
f 3881 3884 3883
f 3886 3885 3882
f 3882 3883 3886
f 3888 3887 3885
f 3885 3886 3888
f 3890 3889 3887
f 3887 3888 3890
f 3892 3891 3889
f 3889 3890 3892
f 3894 3893 3891
f 3891 3892 3894
f 3896 3895 3893
f 3893 3894 3896
f 3898 3897 3895
f 3895 3896 3898
f 3900 3899 3897
f 3897 3898 3900
f 3902 3901 3899
f 3899 3900 3902
f 3904 3903 3901
f 3901 3902 3904
f 3906 3905 3903
f 3903 3904 3906
f 3908 3907 3905
f 3905 3906 3908
f 3910 3909 3907
f 3907 3908 3910
f 3912 3911 3909
f 3909 3910 3912
f 3884 3881 3911
f 3911 3912 3884
f 3913 3914 3915
f 3915 3916 3913
f 3914 3917 3918
f 3918 3915 3914
f 3917 3919 3920
f 3920 3918 3917
f 3919 3921 3922
f 3922 3920 3919
f 3921 3923 3924
f 3924 3922 3921
f 3923 3925 3926
f 3926 3924 3923
f 3925 3927 3928
f 3928 3926 3925
f 3927 3929 3930
f 3930 3928 3927
f 3929 3931 3932
f 3932 3930 3929
f 3931 3933 3934
f 3934 3932 3931
f 3933 3935 3936
f 3936 3934 3933
f 3935 3937 3938
f 3938 3936 3935
f 3937 3939 3940
f 3940 3938 3937
f 3939 3941 3942
f 3942 3940 3939
f 3941 3943 3944
f 3944 3942 3941
f 3943 3913 3916
f 3916 3944 3943
f 3945 3946 3947
f 3947 3948 3945
f 3948 3947 3949
f 3949 3950 3948
f 3950 3949 3951
f 3951 3952 3950
f 3952 3951 3953
f 3953 3954 3952
f 3954 3953 3955
f 3955 3956 3954
f 3956 3955 3957
f 3957 3958 3956
f 3958 3957 3959
f 3959 3960 3958
f 3960 3959 3961
f 3961 3962 3960
f 3962 3961 3963
f 3963 3964 3962
f 3964 3963 3965
f 3965 3966 3964
f 3966 3965 3967
f 3967 3968 3966
f 3968 3967 3969
f 3969 3970 3968
f 3970 3969 3971
f 3971 3972 3970
f 3972 3971 3973
f 3973 3974 3972
f 3974 3973 3975
f 3975 3976 3974
f 3976 3975 3946
f 3946 3945 3976
f 3979 3978 3977
f 3977 3980 3979
f 3982 3981 3978
f 3978 3979 3982
f 3984 3983 3981
f 3981 3982 3984
f 3986 3985 3983
f 3983 3984 3986
f 3988 3987 3985
f 3985 3986 3988
f 3990 3989 3987
f 3987 3988 3990
f 3992 3991 3989
f 3989 3990 3992
f 3994 3993 3991
f 3991 3992 3994
f 3996 3995 3993
f 3993 3994 3996
f 3998 3997 3995
f 3995 3996 3998
f 4000 3999 3997
f 3997 3998 4000
f 4002 4001 3999
f 3999 4000 4002
f 4004 4003 4001
f 4001 4002 4004
f 4006 4005 4003
f 4003 4004 4006
f 4008 4007 4005
f 4005 4006 4008
f 3980 3977 4007
f 4007 4008 3980
f 4009 4010 4011
f 4011 4012 4009
f 4010 4013 4014
f 4014 4011 4010
f 4013 4015 4016
f 4016 4014 4013
f 4015 4017 4018
f 4018 4016 4015
f 4017 4019 4020
f 4020 4018 4017
f 4019 4021 4022
f 4022 4020 4019
f 4021 4023 4024
f 4024 4022 4021
f 4023 4025 4026
f 4026 4024 4023
f 4025 4027 4028
f 4028 4026 4025
f 4027 4029 4030
f 4030 4028 4027
f 4029 4031 4032
f 4032 4030 4029
f 4031 4033 4034
f 4034 4032 4031
f 4033 4035 4036
f 4036 4034 4033
f 4035 4037 4038
f 4038 4036 4035
f 4037 4039 4040
f 4040 4038 4037
f 4039 4009 4012
f 4012 4040 4039
f 4041 4042 4043
f 4043 4044 4041
f 4044 4043 4045
f 4045 4046 4044
f 4046 4045 4047
f 4047 4048 4046
f 4048 4047 4049
f 4049 4050 4048
f 4050 4049 4051
f 4051 4052 4050
f 4052 4051 4053
f 4053 4054 4052
f 4054 4053 4055
f 4055 4056 4054
f 4056 4055 4057
f 4057 4058 4056
f 4058 4057 4059
f 4059 4060 4058
f 4060 4059 4061
f 4061 4062 4060
f 4062 4061 4063
f 4063 4064 4062
f 4064 4063 4065
f 4065 4066 4064
f 4066 4065 4067
f 4067 4068 4066
f 4068 4067 4069
f 4069 4070 4068
f 4070 4069 4071
f 4071 4072 4070
f 4072 4071 4042
f 4042 4041 4072
f 4075 4074 4073
f 4073 4077 4076
f 4080 4079 4078
f 4078 4081 4080
f 4084 4083 4082
f 4082 4085 4084
f 4087 4086 4077
f 4077 4074 4087
f 4089 4088 4083
f 4083 4084 4089
f 4079 4080 4090
f 4090 4091 4079
f 4094 4093 4092
f 4092 4096 4095
f 4099 4098 4097
f 4097 4100 4099
f 4103 4102 4101
f 4101 4104 4103
f 4106 4105 4096
f 4096 4093 4106
f 4108 4107 4102
f 4102 4103 4108
f 4098 4099 4109
f 4109 4110 4098
f 4113 4112 4111
f 4111 4115 4114
f 4118 4117 4116
f 4116 4119 4118
f 4122 4121 4120
f 4120 4123 4122
f 4125 4124 4115
f 4115 4112 4125
f 4127 4126 4121
f 4121 4122 4127
f 4117 4118 4128
f 4128 4129 4117
f 4132 4131 4130
f 4130 4134 4133
f 4137 4136 4135
f 4135 4138 4137
f 4141 4140 4139
f 4139 4142 4141
f 4144 4143 4134
f 4134 4131 4144
f 4146 4145 4140
f 4140 4141 4146
f 4136 4137 4147
f 4147 4148 4136
f 4151 4150 4149
f 4149 4153 4152
f 4156 4155 4154
f 4154 4157 4156
f 4160 4159 4158
f 4158 4161 4160
f 4163 4162 4153
f 4153 4150 4163
f 4165 4164 4159
f 4159 4160 4165
f 4155 4156 4166
f 4166 4167 4155
f 4170 4169 4168
f 4168 4172 4171
f 4175 4174 4173
f 4173 4176 4175
f 4179 4178 4177
f 4177 4180 4179
f 4182 4181 4172
f 4172 4169 4182
f 4184 4183 4178
f 4178 4179 4184
f 4174 4175 4185
f 4185 4186 4174
f 4189 4188 4187
f 4187 4190 4189
f 4193 4192 4191
f 4191 4194 4193
f 4196 4195 4192
f 4192 4193 4196
f 4198 4197 4195
f 4195 4196 4198
f 4200 4199 4197
f 4197 4198 4200
f 4202 4201 4199
f 4199 4200 4202
f 4204 4203 4201
f 4201 4202 4204
f 4206 4205 4203
f 4203 4204 4206
f 4208 4207 4205
f 4205 4206 4208
f 4210 4209 4207
f 4207 4208 4210
f 4212 4211 4209
f 4209 4210 4212
f 4214 4213 4211
f 4211 4212 4214
f 4216 4215 4213
f 4213 4214 4216
f 4218 4217 4215
f 4215 4216 4218
f 4220 4219 4217
f 4217 4218 4220
f 4222 4221 4219
f 4219 4220 4222
f 4194 4191 4221
f 4221 4222 4194
f 4223 4224 4225
f 4225 4226 4223
f 4224 4227 4228
f 4228 4225 4224
f 4227 4229 4230
f 4230 4228 4227
f 4229 4231 4232
f 4232 4230 4229
f 4231 4233 4234
f 4234 4232 4231
f 4233 4235 4236
f 4236 4234 4233
f 4235 4237 4238
f 4238 4236 4235
f 4237 4239 4240
f 4240 4238 4237
f 4239 4241 4242
f 4242 4240 4239
f 4241 4243 4244
f 4244 4242 4241
f 4243 4245 4246
f 4246 4244 4243
f 4245 4247 4248
f 4248 4246 4245
f 4247 4249 4250
f 4250 4248 4247
f 4249 4251 4252
f 4252 4250 4249
f 4251 4253 4254
f 4254 4252 4251
f 4253 4223 4226
f 4226 4254 4253
f 4255 4256 4257
f 4257 4258 4255
f 4258 4257 4259
f 4259 4260 4258
f 4260 4259 4261
f 4261 4262 4260
f 4262 4261 4263
f 4263 4264 4262
f 4264 4263 4265
f 4265 4266 4264
f 4266 4265 4267
f 4267 4268 4266
f 4268 4267 4269
f 4269 4270 4268
f 4270 4269 4271
f 4271 4272 4270
f 4272 4271 4273
f 4273 4274 4272
f 4274 4273 4275
f 4275 4276 4274
f 4276 4275 4277
f 4277 4278 4276
f 4278 4277 4279
f 4279 4280 4278
f 4280 4279 4281
f 4281 4282 4280
f 4282 4281 4283
f 4283 4284 4282
f 4284 4283 4285
f 4285 4286 4284
f 4286 4285 4256
f 4256 4255 4286
f 4289 4288 4287
f 4287 4290 4289
f 4292 4291 4288
f 4288 4289 4292
f 4294 4293 4291
f 4291 4292 4294
f 4296 4295 4293
f 4293 4294 4296
f 4298 4297 4295
f 4295 4296 4298
f 4300 4299 4297
f 4297 4298 4300
f 4302 4301 4299
f 4299 4300 4302
f 4304 4303 4301
f 4301 4302 4304
f 4306 4305 4303
f 4303 4304 4306
f 4308 4307 4305
f 4305 4306 4308
f 4310 4309 4307
f 4307 4308 4310
f 4312 4311 4309
f 4309 4310 4312
f 4314 4313 4311
f 4311 4312 4314
f 4316 4315 4313
f 4313 4314 4316
f 4318 4317 4315
f 4315 4316 4318
f 4290 4287 4317
f 4317 4318 4290
f 4319 4320 4321
f 4321 4322 4319
f 4320 4323 4324
f 4324 4321 4320
f 4323 4325 4326
f 4326 4324 4323
f 4325 4327 4328
f 4328 4326 4325
f 4327 4329 4330
f 4330 4328 4327
f 4329 4331 4332
f 4332 4330 4329
f 4331 4333 4334
f 4334 4332 4331
f 4333 4335 4336
f 4336 4334 4333
f 4335 4337 4338
f 4338 4336 4335
f 4337 4339 4340
f 4340 4338 4337
f 4339 4341 4342
f 4342 4340 4339
f 4341 4343 4344
f 4344 4342 4341
f 4343 4345 4346
f 4346 4344 4343
f 4345 4347 4348
f 4348 4346 4345
f 4347 4349 4350
f 4350 4348 4347
f 4349 4319 4322
f 4322 4350 4349
f 4351 4352 4353
f 4353 4354 4351
f 4354 4353 4355
f 4355 4356 4354
f 4356 4355 4357
f 4357 4358 4356
f 4358 4357 4359
f 4359 4360 4358
f 4360 4359 4361
f 4361 4362 4360
f 4362 4361 4363
f 4363 4364 4362
f 4364 4363 4365
f 4365 4366 4364
f 4366 4365 4367
f 4367 4368 4366
f 4368 4367 4369
f 4369 4370 4368
f 4370 4369 4371
f 4371 4372 4370
f 4372 4371 4373
f 4373 4374 4372
f 4374 4373 4375
f 4375 4376 4374
f 4376 4375 4377
f 4377 4378 4376
f 4378 4377 4379
f 4379 4380 4378
f 4380 4379 4381
f 4381 4382 4380
f 4382 4381 4352
f 4352 4351 4382
f 4385 4384 4383
f 4383 4386 4385
f 4388 4387 4384
f 4384 4385 4388
f 4390 4389 4387
f 4387 4388 4390
f 4392 4391 4389
f 4389 4390 4392
f 4394 4393 4391
f 4391 4392 4394
f 4396 4395 4393
f 4393 4394 4396
f 4398 4397 4395
f 4395 4396 4398
f 4400 4399 4397
f 4397 4398 4400
f 4402 4401 4399
f 4399 4400 4402
f 4404 4403 4401
f 4401 4402 4404
f 4406 4405 4403
f 4403 4404 4406
f 4408 4407 4405
f 4405 4406 4408
f 4410 4409 4407
f 4407 4408 4410
f 4412 4411 4409
f 4409 4410 4412
f 4414 4413 4411
f 4411 4412 4414
f 4386 4383 4413
f 4413 4414 4386
f 4415 4416 4417
f 4417 4418 4415
f 4416 4419 4420
f 4420 4417 4416
f 4419 4421 4422
f 4422 4420 4419
f 4421 4423 4424
f 4424 4422 4421
f 4423 4425 4426
f 4426 4424 4423
f 4425 4427 4428
f 4428 4426 4425
f 4427 4429 4430
f 4430 4428 4427
f 4429 4431 4432
f 4432 4430 4429
f 4431 4433 4434
f 4434 4432 4431
f 4433 4435 4436
f 4436 4434 4433
f 4435 4437 4438
f 4438 4436 4435
f 4437 4439 4440
f 4440 4438 4437
f 4439 4441 4442
f 4442 4440 4439
f 4441 4443 4444
f 4444 4442 4441
f 4443 4445 4446
f 4446 4444 4443
f 4445 4415 4418
f 4418 4446 4445
f 4447 4448 4449
f 4449 4450 4447
f 4450 4449 4451
f 4451 4452 4450
f 4452 4451 4453
f 4453 4454 4452
f 4454 4453 4455
f 4455 4456 4454
f 4456 4455 4457
f 4457 4458 4456
f 4458 4457 4459
f 4459 4460 4458
f 4460 4459 4461
f 4461 4462 4460
f 4462 4461 4463
f 4463 4464 4462
f 4464 4463 4465
f 4465 4466 4464
f 4466 4465 4467
f 4467 4468 4466
f 4468 4467 4469
f 4469 4470 4468
f 4470 4469 4471
f 4471 4472 4470
f 4472 4471 4473
f 4473 4474 4472
f 4474 4473 4475
f 4475 4476 4474
f 4476 4475 4477
f 4477 4478 4476
f 4478 4477 4448
f 4448 4447 4478
f 4481 4480 4479
f 4479 4482 4481
f 4484 4483 4480
f 4480 4481 4484
f 4486 4485 4483
f 4483 4484 4486
f 4488 4487 4485
f 4485 4486 4488
f 4490 4489 4487
f 4487 4488 4490
f 4492 4491 4489
f 4489 4490 4492
f 4494 4493 4491
f 4491 4492 4494
f 4496 4495 4493
f 4493 4494 4496
f 4498 4497 4495
f 4495 4496 4498
f 4500 4499 4497
f 4497 4498 4500
f 4502 4501 4499
f 4499 4500 4502
f 4504 4503 4501
f 4501 4502 4504
f 4506 4505 4503
f 4503 4504 4506
f 4508 4507 4505
f 4505 4506 4508
f 4510 4509 4507
f 4507 4508 4510
f 4482 4479 4509
f 4509 4510 4482
f 4511 4512 4513
f 4513 4514 4511
f 4512 4515 4516
f 4516 4513 4512
f 4515 4517 4518
f 4518 4516 4515
f 4517 4519 4520
f 4520 4518 4517
f 4519 4521 4522
f 4522 4520 4519
f 4521 4523 4524
f 4524 4522 4521
f 4523 4525 4526
f 4526 4524 4523
f 4525 4527 4528
f 4528 4526 4525
f 4527 4529 4530
f 4530 4528 4527
f 4529 4531 4532
f 4532 4530 4529
f 4531 4533 4534
f 4534 4532 4531
f 4533 4535 4536
f 4536 4534 4533
f 4535 4537 4538
f 4538 4536 4535
f 4537 4539 4540
f 4540 4538 4537
f 4539 4541 4542
f 4542 4540 4539
f 4541 4511 4514
f 4514 4542 4541
f 4543 4544 4545
f 4545 4546 4543
f 4546 4545 4547
f 4547 4548 4546
f 4548 4547 4549
f 4549 4550 4548
f 4550 4549 4551
f 4551 4552 4550
f 4552 4551 4553
f 4553 4554 4552
f 4554 4553 4555
f 4555 4556 4554
f 4556 4555 4557
f 4557 4558 4556
f 4558 4557 4559
f 4559 4560 4558
f 4560 4559 4561
f 4561 4562 4560
f 4562 4561 4563
f 4563 4564 4562
f 4564 4563 4565
f 4565 4566 4564
f 4566 4565 4567
f 4567 4568 4566
f 4568 4567 4569
f 4569 4570 4568
f 4570 4569 4571
f 4571 4572 4570
f 4572 4571 4573
f 4573 4574 4572
f 4574 4573 4544
f 4544 4543 4574
f 4577 4576 4575
f 4575 4578 4577
f 4580 4579 4576
f 4576 4577 4580
f 4582 4581 4579
f 4579 4580 4582
f 4584 4583 4581
f 4581 4582 4584
f 4586 4585 4583
f 4583 4584 4586
f 4588 4587 4585
f 4585 4586 4588
f 4590 4589 4587
f 4587 4588 4590
f 4592 4591 4589
f 4589 4590 4592
f 4594 4593 4591
f 4591 4592 4594
f 4596 4595 4593
f 4593 4594 4596
f 4598 4597 4595
f 4595 4596 4598
f 4600 4599 4597
f 4597 4598 4600
f 4602 4601 4599
f 4599 4600 4602
f 4604 4603 4601
f 4601 4602 4604
f 4606 4605 4603
f 4603 4604 4606
f 4578 4575 4605
f 4605 4606 4578
f 4607 4608 4609
f 4609 4610 4607
f 4608 4611 4612
f 4612 4609 4608
f 4611 4613 4614
f 4614 4612 4611
f 4613 4615 4616
f 4616 4614 4613
f 4615 4617 4618
f 4618 4616 4615
f 4617 4619 4620
f 4620 4618 4617
f 4619 4621 4622
f 4622 4620 4619
f 4621 4623 4624
f 4624 4622 4621
f 4623 4625 4626
f 4626 4624 4623
f 4625 4627 4628
f 4628 4626 4625
f 4627 4629 4630
f 4630 4628 4627
f 4629 4631 4632
f 4632 4630 4629
f 4631 4633 4634
f 4634 4632 4631
f 4633 4635 4636
f 4636 4634 4633
f 4635 4637 4638
f 4638 4636 4635
f 4637 4607 4610
f 4610 4638 4637
f 4639 4640 4641
f 4641 4642 4639
f 4642 4641 4643
f 4643 4644 4642
f 4644 4643 4645
f 4645 4646 4644
f 4646 4645 4647
f 4647 4648 4646
f 4648 4647 4649
f 4649 4650 4648
f 4650 4649 4651
f 4651 4652 4650
f 4652 4651 4653
f 4653 4654 4652
f 4654 4653 4655
f 4655 4656 4654
f 4656 4655 4657
f 4657 4658 4656
f 4658 4657 4659
f 4659 4660 4658
f 4660 4659 4661
f 4661 4662 4660
f 4662 4661 4663
f 4663 4664 4662
f 4664 4663 4665
f 4665 4666 4664
f 4666 4665 4667
f 4667 4668 4666
f 4668 4667 4669
f 4669 4670 4668
f 4670 4669 4640
f 4640 4639 4670
f 4673 4672 4671
f 4671 4674 4673
f 4677 4676 4675
f 4675 4678 4677
f 4681 4680 4679
f 4679 4682 4681
f 4685 4684 4683
f 4683 4686 4685
f 4689 4688 4687
f 4687 4690 4689
f 4693 4692 4691
f 4691 4694 4693
f 4692 4696 4695
f 4695 4691 4692
f 4696 4698 4697
f 4697 4695 4696
f 4698 4693 4694
f 4694 4697 4698
f 4699 4700 4701
f 4701 4702 4699
f 4703 4704 4705
f 4705 4706 4703
f 4707 4708 4709
f 4709 4710 4707
f 4711 4712 4713
f 4713 4714 4711
f 4715 4716 4717
f 4717 4718 4715
f 4719 4720 4721
f 4721 4722 4719
f 4720 4723 4724
f 4724 4721 4720
f 4723 4725 4726
f 4726 4724 4723
f 4725 4727 4728
f 4728 4726 4725
f 4727 4729 4730
f 4730 4728 4727
f 4729 4731 4732
f 4732 4730 4729
f 4731 4733 4734
f 4734 4732 4731
f 4733 4735 4736
f 4736 4734 4733
f 4735 4737 4738
f 4738 4736 4735
f 4737 4739 4740
f 4740 4738 4737
f 4739 4741 4742
f 4742 4740 4739
f 4741 4743 4744
f 4744 4742 4741
f 4743 4745 4746
f 4746 4744 4743
f 4745 4747 4748
f 4748 4746 4745
f 4747 4749 4750
f 4750 4748 4747
f 4749 4719 4722
f 4722 4750 4749
f 4753 4752 4751
f 4753 4751 4754
f 4753 4754 4755
f 4753 4755 4756
f 4753 4756 4757
f 4753 4757 4758
f 4753 4758 4759
f 4753 4759 4760
f 4753 4760 4761
f 4753 4761 4762
f 4753 4762 4763
f 4753 4763 4764
f 4753 4764 4765
f 4753 4765 4766
f 4753 4766 4767
f 4753 4767 4752
f 4768 4769 4770
f 4770 4771 4768
f 4769 4772 4773
f 4773 4770 4769
f 4772 4774 4775
f 4775 4773 4772
f 4774 4776 4777
f 4777 4775 4774
f 4776 4778 4779
f 4779 4777 4776
f 4778 4780 4781
f 4781 4779 4778
f 4780 4782 4783
f 4783 4781 4780
f 4782 4784 4785
f 4785 4783 4782
f 4784 4786 4787
f 4787 4785 4784
f 4786 4788 4789
f 4789 4787 4786
f 4788 4790 4791
f 4791 4789 4788
f 4790 4792 4793
f 4793 4791 4790
f 4792 4794 4795
f 4795 4793 4792
f 4794 4796 4797
f 4797 4795 4794
f 4796 4798 4799
f 4799 4797 4796
f 4798 4768 4771
f 4771 4799 4798
f 4802 4801 4800
f 4802 4800 4803
f 4802 4803 4804
f 4802 4804 4805
f 4802 4805 4806
f 4802 4806 4807
f 4802 4807 4808
f 4802 4808 4809
f 4802 4809 4810
f 4802 4810 4811
f 4802 4811 4812
f 4802 4812 4813
f 4802 4813 4814
f 4802 4814 4815
f 4802 4815 4816
f 4802 4816 4801
f 4817 4818 4819
f 4819 4820 4817
f 4818 4821 4822
f 4822 4819 4818
f 4821 4823 4824
f 4824 4822 4821
f 4823 4825 4826
f 4826 4824 4823
f 4825 4827 4828
f 4828 4826 4825
f 4827 4829 4830
f 4830 4828 4827
f 4829 4831 4832
f 4832 4830 4829
f 4831 4833 4834
f 4834 4832 4831
f 4833 4835 4836
f 4836 4834 4833
f 4835 4837 4838
f 4838 4836 4835
f 4837 4839 4840
f 4840 4838 4837
f 4839 4841 4842
f 4842 4840 4839
f 4841 4843 4844
f 4844 4842 4841
f 4843 4845 4846
f 4846 4844 4843
f 4845 4847 4848
f 4848 4846 4845
f 4847 4817 4820
f 4820 4848 4847
f 4851 4850 4849
f 4851 4849 4852
f 4851 4852 4853
f 4851 4853 4854
f 4851 4854 4855
f 4851 4855 4856
f 4851 4856 4857
f 4851 4857 4858
f 4851 4858 4859
f 4851 4859 4860
f 4851 4860 4861
f 4851 4861 4862
f 4851 4862 4863
f 4851 4863 4864
f 4851 4864 4865
f 4851 4865 4850
f 4866 4867 4868
f 4868 4869 4866
f 4867 4870 4871
f 4871 4868 4867
f 4870 4872 4873
f 4873 4871 4870
f 4872 4874 4875
f 4875 4873 4872
f 4874 4876 4877
f 4877 4875 4874
f 4876 4878 4879
f 4879 4877 4876
f 4878 4880 4881
f 4881 4879 4878
f 4880 4882 4883
f 4883 4881 4880
f 4882 4884 4885
f 4885 4883 4882
f 4884 4886 4887
f 4887 4885 4884
f 4886 4888 4889
f 4889 4887 4886
f 4888 4890 4891
f 4891 4889 4888
f 4890 4892 4893
f 4893 4891 4890
f 4892 4894 4895
f 4895 4893 4892
f 4894 4896 4897
f 4897 4895 4894
f 4896 4866 4869
f 4869 4897 4896
f 4900 4899 4898
f 4900 4898 4901
f 4900 4901 4902
f 4900 4902 4903
f 4900 4903 4904
f 4900 4904 4905
f 4900 4905 4906
f 4900 4906 4907
f 4900 4907 4908
f 4900 4908 4909
f 4900 4909 4910
f 4900 4910 4911
f 4900 4911 4912
f 4900 4912 4913
f 4900 4913 4914
f 4900 4914 4899
f 4915 4916 4917
f 4917 4918 4915
f 4916 4919 4920
f 4920 4917 4916
f 4919 4921 4922
f 4922 4920 4919
f 4921 4923 4924
f 4924 4922 4921
f 4923 4925 4926
f 4926 4924 4923
f 4925 4927 4928
f 4928 4926 4925
f 4927 4929 4930
f 4930 4928 4927
f 4929 4931 4932
f 4932 4930 4929
f 4931 4933 4934
f 4934 4932 4931
f 4933 4935 4936
f 4936 4934 4933
f 4935 4937 4938
f 4938 4936 4935
f 4937 4939 4940
f 4940 4938 4937
f 4939 4941 4942
f 4942 4940 4939
f 4941 4943 4944
f 4944 4942 4941
f 4943 4945 4946
f 4946 4944 4943
f 4945 4915 4918
f 4918 4946 4945
f 4949 4948 4947
f 4949 4947 4950
f 4949 4950 4951
f 4949 4951 4952
f 4949 4952 4953
f 4949 4953 4954
f 4949 4954 4955
f 4949 4955 4956
f 4949 4956 4957
f 4949 4957 4958
f 4949 4958 4959
f 4949 4959 4960
f 4949 4960 4961
f 4949 4961 4962
f 4949 4962 4963
f 4949 4963 4948
f 4964 4965 4966
f 4966 4967 4964
f 4965 4968 4969
f 4969 4966 4965
f 4968 4970 4971
f 4971 4969 4968
f 4970 4972 4973
f 4973 4971 4970
f 4972 4974 4975
f 4975 4973 4972
f 4974 4976 4977
f 4977 4975 4974
f 4976 4978 4979
f 4979 4977 4976
f 4978 4980 4981
f 4981 4979 4978
f 4980 4982 4983
f 4983 4981 4980
f 4982 4984 4985
f 4985 4983 4982
f 4984 4986 4987
f 4987 4985 4984
f 4986 4988 4989
f 4989 4987 4986
f 4988 4990 4991
f 4991 4989 4988
f 4990 4992 4993
f 4993 4991 4990
f 4992 4994 4995
f 4995 4993 4992
f 4994 4964 4967
f 4967 4995 4994
f 4998 4997 4996
f 4998 4996 4999
f 4998 4999 5000
f 4998 5000 5001
f 4998 5001 5002
f 4998 5002 5003
f 4998 5003 5004
f 4998 5004 5005
f 4998 5005 5006
f 4998 5006 5007
f 4998 5007 5008
f 4998 5008 5009
f 4998 5009 5010
f 4998 5010 5011
f 4998 5011 5012
f 4998 5012 4997
f 5013 5014 5015
f 5015 5016 5013
f 5014 5017 5018
f 5018 5015 5014
f 5017 5019 5020
f 5020 5018 5017
f 5019 5021 5022
f 5022 5020 5019
f 5021 5023 5024
f 5024 5022 5021
f 5023 5025 5026
f 5026 5024 5023
f 5025 5027 5028
f 5028 5026 5025
f 5027 5029 5030
f 5030 5028 5027
f 5029 5031 5032
f 5032 5030 5029
f 5031 5033 5034
f 5034 5032 5031
f 5033 5035 5036
f 5036 5034 5033
f 5035 5037 5038
f 5038 5036 5035
f 5037 5039 5040
f 5040 5038 5037
f 5039 5041 5042
f 5042 5040 5039
f 5041 5043 5044
f 5044 5042 5041
f 5043 5013 5016
f 5016 5044 5043
f 5047 5046 5045
f 5047 5045 5048
f 5047 5048 5049
f 5047 5049 5050
f 5047 5050 5051
f 5047 5051 5052
f 5047 5052 5053
f 5047 5053 5054
f 5047 5054 5055
f 5047 5055 5056
f 5047 5056 5057
f 5047 5057 5058
f 5047 5058 5059
f 5047 5059 5060
f 5047 5060 5061
f 5047 5061 5046
f 5062 5063 5064
f 5064 5065 5062
f 5063 5066 5067
f 5067 5064 5063
f 5066 5068 5069
f 5069 5067 5066
f 5068 5070 5071
f 5071 5069 5068
f 5070 5072 5073
f 5073 5071 5070
f 5072 5074 5075
f 5075 5073 5072
f 5074 5076 5077
f 5077 5075 5074
f 5076 5078 5079
f 5079 5077 5076
f 5078 5080 5081
f 5081 5079 5078
f 5080 5082 5083
f 5083 5081 5080
f 5082 5084 5085
f 5085 5083 5082
f 5084 5086 5087
f 5087 5085 5084
f 5086 5088 5089
f 5089 5087 5086
f 5088 5090 5091
f 5091 5089 5088
f 5090 5092 5093
f 5093 5091 5090
f 5092 5062 5065
f 5065 5093 5092
f 5096 5095 5094
f 5096 5094 5097
f 5096 5097 5098
f 5096 5098 5099
f 5096 5099 5100
f 5096 5100 5101
f 5096 5101 5102
f 5096 5102 5103
f 5096 5103 5104
f 5096 5104 5105
f 5096 5105 5106
f 5096 5106 5107
f 5096 5107 5108
f 5096 5108 5109
f 5096 5109 5110
f 5096 5110 5095
f 5111 5112 5113
f 5113 5114 5111
f 5112 5115 5116
f 5116 5113 5112
f 5115 5117 5118
f 5118 5116 5115
f 5117 5119 5120
f 5120 5118 5117
f 5119 5121 5122
f 5122 5120 5119
f 5121 5123 5124
f 5124 5122 5121
f 5123 5125 5126
f 5126 5124 5123
f 5125 5127 5128
f 5128 5126 5125
f 5127 5129 5130
f 5130 5128 5127
f 5129 5131 5132
f 5132 5130 5129
f 5131 5133 5134
f 5134 5132 5131
f 5133 5135 5136
f 5136 5134 5133
f 5135 5137 5138
f 5138 5136 5135
f 5137 5139 5140
f 5140 5138 5137
f 5139 5141 5142
f 5142 5140 5139
f 5141 5111 5114
f 5114 5142 5141
f 5145 5144 5143
f 5145 5143 5146
f 5145 5146 5147
f 5145 5147 5148
f 5145 5148 5149
f 5145 5149 5150
f 5145 5150 5151
f 5145 5151 5152
f 5145 5152 5153
f 5145 5153 5154
f 5145 5154 5155
f 5145 5155 5156
f 5145 5156 5157
f 5145 5157 5158
f 5145 5158 5159
f 5145 5159 5144
f 5160 5161 5162
f 5162 5163 5160
f 5161 5164 5165
f 5165 5162 5161
f 5164 5166 5167
f 5167 5165 5164
f 5166 5168 5169
f 5169 5167 5166
f 5168 5170 5171
f 5171 5169 5168
f 5170 5172 5173
f 5173 5171 5170
f 5172 5174 5175
f 5175 5173 5172
f 5174 5176 5177
f 5177 5175 5174
f 5176 5178 5179
f 5179 5177 5176
f 5178 5180 5181
f 5181 5179 5178
f 5180 5182 5183
f 5183 5181 5180
f 5182 5184 5185
f 5185 5183 5182
f 5184 5186 5187
f 5187 5185 5184
f 5186 5188 5189
f 5189 5187 5186
f 5188 5190 5191
f 5191 5189 5188
f 5190 5160 5163
f 5163 5191 5190
f 5194 5193 5192
f 5194 5192 5195
f 5194 5195 5196
f 5194 5196 5197
f 5194 5197 5198
f 5194 5198 5199
f 5194 5199 5200
f 5194 5200 5201
f 5194 5201 5202
f 5194 5202 5203
f 5194 5203 5204
f 5194 5204 5205
f 5194 5205 5206
f 5194 5206 5207
f 5194 5207 5208
f 5194 5208 5193
f 5209 5210 5211
f 5211 5212 5209
f 5210 5213 5214
f 5214 5211 5210
f 5213 5215 5216
f 5216 5214 5213
f 5215 5217 5218
f 5218 5216 5215
f 5217 5219 5220
f 5220 5218 5217
f 5219 5221 5222
f 5222 5220 5219
f 5221 5223 5224
f 5224 5222 5221
f 5223 5225 5226
f 5226 5224 5223
f 5225 5227 5228
f 5228 5226 5225
f 5227 5229 5230
f 5230 5228 5227
f 5229 5231 5232
f 5232 5230 5229
f 5231 5233 5234
f 5234 5232 5231
f 5233 5235 5236
f 5236 5234 5233
f 5235 5237 5238
f 5238 5236 5235
f 5237 5239 5240
f 5240 5238 5237
f 5239 5209 5212
f 5212 5240 5239
f 5243 5242 5241
f 5243 5241 5244
f 5243 5244 5245
f 5243 5245 5246
f 5243 5246 5247
f 5243 5247 5248
f 5243 5248 5249
f 5243 5249 5250
f 5243 5250 5251
f 5243 5251 5252
f 5243 5252 5253
f 5243 5253 5254
f 5243 5254 5255
f 5243 5255 5256
f 5243 5256 5257
f 5243 5257 5242
f 5258 5259 5260
f 5260 5261 5258
f 5259 5262 5263
f 5263 5260 5259
f 5262 5264 5265
f 5265 5263 5262
f 5264 5266 5267
f 5267 5265 5264
f 5266 5268 5269
f 5269 5267 5266
f 5268 5270 5271
f 5271 5269 5268
f 5270 5272 5273
f 5273 5271 5270
f 5272 5274 5275
f 5275 5273 5272
f 5274 5276 5277
f 5277 5275 5274
f 5276 5278 5279
f 5279 5277 5276
f 5278 5280 5281
f 5281 5279 5278
f 5280 5282 5283
f 5283 5281 5280
f 5282 5284 5285
f 5285 5283 5282
f 5284 5286 5287
f 5287 5285 5284
f 5286 5288 5289
f 5289 5287 5286
f 5288 5258 5261
f 5261 5289 5288
f 5292 5291 5290
f 5292 5290 5293
f 5292 5293 5294
f 5292 5294 5295
f 5292 5295 5296
f 5292 5296 5297
f 5292 5297 5298
f 5292 5298 5299
f 5292 5299 5300
f 5292 5300 5301
f 5292 5301 5302
f 5292 5302 5303
f 5292 5303 5304
f 5292 5304 5305
f 5292 5305 5306
f 5292 5306 5291
f 5309 5308 5307
f 5307 5310 5309
f 5312 5311 5308
f 5308 5309 5312
f 5314 5313 5311
f 5311 5312 5314
f 5316 5315 5313
f 5313 5314 5316
f 5318 5317 5315
f 5315 5316 5318
f 5320 5319 5317
f 5317 5318 5320
f 5322 5321 5319
f 5319 5320 5322
f 5324 5323 5321
f 5321 5322 5324
f 5326 5325 5323
f 5323 5324 5326
f 5328 5327 5325
f 5325 5326 5328
f 5330 5329 5327
f 5327 5328 5330
f 5332 5331 5329
f 5329 5330 5332
f 5334 5333 5331
f 5331 5332 5334
f 5336 5335 5333
f 5333 5334 5336
f 5338 5337 5335
f 5335 5336 5338
f 5310 5307 5337
f 5337 5338 5310
f 5339 5340 5341
f 5341 5342 5339
f 5340 5343 5344
f 5344 5341 5340
f 5343 5345 5346
f 5346 5344 5343
f 5345 5347 5348
f 5348 5346 5345
f 5347 5349 5350
f 5350 5348 5347
f 5349 5351 5352
f 5352 5350 5349
f 5351 5353 5354
f 5354 5352 5351
f 5353 5355 5356
f 5356 5354 5353
f 5355 5357 5358
f 5358 5356 5355
f 5357 5359 5360
f 5360 5358 5357
f 5359 5361 5362
f 5362 5360 5359
f 5361 5363 5364
f 5364 5362 5361
f 5363 5365 5366
f 5366 5364 5363
f 5365 5367 5368
f 5368 5366 5365
f 5367 5369 5370
f 5370 5368 5367
f 5369 5339 5342
f 5342 5370 5369
f 5371 5372 5373
f 5373 5374 5371
f 5374 5373 5375
f 5375 5376 5374
f 5376 5375 5377
f 5377 5378 5376
f 5378 5377 5379
f 5379 5380 5378
f 5380 5379 5381
f 5381 5382 5380
f 5382 5381 5383
f 5383 5384 5382
f 5384 5383 5385
f 5385 5386 5384
f 5386 5385 5387
f 5387 5388 5386
f 5388 5387 5389
f 5389 5390 5388
f 5390 5389 5391
f 5391 5392 5390
f 5392 5391 5393
f 5393 5394 5392
f 5394 5393 5395
f 5395 5396 5394
f 5396 5395 5397
f 5397 5398 5396
f 5398 5397 5399
f 5399 5400 5398
f 5400 5399 5401
f 5401 5402 5400
f 5402 5401 5372
f 5372 5371 5402
f 5341 5404 5403
f 5403 5342 5341
f 5344 5405 5404
f 5404 5341 5344
f 5346 5406 5405
f 5405 5344 5346
f 5348 5407 5406
f 5406 5346 5348
f 5350 5408 5407
f 5407 5348 5350
f 5352 5409 5408
f 5408 5350 5352
f 5354 5410 5409
f 5409 5352 5354
f 5356 5411 5410
f 5410 5354 5356
f 5358 5412 5411
f 5411 5356 5358
f 5360 5413 5412
f 5412 5358 5360
f 5362 5414 5413
f 5413 5360 5362
f 5364 5415 5414
f 5414 5362 5364
f 5366 5416 5415
f 5415 5364 5366
f 5368 5417 5416
f 5416 5366 5368
f 5370 5418 5417
f 5417 5368 5370
f 5342 5403 5418
f 5418 5370 5342
f 5421 5420 5419
f 5424 5423 5422
f 5427 5426 5425
f 5430 5429 5428
f 5421 5419 5431
f 5433 5432 5421
f 5421 5431 5433
f 5431 5419 5434
f 5434 5435 5431
f 5436 5424 5422
f 5438 5437 5424
f 5424 5436 5438
f 5439 5436 5422
f 5422 5440 5439
f 5442 5427 5441
f 5441 5443 5442
f 5427 5425 5441
f 5445 5444 5441
f 5441 5425 5445
f 5430 5428 5446
f 5430 5446 5447
f 5447 5448 5430
f 5446 5428 5449
f 5449 5450 5446
f 5453 5452 5451
f 5456 5455 5454
f 5459 5458 5457
f 5462 5461 5460
f 5453 5451 5463
f 5465 5464 5453
f 5453 5463 5465
f 5463 5451 5466
f 5466 5467 5463
f 5468 5456 5454
f 5470 5469 5456
f 5456 5468 5470
f 5471 5468 5454
f 5454 5472 5471
f 5474 5459 5473
f 5473 5475 5474
f 5459 5457 5473
f 5477 5476 5473
f 5473 5457 5477
f 5462 5460 5478
f 5462 5478 5479
f 5479 5480 5462
f 5478 5460 5481
f 5481 5482 5478
f 5485 5484 5483
f 5483 5310 5485
f 5488 5487 5486
f 5486 5489 5488
f 5486 5491 5490
f 5490 5489 5486
f 5494 5493 5492
f 5492 5495 5494
f 5493 5497 5496
f 5496 5492 5493
f 5499 5316 5498
f 5498 5500 5499
f 5499 5502 5501
f 5501 5316 5499
f 5505 5504 5503
f 5503 5506 5505
f 5503 5508 5507
f 5507 5506 5503
f 5511 5510 5509
f 5509 5512 5511
f 5510 5514 5513
f 5513 5509 5510
f 5516 5515 5324
f 5324 5517 5516
f 5515 5519 5518
f 5518 5324 5515
f 5522 5521 5520
f 5520 5523 5522
f 5521 5525 5524
f 5524 5520 5521
f 5528 5527 5526
f 5526 5529 5528
f 5527 5531 5530
f 5530 5526 5527
f 5533 5332 5532
f 5532 5534 5533
f 5533 5536 5535
f 5535 5332 5533
f 5539 5538 5537
f 5537 5540 5539
f 5538 5542 5541
f 5541 5537 5538
f 5545 5544 5543
f 5543 5546 5545
f 5544 5548 5547
f 5547 5543 5544
f 5549 5485 5310
f 5310 5550 5549
f 5553 5552 5551
f 5551 5554 5553
f 5555 5553 5554
f 5554 5556 5555
f 5557 5558 5559
f 5562 5561 5560
f 5560 5563 5562
f 5564 5562 5563
f 5563 5565 5564
f 5566 5567 5568
f 5571 5570 5569
f 5569 5572 5571
f 5573 5571 5572
f 5572 5574 5573
f 5575 5576 5577
f 5580 5579 5578
f 5578 5581 5580
f 5582 5580 5581
f 5581 5583 5582
f 5584 5585 5586
f 5589 5588 5587
f 5587 5590 5589
f 5593 5592 5591
f 5591 5594 5593
f 5597 5596 5595
f 5595 5598 5597
f 5601 5600 5599
f 5599 5602 5601
f 5605 5604 5603
f 5603 5606 5605
f 5609 5608 5607
f 5607 5610 5609
f 5613 5612 5611
f 5611 5614 5613
f 5617 5616 5615
f 5615 5618 5617
f 5621 5620 5619
f 5619 5622 5621
f 5625 5624 5623
f 5623 5626 5625
f 5629 5628 5627
f 5627 5630 5629
f 5633 5632 5631
f 5631 5634 5633
f 5637 5636 5635
f 5635 5638 5637
f 5641 5640 5639
f 5639 5642 5641
f 5645 5644 5643
f 5643 5646 5645
f 5649 5648 5647
f 5647 5650 5649
f 5651 5652 5653
f 5653 5654 5651
f 5654 5653 5655
f 5655 5656 5654
f 5656 5655 5657
f 5657 5658 5656
f 5658 5657 5659
f 5659 5660 5658
f 5660 5659 5661
f 5661 5662 5660
f 5662 5661 5663
f 5663 5664 5662
f 5664 5663 5665
f 5665 5666 5664
f 5666 5665 5667
f 5667 5668 5666
f 5668 5667 5669
f 5669 5670 5668
f 5670 5669 5671
f 5671 5672 5670
f 5672 5671 5673
f 5673 5674 5672
f 5674 5673 5675
f 5675 5676 5674
f 5676 5675 5677
f 5677 5678 5676
f 5678 5677 5679
f 5679 5680 5678
f 5680 5679 5681
f 5681 5682 5680
f 5682 5681 5652
f 5652 5651 5682
f 5683 5684 5685
f 5685 5686 5683
f 5684 5687 5688
f 5688 5685 5684
f 5687 5689 5690
f 5690 5688 5687
f 5689 5691 5692
f 5692 5690 5689
f 5691 5693 5694
f 5694 5692 5691
f 5693 5695 5696
f 5696 5694 5693
f 5695 5697 5698
f 5698 5696 5695
f 5697 5699 5700
f 5700 5698 5697
f 5699 5701 5702
f 5702 5700 5699
f 5701 5703 5704
f 5704 5702 5701
f 5703 5705 5706
f 5706 5704 5703
f 5705 5707 5708
f 5708 5706 5705
f 5707 5709 5710
f 5710 5708 5707
f 5709 5711 5712
f 5712 5710 5709
f 5711 5713 5714
f 5714 5712 5711
f 5713 5683 5686
f 5686 5714 5713
f 5717 5716 5715
f 5719 5718 5715
f 5715 5716 5719
f 5720 5718 5719
f 5719 5721 5720
f 5722 5720 5721
f 5725 5724 5723
f 5724 5727 5726
f 5726 5723 5724
f 5726 5727 5728
f 5728 5729 5726
f 5722 5729 5728
f 5717 5731 5730
f 5731 5733 5732
f 5732 5730 5731
f 5732 5733 5734
f 5734 5735 5732
f 5736 5735 5734
f 5725 5738 5737
f 5740 5739 5737
f 5737 5738 5740
f 5741 5739 5740
f 5740 5742 5741
f 5736 5741 5742
f 5419 5420 5743
f 5744 5419 5743
f 5424 5744 5743
f 5423 5424 5743
f 5422 5423 5745
f 5746 5422 5745
f 5427 5746 5745
f 5426 5427 5745
f 5425 5426 5747
f 5748 5425 5747
f 5430 5748 5747
f 5429 5430 5747
f 5428 5429 5749
f 5750 5428 5749
f 5421 5750 5749
f 5420 5421 5749
f 5753 5752 5751
f 5751 5754 5753
f 5755 5753 5754
f 5756 5752 5757
f 5757 5758 5756
f 5758 5757 5759
f 5761 5760 5756
f 5756 5762 5761
f 5763 5761 5762
f 5751 5760 5764
f 5764 5765 5751
f 5765 5764 5766
f 5747 5745 5756
f 5756 5760 5747
f 5756 5745 5743
f 5743 5752 5756
f 5752 5743 5749
f 5749 5751 5752
f 5751 5749 5747
f 5747 5760 5751
f 5769 5768 5767
f 5767 5770 5769
f 5771 5769 5770
f 5770 5772 5771
f 5773 5771 5772
f 5772 5774 5773
f 5775 5773 5774
f 5774 5776 5775
f 5777 5775 5776
f 5776 5778 5777
f 5779 5777 5778
f 5778 5780 5779
f 5781 5779 5780
f 5780 5782 5781
f 5783 5781 5782
f 5782 5784 5783
f 5785 5783 5784
f 5784 5786 5785
f 5787 5785 5786
f 5786 5788 5787
f 5789 5787 5788
f 5788 5790 5789
f 5791 5789 5790
f 5790 5792 5791
f 5795 5794 5793
f 5795 5793 5796
f 5795 5796 5797
f 5795 5797 5798
f 5795 5798 5799
f 5795 5799 5800
f 5795 5800 5801
f 5795 5801 5802
f 5795 5802 5803
f 5795 5803 5804
f 5795 5804 5805
f 5795 5805 5806
f 5806 5807 5795
f 5807 5808 5795
f 5808 5809 5795
f 5809 5794 5795
f 5811 5810 5791
f 5791 5792 5811
f 5813 5812 5810
f 5810 5811 5813
f 5815 5814 5812
f 5812 5813 5815
f 5767 5768 5814
f 5814 5815 5767
f 5818 5817 5816
f 5816 5819 5818
f 5820 5818 5819
f 5819 5821 5820
f 5822 5820 5821
f 5821 5823 5822
f 5824 5822 5823
f 5823 5825 5824
f 5826 5824 5825
f 5825 5827 5826
f 5828 5826 5827
f 5827 5829 5828
f 5830 5828 5829
f 5829 5831 5830
f 5832 5830 5831
f 5831 5833 5832
f 5834 5832 5833
f 5833 5835 5834
f 5836 5834 5835
f 5835 5837 5836
f 5838 5836 5837
f 5837 5839 5838
f 5840 5838 5839
f 5839 5841 5840
f 5844 5843 5842
f 5844 5842 5845
f 5844 5845 5846
f 5844 5846 5847
f 5844 5847 5848
f 5844 5848 5849
f 5844 5849 5850
f 5844 5850 5851
f 5844 5851 5852
f 5844 5852 5853
f 5844 5853 5854
f 5844 5854 5855
f 5855 5856 5844
f 5856 5857 5844
f 5857 5858 5844
f 5858 5843 5844
f 5860 5859 5840
f 5840 5841 5860
f 5862 5861 5859
f 5859 5860 5862
f 5864 5863 5861
f 5861 5862 5864
f 5816 5817 5863
f 5863 5864 5816
f 5867 5866 5865
f 5865 5868 5867
f 5869 5867 5868
f 5868 5870 5869
f 5871 5869 5870
f 5870 5872 5871
f 5873 5871 5872
f 5872 5874 5873
f 5875 5873 5874
f 5874 5876 5875
f 5877 5875 5876
f 5876 5878 5877
f 5879 5877 5878
f 5878 5880 5879
f 5881 5879 5880
f 5880 5882 5881
f 5883 5881 5882
f 5882 5884 5883
f 5885 5883 5884
f 5884 5886 5885
f 5887 5885 5886
f 5886 5888 5887
f 5889 5887 5888
f 5888 5890 5889
f 5893 5892 5891
f 5893 5891 5894
f 5893 5894 5895
f 5893 5895 5896
f 5893 5896 5897
f 5893 5897 5898
f 5893 5898 5899
f 5893 5899 5900
f 5893 5900 5901
f 5893 5901 5902
f 5893 5902 5903
f 5893 5903 5904
f 5904 5905 5893
f 5905 5906 5893
f 5906 5907 5893
f 5907 5892 5893
f 5909 5908 5889
f 5889 5890 5909
f 5911 5910 5908
f 5908 5909 5911
f 5913 5912 5910
f 5910 5911 5913
f 5865 5866 5912
f 5912 5913 5865
f 5916 5915 5914
f 5914 5917 5916
f 5918 5916 5917
f 5917 5919 5918
f 5920 5918 5919
f 5919 5921 5920
f 5922 5920 5921
f 5921 5923 5922
f 5924 5922 5923
f 5923 5925 5924
f 5926 5924 5925
f 5925 5927 5926
f 5928 5926 5927
f 5927 5929 5928
f 5930 5928 5929
f 5929 5931 5930
f 5932 5930 5931
f 5931 5933 5932
f 5934 5932 5933
f 5933 5935 5934
f 5936 5934 5935
f 5935 5937 5936
f 5938 5936 5937
f 5937 5939 5938
f 5942 5941 5940
f 5942 5940 5943
f 5942 5943 5944
f 5942 5944 5945
f 5942 5945 5946
f 5942 5946 5947
f 5942 5947 5948
f 5942 5948 5949
f 5942 5949 5950
f 5942 5950 5951
f 5942 5951 5952
f 5942 5952 5953
f 5953 5954 5942
f 5954 5955 5942
f 5955 5956 5942
f 5956 5941 5942
f 5958 5957 5938
f 5938 5939 5958
f 5960 5959 5957
f 5957 5958 5960
f 5962 5961 5959
f 5959 5960 5962
f 5914 5915 5961
f 5961 5962 5914
f 5965 5964 5963
f 5963 5966 5965
f 5967 5813 5964
f 5964 5965 5967
f 5579 5968 5813
f 5813 5967 5579
f 5970 5969 5968
f 5968 5579 5970
f 5972 5971 5969
f 5969 5970 5972
f 5973 5862 5971
f 5971 5972 5973
f 5570 5974 5862
f 5862 5973 5570
f 5976 5975 5974
f 5974 5570 5976
f 5978 5977 5975
f 5975 5976 5978
f 5979 5960 5977
f 5977 5978 5979
f 5561 5980 5960
f 5960 5979 5561
f 5982 5981 5980
f 5980 5561 5982
f 5984 5983 5981
f 5981 5982 5984
f 5985 5911 5983
f 5983 5984 5985
f 5552 5986 5911
f 5911 5985 5552
f 5966 5963 5986
f 5986 5552 5966
f 5987 5988 5989
f 5989 5990 5987
f 5991 5992 5993
f 5993 5994 5991
f 5995 5996 5997
f 5997 5998 5995
f 5999 6000 6001
f 6001 6002 5999
f 6005 6004 6003
f 6003 6006 6005
f 6009 6008 6007
f 6007 6010 6009
f 6013 6012 6011
f 6011 6014 6013
f 6017 6016 6015
f 6015 6018 6017
f 6021 6020 6019
f 6019 6022 6021
f 6025 6024 6023
f 6023 6026 6025
f 6029 6028 6027
f 6027 6030 6029
f 6028 6025 6026
f 6026 6027 6028
f 6024 6029 6030
f 6030 6023 6024
f 6031 6032 6033
f 6033 6034 6031
f 6032 6035 6036
f 6036 6033 6032
f 6035 6037 6038
f 6038 6036 6035
f 6037 6039 6040
f 6040 6038 6037
f 6039 6041 6042
f 6042 6040 6039
f 6041 6043 6044
f 6044 6042 6041
f 6043 6045 6046
f 6046 6044 6043
f 6045 6047 6048
f 6048 6046 6045
f 6047 6049 6050
f 6050 6048 6047
f 6049 6051 6052
f 6052 6050 6049
f 6051 6053 6054
f 6054 6052 6051
f 6053 6055 6056
f 6056 6054 6053
f 6055 6057 6058
f 6058 6056 6055
f 6057 6059 6060
f 6060 6058 6057
f 6059 6061 6062
f 6062 6060 6059
f 6061 6031 6034
f 6034 6062 6061
f 6065 6064 6063
f 6065 6063 6066
f 6065 6066 6067
f 6065 6067 6068
f 6065 6068 6069
f 6065 6069 6070
f 6065 6070 6071
f 6065 6071 6072
f 6065 6072 6073
f 6065 6073 6074
f 6065 6074 6075
f 6065 6075 6076
f 6065 6076 6077
f 6065 6077 6078
f 6065 6078 6079
f 6065 6079 6064
f 6080 6081 6082
f 6082 6083 6080
f 6081 6084 6085
f 6085 6082 6081
f 6084 6086 6087
f 6087 6085 6084
f 6086 6088 6089
f 6089 6087 6086
f 6088 6090 6091
f 6091 6089 6088
f 6090 6092 6093
f 6093 6091 6090
f 6092 6094 6095
f 6095 6093 6092
f 6094 6096 6097
f 6097 6095 6094
f 6096 6098 6099
f 6099 6097 6096
f 6098 6100 6101
f 6101 6099 6098
f 6100 6102 6103
f 6103 6101 6100
f 6102 6104 6105
f 6105 6103 6102
f 6104 6106 6107
f 6107 6105 6104
f 6106 6108 6109
f 6109 6107 6106
f 6108 6110 6111
f 6111 6109 6108
f 6110 6080 6083
f 6083 6111 6110
f 6114 6113 6112
f 6114 6112 6115
f 6114 6115 6116
f 6114 6116 6117
f 6114 6117 6118
f 6114 6118 6119
f 6114 6119 6120
f 6114 6120 6121
f 6114 6121 6122
f 6114 6122 6123
f 6114 6123 6124
f 6114 6124 6125
f 6114 6125 6126
f 6114 6126 6127
f 6114 6127 6128
f 6114 6128 6113
f 6129 6130 6131
f 6131 6132 6129
f 6130 6133 6134
f 6134 6131 6130
f 6133 6135 6136
f 6136 6134 6133
f 6135 6137 6138
f 6138 6136 6135
f 6137 6139 6140
f 6140 6138 6137
f 6139 6141 6142
f 6142 6140 6139
f 6141 6143 6144
f 6144 6142 6141
f 6143 6145 6146
f 6146 6144 6143
f 6145 6147 6148
f 6148 6146 6145
f 6147 6149 6150
f 6150 6148 6147
f 6149 6151 6152
f 6152 6150 6149
f 6151 6153 6154
f 6154 6152 6151
f 6153 6155 6156
f 6156 6154 6153
f 6155 6157 6158
f 6158 6156 6155
f 6157 6159 6160
f 6160 6158 6157
f 6159 6129 6132
f 6132 6160 6159
f 6163 6162 6161
f 6163 6161 6164
f 6163 6164 6165
f 6163 6165 6166
f 6163 6166 6167
f 6163 6167 6168
f 6163 6168 6169
f 6163 6169 6170
f 6163 6170 6171
f 6163 6171 6172
f 6163 6172 6173
f 6163 6173 6174
f 6163 6174 6175
f 6163 6175 6176
f 6163 6176 6177
f 6163 6177 6162
f 6178 6179 6180
f 6180 6181 6178
f 6179 6182 6183
f 6183 6180 6179
f 6182 6184 6185
f 6185 6183 6182
f 6184 6186 6187
f 6187 6185 6184
f 6186 6188 6189
f 6189 6187 6186
f 6188 6190 6191
f 6191 6189 6188
f 6190 6192 6193
f 6193 6191 6190
f 6192 6194 6195
f 6195 6193 6192
f 6194 6196 6197
f 6197 6195 6194
f 6196 6198 6199
f 6199 6197 6196
f 6198 6200 6201
f 6201 6199 6198
f 6200 6202 6203
f 6203 6201 6200
f 6202 6204 6205
f 6205 6203 6202
f 6204 6206 6207
f 6207 6205 6204
f 6206 6208 6209
f 6209 6207 6206
f 6208 6178 6181
f 6181 6209 6208
f 6212 6211 6210
f 6212 6210 6213
f 6212 6213 6214
f 6212 6214 6215
f 6212 6215 6216
f 6212 6216 6217
f 6212 6217 6218
f 6212 6218 6219
f 6212 6219 6220
f 6212 6220 6221
f 6212 6221 6222
f 6212 6222 6223
f 6212 6223 6224
f 6212 6224 6225
f 6212 6225 6226
f 6212 6226 6211
f 6227 6228 6229
f 6229 6230 6227
f 6228 6231 6232
f 6232 6229 6228
f 6231 6233 6234
f 6234 6232 6231
f 6233 6235 6236
f 6236 6234 6233
f 6235 6237 6238
f 6238 6236 6235
f 6237 6239 6240
f 6240 6238 6237
f 6239 6241 6242
f 6242 6240 6239
f 6241 6243 6244
f 6244 6242 6241
f 6243 6245 6246
f 6246 6244 6243
f 6245 6247 6248
f 6248 6246 6245
f 6247 6249 6250
f 6250 6248 6247
f 6249 6251 6252
f 6252 6250 6249
f 6251 6253 6254
f 6254 6252 6251
f 6253 6255 6256
f 6256 6254 6253
f 6255 6257 6258
f 6258 6256 6255
f 6257 6227 6230
f 6230 6258 6257
f 6261 6260 6259
f 6261 6259 6262
f 6261 6262 6263
f 6261 6263 6264
f 6261 6264 6265
f 6261 6265 6266
f 6261 6266 6267
f 6261 6267 6268
f 6261 6268 6269
f 6261 6269 6270
f 6261 6270 6271
f 6261 6271 6272
f 6261 6272 6273
f 6261 6273 6274
f 6261 6274 6275
f 6261 6275 6260
f 6276 6277 6278
f 6278 6279 6276
f 6277 6280 6281
f 6281 6278 6277
f 6280 6282 6283
f 6283 6281 6280
f 6282 6284 6285
f 6285 6283 6282
f 6284 6286 6287
f 6287 6285 6284
f 6286 6288 6289
f 6289 6287 6286
f 6288 6290 6291
f 6291 6289 6288
f 6290 6292 6293
f 6293 6291 6290
f 6292 6294 6295
f 6295 6293 6292
f 6294 6296 6297
f 6297 6295 6294
f 6296 6298 6299
f 6299 6297 6296
f 6298 6300 6301
f 6301 6299 6298
f 6300 6302 6303
f 6303 6301 6300
f 6302 6304 6305
f 6305 6303 6302
f 6304 6306 6307
f 6307 6305 6304
f 6306 6276 6279
f 6279 6307 6306
f 6310 6309 6308
f 6310 6308 6311
f 6310 6311 6312
f 6310 6312 6313
f 6310 6313 6314
f 6310 6314 6315
f 6310 6315 6316
f 6310 6316 6317
f 6310 6317 6318
f 6310 6318 6319
f 6310 6319 6320
f 6310 6320 6321
f 6310 6321 6322
f 6310 6322 6323
f 6310 6323 6324
f 6310 6324 6309
f 6325 6326 6327
f 6327 6328 6325
f 6326 6329 6330
f 6330 6327 6326
f 6329 6331 6332
f 6332 6330 6329
f 6331 6333 6334
f 6334 6332 6331
f 6333 6335 6336
f 6336 6334 6333
f 6335 6337 6338
f 6338 6336 6335
f 6337 6339 6340
f 6340 6338 6337
f 6339 6341 6342
f 6342 6340 6339
f 6341 6343 6344
f 6344 6342 6341
f 6343 6345 6346
f 6346 6344 6343
f 6345 6347 6348
f 6348 6346 6345
f 6347 6349 6350
f 6350 6348 6347
f 6349 6351 6352
f 6352 6350 6349
f 6351 6353 6354
f 6354 6352 6351
f 6353 6355 6356
f 6356 6354 6353
f 6355 6325 6328
f 6328 6356 6355
f 6359 6358 6357
f 6359 6357 6360
f 6359 6360 6361
f 6359 6361 6362
f 6359 6362 6363
f 6359 6363 6364
f 6359 6364 6365
f 6359 6365 6366
f 6359 6366 6367
f 6359 6367 6368
f 6359 6368 6369
f 6359 6369 6370
f 6359 6370 6371
f 6359 6371 6372
f 6359 6372 6373
f 6359 6373 6358
f 6374 6375 6376
f 6376 6377 6374
f 6375 6378 6379
f 6379 6376 6375
f 6378 6380 6381
f 6381 6379 6378
f 6380 6382 6383
f 6383 6381 6380
f 6382 6384 6385
f 6385 6383 6382
f 6384 6386 6387
f 6387 6385 6384
f 6386 6388 6389
f 6389 6387 6386
f 6388 6390 6391
f 6391 6389 6388
f 6390 6392 6393
f 6393 6391 6390
f 6392 6394 6395
f 6395 6393 6392
f 6394 6396 6397
f 6397 6395 6394
f 6396 6398 6399
f 6399 6397 6396
f 6398 6400 6401
f 6401 6399 6398
f 6400 6402 6403
f 6403 6401 6400
f 6402 6404 6405
f 6405 6403 6402
f 6404 6374 6377
f 6377 6405 6404
f 6408 6407 6406
f 6408 6406 6409
f 6408 6409 6410
f 6408 6410 6411
f 6408 6411 6412
f 6408 6412 6413
f 6408 6413 6414
f 6408 6414 6415
f 6408 6415 6416
f 6408 6416 6417
f 6408 6417 6418
f 6408 6418 6419
f 6408 6419 6420
f 6408 6420 6421
f 6408 6421 6422
f 6408 6422 6407
f 6423 6424 6425
f 6425 6426 6423
f 6424 6427 6428
f 6428 6425 6424
f 6427 6429 6430
f 6430 6428 6427
f 6429 6431 6432
f 6432 6430 6429
f 6431 6433 6434
f 6434 6432 6431
f 6433 6435 6436
f 6436 6434 6433
f 6435 6437 6438
f 6438 6436 6435
f 6437 6439 6440
f 6440 6438 6437
f 6439 6441 6442
f 6442 6440 6439
f 6441 6443 6444
f 6444 6442 6441
f 6443 6445 6446
f 6446 6444 6443
f 6445 6447 6448
f 6448 6446 6445
f 6447 6449 6450
f 6450 6448 6447
f 6449 6451 6452
f 6452 6450 6449
f 6451 6453 6454
f 6454 6452 6451
f 6453 6423 6426
f 6426 6454 6453
f 6457 6456 6455
f 6457 6455 6458
f 6457 6458 6459
f 6457 6459 6460
f 6457 6460 6461
f 6457 6461 6462
f 6457 6462 6463
f 6457 6463 6464
f 6457 6464 6465
f 6457 6465 6466
f 6457 6466 6467
f 6457 6467 6468
f 6457 6468 6469
f 6457 6469 6470
f 6457 6470 6471
f 6457 6471 6456
f 6472 6473 6474
f 6474 6475 6472
f 6473 6476 6477
f 6477 6474 6473
f 6476 6478 6479
f 6479 6477 6476
f 6478 6480 6481
f 6481 6479 6478
f 6480 6482 6483
f 6483 6481 6480
f 6482 6484 6485
f 6485 6483 6482
f 6484 6486 6487
f 6487 6485 6484
f 6486 6488 6489
f 6489 6487 6486
f 6488 6490 6491
f 6491 6489 6488
f 6490 6492 6493
f 6493 6491 6490
f 6492 6494 6495
f 6495 6493 6492
f 6494 6496 6497
f 6497 6495 6494
f 6496 6498 6499
f 6499 6497 6496
f 6498 6500 6501
f 6501 6499 6498
f 6500 6502 6503
f 6503 6501 6500
f 6502 6472 6475
f 6475 6503 6502
f 6506 6505 6504
f 6506 6504 6507
f 6506 6507 6508
f 6506 6508 6509
f 6506 6509 6510
f 6506 6510 6511
f 6506 6511 6512
f 6506 6512 6513
f 6506 6513 6514
f 6506 6514 6515
f 6506 6515 6516
f 6506 6516 6517
f 6506 6517 6518
f 6506 6518 6519
f 6506 6519 6520
f 6506 6520 6505
f 6521 6522 6523
f 6523 6524 6521
f 6522 6525 6526
f 6526 6523 6522
f 6525 6527 6528
f 6528 6526 6525
f 6527 6529 6530
f 6530 6528 6527
f 6529 6531 6532
f 6532 6530 6529
f 6531 6533 6534
f 6534 6532 6531
f 6533 6535 6536
f 6536 6534 6533
f 6535 6537 6538
f 6538 6536 6535
f 6537 6539 6540
f 6540 6538 6537
f 6539 6541 6542
f 6542 6540 6539
f 6541 6543 6544
f 6544 6542 6541
f 6543 6545 6546
f 6546 6544 6543
f 6545 6547 6548
f 6548 6546 6545
f 6547 6549 6550
f 6550 6548 6547
f 6549 6551 6552
f 6552 6550 6549
f 6551 6521 6524
f 6524 6552 6551
f 6555 6554 6553
f 6555 6553 6556
f 6555 6556 6557
f 6555 6557 6558
f 6555 6558 6559
f 6555 6559 6560
f 6555 6560 6561
f 6555 6561 6562
f 6555 6562 6563
f 6555 6563 6564
f 6555 6564 6565
f 6555 6565 6566
f 6555 6566 6567
f 6555 6567 6568
f 6555 6568 6569
f 6555 6569 6554
f 6570 6571 6572
f 6572 6573 6570
f 6571 6574 6575
f 6575 6572 6571
f 6574 6576 6577
f 6577 6575 6574
f 6576 6578 6579
f 6579 6577 6576
f 6578 6580 6581
f 6581 6579 6578
f 6580 6582 6583
f 6583 6581 6580
f 6582 6584 6585
f 6585 6583 6582
f 6584 6586 6587
f 6587 6585 6584
f 6586 6588 6589
f 6589 6587 6586
f 6588 6590 6591
f 6591 6589 6588
f 6590 6592 6593
f 6593 6591 6590
f 6592 6594 6595
f 6595 6593 6592
f 6594 6596 6597
f 6597 6595 6594
f 6596 6598 6599
f 6599 6597 6596
f 6598 6600 6601
f 6601 6599 6598
f 6600 6570 6573
f 6573 6601 6600
f 6604 6603 6602
f 6604 6602 6605
f 6604 6605 6606
f 6604 6606 6607
f 6604 6607 6608
f 6604 6608 6609
f 6604 6609 6610
f 6604 6610 6611
f 6604 6611 6612
f 6604 6612 6613
f 6604 6613 6614
f 6604 6614 6615
f 6604 6615 6616
f 6604 6616 6617
f 6604 6617 6618
f 6604 6618 6603
f 6619 6620 6621
f 6621 6622 6619
f 6620 6623 6624
f 6624 6621 6620
f 6623 6625 6626
f 6626 6624 6623
f 6625 6627 6628
f 6628 6626 6625
f 6627 6629 6630
f 6630 6628 6627
f 6629 6631 6632
f 6632 6630 6629
f 6631 6633 6634
f 6634 6632 6631
f 6633 6635 6636
f 6636 6634 6633
f 6635 6637 6638
f 6638 6636 6635
f 6637 6639 6640
f 6640 6638 6637
f 6639 6641 6642
f 6642 6640 6639
f 6641 6643 6644
f 6644 6642 6641
f 6643 6645 6646
f 6646 6644 6643
f 6645 6647 6648
f 6648 6646 6645
f 6647 6649 6650
f 6650 6648 6647
f 6649 6619 6622
f 6622 6650 6649
f 6653 6652 6651
f 6653 6651 6654
f 6653 6654 6655
f 6653 6655 6656
f 6653 6656 6657
f 6653 6657 6658
f 6653 6658 6659
f 6653 6659 6660
f 6653 6660 6661
f 6653 6661 6662
f 6653 6662 6663
f 6653 6663 6664
f 6653 6664 6665
f 6653 6665 6666
f 6653 6666 6667
f 6653 6667 6652
f 6668 6669 6670
f 6670 6671 6668
f 6669 6672 6673
f 6673 6670 6669
f 6672 6674 6675
f 6675 6673 6672
f 6674 6676 6677
f 6677 6675 6674
f 6676 6678 6679
f 6679 6677 6676
f 6678 6680 6681
f 6681 6679 6678
f 6680 6682 6683
f 6683 6681 6680
f 6682 6684 6685
f 6685 6683 6682
f 6684 6686 6687
f 6687 6685 6684
f 6686 6688 6689
f 6689 6687 6686
f 6688 6690 6691
f 6691 6689 6688
f 6690 6692 6693
f 6693 6691 6690
f 6692 6694 6695
f 6695 6693 6692
f 6694 6696 6697
f 6697 6695 6694
f 6696 6698 6699
f 6699 6697 6696
f 6698 6668 6671
f 6671 6699 6698
f 6702 6701 6700
f 6702 6700 6703
f 6702 6703 6704
f 6702 6704 6705
f 6702 6705 6706
f 6702 6706 6707
f 6702 6707 6708
f 6702 6708 6709
f 6702 6709 6710
f 6702 6710 6711
f 6702 6711 6712
f 6702 6712 6713
f 6702 6713 6714
f 6702 6714 6715
f 6702 6715 6716
f 6702 6716 6701
f 6717 6718 6719
f 6719 6720 6717
f 6718 6721 6722
f 6722 6719 6718
f 6721 6723 6724
f 6724 6722 6721
f 6723 6725 6726
f 6726 6724 6723
f 6725 6727 6728
f 6728 6726 6725
f 6727 6729 6730
f 6730 6728 6727
f 6729 6731 6732
f 6732 6730 6729
f 6731 6733 6734
f 6734 6732 6731
f 6733 6735 6736
f 6736 6734 6733
f 6735 6737 6738
f 6738 6736 6735
f 6737 6739 6740
f 6740 6738 6737
f 6739 6741 6742
f 6742 6740 6739
f 6741 6743 6744
f 6744 6742 6741
f 6743 6745 6746
f 6746 6744 6743
f 6745 6747 6748
f 6748 6746 6745
f 6747 6717 6720
f 6720 6748 6747
f 6751 6750 6749
f 6751 6749 6752
f 6751 6752 6753
f 6751 6753 6754
f 6751 6754 6755
f 6751 6755 6756
f 6751 6756 6757
f 6751 6757 6758
f 6751 6758 6759
f 6751 6759 6760
f 6751 6760 6761
f 6751 6761 6762
f 6751 6762 6763
f 6751 6763 6764
f 6751 6764 6765
f 6751 6765 6750
f 6766 6767 6768
f 6768 6769 6766
f 6767 6770 6771
f 6771 6768 6767
f 6770 6772 6773
f 6773 6771 6770
f 6772 6774 6775
f 6775 6773 6772
f 6774 6776 6777
f 6777 6775 6774
f 6776 6778 6779
f 6779 6777 6776
f 6778 6780 6781
f 6781 6779 6778
f 6780 6782 6783
f 6783 6781 6780
f 6782 6784 6785
f 6785 6783 6782
f 6784 6786 6787
f 6787 6785 6784
f 6786 6788 6789
f 6789 6787 6786
f 6788 6790 6791
f 6791 6789 6788
f 6790 6792 6793
f 6793 6791 6790
f 6792 6794 6795
f 6795 6793 6792
f 6794 6796 6797
f 6797 6795 6794
f 6796 6766 6769
f 6769 6797 6796
f 6800 6799 6798
f 6800 6798 6801
f 6800 6801 6802
f 6800 6802 6803
f 6800 6803 6804
f 6800 6804 6805
f 6800 6805 6806
f 6800 6806 6807
f 6800 6807 6808
f 6800 6808 6809
f 6800 6809 6810
f 6800 6810 6811
f 6800 6811 6812
f 6800 6812 6813
f 6800 6813 6814
f 6800 6814 6799
f 6817 6816 6815
f 6815 6818 6817
f 6820 6819 6816
f 6816 6817 6820
f 6822 6821 6819
f 6819 6820 6822
f 6824 6823 6821
f 6821 6822 6824
f 6826 6825 6823
f 6823 6824 6826
f 6828 6827 6825
f 6825 6826 6828
f 6830 6829 6827
f 6827 6828 6830
f 6832 6831 6829
f 6829 6830 6832
f 6834 6833 6831
f 6831 6832 6834
f 6836 6835 6833
f 6833 6834 6836
f 6838 6837 6835
f 6835 6836 6838
f 6840 6839 6837
f 6837 6838 6840
f 6842 6841 6839
f 6839 6840 6842
f 6844 6843 6841
f 6841 6842 6844
f 6846 6845 6843
f 6843 6844 6846
f 6818 6815 6845
f 6845 6846 6818
f 6847 6848 6849
f 6849 6850 6847
f 6848 6851 6852
f 6852 6849 6848
f 6851 6853 6854
f 6854 6852 6851
f 6853 6855 6856
f 6856 6854 6853
f 6855 6857 6858
f 6858 6856 6855
f 6857 6859 6860
f 6860 6858 6857
f 6859 6861 6862
f 6862 6860 6859
f 6861 6863 6864
f 6864 6862 6861
f 6863 6865 6866
f 6866 6864 6863
f 6865 6867 6868
f 6868 6866 6865
f 6867 6869 6870
f 6870 6868 6867
f 6869 6871 6872
f 6872 6870 6869
f 6871 6873 6874
f 6874 6872 6871
f 6873 6875 6876
f 6876 6874 6873
f 6875 6877 6878
f 6878 6876 6875
f 6877 6847 6850
f 6850 6878 6877
f 6879 6880 6881
f 6881 6882 6879
f 6882 6881 6883
f 6883 6884 6882
f 6884 6883 6885
f 6885 6886 6884
f 6886 6885 6887
f 6887 6888 6886
f 6888 6887 6889
f 6889 6890 6888
f 6890 6889 6891
f 6891 6892 6890
f 6892 6891 6893
f 6893 6894 6892
f 6894 6893 6895
f 6895 6896 6894
f 6896 6895 6897
f 6897 6898 6896
f 6898 6897 6899
f 6899 6900 6898
f 6900 6899 6901
f 6901 6902 6900
f 6902 6901 6903
f 6903 6904 6902
f 6904 6903 6905
f 6905 6906 6904
f 6906 6905 6907
f 6907 6908 6906
f 6908 6907 6909
f 6909 6910 6908
f 6910 6909 6880
f 6880 6879 6910
f 6913 6912 6911
f 6911 6914 6913
f 6916 6915 6912
f 6912 6913 6916
f 6918 6917 6915
f 6915 6916 6918
f 6920 6919 6917
f 6917 6918 6920
f 6922 6921 6919
f 6919 6920 6922
f 6924 6923 6921
f 6921 6922 6924
f 6926 6925 6923
f 6923 6924 6926
f 6928 6927 6925
f 6925 6926 6928
f 6930 6929 6927
f 6927 6928 6930
f 6932 6931 6929
f 6929 6930 6932
f 6934 6933 6931
f 6931 6932 6934
f 6936 6935 6933
f 6933 6934 6936
f 6938 6937 6935
f 6935 6936 6938
f 6940 6939 6937
f 6937 6938 6940
f 6942 6941 6939
f 6939 6940 6942
f 6914 6911 6941
f 6941 6942 6914
f 6943 6944 6945
f 6945 6946 6943
f 6944 6947 6948
f 6948 6945 6944
f 6947 6949 6950
f 6950 6948 6947
f 6949 6951 6952
f 6952 6950 6949
f 6951 6953 6954
f 6954 6952 6951
f 6953 6955 6956
f 6956 6954 6953
f 6955 6957 6958
f 6958 6956 6955
f 6957 6959 6960
f 6960 6958 6957
f 6959 6961 6962
f 6962 6960 6959
f 6961 6963 6964
f 6964 6962 6961
f 6963 6965 6966
f 6966 6964 6963
f 6965 6967 6968
f 6968 6966 6965
f 6967 6969 6970
f 6970 6968 6967
f 6969 6971 6972
f 6972 6970 6969
f 6971 6973 6974
f 6974 6972 6971
f 6973 6943 6946
f 6946 6974 6973
f 6975 6976 6977
f 6977 6978 6975
f 6978 6977 6979
f 6979 6980 6978
f 6980 6979 6981
f 6981 6982 6980
f 6982 6981 6983
f 6983 6984 6982
f 6984 6983 6985
f 6985 6986 6984
f 6986 6985 6987
f 6987 6988 6986
f 6988 6987 6989
f 6989 6990 6988
f 6990 6989 6991
f 6991 6992 6990
f 6992 6991 6993
f 6993 6994 6992
f 6994 6993 6995
f 6995 6996 6994
f 6996 6995 6997
f 6997 6998 6996
f 6998 6997 6999
f 6999 7000 6998
f 7000 6999 7001
f 7001 7002 7000
f 7002 7001 7003
f 7003 7004 7002
f 7004 7003 7005
f 7005 7006 7004
f 7006 7005 6976
f 6976 6975 7006
f 7009 7008 7007
f 7007 7010 7009
f 7012 7011 7008
f 7008 7009 7012
f 7014 7013 7011
f 7011 7012 7014
f 7016 7015 7013
f 7013 7014 7016
f 7018 7017 7015
f 7015 7016 7018
f 7020 7019 7017
f 7017 7018 7020
f 7022 7021 7019
f 7019 7020 7022
f 7024 7023 7021
f 7021 7022 7024
f 7026 7025 7023
f 7023 7024 7026
f 7028 7027 7025
f 7025 7026 7028
f 7030 7029 7027
f 7027 7028 7030
f 7032 7031 7029
f 7029 7030 7032
f 7034 7033 7031
f 7031 7032 7034
f 7036 7035 7033
f 7033 7034 7036
f 7038 7037 7035
f 7035 7036 7038
f 7010 7007 7037
f 7037 7038 7010
f 7039 7040 7041
f 7041 7042 7039
f 7040 7043 7044
f 7044 7041 7040
f 7043 7045 7046
f 7046 7044 7043
f 7045 7047 7048
f 7048 7046 7045
f 7047 7049 7050
f 7050 7048 7047
f 7049 7051 7052
f 7052 7050 7049
f 7051 7053 7054
f 7054 7052 7051
f 7053 7055 7056
f 7056 7054 7053
f 7055 7057 7058
f 7058 7056 7055
f 7057 7059 7060
f 7060 7058 7057
f 7059 7061 7062
f 7062 7060 7059
f 7061 7063 7064
f 7064 7062 7061
f 7063 7065 7066
f 7066 7064 7063
f 7065 7067 7068
f 7068 7066 7065
f 7067 7069 7070
f 7070 7068 7067
f 7069 7039 7042
f 7042 7070 7069
f 7071 7072 7073
f 7073 7074 7071
f 7074 7073 7075
f 7075 7076 7074
f 7076 7075 7077
f 7077 7078 7076
f 7078 7077 7079
f 7079 7080 7078
f 7080 7079 7081
f 7081 7082 7080
f 7082 7081 7083
f 7083 7084 7082
f 7084 7083 7085
f 7085 7086 7084
f 7086 7085 7087
f 7087 7088 7086
f 7088 7087 7089
f 7089 7090 7088
f 7090 7089 7091
f 7091 7092 7090
f 7092 7091 7093
f 7093 7094 7092
f 7094 7093 7095
f 7095 7096 7094
f 7096 7095 7097
f 7097 7098 7096
f 7098 7097 7099
f 7099 7100 7098
f 7100 7099 7101
f 7101 7102 7100
f 7102 7101 7072
f 7072 7071 7102
f 7105 7104 7103
f 7103 7106 7105
f 7108 7107 7104
f 7104 7105 7108
f 7110 7109 7107
f 7107 7108 7110
f 7112 7111 7109
f 7109 7110 7112
f 7114 7113 7111
f 7111 7112 7114
f 7116 7115 7113
f 7113 7114 7116
f 7118 7117 7115
f 7115 7116 7118
f 7120 7119 7117
f 7117 7118 7120
f 7122 7121 7119
f 7119 7120 7122
f 7124 7123 7121
f 7121 7122 7124
f 7126 7125 7123
f 7123 7124 7126
f 7128 7127 7125
f 7125 7126 7128
f 7130 7129 7127
f 7127 7128 7130
f 7132 7131 7129
f 7129 7130 7132
f 7134 7133 7131
f 7131 7132 7134
f 7106 7103 7133
f 7133 7134 7106
f 7135 7136 7137
f 7137 7138 7135
f 7136 7139 7140
f 7140 7137 7136
f 7139 7141 7142
f 7142 7140 7139
f 7141 7143 7144
f 7144 7142 7141
f 7143 7145 7146
f 7146 7144 7143
f 7145 7147 7148
f 7148 7146 7145
f 7147 7149 7150
f 7150 7148 7147
f 7149 7151 7152
f 7152 7150 7149
f 7151 7153 7154
f 7154 7152 7151
f 7153 7155 7156
f 7156 7154 7153
f 7155 7157 7158
f 7158 7156 7155
f 7157 7159 7160
f 7160 7158 7157
f 7159 7161 7162
f 7162 7160 7159
f 7161 7163 7164
f 7164 7162 7161
f 7163 7165 7166
f 7166 7164 7163
f 7165 7135 7138
f 7138 7166 7165
f 7167 7168 7169
f 7169 7170 7167
f 7170 7169 7171
f 7171 7172 7170
f 7172 7171 7173
f 7173 7174 7172
f 7174 7173 7175
f 7175 7176 7174
f 7176 7175 7177
f 7177 7178 7176
f 7178 7177 7179
f 7179 7180 7178
f 7180 7179 7181
f 7181 7182 7180
f 7182 7181 7183
f 7183 7184 7182
f 7184 7183 7185
f 7185 7186 7184
f 7186 7185 7187
f 7187 7188 7186
f 7188 7187 7189
f 7189 7190 7188
f 7190 7189 7191
f 7191 7192 7190
f 7192 7191 7193
f 7193 7194 7192
f 7194 7193 7195
f 7195 7196 7194
f 7196 7195 7197
f 7197 7198 7196
f 7198 7197 7168
f 7168 7167 7198
f 7201 7200 7199
f 7199 7202 7201
f 7204 7203 7200
f 7200 7201 7204
f 7206 7205 7203
f 7203 7204 7206
f 7208 7207 7205
f 7205 7206 7208
f 7210 7209 7207
f 7207 7208 7210
f 7212 7211 7209
f 7209 7210 7212
f 7214 7213 7211
f 7211 7212 7214
f 7216 7215 7213
f 7213 7214 7216
f 7218 7217 7215
f 7215 7216 7218
f 7220 7219 7217
f 7217 7218 7220
f 7222 7221 7219
f 7219 7220 7222
f 7224 7223 7221
f 7221 7222 7224
f 7226 7225 7223
f 7223 7224 7226
f 7228 7227 7225
f 7225 7226 7228
f 7230 7229 7227
f 7227 7228 7230
f 7202 7199 7229
f 7229 7230 7202
f 7231 7232 7233
f 7233 7234 7231
f 7232 7235 7236
f 7236 7233 7232
f 7235 7237 7238
f 7238 7236 7235
f 7237 7239 7240
f 7240 7238 7237
f 7239 7241 7242
f 7242 7240 7239
f 7241 7243 7244
f 7244 7242 7241
f 7243 7245 7246
f 7246 7244 7243
f 7245 7247 7248
f 7248 7246 7245
f 7247 7249 7250
f 7250 7248 7247
f 7249 7251 7252
f 7252 7250 7249
f 7251 7253 7254
f 7254 7252 7251
f 7253 7255 7256
f 7256 7254 7253
f 7255 7257 7258
f 7258 7256 7255
f 7257 7259 7260
f 7260 7258 7257
f 7259 7261 7262
f 7262 7260 7259
f 7261 7231 7234
f 7234 7262 7261
f 7263 7264 7265
f 7265 7266 7263
f 7266 7265 7267
f 7267 7268 7266
f 7268 7267 7269
f 7269 7270 7268
f 7270 7269 7271
f 7271 7272 7270
f 7272 7271 7273
f 7273 7274 7272
f 7274 7273 7275
f 7275 7276 7274
f 7276 7275 7277
f 7277 7278 7276
f 7278 7277 7279
f 7279 7280 7278
f 7280 7279 7281
f 7281 7282 7280
f 7282 7281 7283
f 7283 7284 7282
f 7284 7283 7285
f 7285 7286 7284
f 7286 7285 7287
f 7287 7288 7286
f 7288 7287 7289
f 7289 7290 7288
f 7290 7289 7291
f 7291 7292 7290
f 7292 7291 7293
f 7293 7294 7292
f 7294 7293 7264
f 7264 7263 7294
f 7297 7296 7295
f 7295 7298 7297
f 7300 7299 7296
f 7296 7297 7300
f 7302 7301 7299
f 7299 7300 7302
f 7304 7303 7301
f 7301 7302 7304
f 7306 7305 7303
f 7303 7304 7306
f 7308 7307 7305
f 7305 7306 7308
f 7310 7309 7307
f 7307 7308 7310
f 7312 7311 7309
f 7309 7310 7312
f 7314 7313 7311
f 7311 7312 7314
f 7316 7315 7313
f 7313 7314 7316
f 7318 7317 7315
f 7315 7316 7318
f 7320 7319 7317
f 7317 7318 7320
f 7322 7321 7319
f 7319 7320 7322
f 7324 7323 7321
f 7321 7322 7324
f 7326 7325 7323
f 7323 7324 7326
f 7298 7295 7325
f 7325 7326 7298
f 7327 7328 7329
f 7329 7330 7327
f 7328 7331 7332
f 7332 7329 7328
f 7331 7333 7334
f 7334 7332 7331
f 7333 7335 7336
f 7336 7334 7333
f 7335 7337 7338
f 7338 7336 7335
f 7337 7339 7340
f 7340 7338 7337
f 7339 7341 7342
f 7342 7340 7339
f 7341 7343 7344
f 7344 7342 7341
f 7343 7345 7346
f 7346 7344 7343
f 7345 7347 7348
f 7348 7346 7345
f 7347 7349 7350
f 7350 7348 7347
f 7349 7351 7352
f 7352 7350 7349
f 7351 7353 7354
f 7354 7352 7351
f 7353 7355 7356
f 7356 7354 7353
f 7355 7357 7358
f 7358 7356 7355
f 7357 7327 7330
f 7330 7358 7357
f 7359 7360 7361
f 7361 7362 7359
f 7362 7361 7363
f 7363 7364 7362
f 7364 7363 7365
f 7365 7366 7364
f 7366 7365 7367
f 7367 7368 7366
f 7368 7367 7369
f 7369 7370 7368
f 7370 7369 7371
f 7371 7372 7370
f 7372 7371 7373
f 7373 7374 7372
f 7374 7373 7375
f 7375 7376 7374
f 7376 7375 7377
f 7377 7378 7376
f 7378 7377 7379
f 7379 7380 7378
f 7380 7379 7381
f 7381 7382 7380
f 7382 7381 7383
f 7383 7384 7382
f 7384 7383 7385
f 7385 7386 7384
f 7386 7385 7387
f 7387 7388 7386
f 7388 7387 7389
f 7389 7390 7388
f 7390 7389 7360
f 7360 7359 7390
f 7393 7392 7391
f 7391 7394 7393
f 7396 7395 7392
f 7392 7393 7396
f 7398 7397 7395
f 7395 7396 7398
f 7400 7399 7397
f 7397 7398 7400
f 7402 7401 7399
f 7399 7400 7402
f 7404 7403 7401
f 7401 7402 7404
f 7406 7405 7403
f 7403 7404 7406
f 7408 7407 7405
f 7405 7406 7408
f 7410 7409 7407
f 7407 7408 7410
f 7412 7411 7409
f 7409 7410 7412
f 7414 7413 7411
f 7411 7412 7414
f 7416 7415 7413
f 7413 7414 7416
f 7418 7417 7415
f 7415 7416 7418
f 7420 7419 7417
f 7417 7418 7420
f 7422 7421 7419
f 7419 7420 7422
f 7394 7391 7421
f 7421 7422 7394
f 7423 7424 7425
f 7425 7426 7423
f 7424 7427 7428
f 7428 7425 7424
f 7427 7429 7430
f 7430 7428 7427
f 7429 7431 7432
f 7432 7430 7429
f 7431 7433 7434
f 7434 7432 7431
f 7433 7435 7436
f 7436 7434 7433
f 7435 7437 7438
f 7438 7436 7435
f 7437 7439 7440
f 7440 7438 7437
f 7439 7441 7442
f 7442 7440 7439
f 7441 7443 7444
f 7444 7442 7441
f 7443 7445 7446
f 7446 7444 7443
f 7445 7447 7448
f 7448 7446 7445
f 7447 7449 7450
f 7450 7448 7447
f 7449 7451 7452
f 7452 7450 7449
f 7451 7453 7454
f 7454 7452 7451
f 7453 7423 7426
f 7426 7454 7453
f 7455 7456 7457
f 7457 7458 7455
f 7458 7457 7459
f 7459 7460 7458
f 7460 7459 7461
f 7461 7462 7460
f 7462 7461 7463
f 7463 7464 7462
f 7464 7463 7465
f 7465 7466 7464
f 7466 7465 7467
f 7467 7468 7466
f 7468 7467 7469
f 7469 7470 7468
f 7470 7469 7471
f 7471 7472 7470
f 7472 7471 7473
f 7473 7474 7472
f 7474 7473 7475
f 7475 7476 7474
f 7476 7475 7477
f 7477 7478 7476
f 7478 7477 7479
f 7479 7480 7478
f 7480 7479 7481
f 7481 7482 7480
f 7482 7481 7483
f 7483 7484 7482
f 7484 7483 7485
f 7485 7486 7484
f 7486 7485 7456
f 7456 7455 7486
f 7489 7488 7487
f 7487 7491 7490
f 7494 7493 7492
f 7492 7495 7494
f 7498 7497 7496
f 7496 7499 7498
f 7501 7500 7491
f 7491 7488 7501
f 7503 7502 7497
f 7497 7498 7503
f 7493 7494 7504
f 7504 7505 7493
f 7508 7507 7506
f 7506 7510 7509
f 7513 7512 7511
f 7511 7514 7513
f 7517 7516 7515
f 7515 7518 7517
f 7520 7519 7510
f 7510 7507 7520
f 7522 7521 7516
f 7516 7517 7522
f 7512 7513 7523
f 7523 7524 7512
f 7527 7526 7525
f 7525 7529 7528
f 7532 7531 7530
f 7530 7533 7532
f 7536 7535 7534
f 7534 7537 7536
f 7539 7538 7529
f 7529 7526 7539
f 7541 7540 7535
f 7535 7536 7541
f 7531 7532 7542
f 7542 7543 7531
f 7546 7545 7544
f 7544 7548 7547
f 7551 7550 7549
f 7549 7552 7551
f 7555 7554 7553
f 7553 7556 7555
f 7558 7557 7548
f 7548 7545 7558
f 7560 7559 7554
f 7554 7555 7560
f 7550 7551 7561
f 7561 7562 7550
f 7565 7564 7563
f 7563 7567 7566
f 7570 7569 7568
f 7568 7571 7570
f 7574 7573 7572
f 7572 7575 7574
f 7577 7576 7567
f 7567 7564 7577
f 7579 7578 7573
f 7573 7574 7579
f 7569 7570 7580
f 7580 7581 7569
f 7584 7583 7582
f 7582 7586 7585
f 7589 7588 7587
f 7587 7590 7589
f 7593 7592 7591
f 7591 7594 7593
f 7596 7595 7586
f 7586 7583 7596
f 7598 7597 7592
f 7592 7593 7598
f 7588 7589 7599
f 7599 7600 7588
f 7603 7602 7601
f 7601 7604 7603
f 7605 7606 7607
f 7607 7608 7605
f 7609 7610 7611
f 7611 7612 7609
f 7613 7614 7615
f 7615 7616 7613
f 7617 7618 7619
f 7619 7620 7617
f 7623 7622 7621
f 7621 7624 7623
f 7627 7626 7625
f 7625 7628 7627
f 7631 7630 7629
f 7629 7632 7631
f 7635 7634 7633
f 7633 7636 7635
f 7639 7638 7637
f 7637 7640 7639
f 7643 7642 7641
f 7641 7644 7643
f 7647 7646 7645
f 7645 7648 7647
f 7646 7643 7644
f 7644 7645 7646
f 7642 7647 7648
f 7648 7641 7642
f 7649 7650 7651
f 7651 7652 7649
f 7650 7653 7654
f 7654 7651 7650
f 7653 7655 7656
f 7656 7654 7653
f 7655 7657 7658
f 7658 7656 7655
f 7657 7659 7660
f 7660 7658 7657
f 7659 7661 7662
f 7662 7660 7659
f 7661 7663 7664
f 7664 7662 7661
f 7663 7665 7666
f 7666 7664 7663
f 7665 7667 7668
f 7668 7666 7665
f 7667 7669 7670
f 7670 7668 7667
f 7669 7671 7672
f 7672 7670 7669
f 7671 7673 7674
f 7674 7672 7671
f 7673 7675 7676
f 7676 7674 7673
f 7675 7677 7678
f 7678 7676 7675
f 7677 7679 7680
f 7680 7678 7677
f 7679 7649 7652
f 7652 7680 7679
f 7683 7682 7681
f 7683 7681 7684
f 7683 7684 7685
f 7683 7685 7686
f 7683 7686 7687
f 7683 7687 7688
f 7683 7688 7689
f 7683 7689 7690
f 7683 7690 7691
f 7683 7691 7692
f 7683 7692 7693
f 7683 7693 7694
f 7683 7694 7695
f 7683 7695 7696
f 7683 7696 7697
f 7683 7697 7682
f 7698 7699 7700
f 7700 7701 7698
f 7699 7702 7703
f 7703 7700 7699
f 7702 7704 7705
f 7705 7703 7702
f 7704 7706 7707
f 7707 7705 7704
f 7706 7708 7709
f 7709 7707 7706
f 7708 7710 7711
f 7711 7709 7708
f 7710 7712 7713
f 7713 7711 7710
f 7712 7714 7715
f 7715 7713 7712
f 7714 7716 7717
f 7717 7715 7714
f 7716 7718 7719
f 7719 7717 7716
f 7718 7720 7721
f 7721 7719 7718
f 7720 7722 7723
f 7723 7721 7720
f 7722 7724 7725
f 7725 7723 7722
f 7724 7726 7727
f 7727 7725 7724
f 7726 7728 7729
f 7729 7727 7726
f 7728 7698 7701
f 7701 7729 7728
f 7732 7731 7730
f 7732 7730 7733
f 7732 7733 7734
f 7732 7734 7735
f 7732 7735 7736
f 7732 7736 7737
f 7732 7737 7738
f 7732 7738 7739
f 7732 7739 7740
f 7732 7740 7741
f 7732 7741 7742
f 7732 7742 7743
f 7732 7743 7744
f 7732 7744 7745
f 7732 7745 7746
f 7732 7746 7731
f 7747 7748 7749
f 7749 7750 7747
f 7748 7751 7752
f 7752 7749 7748
f 7751 7753 7754
f 7754 7752 7751
f 7753 7755 7756
f 7756 7754 7753
f 7755 7757 7758
f 7758 7756 7755
f 7757 7759 7760
f 7760 7758 7757
f 7759 7761 7762
f 7762 7760 7759
f 7761 7763 7764
f 7764 7762 7761
f 7763 7765 7766
f 7766 7764 7763
f 7765 7767 7768
f 7768 7766 7765
f 7767 7769 7770
f 7770 7768 7767
f 7769 7771 7772
f 7772 7770 7769
f 7771 7773 7774
f 7774 7772 7771
f 7773 7775 7776
f 7776 7774 7773
f 7775 7777 7778
f 7778 7776 7775
f 7777 7747 7750
f 7750 7778 7777
f 7781 7780 7779
f 7781 7779 7782
f 7781 7782 7783
f 7781 7783 7784
f 7781 7784 7785
f 7781 7785 7786
f 7781 7786 7787
f 7781 7787 7788
f 7781 7788 7789
f 7781 7789 7790
f 7781 7790 7791
f 7781 7791 7792
f 7781 7792 7793
f 7781 7793 7794
f 7781 7794 7795
f 7781 7795 7780
f 7796 7797 7798
f 7798 7799 7796
f 7797 7800 7801
f 7801 7798 7797
f 7800 7802 7803
f 7803 7801 7800
f 7802 7804 7805
f 7805 7803 7802
f 7804 7806 7807
f 7807 7805 7804
f 7806 7808 7809
f 7809 7807 7806
f 7808 7810 7811
f 7811 7809 7808
f 7810 7812 7813
f 7813 7811 7810
f 7812 7814 7815
f 7815 7813 7812
f 7814 7816 7817
f 7817 7815 7814
f 7816 7818 7819
f 7819 7817 7816
f 7818 7820 7821
f 7821 7819 7818
f 7820 7822 7823
f 7823 7821 7820
f 7822 7824 7825
f 7825 7823 7822
f 7824 7826 7827
f 7827 7825 7824
f 7826 7796 7799
f 7799 7827 7826
f 7830 7829 7828
f 7830 7828 7831
f 7830 7831 7832
f 7830 7832 7833
f 7830 7833 7834
f 7830 7834 7835
f 7830 7835 7836
f 7830 7836 7837
f 7830 7837 7838
f 7830 7838 7839
f 7830 7839 7840
f 7830 7840 7841
f 7830 7841 7842
f 7830 7842 7843
f 7830 7843 7844
f 7830 7844 7829
f 7845 7846 7847
f 7847 7848 7845
f 7846 7849 7850
f 7850 7847 7846
f 7849 7851 7852
f 7852 7850 7849
f 7851 7853 7854
f 7854 7852 7851
f 7853 7855 7856
f 7856 7854 7853
f 7855 7857 7858
f 7858 7856 7855
f 7857 7859 7860
f 7860 7858 7857
f 7859 7861 7862
f 7862 7860 7859
f 7861 7863 7864
f 7864 7862 7861
f 7863 7865 7866
f 7866 7864 7863
f 7865 7867 7868
f 7868 7866 7865
f 7867 7869 7870
f 7870 7868 7867
f 7869 7871 7872
f 7872 7870 7869
f 7871 7873 7874
f 7874 7872 7871
f 7873 7875 7876
f 7876 7874 7873
f 7875 7845 7848
f 7848 7876 7875
f 7879 7878 7877
f 7879 7877 7880
f 7879 7880 7881
f 7879 7881 7882
f 7879 7882 7883
f 7879 7883 7884
f 7879 7884 7885
f 7879 7885 7886
f 7879 7886 7887
f 7879 7887 7888
f 7879 7888 7889
f 7879 7889 7890
f 7879 7890 7891
f 7879 7891 7892
f 7879 7892 7893
f 7879 7893 7878
f 7894 7895 7896
f 7896 7897 7894
f 7895 7898 7899
f 7899 7896 7895
f 7898 7900 7901
f 7901 7899 7898
f 7900 7902 7903
f 7903 7901 7900
f 7902 7904 7905
f 7905 7903 7902
f 7904 7906 7907
f 7907 7905 7904
f 7906 7908 7909
f 7909 7907 7906
f 7908 7910 7911
f 7911 7909 7908
f 7910 7912 7913
f 7913 7911 7910
f 7912 7914 7915
f 7915 7913 7912
f 7914 7916 7917
f 7917 7915 7914
f 7916 7918 7919
f 7919 7917 7916
f 7918 7920 7921
f 7921 7919 7918
f 7920 7922 7923
f 7923 7921 7920
f 7922 7924 7925
f 7925 7923 7922
f 7924 7894 7897
f 7897 7925 7924
f 7928 7927 7926
f 7928 7926 7929
f 7928 7929 7930
f 7928 7930 7931
f 7928 7931 7932
f 7928 7932 7933
f 7928 7933 7934
f 7928 7934 7935
f 7928 7935 7936
f 7928 7936 7937
f 7928 7937 7938
f 7928 7938 7939
f 7928 7939 7940
f 7928 7940 7941
f 7928 7941 7942
f 7928 7942 7927
f 7943 7944 7945
f 7945 7946 7943
f 7944 7947 7948
f 7948 7945 7944
f 7947 7949 7950
f 7950 7948 7947
f 7949 7951 7952
f 7952 7950 7949
f 7951 7953 7954
f 7954 7952 7951
f 7953 7955 7956
f 7956 7954 7953
f 7955 7957 7958
f 7958 7956 7955
f 7957 7959 7960
f 7960 7958 7957
f 7959 7961 7962
f 7962 7960 7959
f 7961 7963 7964
f 7964 7962 7961
f 7963 7965 7966
f 7966 7964 7963
f 7965 7967 7968
f 7968 7966 7965
f 7967 7969 7970
f 7970 7968 7967
f 7969 7971 7972
f 7972 7970 7969
f 7971 7973 7974
f 7974 7972 7971
f 7973 7943 7946
f 7946 7974 7973
f 7977 7976 7975
f 7977 7975 7978
f 7977 7978 7979
f 7977 7979 7980
f 7977 7980 7981
f 7977 7981 7982
f 7977 7982 7983
f 7977 7983 7984
f 7977 7984 7985
f 7977 7985 7986
f 7977 7986 7987
f 7977 7987 7988
f 7977 7988 7989
f 7977 7989 7990
f 7977 7990 7991
f 7977 7991 7976
f 7992 7993 7994
f 7994 7995 7992
f 7993 7996 7997
f 7997 7994 7993
f 7996 7998 7999
f 7999 7997 7996
f 7998 8000 8001
f 8001 7999 7998
f 8000 8002 8003
f 8003 8001 8000
f 8002 8004 8005
f 8005 8003 8002
f 8004 8006 8007
f 8007 8005 8004
f 8006 8008 8009
f 8009 8007 8006
f 8008 8010 8011
f 8011 8009 8008
f 8010 8012 8013
f 8013 8011 8010
f 8012 8014 8015
f 8015 8013 8012
f 8014 8016 8017
f 8017 8015 8014
f 8016 8018 8019
f 8019 8017 8016
f 8018 8020 8021
f 8021 8019 8018
f 8020 8022 8023
f 8023 8021 8020
f 8022 7992 7995
f 7995 8023 8022
f 8026 8025 8024
f 8026 8024 8027
f 8026 8027 8028
f 8026 8028 8029
f 8026 8029 8030
f 8026 8030 8031
f 8026 8031 8032
f 8026 8032 8033
f 8026 8033 8034
f 8026 8034 8035
f 8026 8035 8036
f 8026 8036 8037
f 8026 8037 8038
f 8026 8038 8039
f 8026 8039 8040
f 8026 8040 8025
f 8041 8042 8043
f 8043 8044 8041
f 8042 8045 8046
f 8046 8043 8042
f 8045 8047 8048
f 8048 8046 8045
f 8047 8049 8050
f 8050 8048 8047
f 8049 8051 8052
f 8052 8050 8049
f 8051 8053 8054
f 8054 8052 8051
f 8053 8055 8056
f 8056 8054 8053
f 8055 8057 8058
f 8058 8056 8055
f 8057 8059 8060
f 8060 8058 8057
f 8059 8061 8062
f 8062 8060 8059
f 8061 8063 8064
f 8064 8062 8061
f 8063 8065 8066
f 8066 8064 8063
f 8065 8067 8068
f 8068 8066 8065
f 8067 8069 8070
f 8070 8068 8067
f 8069 8071 8072
f 8072 8070 8069
f 8071 8041 8044
f 8044 8072 8071
f 8075 8074 8073
f 8075 8073 8076
f 8075 8076 8077
f 8075 8077 8078
f 8075 8078 8079
f 8075 8079 8080
f 8075 8080 8081
f 8075 8081 8082
f 8075 8082 8083
f 8075 8083 8084
f 8075 8084 8085
f 8075 8085 8086
f 8075 8086 8087
f 8075 8087 8088
f 8075 8088 8089
f 8075 8089 8074
f 8090 8091 8092
f 8092 8093 8090
f 8091 8094 8095
f 8095 8092 8091
f 8094 8096 8097
f 8097 8095 8094
f 8096 8098 8099
f 8099 8097 8096
f 8098 8100 8101
f 8101 8099 8098
f 8100 8102 8103
f 8103 8101 8100
f 8102 8104 8105
f 8105 8103 8102
f 8104 8106 8107
f 8107 8105 8104
f 8106 8108 8109
f 8109 8107 8106
f 8108 8110 8111
f 8111 8109 8108
f 8110 8112 8113
f 8113 8111 8110
f 8112 8114 8115
f 8115 8113 8112
f 8114 8116 8117
f 8117 8115 8114
f 8116 8118 8119
f 8119 8117 8116
f 8118 8120 8121
f 8121 8119 8118
f 8120 8090 8093
f 8093 8121 8120
f 8124 8123 8122
f 8124 8122 8125
f 8124 8125 8126
f 8124 8126 8127
f 8124 8127 8128
f 8124 8128 8129
f 8124 8129 8130
f 8124 8130 8131
f 8124 8131 8132
f 8124 8132 8133
f 8124 8133 8134
f 8124 8134 8135
f 8124 8135 8136
f 8124 8136 8137
f 8124 8137 8138
f 8124 8138 8123
f 8139 8140 8141
f 8141 8142 8139
f 8140 8143 8144
f 8144 8141 8140
f 8143 8145 8146
f 8146 8144 8143
f 8145 8147 8148
f 8148 8146 8145
f 8147 8149 8150
f 8150 8148 8147
f 8149 8151 8152
f 8152 8150 8149
f 8151 8153 8154
f 8154 8152 8151
f 8153 8155 8156
f 8156 8154 8153
f 8155 8157 8158
f 8158 8156 8155
f 8157 8159 8160
f 8160 8158 8157
f 8159 8161 8162
f 8162 8160 8159
f 8161 8163 8164
f 8164 8162 8161
f 8163 8165 8166
f 8166 8164 8163
f 8165 8167 8168
f 8168 8166 8165
f 8167 8169 8170
f 8170 8168 8167
f 8169 8139 8142
f 8142 8170 8169
f 8173 8172 8171
f 8173 8171 8174
f 8173 8174 8175
f 8173 8175 8176
f 8173 8176 8177
f 8173 8177 8178
f 8173 8178 8179
f 8173 8179 8180
f 8173 8180 8181
f 8173 8181 8182
f 8173 8182 8183
f 8173 8183 8184
f 8173 8184 8185
f 8173 8185 8186
f 8173 8186 8187
f 8173 8187 8172
f 8188 8189 8190
f 8190 8191 8188
f 8189 8192 8193
f 8193 8190 8189
f 8192 8194 8195
f 8195 8193 8192
f 8194 8196 8197
f 8197 8195 8194
f 8196 8198 8199
f 8199 8197 8196
f 8198 8200 8201
f 8201 8199 8198
f 8200 8202 8203
f 8203 8201 8200
f 8202 8204 8205
f 8205 8203 8202
f 8204 8206 8207
f 8207 8205 8204
f 8206 8208 8209
f 8209 8207 8206
f 8208 8210 8211
f 8211 8209 8208
f 8210 8212 8213
f 8213 8211 8210
f 8212 8214 8215
f 8215 8213 8212
f 8214 8216 8217
f 8217 8215 8214
f 8216 8218 8219
f 8219 8217 8216
f 8218 8188 8191
f 8191 8219 8218
f 8222 8221 8220
f 8222 8220 8223
f 8222 8223 8224
f 8222 8224 8225
f 8222 8225 8226
f 8222 8226 8227
f 8222 8227 8228
f 8222 8228 8229
f 8222 8229 8230
f 8222 8230 8231
f 8222 8231 8232
f 8222 8232 8233
f 8222 8233 8234
f 8222 8234 8235
f 8222 8235 8236
f 8222 8236 8221
f 8237 8238 8239
f 8239 8240 8237
f 8238 8241 8242
f 8242 8239 8238
f 8241 8243 8244
f 8244 8242 8241
f 8243 8245 8246
f 8246 8244 8243
f 8245 8247 8248
f 8248 8246 8245
f 8247 8249 8250
f 8250 8248 8247
f 8249 8251 8252
f 8252 8250 8249
f 8251 8253 8254
f 8254 8252 8251
f 8253 8255 8256
f 8256 8254 8253
f 8255 8257 8258
f 8258 8256 8255
f 8257 8259 8260
f 8260 8258 8257
f 8259 8261 8262
f 8262 8260 8259
f 8261 8263 8264
f 8264 8262 8261
f 8263 8265 8266
f 8266 8264 8263
f 8265 8267 8268
f 8268 8266 8265
f 8267 8237 8240
f 8240 8268 8267
f 8271 8270 8269
f 8271 8269 8272
f 8271 8272 8273
f 8271 8273 8274
f 8271 8274 8275
f 8271 8275 8276
f 8271 8276 8277
f 8271 8277 8278
f 8271 8278 8279
f 8271 8279 8280
f 8271 8280 8281
f 8271 8281 8282
f 8271 8282 8283
f 8271 8283 8284
f 8271 8284 8285
f 8271 8285 8270
f 8286 8287 8288
f 8288 8289 8286
f 8287 8290 8291
f 8291 8288 8287
f 8290 8292 8293
f 8293 8291 8290
f 8292 8294 8295
f 8295 8293 8292
f 8294 8296 8297
f 8297 8295 8294
f 8296 8298 8299
f 8299 8297 8296
f 8298 8300 8301
f 8301 8299 8298
f 8300 8302 8303
f 8303 8301 8300
f 8302 8304 8305
f 8305 8303 8302
f 8304 8306 8307
f 8307 8305 8304
f 8306 8308 8309
f 8309 8307 8306
f 8308 8310 8311
f 8311 8309 8308
f 8310 8312 8313
f 8313 8311 8310
f 8312 8314 8315
f 8315 8313 8312
f 8314 8316 8317
f 8317 8315 8314
f 8316 8286 8289
f 8289 8317 8316
f 8320 8319 8318
f 8320 8318 8321
f 8320 8321 8322
f 8320 8322 8323
f 8320 8323 8324
f 8320 8324 8325
f 8320 8325 8326
f 8320 8326 8327
f 8320 8327 8328
f 8320 8328 8329
f 8320 8329 8330
f 8320 8330 8331
f 8320 8331 8332
f 8320 8332 8333
f 8320 8333 8334
f 8320 8334 8319
f 8335 8336 8337
f 8337 8338 8335
f 8336 8339 8340
f 8340 8337 8336
f 8339 8341 8342
f 8342 8340 8339
f 8341 8343 8344
f 8344 8342 8341
f 8343 8345 8346
f 8346 8344 8343
f 8345 8347 8348
f 8348 8346 8345
f 8347 8349 8350
f 8350 8348 8347
f 8349 8351 8352
f 8352 8350 8349
f 8351 8353 8354
f 8354 8352 8351
f 8353 8355 8356
f 8356 8354 8353
f 8355 8357 8358
f 8358 8356 8355
f 8357 8359 8360
f 8360 8358 8357
f 8359 8361 8362
f 8362 8360 8359
f 8361 8363 8364
f 8364 8362 8361
f 8363 8365 8366
f 8366 8364 8363
f 8365 8335 8338
f 8338 8366 8365
f 8369 8368 8367
f 8369 8367 8370
f 8369 8370 8371
f 8369 8371 8372
f 8369 8372 8373
f 8369 8373 8374
f 8369 8374 8375
f 8369 8375 8376
f 8369 8376 8377
f 8369 8377 8378
f 8369 8378 8379
f 8369 8379 8380
f 8369 8380 8381
f 8369 8381 8382
f 8369 8382 8383
f 8369 8383 8368
f 8384 8385 8386
f 8386 8387 8384
f 8385 8388 8389
f 8389 8386 8385
f 8388 8390 8391
f 8391 8389 8388
f 8390 8392 8393
f 8393 8391 8390
f 8392 8394 8395
f 8395 8393 8392
f 8394 8396 8397
f 8397 8395 8394
f 8396 8398 8399
f 8399 8397 8396
f 8398 8400 8401
f 8401 8399 8398
f 8400 8402 8403
f 8403 8401 8400
f 8402 8404 8405
f 8405 8403 8402
f 8404 8406 8407
f 8407 8405 8404
f 8406 8408 8409
f 8409 8407 8406
f 8408 8410 8411
f 8411 8409 8408
f 8410 8412 8413
f 8413 8411 8410
f 8412 8414 8415
f 8415 8413 8412
f 8414 8384 8387
f 8387 8415 8414
f 8418 8417 8416
f 8418 8416 8419
f 8418 8419 8420
f 8418 8420 8421
f 8418 8421 8422
f 8418 8422 8423
f 8418 8423 8424
f 8418 8424 8425
f 8418 8425 8426
f 8418 8426 8427
f 8418 8427 8428
f 8418 8428 8429
f 8418 8429 8430
f 8418 8430 8431
f 8418 8431 8432
f 8418 8432 8417
f 8435 8434 8433
f 8433 8436 8435
f 8438 8437 8434
f 8434 8435 8438
f 8440 8439 8437
f 8437 8438 8440
f 8442 8441 8439
f 8439 8440 8442
f 8444 8443 8441
f 8441 8442 8444
f 8446 8445 8443
f 8443 8444 8446
f 8448 8447 8445
f 8445 8446 8448
f 8450 8449 8447
f 8447 8448 8450
f 8452 8451 8449
f 8449 8450 8452
f 8454 8453 8451
f 8451 8452 8454
f 8456 8455 8453
f 8453 8454 8456
f 8458 8457 8455
f 8455 8456 8458
f 8460 8459 8457
f 8457 8458 8460
f 8462 8461 8459
f 8459 8460 8462
f 8464 8463 8461
f 8461 8462 8464
f 8436 8433 8463
f 8463 8464 8436
f 8465 8466 8467
f 8467 8468 8465
f 8466 8469 8470
f 8470 8467 8466
f 8469 8471 8472
f 8472 8470 8469
f 8471 8473 8474
f 8474 8472 8471
f 8473 8475 8476
f 8476 8474 8473
f 8475 8477 8478
f 8478 8476 8475
f 8477 8479 8480
f 8480 8478 8477
f 8479 8481 8482
f 8482 8480 8479
f 8481 8483 8484
f 8484 8482 8481
f 8483 8485 8486
f 8486 8484 8483
f 8485 8487 8488
f 8488 8486 8485
f 8487 8489 8490
f 8490 8488 8487
f 8489 8491 8492
f 8492 8490 8489
f 8491 8493 8494
f 8494 8492 8491
f 8493 8495 8496
f 8496 8494 8493
f 8495 8465 8468
f 8468 8496 8495
f 8497 8498 8499
f 8499 8500 8497
f 8500 8499 8501
f 8501 8502 8500
f 8502 8501 8503
f 8503 8504 8502
f 8504 8503 8505
f 8505 8506 8504
f 8506 8505 8507
f 8507 8508 8506
f 8508 8507 8509
f 8509 8510 8508
f 8510 8509 8511
f 8511 8512 8510
f 8512 8511 8513
f 8513 8514 8512
f 8514 8513 8515
f 8515 8516 8514
f 8516 8515 8517
f 8517 8518 8516
f 8518 8517 8519
f 8519 8520 8518
f 8520 8519 8521
f 8521 8522 8520
f 8522 8521 8523
f 8523 8524 8522
f 8524 8523 8525
f 8525 8526 8524
f 8526 8525 8527
f 8527 8528 8526
f 8528 8527 8498
f 8498 8497 8528
f 8531 8530 8529
f 8529 8532 8531
f 8534 8533 8530
f 8530 8531 8534
f 8536 8535 8533
f 8533 8534 8536
f 8538 8537 8535
f 8535 8536 8538
f 8540 8539 8537
f 8537 8538 8540
f 8542 8541 8539
f 8539 8540 8542
f 8544 8543 8541
f 8541 8542 8544
f 8546 8545 8543
f 8543 8544 8546
f 8548 8547 8545
f 8545 8546 8548
f 8550 8549 8547
f 8547 8548 8550
f 8552 8551 8549
f 8549 8550 8552
f 8554 8553 8551
f 8551 8552 8554
f 8556 8555 8553
f 8553 8554 8556
f 8558 8557 8555
f 8555 8556 8558
f 8560 8559 8557
f 8557 8558 8560
f 8532 8529 8559
f 8559 8560 8532
f 8561 8562 8563
f 8563 8564 8561
f 8562 8565 8566
f 8566 8563 8562
f 8565 8567 8568
f 8568 8566 8565
f 8567 8569 8570
f 8570 8568 8567
f 8569 8571 8572
f 8572 8570 8569
f 8571 8573 8574
f 8574 8572 8571
f 8573 8575 8576
f 8576 8574 8573
f 8575 8577 8578
f 8578 8576 8575
f 8577 8579 8580
f 8580 8578 8577
f 8579 8581 8582
f 8582 8580 8579
f 8581 8583 8584
f 8584 8582 8581
f 8583 8585 8586
f 8586 8584 8583
f 8585 8587 8588
f 8588 8586 8585
f 8587 8589 8590
f 8590 8588 8587
f 8589 8591 8592
f 8592 8590 8589
f 8591 8561 8564
f 8564 8592 8591
f 8593 8594 8595
f 8595 8596 8593
f 8596 8595 8597
f 8597 8598 8596
f 8598 8597 8599
f 8599 8600 8598
f 8600 8599 8601
f 8601 8602 8600
f 8602 8601 8603
f 8603 8604 8602
f 8604 8603 8605
f 8605 8606 8604
f 8606 8605 8607
f 8607 8608 8606
f 8608 8607 8609
f 8609 8610 8608
f 8610 8609 8611
f 8611 8612 8610
f 8612 8611 8613
f 8613 8614 8612
f 8614 8613 8615
f 8615 8616 8614
f 8616 8615 8617
f 8617 8618 8616
f 8618 8617 8619
f 8619 8620 8618
f 8620 8619 8621
f 8621 8622 8620
f 8622 8621 8623
f 8623 8624 8622
f 8624 8623 8594
f 8594 8593 8624
f 8627 8626 8625
f 8625 8628 8627
f 8630 8629 8626
f 8626 8627 8630
f 8632 8631 8629
f 8629 8630 8632
f 8634 8633 8631
f 8631 8632 8634
f 8636 8635 8633
f 8633 8634 8636
f 8638 8637 8635
f 8635 8636 8638
f 8640 8639 8637
f 8637 8638 8640
f 8642 8641 8639
f 8639 8640 8642
f 8644 8643 8641
f 8641 8642 8644
f 8646 8645 8643
f 8643 8644 8646
f 8648 8647 8645
f 8645 8646 8648
f 8650 8649 8647
f 8647 8648 8650
f 8652 8651 8649
f 8649 8650 8652
f 8654 8653 8651
f 8651 8652 8654
f 8656 8655 8653
f 8653 8654 8656
f 8628 8625 8655
f 8655 8656 8628
f 8657 8658 8659
f 8659 8660 8657
f 8658 8661 8662
f 8662 8659 8658
f 8661 8663 8664
f 8664 8662 8661
f 8663 8665 8666
f 8666 8664 8663
f 8665 8667 8668
f 8668 8666 8665
f 8667 8669 8670
f 8670 8668 8667
f 8669 8671 8672
f 8672 8670 8669
f 8671 8673 8674
f 8674 8672 8671
f 8673 8675 8676
f 8676 8674 8673
f 8675 8677 8678
f 8678 8676 8675
f 8677 8679 8680
f 8680 8678 8677
f 8679 8681 8682
f 8682 8680 8679
f 8681 8683 8684
f 8684 8682 8681
f 8683 8685 8686
f 8686 8684 8683
f 8685 8687 8688
f 8688 8686 8685
f 8687 8657 8660
f 8660 8688 8687
f 8689 8690 8691
f 8691 8692 8689
f 8692 8691 8693
f 8693 8694 8692
f 8694 8693 8695
f 8695 8696 8694
f 8696 8695 8697
f 8697 8698 8696
f 8698 8697 8699
f 8699 8700 8698
f 8700 8699 8701
f 8701 8702 8700
f 8702 8701 8703
f 8703 8704 8702
f 8704 8703 8705
f 8705 8706 8704
f 8706 8705 8707
f 8707 8708 8706
f 8708 8707 8709
f 8709 8710 8708
f 8710 8709 8711
f 8711 8712 8710
f 8712 8711 8713
f 8713 8714 8712
f 8714 8713 8715
f 8715 8716 8714
f 8716 8715 8717
f 8717 8718 8716
f 8718 8717 8719
f 8719 8720 8718
f 8720 8719 8690
f 8690 8689 8720
f 8723 8722 8721
f 8721 8724 8723
f 8726 8725 8722
f 8722 8723 8726
f 8728 8727 8725
f 8725 8726 8728
f 8730 8729 8727
f 8727 8728 8730
f 8732 8731 8729
f 8729 8730 8732
f 8734 8733 8731
f 8731 8732 8734
f 8736 8735 8733
f 8733 8734 8736
f 8738 8737 8735
f 8735 8736 8738
f 8740 8739 8737
f 8737 8738 8740
f 8742 8741 8739
f 8739 8740 8742
f 8744 8743 8741
f 8741 8742 8744
f 8746 8745 8743
f 8743 8744 8746
f 8748 8747 8745
f 8745 8746 8748
f 8750 8749 8747
f 8747 8748 8750
f 8752 8751 8749
f 8749 8750 8752
f 8724 8721 8751
f 8751 8752 8724
f 8753 8754 8755
f 8755 8756 8753
f 8754 8757 8758
f 8758 8755 8754
f 8757 8759 8760
f 8760 8758 8757
f 8759 8761 8762
f 8762 8760 8759
f 8761 8763 8764
f 8764 8762 8761
f 8763 8765 8766
f 8766 8764 8763
f 8765 8767 8768
f 8768 8766 8765
f 8767 8769 8770
f 8770 8768 8767
f 8769 8771 8772
f 8772 8770 8769
f 8771 8773 8774
f 8774 8772 8771
f 8773 8775 8776
f 8776 8774 8773
f 8775 8777 8778
f 8778 8776 8775
f 8777 8779 8780
f 8780 8778 8777
f 8779 8781 8782
f 8782 8780 8779
f 8781 8783 8784
f 8784 8782 8781
f 8783 8753 8756
f 8756 8784 8783
f 8785 8786 8787
f 8787 8788 8785
f 8788 8787 8789
f 8789 8790 8788
f 8790 8789 8791
f 8791 8792 8790
f 8792 8791 8793
f 8793 8794 8792
f 8794 8793 8795
f 8795 8796 8794
f 8796 8795 8797
f 8797 8798 8796
f 8798 8797 8799
f 8799 8800 8798
f 8800 8799 8801
f 8801 8802 8800
f 8802 8801 8803
f 8803 8804 8802
f 8804 8803 8805
f 8805 8806 8804
f 8806 8805 8807
f 8807 8808 8806
f 8808 8807 8809
f 8809 8810 8808
f 8810 8809 8811
f 8811 8812 8810
f 8812 8811 8813
f 8813 8814 8812
f 8814 8813 8815
f 8815 8816 8814
f 8816 8815 8786
f 8786 8785 8816
f 8819 8818 8817
f 8817 8820 8819
f 8822 8821 8818
f 8818 8819 8822
f 8824 8823 8821
f 8821 8822 8824
f 8826 8825 8823
f 8823 8824 8826
f 8828 8827 8825
f 8825 8826 8828
f 8830 8829 8827
f 8827 8828 8830
f 8832 8831 8829
f 8829 8830 8832
f 8834 8833 8831
f 8831 8832 8834
f 8836 8835 8833
f 8833 8834 8836
f 8838 8837 8835
f 8835 8836 8838
f 8840 8839 8837
f 8837 8838 8840
f 8842 8841 8839
f 8839 8840 8842
f 8844 8843 8841
f 8841 8842 8844
f 8846 8845 8843
f 8843 8844 8846
f 8848 8847 8845
f 8845 8846 8848
f 8820 8817 8847
f 8847 8848 8820
f 8849 8850 8851
f 8851 8852 8849
f 8850 8853 8854
f 8854 8851 8850
f 8853 8855 8856
f 8856 8854 8853
f 8855 8857 8858
f 8858 8856 8855
f 8857 8859 8860
f 8860 8858 8857
f 8859 8861 8862
f 8862 8860 8859
f 8861 8863 8864
f 8864 8862 8861
f 8863 8865 8866
f 8866 8864 8863
f 8865 8867 8868
f 8868 8866 8865
f 8867 8869 8870
f 8870 8868 8867
f 8869 8871 8872
f 8872 8870 8869
f 8871 8873 8874
f 8874 8872 8871
f 8873 8875 8876
f 8876 8874 8873
f 8875 8877 8878
f 8878 8876 8875
f 8877 8879 8880
f 8880 8878 8877
f 8879 8849 8852
f 8852 8880 8879
f 8881 8882 8883
f 8883 8884 8881
f 8884 8883 8885
f 8885 8886 8884
f 8886 8885 8887
f 8887 8888 8886
f 8888 8887 8889
f 8889 8890 8888
f 8890 8889 8891
f 8891 8892 8890
f 8892 8891 8893
f 8893 8894 8892
f 8894 8893 8895
f 8895 8896 8894
f 8896 8895 8897
f 8897 8898 8896
f 8898 8897 8899
f 8899 8900 8898
f 8900 8899 8901
f 8901 8902 8900
f 8902 8901 8903
f 8903 8904 8902
f 8904 8903 8905
f 8905 8906 8904
f 8906 8905 8907
f 8907 8908 8906
f 8908 8907 8909
f 8909 8910 8908
f 8910 8909 8911
f 8911 8912 8910
f 8912 8911 8882
f 8882 8881 8912
f 8915 8914 8913
f 8913 8916 8915
f 8918 8917 8914
f 8914 8915 8918
f 8920 8919 8917
f 8917 8918 8920
f 8922 8921 8919
f 8919 8920 8922
f 8924 8923 8921
f 8921 8922 8924
f 8926 8925 8923
f 8923 8924 8926
f 8928 8927 8925
f 8925 8926 8928
f 8930 8929 8927
f 8927 8928 8930
f 8932 8931 8929
f 8929 8930 8932
f 8934 8933 8931
f 8931 8932 8934
f 8936 8935 8933
f 8933 8934 8936
f 8938 8937 8935
f 8935 8936 8938
f 8940 8939 8937
f 8937 8938 8940
f 8942 8941 8939
f 8939 8940 8942
f 8944 8943 8941
f 8941 8942 8944
f 8916 8913 8943
f 8943 8944 8916
f 8945 8946 8947
f 8947 8948 8945
f 8946 8949 8950
f 8950 8947 8946
f 8949 8951 8952
f 8952 8950 8949
f 8951 8953 8954
f 8954 8952 8951
f 8953 8955 8956
f 8956 8954 8953
f 8955 8957 8958
f 8958 8956 8955
f 8957 8959 8960
f 8960 8958 8957
f 8959 8961 8962
f 8962 8960 8959
f 8961 8963 8964
f 8964 8962 8961
f 8963 8965 8966
f 8966 8964 8963
f 8965 8967 8968
f 8968 8966 8965
f 8967 8969 8970
f 8970 8968 8967
f 8969 8971 8972
f 8972 8970 8969
f 8971 8973 8974
f 8974 8972 8971
f 8973 8975 8976
f 8976 8974 8973
f 8975 8945 8948
f 8948 8976 8975
f 8977 8978 8979
f 8979 8980 8977
f 8980 8979 8981
f 8981 8982 8980
f 8982 8981 8983
f 8983 8984 8982
f 8984 8983 8985
f 8985 8986 8984
f 8986 8985 8987
f 8987 8988 8986
f 8988 8987 8989
f 8989 8990 8988
f 8990 8989 8991
f 8991 8992 8990
f 8992 8991 8993
f 8993 8994 8992
f 8994 8993 8995
f 8995 8996 8994
f 8996 8995 8997
f 8997 8998 8996
f 8998 8997 8999
f 8999 9000 8998
f 9000 8999 9001
f 9001 9002 9000
f 9002 9001 9003
f 9003 9004 9002
f 9004 9003 9005
f 9005 9006 9004
f 9006 9005 9007
f 9007 9008 9006
f 9008 9007 8978
f 8978 8977 9008
f 9011 9010 9009
f 9009 9012 9011
f 9014 9013 9010
f 9010 9011 9014
f 9016 9015 9013
f 9013 9014 9016
f 9018 9017 9015
f 9015 9016 9018
f 9020 9019 9017
f 9017 9018 9020
f 9022 9021 9019
f 9019 9020 9022
f 9024 9023 9021
f 9021 9022 9024
f 9026 9025 9023
f 9023 9024 9026
f 9028 9027 9025
f 9025 9026 9028
f 9030 9029 9027
f 9027 9028 9030
f 9032 9031 9029
f 9029 9030 9032
f 9034 9033 9031
f 9031 9032 9034
f 9036 9035 9033
f 9033 9034 9036
f 9038 9037 9035
f 9035 9036 9038
f 9040 9039 9037
f 9037 9038 9040
f 9012 9009 9039
f 9039 9040 9012
f 9041 9042 9043
f 9043 9044 9041
f 9042 9045 9046
f 9046 9043 9042
f 9045 9047 9048
f 9048 9046 9045
f 9047 9049 9050
f 9050 9048 9047
f 9049 9051 9052
f 9052 9050 9049
f 9051 9053 9054
f 9054 9052 9051
f 9053 9055 9056
f 9056 9054 9053
f 9055 9057 9058
f 9058 9056 9055
f 9057 9059 9060
f 9060 9058 9057
f 9059 9061 9062
f 9062 9060 9059
f 9061 9063 9064
f 9064 9062 9061
f 9063 9065 9066
f 9066 9064 9063
f 9065 9067 9068
f 9068 9066 9065
f 9067 9069 9070
f 9070 9068 9067
f 9069 9071 9072
f 9072 9070 9069
f 9071 9041 9044
f 9044 9072 9071
f 9073 9074 9075
f 9075 9076 9073
f 9076 9075 9077
f 9077 9078 9076
f 9078 9077 9079
f 9079 9080 9078
f 9080 9079 9081
f 9081 9082 9080
f 9082 9081 9083
f 9083 9084 9082
f 9084 9083 9085
f 9085 9086 9084
f 9086 9085 9087
f 9087 9088 9086
f 9088 9087 9089
f 9089 9090 9088
f 9090 9089 9091
f 9091 9092 9090
f 9092 9091 9093
f 9093 9094 9092
f 9094 9093 9095
f 9095 9096 9094
f 9096 9095 9097
f 9097 9098 9096
f 9098 9097 9099
f 9099 9100 9098
f 9100 9099 9101
f 9101 9102 9100
f 9102 9101 9103
f 9103 9104 9102
f 9104 9103 9074
f 9074 9073 9104
f 9107 9106 9105
f 9105 9109 9108
f 9112 9111 9110
f 9110 9113 9112
f 9116 9115 9114
f 9114 9117 9116
f 9119 9118 9109
f 9109 9106 9119
f 9121 9120 9115
f 9115 9116 9121
f 9111 9112 9122
f 9122 9123 9111
f 9126 9125 9124
f 9124 9128 9127
f 9131 9130 9129
f 9129 9132 9131
f 9135 9134 9133
f 9133 9136 9135
f 9138 9137 9128
f 9128 9125 9138
f 9140 9139 9134
f 9134 9135 9140
f 9130 9131 9141
f 9141 9142 9130
f 9145 9144 9143
f 9143 9147 9146
f 9150 9149 9148
f 9148 9151 9150
f 9154 9153 9152
f 9152 9155 9154
f 9157 9156 9147
f 9147 9144 9157
f 9159 9158 9153
f 9153 9154 9159
f 9149 9150 9160
f 9160 9161 9149
f 9164 9163 9162
f 9162 9166 9165
f 9169 9168 9167
f 9167 9170 9169
f 9173 9172 9171
f 9171 9174 9173
f 9176 9175 9166
f 9166 9163 9176
f 9178 9177 9172
f 9172 9173 9178
f 9168 9169 9179
f 9179 9180 9168
f 9183 9182 9181
f 9181 9185 9184
f 9188 9187 9186
f 9186 9189 9188
f 9192 9191 9190
f 9190 9193 9192
f 9195 9194 9185
f 9185 9182 9195
f 9197 9196 9191
f 9191 9192 9197
f 9187 9188 9198
f 9198 9199 9187
f 9202 9201 9200
f 9200 9204 9203
f 9207 9206 9205
f 9205 9208 9207
f 9211 9210 9209
f 9209 9212 9211
f 9214 9213 9204
f 9204 9201 9214
f 9216 9215 9210
f 9210 9211 9216
f 9206 9207 9217
f 9217 9218 9206
f 9221 9220 9219
f 9219 9222 9221
f 9225 9224 9223
f 9223 9226 9225
f 9228 9227 9224
f 9224 9225 9228
f 9230 9229 9227
f 9227 9228 9230
f 9232 9231 9229
f 9229 9230 9232
f 9234 9233 9231
f 9231 9232 9234
f 9236 9235 9233
f 9233 9234 9236
f 9238 9237 9235
f 9235 9236 9238
f 9240 9239 9237
f 9237 9238 9240
f 9242 9241 9239
f 9239 9240 9242
f 9244 9243 9241
f 9241 9242 9244
f 9246 9245 9243
f 9243 9244 9246
f 9248 9247 9245
f 9245 9246 9248
f 9250 9249 9247
f 9247 9248 9250
f 9252 9251 9249
f 9249 9250 9252
f 9254 9253 9251
f 9251 9252 9254
f 9226 9223 9253
f 9253 9254 9226
f 9255 9256 9257
f 9257 9258 9255
f 9256 9259 9260
f 9260 9257 9256
f 9259 9261 9262
f 9262 9260 9259
f 9261 9263 9264
f 9264 9262 9261
f 9263 9265 9266
f 9266 9264 9263
f 9265 9267 9268
f 9268 9266 9265
f 9267 9269 9270
f 9270 9268 9267
f 9269 9271 9272
f 9272 9270 9269
f 9271 9273 9274
f 9274 9272 9271
f 9273 9275 9276
f 9276 9274 9273
f 9275 9277 9278
f 9278 9276 9275
f 9277 9279 9280
f 9280 9278 9277
f 9279 9281 9282
f 9282 9280 9279
f 9281 9283 9284
f 9284 9282 9281
f 9283 9285 9286
f 9286 9284 9283
f 9285 9255 9258
f 9258 9286 9285
f 9287 9288 9289
f 9289 9290 9287
f 9290 9289 9291
f 9291 9292 9290
f 9292 9291 9293
f 9293 9294 9292
f 9294 9293 9295
f 9295 9296 9294
f 9296 9295 9297
f 9297 9298 9296
f 9298 9297 9299
f 9299 9300 9298
f 9300 9299 9301
f 9301 9302 9300
f 9302 9301 9303
f 9303 9304 9302
f 9304 9303 9305
f 9305 9306 9304
f 9306 9305 9307
f 9307 9308 9306
f 9308 9307 9309
f 9309 9310 9308
f 9310 9309 9311
f 9311 9312 9310
f 9312 9311 9313
f 9313 9314 9312
f 9314 9313 9315
f 9315 9316 9314
f 9316 9315 9317
f 9317 9318 9316
f 9318 9317 9288
f 9288 9287 9318
f 9321 9320 9319
f 9319 9322 9321
f 9324 9323 9320
f 9320 9321 9324
f 9326 9325 9323
f 9323 9324 9326
f 9328 9327 9325
f 9325 9326 9328
f 9330 9329 9327
f 9327 9328 9330
f 9332 9331 9329
f 9329 9330 9332
f 9334 9333 9331
f 9331 9332 9334
f 9336 9335 9333
f 9333 9334 9336
f 9338 9337 9335
f 9335 9336 9338
f 9340 9339 9337
f 9337 9338 9340
f 9342 9341 9339
f 9339 9340 9342
f 9344 9343 9341
f 9341 9342 9344
f 9346 9345 9343
f 9343 9344 9346
f 9348 9347 9345
f 9345 9346 9348
f 9350 9349 9347
f 9347 9348 9350
f 9322 9319 9349
f 9349 9350 9322
f 9351 9352 9353
f 9353 9354 9351
f 9352 9355 9356
f 9356 9353 9352
f 9355 9357 9358
f 9358 9356 9355
f 9357 9359 9360
f 9360 9358 9357
f 9359 9361 9362
f 9362 9360 9359
f 9361 9363 9364
f 9364 9362 9361
f 9363 9365 9366
f 9366 9364 9363
f 9365 9367 9368
f 9368 9366 9365
f 9367 9369 9370
f 9370 9368 9367
f 9369 9371 9372
f 9372 9370 9369
f 9371 9373 9374
f 9374 9372 9371
f 9373 9375 9376
f 9376 9374 9373
f 9375 9377 9378
f 9378 9376 9375
f 9377 9379 9380
f 9380 9378 9377
f 9379 9381 9382
f 9382 9380 9379
f 9381 9351 9354
f 9354 9382 9381
f 9383 9384 9385
f 9385 9386 9383
f 9386 9385 9387
f 9387 9388 9386
f 9388 9387 9389
f 9389 9390 9388
f 9390 9389 9391
f 9391 9392 9390
f 9392 9391 9393
f 9393 9394 9392
f 9394 9393 9395
f 9395 9396 9394
f 9396 9395 9397
f 9397 9398 9396
f 9398 9397 9399
f 9399 9400 9398
f 9400 9399 9401
f 9401 9402 9400
f 9402 9401 9403
f 9403 9404 9402
f 9404 9403 9405
f 9405 9406 9404
f 9406 9405 9407
f 9407 9408 9406
f 9408 9407 9409
f 9409 9410 9408
f 9410 9409 9411
f 9411 9412 9410
f 9412 9411 9413
f 9413 9414 9412
f 9414 9413 9384
f 9384 9383 9414
f 9417 9416 9415
f 9415 9418 9417
f 9420 9419 9416
f 9416 9417 9420
f 9422 9421 9419
f 9419 9420 9422
f 9424 9423 9421
f 9421 9422 9424
f 9426 9425 9423
f 9423 9424 9426
f 9428 9427 9425
f 9425 9426 9428
f 9430 9429 9427
f 9427 9428 9430
f 9432 9431 9429
f 9429 9430 9432
f 9434 9433 9431
f 9431 9432 9434
f 9436 9435 9433
f 9433 9434 9436
f 9438 9437 9435
f 9435 9436 9438
f 9440 9439 9437
f 9437 9438 9440
f 9442 9441 9439
f 9439 9440 9442
f 9444 9443 9441
f 9441 9442 9444
f 9446 9445 9443
f 9443 9444 9446
f 9418 9415 9445
f 9445 9446 9418
f 9447 9448 9449
f 9449 9450 9447
f 9448 9451 9452
f 9452 9449 9448
f 9451 9453 9454
f 9454 9452 9451
f 9453 9455 9456
f 9456 9454 9453
f 9455 9457 9458
f 9458 9456 9455
f 9457 9459 9460
f 9460 9458 9457
f 9459 9461 9462
f 9462 9460 9459
f 9461 9463 9464
f 9464 9462 9461
f 9463 9465 9466
f 9466 9464 9463
f 9465 9467 9468
f 9468 9466 9465
f 9467 9469 9470
f 9470 9468 9467
f 9469 9471 9472
f 9472 9470 9469
f 9471 9473 9474
f 9474 9472 9471
f 9473 9475 9476
f 9476 9474 9473
f 9475 9477 9478
f 9478 9476 9475
f 9477 9447 9450
f 9450 9478 9477
f 9479 9480 9481
f 9481 9482 9479
f 9482 9481 9483
f 9483 9484 9482
f 9484 9483 9485
f 9485 9486 9484
f 9486 9485 9487
f 9487 9488 9486
f 9488 9487 9489
f 9489 9490 9488
f 9490 9489 9491
f 9491 9492 9490
f 9492 9491 9493
f 9493 9494 9492
f 9494 9493 9495
f 9495 9496 9494
f 9496 9495 9497
f 9497 9498 9496
f 9498 9497 9499
f 9499 9500 9498
f 9500 9499 9501
f 9501 9502 9500
f 9502 9501 9503
f 9503 9504 9502
f 9504 9503 9505
f 9505 9506 9504
f 9506 9505 9507
f 9507 9508 9506
f 9508 9507 9509
f 9509 9510 9508
f 9510 9509 9480
f 9480 9479 9510
f 9513 9512 9511
f 9511 9514 9513
f 9516 9515 9512
f 9512 9513 9516
f 9518 9517 9515
f 9515 9516 9518
f 9520 9519 9517
f 9517 9518 9520
f 9522 9521 9519
f 9519 9520 9522
f 9524 9523 9521
f 9521 9522 9524
f 9526 9525 9523
f 9523 9524 9526
f 9528 9527 9525
f 9525 9526 9528
f 9530 9529 9527
f 9527 9528 9530
f 9532 9531 9529
f 9529 9530 9532
f 9534 9533 9531
f 9531 9532 9534
f 9536 9535 9533
f 9533 9534 9536
f 9538 9537 9535
f 9535 9536 9538
f 9540 9539 9537
f 9537 9538 9540
f 9542 9541 9539
f 9539 9540 9542
f 9514 9511 9541
f 9541 9542 9514
f 9543 9544 9545
f 9545 9546 9543
f 9544 9547 9548
f 9548 9545 9544
f 9547 9549 9550
f 9550 9548 9547
f 9549 9551 9552
f 9552 9550 9549
f 9551 9553 9554
f 9554 9552 9551
f 9553 9555 9556
f 9556 9554 9553
f 9555 9557 9558
f 9558 9556 9555
f 9557 9559 9560
f 9560 9558 9557
f 9559 9561 9562
f 9562 9560 9559
f 9561 9563 9564
f 9564 9562 9561
f 9563 9565 9566
f 9566 9564 9563
f 9565 9567 9568
f 9568 9566 9565
f 9567 9569 9570
f 9570 9568 9567
f 9569 9571 9572
f 9572 9570 9569
f 9571 9573 9574
f 9574 9572 9571
f 9573 9543 9546
f 9546 9574 9573
f 9575 9576 9577
f 9577 9578 9575
f 9578 9577 9579
f 9579 9580 9578
f 9580 9579 9581
f 9581 9582 9580
f 9582 9581 9583
f 9583 9584 9582
f 9584 9583 9585
f 9585 9586 9584
f 9586 9585 9587
f 9587 9588 9586
f 9588 9587 9589
f 9589 9590 9588
f 9590 9589 9591
f 9591 9592 9590
f 9592 9591 9593
f 9593 9594 9592
f 9594 9593 9595
f 9595 9596 9594
f 9596 9595 9597
f 9597 9598 9596
f 9598 9597 9599
f 9599 9600 9598
f 9600 9599 9601
f 9601 9602 9600
f 9602 9601 9603
f 9603 9604 9602
f 9604 9603 9605
f 9605 9606 9604
f 9606 9605 9576
f 9576 9575 9606
f 9609 9608 9607
f 9607 9610 9609
f 9612 9611 9608
f 9608 9609 9612
f 9614 9613 9611
f 9611 9612 9614
f 9616 9615 9613
f 9613 9614 9616
f 9618 9617 9615
f 9615 9616 9618
f 9620 9619 9617
f 9617 9618 9620
f 9622 9621 9619
f 9619 9620 9622
f 9624 9623 9621
f 9621 9622 9624
f 9626 9625 9623
f 9623 9624 9626
f 9628 9627 9625
f 9625 9626 9628
f 9630 9629 9627
f 9627 9628 9630
f 9632 9631 9629
f 9629 9630 9632
f 9634 9633 9631
f 9631 9632 9634
f 9636 9635 9633
f 9633 9634 9636
f 9638 9637 9635
f 9635 9636 9638
f 9610 9607 9637
f 9637 9638 9610
f 9639 9640 9641
f 9641 9642 9639
f 9640 9643 9644
f 9644 9641 9640
f 9643 9645 9646
f 9646 9644 9643
f 9645 9647 9648
f 9648 9646 9645
f 9647 9649 9650
f 9650 9648 9647
f 9649 9651 9652
f 9652 9650 9649
f 9651 9653 9654
f 9654 9652 9651
f 9653 9655 9656
f 9656 9654 9653
f 9655 9657 9658
f 9658 9656 9655
f 9657 9659 9660
f 9660 9658 9657
f 9659 9661 9662
f 9662 9660 9659
f 9661 9663 9664
f 9664 9662 9661
f 9663 9665 9666
f 9666 9664 9663
f 9665 9667 9668
f 9668 9666 9665
f 9667 9669 9670
f 9670 9668 9667
f 9669 9639 9642
f 9642 9670 9669
f 9671 9672 9673
f 9673 9674 9671
f 9674 9673 9675
f 9675 9676 9674
f 9676 9675 9677
f 9677 9678 9676
f 9678 9677 9679
f 9679 9680 9678
f 9680 9679 9681
f 9681 9682 9680
f 9682 9681 9683
f 9683 9684 9682
f 9684 9683 9685
f 9685 9686 9684
f 9686 9685 9687
f 9687 9688 9686
f 9688 9687 9689
f 9689 9690 9688
f 9690 9689 9691
f 9691 9692 9690
f 9692 9691 9693
f 9693 9694 9692
f 9694 9693 9695
f 9695 9696 9694
f 9696 9695 9697
f 9697 9698 9696
f 9698 9697 9699
f 9699 9700 9698
f 9700 9699 9701
f 9701 9702 9700
f 9702 9701 9672
f 9672 9671 9702
f 9705 9704 9703
f 9703 9706 9705
f 9709 9708 9707
f 9707 9710 9709
f 9713 9712 9711
f 9711 9714 9713
f 9717 9716 9715
f 9715 9718 9717
f 9721 9720 9719
f 9719 9722 9721
f 9725 9724 9723
f 9723 9726 9725
f 9729 9728 9727
f 9727 9730 9729
f 9728 9725 9726
f 9726 9727 9728
f 9724 9729 9730
f 9730 9723 9724
f 9731 9732 9733
f 9733 9734 9731
f 9735 9736 9737
f 9737 9738 9735
f 9739 9740 9741
f 9741 9742 9739
f 9743 9744 9745
f 9745 9746 9743
f 9747 9748 9749
f 9749 9750 9747
f 9751 9752 9753
f 9753 9754 9751
f 9752 9755 9756
f 9756 9753 9752
f 9755 9757 9758
f 9758 9756 9755
f 9757 9759 9760
f 9760 9758 9757
f 9759 9761 9762
f 9762 9760 9759
f 9761 9763 9764
f 9764 9762 9761
f 9763 9765 9766
f 9766 9764 9763
f 9765 9767 9768
f 9768 9766 9765
f 9767 9769 9770
f 9770 9768 9767
f 9769 9771 9772
f 9772 9770 9769
f 9771 9773 9774
f 9774 9772 9771
f 9773 9775 9776
f 9776 9774 9773
f 9775 9777 9778
f 9778 9776 9775
f 9777 9779 9780
f 9780 9778 9777
f 9779 9781 9782
f 9782 9780 9779
f 9781 9751 9754
f 9754 9782 9781
f 9785 9784 9783
f 9785 9783 9786
f 9785 9786 9787
f 9785 9787 9788
f 9785 9788 9789
f 9785 9789 9790
f 9785 9790 9791
f 9785 9791 9792
f 9785 9792 9793
f 9785 9793 9794
f 9785 9794 9795
f 9785 9795 9796
f 9785 9796 9797
f 9785 9797 9798
f 9785 9798 9799
f 9785 9799 9784
f 9800 9801 9802
f 9802 9803 9800
f 9801 9804 9805
f 9805 9802 9801
f 9804 9806 9807
f 9807 9805 9804
f 9806 9808 9809
f 9809 9807 9806
f 9808 9810 9811
f 9811 9809 9808
f 9810 9812 9813
f 9813 9811 9810
f 9812 9814 9815
f 9815 9813 9812
f 9814 9816 9817
f 9817 9815 9814
f 9816 9818 9819
f 9819 9817 9816
f 9818 9820 9821
f 9821 9819 9818
f 9820 9822 9823
f 9823 9821 9820
f 9822 9824 9825
f 9825 9823 9822
f 9824 9826 9827
f 9827 9825 9824
f 9826 9828 9829
f 9829 9827 9826
f 9828 9830 9831
f 9831 9829 9828
f 9830 9800 9803
f 9803 9831 9830
f 9834 9833 9832
f 9834 9832 9835
f 9834 9835 9836
f 9834 9836 9837
f 9834 9837 9838
f 9834 9838 9839
f 9834 9839 9840
f 9834 9840 9841
f 9834 9841 9842
f 9834 9842 9843
f 9834 9843 9844
f 9834 9844 9845
f 9834 9845 9846
f 9834 9846 9847
f 9834 9847 9848
f 9834 9848 9833
f 9849 9850 9851
f 9851 9852 9849
f 9850 9853 9854
f 9854 9851 9850
f 9853 9855 9856
f 9856 9854 9853
f 9855 9857 9858
f 9858 9856 9855
f 9857 9859 9860
f 9860 9858 9857
f 9859 9861 9862
f 9862 9860 9859
f 9861 9863 9864
f 9864 9862 9861
f 9863 9865 9866
f 9866 9864 9863
f 9865 9867 9868
f 9868 9866 9865
f 9867 9869 9870
f 9870 9868 9867
f 9869 9871 9872
f 9872 9870 9869
f 9871 9873 9874
f 9874 9872 9871
f 9873 9875 9876
f 9876 9874 9873
f 9875 9877 9878
f 9878 9876 9875
f 9877 9879 9880
f 9880 9878 9877
f 9879 9849 9852
f 9852 9880 9879
f 9883 9882 9881
f 9883 9881 9884
f 9883 9884 9885
f 9883 9885 9886
f 9883 9886 9887
f 9883 9887 9888
f 9883 9888 9889
f 9883 9889 9890
f 9883 9890 9891
f 9883 9891 9892
f 9883 9892 9893
f 9883 9893 9894
f 9883 9894 9895
f 9883 9895 9896
f 9883 9896 9897
f 9883 9897 9882
f 9898 9899 9900
f 9900 9901 9898
f 9899 9902 9903
f 9903 9900 9899
f 9902 9904 9905
f 9905 9903 9902
f 9904 9906 9907
f 9907 9905 9904
f 9906 9908 9909
f 9909 9907 9906
f 9908 9910 9911
f 9911 9909 9908
f 9910 9912 9913
f 9913 9911 9910
f 9912 9914 9915
f 9915 9913 9912
f 9914 9916 9917
f 9917 9915 9914
f 9916 9918 9919
f 9919 9917 9916
f 9918 9920 9921
f 9921 9919 9918
f 9920 9922 9923
f 9923 9921 9920
f 9922 9924 9925
f 9925 9923 9922
f 9924 9926 9927
f 9927 9925 9924
f 9926 9928 9929
f 9929 9927 9926
f 9928 9898 9901
f 9901 9929 9928
f 9932 9931 9930
f 9932 9930 9933
f 9932 9933 9934
f 9932 9934 9935
f 9932 9935 9936
f 9932 9936 9937
f 9932 9937 9938
f 9932 9938 9939
f 9932 9939 9940
f 9932 9940 9941
f 9932 9941 9942
f 9932 9942 9943
f 9932 9943 9944
f 9932 9944 9945
f 9932 9945 9946
f 9932 9946 9931
f 9947 9948 9949
f 9949 9950 9947
f 9948 9951 9952
f 9952 9949 9948
f 9951 9953 9954
f 9954 9952 9951
f 9953 9955 9956
f 9956 9954 9953
f 9955 9957 9958
f 9958 9956 9955
f 9957 9959 9960
f 9960 9958 9957
f 9959 9961 9962
f 9962 9960 9959
f 9961 9963 9964
f 9964 9962 9961
f 9963 9965 9966
f 9966 9964 9963
f 9965 9967 9968
f 9968 9966 9965
f 9967 9969 9970
f 9970 9968 9967
f 9969 9971 9972
f 9972 9970 9969
f 9971 9973 9974
f 9974 9972 9971
f 9973 9975 9976
f 9976 9974 9973
f 9975 9977 9978
f 9978 9976 9975
f 9977 9947 9950
f 9950 9978 9977
f 9981 9980 9979
f 9981 9979 9982
f 9981 9982 9983
f 9981 9983 9984
f 9981 9984 9985
f 9981 9985 9986
f 9981 9986 9987
f 9981 9987 9988
f 9981 9988 9989
f 9981 9989 9990
f 9981 9990 9991
f 9981 9991 9992
f 9981 9992 9993
f 9981 9993 9994
f 9981 9994 9995
f 9981 9995 9980
f 9996 9997 9998
f 9998 9999 9996
f 9997 10000 10001
f 10001 9998 9997
f 10000 10002 10003
f 10003 10001 10000
f 10002 10004 10005
f 10005 10003 10002
f 10004 10006 10007
f 10007 10005 10004
f 10006 10008 10009
f 10009 10007 10006
f 10008 10010 10011
f 10011 10009 10008
f 10010 10012 10013
f 10013 10011 10010
f 10012 10014 10015
f 10015 10013 10012
f 10014 10016 10017
f 10017 10015 10014
f 10016 10018 10019
f 10019 10017 10016
f 10018 10020 10021
f 10021 10019 10018
f 10020 10022 10023
f 10023 10021 10020
f 10022 10024 10025
f 10025 10023 10022
f 10024 10026 10027
f 10027 10025 10024
f 10026 9996 9999
f 9999 10027 10026
f 10030 10029 10028
f 10030 10028 10031
f 10030 10031 10032
f 10030 10032 10033
f 10030 10033 10034
f 10030 10034 10035
f 10030 10035 10036
f 10030 10036 10037
f 10030 10037 10038
f 10030 10038 10039
f 10030 10039 10040
f 10030 10040 10041
f 10030 10041 10042
f 10030 10042 10043
f 10030 10043 10044
f 10030 10044 10029
f 10045 10046 10047
f 10047 10048 10045
f 10046 10049 10050
f 10050 10047 10046
f 10049 10051 10052
f 10052 10050 10049
f 10051 10053 10054
f 10054 10052 10051
f 10053 10055 10056
f 10056 10054 10053
f 10055 10057 10058
f 10058 10056 10055
f 10057 10059 10060
f 10060 10058 10057
f 10059 10061 10062
f 10062 10060 10059
f 10061 10063 10064
f 10064 10062 10061
f 10063 10065 10066
f 10066 10064 10063
f 10065 10067 10068
f 10068 10066 10065
f 10067 10069 10070
f 10070 10068 10067
f 10069 10071 10072
f 10072 10070 10069
f 10071 10073 10074
f 10074 10072 10071
f 10073 10075 10076
f 10076 10074 10073
f 10075 10045 10048
f 10048 10076 10075
f 10079 10078 10077
f 10079 10077 10080
f 10079 10080 10081
f 10079 10081 10082
f 10079 10082 10083
f 10079 10083 10084
f 10079 10084 10085
f 10079 10085 10086
f 10079 10086 10087
f 10079 10087 10088
f 10079 10088 10089
f 10079 10089 10090
f 10079 10090 10091
f 10079 10091 10092
f 10079 10092 10093
f 10079 10093 10078
f 10094 10095 10096
f 10096 10097 10094
f 10095 10098 10099
f 10099 10096 10095
f 10098 10100 10101
f 10101 10099 10098
f 10100 10102 10103
f 10103 10101 10100
f 10102 10104 10105
f 10105 10103 10102
f 10104 10106 10107
f 10107 10105 10104
f 10106 10108 10109
f 10109 10107 10106
f 10108 10110 10111
f 10111 10109 10108
f 10110 10112 10113
f 10113 10111 10110
f 10112 10114 10115
f 10115 10113 10112
f 10114 10116 10117
f 10117 10115 10114
f 10116 10118 10119
f 10119 10117 10116
f 10118 10120 10121
f 10121 10119 10118
f 10120 10122 10123
f 10123 10121 10120
f 10122 10124 10125
f 10125 10123 10122
f 10124 10094 10097
f 10097 10125 10124
f 10128 10127 10126
f 10128 10126 10129
f 10128 10129 10130
f 10128 10130 10131
f 10128 10131 10132
f 10128 10132 10133
f 10128 10133 10134
f 10128 10134 10135
f 10128 10135 10136
f 10128 10136 10137
f 10128 10137 10138
f 10128 10138 10139
f 10128 10139 10140
f 10128 10140 10141
f 10128 10141 10142
f 10128 10142 10127
f 10143 10144 10145
f 10145 10146 10143
f 10144 10147 10148
f 10148 10145 10144
f 10147 10149 10150
f 10150 10148 10147
f 10149 10151 10152
f 10152 10150 10149
f 10151 10153 10154
f 10154 10152 10151
f 10153 10155 10156
f 10156 10154 10153
f 10155 10157 10158
f 10158 10156 10155
f 10157 10159 10160
f 10160 10158 10157
f 10159 10161 10162
f 10162 10160 10159
f 10161 10163 10164
f 10164 10162 10161
f 10163 10165 10166
f 10166 10164 10163
f 10165 10167 10168
f 10168 10166 10165
f 10167 10169 10170
f 10170 10168 10167
f 10169 10171 10172
f 10172 10170 10169
f 10171 10173 10174
f 10174 10172 10171
f 10173 10143 10146
f 10146 10174 10173
f 10177 10176 10175
f 10177 10175 10178
f 10177 10178 10179
f 10177 10179 10180
f 10177 10180 10181
f 10177 10181 10182
f 10177 10182 10183
f 10177 10183 10184
f 10177 10184 10185
f 10177 10185 10186
f 10177 10186 10187
f 10177 10187 10188
f 10177 10188 10189
f 10177 10189 10190
f 10177 10190 10191
f 10177 10191 10176
f 10192 10193 10194
f 10194 10195 10192
f 10193 10196 10197
f 10197 10194 10193
f 10196 10198 10199
f 10199 10197 10196
f 10198 10200 10201
f 10201 10199 10198
f 10200 10202 10203
f 10203 10201 10200
f 10202 10204 10205
f 10205 10203 10202
f 10204 10206 10207
f 10207 10205 10204
f 10206 10208 10209
f 10209 10207 10206
f 10208 10210 10211
f 10211 10209 10208
f 10210 10212 10213
f 10213 10211 10210
f 10212 10214 10215
f 10215 10213 10212
f 10214 10216 10217
f 10217 10215 10214
f 10216 10218 10219
f 10219 10217 10216
f 10218 10220 10221
f 10221 10219 10218
f 10220 10222 10223
f 10223 10221 10220
f 10222 10192 10195
f 10195 10223 10222
f 10226 10225 10224
f 10226 10224 10227
f 10226 10227 10228
f 10226 10228 10229
f 10226 10229 10230
f 10226 10230 10231
f 10226 10231 10232
f 10226 10232 10233
f 10226 10233 10234
f 10226 10234 10235
f 10226 10235 10236
f 10226 10236 10237
f 10226 10237 10238
f 10226 10238 10239
f 10226 10239 10240
f 10226 10240 10225
f 10241 10242 10243
f 10243 10244 10241
f 10242 10245 10246
f 10246 10243 10242
f 10245 10247 10248
f 10248 10246 10245
f 10247 10249 10250
f 10250 10248 10247
f 10249 10251 10252
f 10252 10250 10249
f 10251 10253 10254
f 10254 10252 10251
f 10253 10255 10256
f 10256 10254 10253
f 10255 10257 10258
f 10258 10256 10255
f 10257 10259 10260
f 10260 10258 10257
f 10259 10261 10262
f 10262 10260 10259
f 10261 10263 10264
f 10264 10262 10261
f 10263 10265 10266
f 10266 10264 10263
f 10265 10267 10268
f 10268 10266 10265
f 10267 10269 10270
f 10270 10268 10267
f 10269 10271 10272
f 10272 10270 10269
f 10271 10241 10244
f 10244 10272 10271
f 10275 10274 10273
f 10275 10273 10276
f 10275 10276 10277
f 10275 10277 10278
f 10275 10278 10279
f 10275 10279 10280
f 10275 10280 10281
f 10275 10281 10282
f 10275 10282 10283
f 10275 10283 10284
f 10275 10284 10285
f 10275 10285 10286
f 10275 10286 10287
f 10275 10287 10288
f 10275 10288 10289
f 10275 10289 10274
f 10290 10291 10292
f 10292 10293 10290
f 10291 10294 10295
f 10295 10292 10291
f 10294 10296 10297
f 10297 10295 10294
f 10296 10298 10299
f 10299 10297 10296
f 10298 10300 10301
f 10301 10299 10298
f 10300 10302 10303
f 10303 10301 10300
f 10302 10304 10305
f 10305 10303 10302
f 10304 10306 10307
f 10307 10305 10304
f 10306 10308 10309
f 10309 10307 10306
f 10308 10310 10311
f 10311 10309 10308
f 10310 10312 10313
f 10313 10311 10310
f 10312 10314 10315
f 10315 10313 10312
f 10314 10316 10317
f 10317 10315 10314
f 10316 10318 10319
f 10319 10317 10316
f 10318 10320 10321
f 10321 10319 10318
f 10320 10290 10293
f 10293 10321 10320
f 10324 10323 10322
f 10324 10322 10325
f 10324 10325 10326
f 10324 10326 10327
f 10324 10327 10328
f 10324 10328 10329
f 10324 10329 10330
f 10324 10330 10331
f 10324 10331 10332
f 10324 10332 10333
f 10324 10333 10334
f 10324 10334 10335
f 10324 10335 10336
f 10324 10336 10337
f 10324 10337 10338
f 10324 10338 10323
f 10341 10340 10339
f 10339 10342 10341
f 10344 10343 10340
f 10340 10341 10344
f 10346 10345 10343
f 10343 10344 10346
f 10348 10347 10345
f 10345 10346 10348
f 10350 10349 10347
f 10347 10348 10350
f 10352 10351 10349
f 10349 10350 10352
f 10354 10353 10351
f 10351 10352 10354
f 10356 10355 10353
f 10353 10354 10356
f 10358 10357 10355
f 10355 10356 10358
f 10360 10359 10357
f 10357 10358 10360
f 10362 10361 10359
f 10359 10360 10362
f 10364 10363 10361
f 10361 10362 10364
f 10366 10365 10363
f 10363 10364 10366
f 10368 10367 10365
f 10365 10366 10368
f 10370 10369 10367
f 10367 10368 10370
f 10342 10339 10369
f 10369 10370 10342
f 10371 10372 10373
f 10373 10374 10371
f 10372 10375 10376
f 10376 10373 10372
f 10375 10377 10378
f 10378 10376 10375
f 10377 10379 10380
f 10380 10378 10377
f 10379 10381 10382
f 10382 10380 10379
f 10381 10383 10384
f 10384 10382 10381
f 10383 10385 10386
f 10386 10384 10383
f 10385 10387 10388
f 10388 10386 10385
f 10387 10389 10390
f 10390 10388 10387
f 10389 10391 10392
f 10392 10390 10389
f 10391 10393 10394
f 10394 10392 10391
f 10393 10395 10396
f 10396 10394 10393
f 10395 10397 10398
f 10398 10396 10395
f 10397 10399 10400
f 10400 10398 10397
f 10399 10401 10402
f 10402 10400 10399
f 10401 10371 10374
f 10374 10402 10401
f 10403 10404 10405
f 10405 10406 10403
f 10406 10405 10407
f 10407 10408 10406
f 10408 10407 10409
f 10409 10410 10408
f 10410 10409 10411
f 10411 10412 10410
f 10412 10411 10413
f 10413 10414 10412
f 10414 10413 10415
f 10415 10416 10414
f 10416 10415 10417
f 10417 10418 10416
f 10418 10417 10419
f 10419 10420 10418
f 10420 10419 10421
f 10421 10422 10420
f 10422 10421 10423
f 10423 10424 10422
f 10424 10423 10425
f 10425 10426 10424
f 10426 10425 10427
f 10427 10428 10426
f 10428 10427 10429
f 10429 10430 10428
f 10430 10429 10431
f 10431 10432 10430
f 10432 10431 10433
f 10433 10434 10432
f 10434 10433 10404
f 10404 10403 10434
f 10437 10436 10435
f 10435 10438 10437
f 10440 10439 10436
f 10436 10437 10440
f 10442 10441 10439
f 10439 10440 10442
f 10444 10443 10441
f 10441 10442 10444
f 10446 10445 10443
f 10443 10444 10446
f 10448 10447 10445
f 10445 10446 10448
f 10450 10449 10447
f 10447 10448 10450
f 10452 10451 10449
f 10449 10450 10452
f 10454 10453 10451
f 10451 10452 10454
f 10456 10455 10453
f 10453 10454 10456
f 10458 10457 10455
f 10455 10456 10458
f 10460 10459 10457
f 10457 10458 10460
f 10462 10461 10459
f 10459 10460 10462
f 10464 10463 10461
f 10461 10462 10464
f 10466 10465 10463
f 10463 10464 10466
f 10438 10435 10465
f 10465 10466 10438
f 10467 10468 10469
f 10469 10470 10467
f 10468 10471 10472
f 10472 10469 10468
f 10471 10473 10474
f 10474 10472 10471
f 10473 10475 10476
f 10476 10474 10473
f 10475 10477 10478
f 10478 10476 10475
f 10477 10479 10480
f 10480 10478 10477
f 10479 10481 10482
f 10482 10480 10479
f 10481 10483 10484
f 10484 10482 10481
f 10483 10485 10486
f 10486 10484 10483
f 10485 10487 10488
f 10488 10486 10485
f 10487 10489 10490
f 10490 10488 10487
f 10489 10491 10492
f 10492 10490 10489
f 10491 10493 10494
f 10494 10492 10491
f 10493 10495 10496
f 10496 10494 10493
f 10495 10497 10498
f 10498 10496 10495
f 10497 10467 10470
f 10470 10498 10497
f 10499 10500 10501
f 10501 10502 10499
f 10502 10501 10503
f 10503 10504 10502
f 10504 10503 10505
f 10505 10506 10504
f 10506 10505 10507
f 10507 10508 10506
f 10508 10507 10509
f 10509 10510 10508
f 10510 10509 10511
f 10511 10512 10510
f 10512 10511 10513
f 10513 10514 10512
f 10514 10513 10515
f 10515 10516 10514
f 10516 10515 10517
f 10517 10518 10516
f 10518 10517 10519
f 10519 10520 10518
f 10520 10519 10521
f 10521 10522 10520
f 10522 10521 10523
f 10523 10524 10522
f 10524 10523 10525
f 10525 10526 10524
f 10526 10525 10527
f 10527 10528 10526
f 10528 10527 10529
f 10529 10530 10528
f 10530 10529 10500
f 10500 10499 10530
f 10533 10532 10531
f 10531 10534 10533
f 10536 10535 10532
f 10532 10533 10536
f 10538 10537 10535
f 10535 10536 10538
f 10540 10539 10537
f 10537 10538 10540
f 10542 10541 10539
f 10539 10540 10542
f 10544 10543 10541
f 10541 10542 10544
f 10546 10545 10543
f 10543 10544 10546
f 10548 10547 10545
f 10545 10546 10548
f 10550 10549 10547
f 10547 10548 10550
f 10552 10551 10549
f 10549 10550 10552
f 10554 10553 10551
f 10551 10552 10554
f 10556 10555 10553
f 10553 10554 10556
f 10558 10557 10555
f 10555 10556 10558
f 10560 10559 10557
f 10557 10558 10560
f 10562 10561 10559
f 10559 10560 10562
f 10534 10531 10561
f 10561 10562 10534
f 10563 10564 10565
f 10565 10566 10563
f 10564 10567 10568
f 10568 10565 10564
f 10567 10569 10570
f 10570 10568 10567
f 10569 10571 10572
f 10572 10570 10569
f 10571 10573 10574
f 10574 10572 10571
f 10573 10575 10576
f 10576 10574 10573
f 10575 10577 10578
f 10578 10576 10575
f 10577 10579 10580
f 10580 10578 10577
f 10579 10581 10582
f 10582 10580 10579
f 10581 10583 10584
f 10584 10582 10581
f 10583 10585 10586
f 10586 10584 10583
f 10585 10587 10588
f 10588 10586 10585
f 10587 10589 10590
f 10590 10588 10587
f 10589 10591 10592
f 10592 10590 10589
f 10591 10593 10594
f 10594 10592 10591
f 10593 10563 10566
f 10566 10594 10593
f 10595 10596 10597
f 10597 10598 10595
f 10598 10597 10599
f 10599 10600 10598
f 10600 10599 10601
f 10601 10602 10600
f 10602 10601 10603
f 10603 10604 10602
f 10604 10603 10605
f 10605 10606 10604
f 10606 10605 10607
f 10607 10608 10606
f 10608 10607 10609
f 10609 10610 10608
f 10610 10609 10611
f 10611 10612 10610
f 10612 10611 10613
f 10613 10614 10612
f 10614 10613 10615
f 10615 10616 10614
f 10616 10615 10617
f 10617 10618 10616
f 10618 10617 10619
f 10619 10620 10618
f 10620 10619 10621
f 10621 10622 10620
f 10622 10621 10623
f 10623 10624 10622
f 10624 10623 10625
f 10625 10626 10624
f 10626 10625 10596
f 10596 10595 10626
f 10629 10628 10627
f 10627 10630 10629
f 10633 10632 10631
f 10631 10634 10633
f 10637 10636 10635
f 10635 10638 10637
f 10641 10640 10639
f 10639 10642 10641
f 10645 10644 10643
f 10643 10646 10645
f 10649 10648 10647
f 10647 10650 10649
f 10653 10652 10651
f 10651 10654 10653
f 10652 10649 10650
f 10650 10651 10652
f 10648 10653 10654
f 10654 10647 10648
f 10655 10656 10657
f 10657 10658 10655
f 10659 10660 10661
f 10661 10662 10659
f 10663 10664 10665
f 10665 10666 10663
f 10667 10668 10669
f 10669 10670 10667
f 10671 10672 10673
f 10673 10674 10671
f 10675 10676 10677
f 10677 10678 10675
f 10676 10679 10680
f 10680 10677 10676
f 10679 10681 10682
f 10682 10680 10679
f 10681 10683 10684
f 10684 10682 10681
f 10683 10685 10686
f 10686 10684 10683
f 10685 10687 10688
f 10688 10686 10685
f 10687 10689 10690
f 10690 10688 10687
f 10689 10691 10692
f 10692 10690 10689
f 10691 10693 10694
f 10694 10692 10691
f 10693 10695 10696
f 10696 10694 10693
f 10695 10697 10698
f 10698 10696 10695
f 10697 10699 10700
f 10700 10698 10697
f 10699 10701 10702
f 10702 10700 10699
f 10701 10703 10704
f 10704 10702 10701
f 10703 10705 10706
f 10706 10704 10703
f 10705 10675 10678
f 10678 10706 10705
f 10709 10708 10707
f 10709 10707 10710
f 10709 10710 10711
f 10709 10711 10712
f 10709 10712 10713
f 10709 10713 10714
f 10709 10714 10715
f 10709 10715 10716
f 10709 10716 10717
f 10709 10717 10718
f 10709 10718 10719
f 10709 10719 10720
f 10709 10720 10721
f 10709 10721 10722
f 10709 10722 10723
f 10709 10723 10708
f 10724 10725 10726
f 10726 10727 10724
f 10725 10728 10729
f 10729 10726 10725
f 10728 10730 10731
f 10731 10729 10728
f 10730 10732 10733
f 10733 10731 10730
f 10732 10734 10735
f 10735 10733 10732
f 10734 10736 10737
f 10737 10735 10734
f 10736 10738 10739
f 10739 10737 10736
f 10738 10740 10741
f 10741 10739 10738
f 10740 10742 10743
f 10743 10741 10740
f 10742 10744 10745
f 10745 10743 10742
f 10744 10746 10747
f 10747 10745 10744
f 10746 10748 10749
f 10749 10747 10746
f 10748 10750 10751
f 10751 10749 10748
f 10750 10752 10753
f 10753 10751 10750
f 10752 10754 10755
f 10755 10753 10752
f 10754 10724 10727
f 10727 10755 10754
f 10758 10757 10756
f 10758 10756 10759
f 10758 10759 10760
f 10758 10760 10761
f 10758 10761 10762
f 10758 10762 10763
f 10758 10763 10764
f 10758 10764 10765
f 10758 10765 10766
f 10758 10766 10767
f 10758 10767 10768
f 10758 10768 10769
f 10758 10769 10770
f 10758 10770 10771
f 10758 10771 10772
f 10758 10772 10757
f 10773 10774 10775
f 10775 10776 10773
f 10774 10777 10778
f 10778 10775 10774
f 10777 10779 10780
f 10780 10778 10777
f 10779 10781 10782
f 10782 10780 10779
f 10781 10783 10784
f 10784 10782 10781
f 10783 10785 10786
f 10786 10784 10783
f 10785 10787 10788
f 10788 10786 10785
f 10787 10789 10790
f 10790 10788 10787
f 10789 10791 10792
f 10792 10790 10789
f 10791 10793 10794
f 10794 10792 10791
f 10793 10795 10796
f 10796 10794 10793
f 10795 10797 10798
f 10798 10796 10795
f 10797 10799 10800
f 10800 10798 10797
f 10799 10801 10802
f 10802 10800 10799
f 10801 10803 10804
f 10804 10802 10801
f 10803 10773 10776
f 10776 10804 10803
f 10807 10806 10805
f 10807 10805 10808
f 10807 10808 10809
f 10807 10809 10810
f 10807 10810 10811
f 10807 10811 10812
f 10807 10812 10813
f 10807 10813 10814
f 10807 10814 10815
f 10807 10815 10816
f 10807 10816 10817
f 10807 10817 10818
f 10807 10818 10819
f 10807 10819 10820
f 10807 10820 10821
f 10807 10821 10806
f 10822 10823 10824
f 10824 10825 10822
f 10823 10826 10827
f 10827 10824 10823
f 10826 10828 10829
f 10829 10827 10826
f 10828 10830 10831
f 10831 10829 10828
f 10830 10832 10833
f 10833 10831 10830
f 10832 10834 10835
f 10835 10833 10832
f 10834 10836 10837
f 10837 10835 10834
f 10836 10838 10839
f 10839 10837 10836
f 10838 10840 10841
f 10841 10839 10838
f 10840 10842 10843
f 10843 10841 10840
f 10842 10844 10845
f 10845 10843 10842
f 10844 10846 10847
f 10847 10845 10844
f 10846 10848 10849
f 10849 10847 10846
f 10848 10850 10851
f 10851 10849 10848
f 10850 10852 10853
f 10853 10851 10850
f 10852 10822 10825
f 10825 10853 10852
f 10856 10855 10854
f 10856 10854 10857
f 10856 10857 10858
f 10856 10858 10859
f 10856 10859 10860
f 10856 10860 10861
f 10856 10861 10862
f 10856 10862 10863
f 10856 10863 10864
f 10856 10864 10865
f 10856 10865 10866
f 10856 10866 10867
f 10856 10867 10868
f 10856 10868 10869
f 10856 10869 10870
f 10856 10870 10855
f 10871 10872 10873
f 10873 10874 10871
f 10872 10875 10876
f 10876 10873 10872
f 10875 10877 10878
f 10878 10876 10875
f 10877 10879 10880
f 10880 10878 10877
f 10879 10881 10882
f 10882 10880 10879
f 10881 10883 10884
f 10884 10882 10881
f 10883 10885 10886
f 10886 10884 10883
f 10885 10887 10888
f 10888 10886 10885
f 10887 10889 10890
f 10890 10888 10887
f 10889 10891 10892
f 10892 10890 10889
f 10891 10893 10894
f 10894 10892 10891
f 10893 10895 10896
f 10896 10894 10893
f 10895 10897 10898
f 10898 10896 10895
f 10897 10899 10900
f 10900 10898 10897
f 10899 10901 10902
f 10902 10900 10899
f 10901 10871 10874
f 10874 10902 10901
f 10905 10904 10903
f 10905 10903 10906
f 10905 10906 10907
f 10905 10907 10908
f 10905 10908 10909
f 10905 10909 10910
f 10905 10910 10911
f 10905 10911 10912
f 10905 10912 10913
f 10905 10913 10914
f 10905 10914 10915
f 10905 10915 10916
f 10905 10916 10917
f 10905 10917 10918
f 10905 10918 10919
f 10905 10919 10904
f 10920 10921 10922
f 10922 10923 10920
f 10921 10924 10925
f 10925 10922 10921
f 10924 10926 10927
f 10927 10925 10924
f 10926 10928 10929
f 10929 10927 10926
f 10928 10930 10931
f 10931 10929 10928
f 10930 10932 10933
f 10933 10931 10930
f 10932 10934 10935
f 10935 10933 10932
f 10934 10936 10937
f 10937 10935 10934
f 10936 10938 10939
f 10939 10937 10936
f 10938 10940 10941
f 10941 10939 10938
f 10940 10942 10943
f 10943 10941 10940
f 10942 10944 10945
f 10945 10943 10942
f 10944 10946 10947
f 10947 10945 10944
f 10946 10948 10949
f 10949 10947 10946
f 10948 10950 10951
f 10951 10949 10948
f 10950 10920 10923
f 10923 10951 10950
f 10954 10953 10952
f 10954 10952 10955
f 10954 10955 10956
f 10954 10956 10957
f 10954 10957 10958
f 10954 10958 10959
f 10954 10959 10960
f 10954 10960 10961
f 10954 10961 10962
f 10954 10962 10963
f 10954 10963 10964
f 10954 10964 10965
f 10954 10965 10966
f 10954 10966 10967
f 10954 10967 10968
f 10954 10968 10953
f 10969 10970 10971
f 10971 10972 10969
f 10970 10973 10974
f 10974 10971 10970
f 10973 10975 10976
f 10976 10974 10973
f 10975 10977 10978
f 10978 10976 10975
f 10977 10979 10980
f 10980 10978 10977
f 10979 10981 10982
f 10982 10980 10979
f 10981 10983 10984
f 10984 10982 10981
f 10983 10985 10986
f 10986 10984 10983
f 10985 10987 10988
f 10988 10986 10985
f 10987 10989 10990
f 10990 10988 10987
f 10989 10991 10992
f 10992 10990 10989
f 10991 10993 10994
f 10994 10992 10991
f 10993 10995 10996
f 10996 10994 10993
f 10995 10997 10998
f 10998 10996 10995
f 10997 10999 11000
f 11000 10998 10997
f 10999 10969 10972
f 10972 11000 10999
f 11003 11002 11001
f 11003 11001 11004
f 11003 11004 11005
f 11003 11005 11006
f 11003 11006 11007
f 11003 11007 11008
f 11003 11008 11009
f 11003 11009 11010
f 11003 11010 11011
f 11003 11011 11012
f 11003 11012 11013
f 11003 11013 11014
f 11003 11014 11015
f 11003 11015 11016
f 11003 11016 11017
f 11003 11017 11002
f 11018 11019 11020
f 11020 11021 11018
f 11019 11022 11023
f 11023 11020 11019
f 11022 11024 11025
f 11025 11023 11022
f 11024 11026 11027
f 11027 11025 11024
f 11026 11028 11029
f 11029 11027 11026
f 11028 11030 11031
f 11031 11029 11028
f 11030 11032 11033
f 11033 11031 11030
f 11032 11034 11035
f 11035 11033 11032
f 11034 11036 11037
f 11037 11035 11034
f 11036 11038 11039
f 11039 11037 11036
f 11038 11040 11041
f 11041 11039 11038
f 11040 11042 11043
f 11043 11041 11040
f 11042 11044 11045
f 11045 11043 11042
f 11044 11046 11047
f 11047 11045 11044
f 11046 11048 11049
f 11049 11047 11046
f 11048 11018 11021
f 11021 11049 11048
f 11052 11051 11050
f 11052 11050 11053
f 11052 11053 11054
f 11052 11054 11055
f 11052 11055 11056
f 11052 11056 11057
f 11052 11057 11058
f 11052 11058 11059
f 11052 11059 11060
f 11052 11060 11061
f 11052 11061 11062
f 11052 11062 11063
f 11052 11063 11064
f 11052 11064 11065
f 11052 11065 11066
f 11052 11066 11051
f 11069 11068 11067
f 11067 11070 11069
f 11072 11071 11068
f 11068 11069 11072
f 11074 11073 11071
f 11071 11072 11074
f 11076 11075 11073
f 11073 11074 11076
f 11078 11077 11075
f 11075 11076 11078
f 11080 11079 11077
f 11077 11078 11080
f 11082 11081 11079
f 11079 11080 11082
f 11084 11083 11081
f 11081 11082 11084
f 11086 11085 11083
f 11083 11084 11086
f 11088 11087 11085
f 11085 11086 11088
f 11090 11089 11087
f 11087 11088 11090
f 11092 11091 11089
f 11089 11090 11092
f 11094 11093 11091
f 11091 11092 11094
f 11096 11095 11093
f 11093 11094 11096
f 11098 11097 11095
f 11095 11096 11098
f 11070 11067 11097
f 11097 11098 11070
f 11099 11100 11101
f 11101 11102 11099
f 11100 11103 11104
f 11104 11101 11100
f 11103 11105 11106
f 11106 11104 11103
f 11105 11107 11108
f 11108 11106 11105
f 11107 11109 11110
f 11110 11108 11107
f 11109 11111 11112
f 11112 11110 11109
f 11111 11113 11114
f 11114 11112 11111
f 11113 11115 11116
f 11116 11114 11113
f 11115 11117 11118
f 11118 11116 11115
f 11117 11119 11120
f 11120 11118 11117
f 11119 11121 11122
f 11122 11120 11119
f 11121 11123 11124
f 11124 11122 11121
f 11123 11125 11126
f 11126 11124 11123
f 11125 11127 11128
f 11128 11126 11125
f 11127 11129 11130
f 11130 11128 11127
f 11129 11099 11102
f 11102 11130 11129
f 11131 11132 11133
f 11133 11134 11131
f 11134 11133 11135
f 11135 11136 11134
f 11136 11135 11137
f 11137 11138 11136
f 11138 11137 11139
f 11139 11140 11138
f 11140 11139 11141
f 11141 11142 11140
f 11142 11141 11143
f 11143 11144 11142
f 11144 11143 11145
f 11145 11146 11144
f 11146 11145 11147
f 11147 11148 11146
f 11148 11147 11149
f 11149 11150 11148
f 11150 11149 11151
f 11151 11152 11150
f 11152 11151 11153
f 11153 11154 11152
f 11154 11153 11155
f 11155 11156 11154
f 11156 11155 11157
f 11157 11158 11156
f 11158 11157 11159
f 11159 11160 11158
f 11160 11159 11161
f 11161 11162 11160
f 11162 11161 11132
f 11132 11131 11162
f 11165 11164 11163
f 11167 11166 11164
f 11164 11165 11167
f 11169 11168 11166
f 11166 11167 11169
f 11171 11170 11168
f 11168 11169 11171
f 11163 11172 11173
f 11172 11174 11175
f 11175 11173 11172
f 11174 11176 11177
f 11177 11175 11174
f 11176 11178 11179
f 11179 11177 11176
f 11070 11171 11180
f 11180 11069 11070
f 11069 11180 11181
f 11181 11072 11069
f 11072 11181 11182
f 11182 11074 11072
f 11074 11182 11183
f 11183 11076 11074
f 11076 11183 11184
f 11184 11078 11076
f 11078 11184 11185
f 11185 11080 11078
f 11080 11185 11186
f 11186 11082 11080
f 11082 11186 11179
f 11179 11084 11082
f 11168 11170 11070
f 11070 11098 11168
f 11166 11168 11098
f 11098 11096 11166
f 11164 11166 11096
f 11096 11094 11164
f 11163 11164 11094
f 11094 11092 11163
f 11172 11163 11092
f 11092 11090 11172
f 11174 11172 11090
f 11090 11088 11174
f 11176 11174 11088
f 11088 11086 11176
f 11178 11176 11086
f 11086 11084 11178
f 11187 11188 11189
f 11188 11190 11191
f 11191 11189 11188
f 11190 11192 11193
f 11193 11191 11190
f 11192 11194 11195
f 11195 11193 11192
f 11197 11196 11187
f 11199 11198 11196
f 11196 11197 11199
f 11201 11200 11198
f 11198 11199 11201
f 11203 11202 11200
f 11200 11201 11203
f 11204 11195 11102
f 11102 11101 11204
f 11205 11204 11101
f 11101 11104 11205
f 11206 11205 11104
f 11104 11106 11206
f 11207 11206 11106
f 11106 11108 11207
f 11208 11207 11108
f 11108 11110 11208
f 11209 11208 11110
f 11110 11112 11209
f 11210 11209 11112
f 11112 11114 11210
f 11203 11210 11114
f 11114 11116 11203
f 11102 11194 11192
f 11192 11130 11102
f 11130 11192 11190
f 11190 11128 11130
f 11128 11190 11188
f 11188 11126 11128
f 11126 11188 11187
f 11187 11124 11126
f 11124 11187 11196
f 11196 11122 11124
f 11122 11196 11198
f 11198 11120 11122
f 11120 11198 11200
f 11200 11118 11120
f 11118 11200 11202
f 11202 11116 11118
f 11213 11212 11211
f 11211 11214 11213
f 11212 11216 11215
f 11215 11211 11212
f 11216 11218 11217
f 11217 11215 11216
f 11218 11213 11214
f 11214 11217 11218
f 11221 11220 11219
f 11219 11222 11221
f 11225 11224 11223
f 11223 11226 11225
f 11229 11228 11227
f 11227 11230 11229
f 11233 11232 11231
f 11231 11234 11233
f 11237 11236 11235
f 11235 11238 11237
f 11241 11240 11239
f 11239 11242 11241
f 11245 11244 11243
f 11243 11246 11245
f 11245 11247 11244
f 11250 11249 11248
f 11248 11251 11250
f 11251 11252 11250
f 11255 11254 11253
f 11253 11256 11255
f 11255 11257 11254
f 11260 11259 11258
f 11258 11261 11260
f 11261 11262 11260
f 11265 11264 11263
f 11263 11266 11265
f 11267 11268 11269
f 11269 11270 11267
f 11268 11271 11272
f 11272 11269 11268
f 11271 11273 11274
f 11274 11272 11271
f 11273 11275 11276
f 11276 11274 11273
f 11275 11277 11278
f 11278 11276 11275
f 11277 11279 11280
f 11280 11278 11277
f 11279 11281 11282
f 11282 11280 11279
f 11281 11283 11284
f 11284 11282 11281
f 11283 11285 11286
f 11286 11284 11283
f 11285 11287 11288
f 11288 11286 11285
f 11287 11289 11290
f 11290 11288 11287
f 11289 11291 11292
f 11292 11290 11289
f 11291 11293 11294
f 11294 11292 11291
f 11293 11295 11296
f 11296 11294 11293
f 11295 11297 11298
f 11298 11296 11295
f 11297 11267 11270
f 11270 11298 11297
f 11301 11300 11299
f 11301 11299 11302
f 11301 11302 11303
f 11301 11303 11304
f 11301 11304 11305
f 11301 11305 11306
f 11301 11306 11307
f 11301 11307 11308
f 11301 11308 11309
f 11301 11309 11310
f 11301 11310 11311
f 11301 11311 11312
f 11301 11312 11313
f 11301 11313 11314
f 11301 11314 11315
f 11301 11315 11300
f 11316 11317 11318
f 11318 11319 11316
f 11317 11320 11321
f 11321 11318 11317
f 11320 11322 11323
f 11323 11321 11320
f 11322 11324 11325
f 11325 11323 11322
f 11324 11326 11327
f 11327 11325 11324
f 11326 11328 11329
f 11329 11327 11326
f 11328 11330 11331
f 11331 11329 11328
f 11330 11332 11333
f 11333 11331 11330
f 11332 11334 11335
f 11335 11333 11332
f 11334 11336 11337
f 11337 11335 11334
f 11336 11338 11339
f 11339 11337 11336
f 11338 11340 11341
f 11341 11339 11338
f 11340 11342 11343
f 11343 11341 11340
f 11342 11344 11345
f 11345 11343 11342
f 11344 11346 11347
f 11347 11345 11344
f 11346 11316 11319
f 11319 11347 11346
f 11350 11349 11348
f 11350 11348 11351
f 11350 11351 11352
f 11350 11352 11353
f 11350 11353 11354
f 11350 11354 11355
f 11350 11355 11356
f 11350 11356 11357
f 11350 11357 11358
f 11350 11358 11359
f 11350 11359 11360
f 11350 11360 11361
f 11350 11361 11362
f 11350 11362 11363
f 11350 11363 11364
f 11350 11364 11349
f 11367 11366 11365
f 11365 11368 11367
f 11369 11370 11371
f 11372 11369 11371
f 11373 11372 11371
f 11374 11373 11371
f 11375 11374 11371
f 11376 11375 11371
f 11377 11376 11371
f 11378 11377 11371
f 11379 11378 11371
f 11380 11379 11371
f 11381 11380 11371
f 11382 11381 11371
f 11383 11382 11371
f 11384 11383 11371
f 11385 11384 11371
f 11370 11385 11371
f 11386 11387 11388
f 11388 11389 11386
f 11387 11390 11391
f 11391 11388 11387
f 11390 11392 11393
f 11393 11391 11390
f 11392 11394 11395
f 11395 11393 11392
f 11394 11396 11397
f 11397 11395 11394
f 11396 11398 11399
f 11399 11397 11396
f 11398 11400 11401
f 11401 11399 11398
f 11400 11402 11403
f 11403 11401 11400
f 11402 11404 11405
f 11405 11403 11402
f 11404 11406 11407
f 11407 11405 11404
f 11406 11408 11409
f 11409 11407 11406
f 11408 11410 11411
f 11411 11409 11408
f 11410 11412 11413
f 11413 11411 11410
f 11412 11414 11415
f 11415 11413 11412
f 11414 11416 11417
f 11417 11415 11414
f 11416 11386 11389
f 11389 11417 11416
f 11418 11419 11420
f 11421 11418 11420
f 11422 11421 11420
f 11423 11422 11420
f 11424 11423 11420
f 11425 11424 11420
f 11426 11425 11420
f 11427 11426 11420
f 11428 11427 11420
f 11429 11428 11420
f 11430 11429 11420
f 11431 11430 11420
f 11432 11431 11420
f 11433 11432 11420
f 11434 11433 11420
f 11419 11434 11420
f 11435 11436 11437
f 11437 11438 11435
f 11436 11439 11440
f 11440 11437 11436
f 11439 11441 11442
f 11442 11440 11439
f 11441 11443 11444
f 11444 11442 11441
f 11443 11445 11446
f 11446 11444 11443
f 11445 11447 11448
f 11448 11446 11445
f 11447 11449 11450
f 11450 11448 11447
f 11449 11451 11452
f 11452 11450 11449
f 11451 11453 11454
f 11454 11452 11451
f 11453 11455 11456
f 11456 11454 11453
f 11455 11457 11458
f 11458 11456 11455
f 11457 11459 11460
f 11460 11458 11457
f 11459 11461 11462
f 11462 11460 11459
f 11461 11463 11464
f 11464 11462 11461
f 11463 11465 11466
f 11466 11464 11463
f 11465 11435 11438
f 11438 11466 11465
f 11467 11468 11469
f 11470 11467 11469
f 11471 11470 11469
f 11472 11471 11469
f 11473 11472 11469
f 11474 11473 11469
f 11475 11474 11469
f 11476 11475 11469
f 11477 11476 11469
f 11478 11477 11469
f 11479 11478 11469
f 11480 11479 11469
f 11481 11480 11469
f 11482 11481 11469
f 11483 11482 11469
f 11468 11483 11469
f 11484 11485 11486
f 11486 11487 11484
f 11485 11488 11489
f 11489 11486 11485
f 11488 11490 11491
f 11491 11489 11488
f 11490 11492 11493
f 11493 11491 11490
f 11492 11494 11495
f 11495 11493 11492
f 11494 11496 11497
f 11497 11495 11494
f 11496 11498 11499
f 11499 11497 11496
f 11498 11500 11501
f 11501 11499 11498
f 11500 11502 11503
f 11503 11501 11500
f 11502 11504 11505
f 11505 11503 11502
f 11504 11506 11507
f 11507 11505 11504
f 11506 11508 11509
f 11509 11507 11506
f 11508 11510 11511
f 11511 11509 11508
f 11510 11512 11513
f 11513 11511 11510
f 11512 11514 11515
f 11515 11513 11512
f 11514 11484 11487
f 11487 11515 11514
f 11516 11517 11518
f 11519 11516 11518
f 11520 11519 11518
f 11521 11520 11518
f 11522 11521 11518
f 11523 11522 11518
f 11524 11523 11518
f 11525 11524 11518
f 11526 11525 11518
f 11527 11526 11518
f 11528 11527 11518
f 11529 11528 11518
f 11530 11529 11518
f 11531 11530 11518
f 11532 11531 11518
f 11517 11532 11518
f 11533 11534 11535
f 11535 11536 11533
f 11534 11537 11538
f 11538 11535 11534
f 11537 11539 11540
f 11540 11538 11537
f 11539 11541 11542
f 11542 11540 11539
f 11541 11543 11544
f 11544 11542 11541
f 11543 11545 11546
f 11546 11544 11543
f 11545 11547 11548
f 11548 11546 11545
f 11547 11549 11550
f 11550 11548 11547
f 11549 11551 11552
f 11552 11550 11549
f 11551 11553 11554
f 11554 11552 11551
f 11553 11555 11556
f 11556 11554 11553
f 11555 11557 11558
f 11558 11556 11555
f 11557 11559 11560
f 11560 11558 11557
f 11559 11561 11562
f 11562 11560 11559
f 11561 11563 11564
f 11564 11562 11561
f 11563 11533 11536
f 11536 11564 11563
f 11565 11566 11567
f 11568 11565 11567
f 11569 11568 11567
f 11570 11569 11567
f 11571 11570 11567
f 11572 11571 11567
f 11573 11572 11567
f 11574 11573 11567
f 11575 11574 11567
f 11576 11575 11567
f 11577 11576 11567
f 11578 11577 11567
f 11579 11578 11567
f 11580 11579 11567
f 11581 11580 11567
f 11566 11581 11567
f 11582 11583 11584
f 11584 11585 11582
f 11583 11586 11587
f 11587 11584 11583
f 11586 11588 11589
f 11589 11587 11586
f 11588 11590 11591
f 11591 11589 11588
f 11590 11592 11593
f 11593 11591 11590
f 11592 11594 11595
f 11595 11593 11592
f 11594 11596 11597
f 11597 11595 11594
f 11596 11598 11599
f 11599 11597 11596
f 11598 11600 11601
f 11601 11599 11598
f 11600 11602 11603
f 11603 11601 11600
f 11602 11604 11605
f 11605 11603 11602
f 11604 11606 11607
f 11607 11605 11604
f 11606 11608 11609
f 11609 11607 11606
f 11608 11610 11611
f 11611 11609 11608
f 11610 11612 11613
f 11613 11611 11610
f 11612 11582 11585
f 11585 11613 11612
f 11616 11615 11614
f 11614 11617 11616
f 11620 11619 11618
f 11618 11621 11620
f 11624 11623 11622
f 11622 11625 11624
f 11628 11627 11626
f 11626 11629 11628
f 11632 11631 11630
f 11630 11633 11632
f 11636 11635 11634
f 11634 11637 11636
f 11635 11639 11638
f 11638 11634 11635
f 11639 11641 11640
f 11640 11638 11639
f 11641 11636 11637
f 11637 11640 11641
f 11642 11643 11644
f 11644 11645 11642
f 11646 11647 11648
f 11648 11649 11646
f 11650 11651 11652
f 11652 11653 11650
f 11654 11655 11656
f 11656 11657 11654
f 11658 11659 11660
f 11660 11661 11658
f 11662 11663 11664
f 11664 11665 11662
f 11663 11666 11667
f 11667 11664 11663
f 11666 11668 11669
f 11669 11667 11666
f 11668 11670 11671
f 11671 11669 11668
f 11670 11672 11673
f 11673 11671 11670
f 11672 11674 11675
f 11675 11673 11672
f 11674 11676 11677
f 11677 11675 11674
f 11676 11678 11679
f 11679 11677 11676
f 11678 11680 11681
f 11681 11679 11678
f 11680 11682 11683
f 11683 11681 11680
f 11682 11684 11685
f 11685 11683 11682
f 11684 11686 11687
f 11687 11685 11684
f 11686 11688 11689
f 11689 11687 11686
f 11688 11690 11691
f 11691 11689 11688
f 11690 11692 11693
f 11693 11691 11690
f 11692 11662 11665
f 11665 11693 11692
f 11696 11695 11694
f 11696 11694 11697
f 11696 11697 11698
f 11696 11698 11699
f 11696 11699 11700
f 11696 11700 11701
f 11696 11701 11702
f 11696 11702 11703
f 11696 11703 11704
f 11696 11704 11705
f 11696 11705 11706
f 11696 11706 11707
f 11696 11707 11708
f 11696 11708 11709
f 11696 11709 11710
f 11696 11710 11695
f 11711 11712 11713
f 11713 11714 11711
f 11712 11715 11716
f 11716 11713 11712
f 11715 11717 11718
f 11718 11716 11715
f 11717 11719 11720
f 11720 11718 11717
f 11719 11721 11722
f 11722 11720 11719
f 11721 11723 11724
f 11724 11722 11721
f 11723 11725 11726
f 11726 11724 11723
f 11725 11727 11728
f 11728 11726 11725
f 11727 11729 11730
f 11730 11728 11727
f 11729 11731 11732
f 11732 11730 11729
f 11731 11733 11734
f 11734 11732 11731
f 11733 11735 11736
f 11736 11734 11733
f 11735 11737 11738
f 11738 11736 11735
f 11737 11739 11740
f 11740 11738 11737
f 11739 11741 11742
f 11742 11740 11739
f 11741 11711 11714
f 11714 11742 11741
f 11745 11744 11743
f 11745 11743 11746
f 11745 11746 11747
f 11745 11747 11748
f 11745 11748 11749
f 11745 11749 11750
f 11745 11750 11751
f 11745 11751 11752
f 11745 11752 11753
f 11745 11753 11754
f 11745 11754 11755
f 11745 11755 11756
f 11745 11756 11757
f 11745 11757 11758
f 11745 11758 11759
f 11745 11759 11744
f 11760 11761 11762
f 11762 11763 11760
f 11761 11764 11765
f 11765 11762 11761
f 11764 11766 11767
f 11767 11765 11764
f 11766 11768 11769
f 11769 11767 11766
f 11768 11770 11771
f 11771 11769 11768
f 11770 11772 11773
f 11773 11771 11770
f 11772 11774 11775
f 11775 11773 11772
f 11774 11776 11777
f 11777 11775 11774
f 11776 11778 11779
f 11779 11777 11776
f 11778 11780 11781
f 11781 11779 11778
f 11780 11782 11783
f 11783 11781 11780
f 11782 11784 11785
f 11785 11783 11782
f 11784 11786 11787
f 11787 11785 11784
f 11786 11788 11789
f 11789 11787 11786
f 11788 11790 11791
f 11791 11789 11788
f 11790 11760 11763
f 11763 11791 11790
f 11794 11793 11792
f 11794 11792 11795
f 11794 11795 11796
f 11794 11796 11797
f 11794 11797 11798
f 11794 11798 11799
f 11794 11799 11800
f 11794 11800 11801
f 11794 11801 11802
f 11794 11802 11803
f 11794 11803 11804
f 11794 11804 11805
f 11794 11805 11806
f 11794 11806 11807
f 11794 11807 11808
f 11794 11808 11793
f 11809 11810 11811
f 11811 11812 11809
f 11810 11813 11814
f 11814 11811 11810
f 11813 11815 11816
f 11816 11814 11813
f 11815 11817 11818
f 11818 11816 11815
f 11817 11819 11820
f 11820 11818 11817
f 11819 11821 11822
f 11822 11820 11819
f 11821 11823 11824
f 11824 11822 11821
f 11823 11825 11826
f 11826 11824 11823
f 11825 11827 11828
f 11828 11826 11825
f 11827 11829 11830
f 11830 11828 11827
f 11829 11831 11832
f 11832 11830 11829
f 11831 11833 11834
f 11834 11832 11831
f 11833 11835 11836
f 11836 11834 11833
f 11835 11837 11838
f 11838 11836 11835
f 11837 11839 11840
f 11840 11838 11837
f 11839 11809 11812
f 11812 11840 11839
f 11843 11842 11841
f 11843 11841 11844
f 11843 11844 11845
f 11843 11845 11846
f 11843 11846 11847
f 11843 11847 11848
f 11843 11848 11849
f 11843 11849 11850
f 11843 11850 11851
f 11843 11851 11852
f 11843 11852 11853
f 11843 11853 11854
f 11843 11854 11855
f 11843 11855 11856
f 11843 11856 11857
f 11843 11857 11842
f 11858 11859 11860
f 11860 11861 11858
f 11859 11862 11863
f 11863 11860 11859
f 11862 11864 11865
f 11865 11863 11862
f 11864 11866 11867
f 11867 11865 11864
f 11866 11868 11869
f 11869 11867 11866
f 11868 11870 11871
f 11871 11869 11868
f 11870 11872 11873
f 11873 11871 11870
f 11872 11874 11875
f 11875 11873 11872
f 11874 11876 11877
f 11877 11875 11874
f 11876 11878 11879
f 11879 11877 11876
f 11878 11880 11881
f 11881 11879 11878
f 11880 11882 11883
f 11883 11881 11880
f 11882 11884 11885
f 11885 11883 11882
f 11884 11886 11887
f 11887 11885 11884
f 11886 11888 11889
f 11889 11887 11886
f 11888 11858 11861
f 11861 11889 11888
f 11892 11891 11890
f 11892 11890 11893
f 11892 11893 11894
f 11892 11894 11895
f 11892 11895 11896
f 11892 11896 11897
f 11892 11897 11898
f 11892 11898 11899
f 11892 11899 11900
f 11892 11900 11901
f 11892 11901 11902
f 11892 11902 11903
f 11892 11903 11904
f 11892 11904 11905
f 11892 11905 11906
f 11892 11906 11891
f 11907 11908 11909
f 11909 11910 11907
f 11908 11911 11912
f 11912 11909 11908
f 11911 11913 11914
f 11914 11912 11911
f 11913 11915 11916
f 11916 11914 11913
f 11915 11917 11918
f 11918 11916 11915
f 11917 11919 11920
f 11920 11918 11917
f 11919 11921 11922
f 11922 11920 11919
f 11921 11923 11924
f 11924 11922 11921
f 11923 11925 11926
f 11926 11924 11923
f 11925 11927 11928
f 11928 11926 11925
f 11927 11929 11930
f 11930 11928 11927
f 11929 11931 11932
f 11932 11930 11929
f 11931 11933 11934
f 11934 11932 11931
f 11933 11935 11936
f 11936 11934 11933
f 11935 11937 11938
f 11938 11936 11935
f 11937 11907 11910
f 11910 11938 11937
f 11941 11940 11939
f 11941 11939 11942
f 11941 11942 11943
f 11941 11943 11944
f 11941 11944 11945
f 11941 11945 11946
f 11941 11946 11947
f 11941 11947 11948
f 11941 11948 11949
f 11941 11949 11950
f 11941 11950 11951
f 11941 11951 11952
f 11941 11952 11953
f 11941 11953 11954
f 11941 11954 11955
f 11941 11955 11940
f 11958 11957 11956
f 11956 11959 11958
f 11961 11960 11957
f 11957 11958 11961
f 11963 11962 11960
f 11960 11961 11963
f 11965 11964 11962
f 11962 11963 11965
f 11967 11966 11964
f 11964 11965 11967
f 11969 11968 11966
f 11966 11967 11969
f 11971 11970 11968
f 11968 11969 11971
f 11973 11972 11970
f 11970 11971 11973
f 11975 11974 11972
f 11972 11973 11975
f 11977 11976 11974
f 11974 11975 11977
f 11979 11978 11976
f 11976 11977 11979
f 11981 11980 11978
f 11978 11979 11981
f 11983 11982 11980
f 11980 11981 11983
f 11985 11984 11982
f 11982 11983 11985
f 11987 11986 11984
f 11984 11985 11987
f 11959 11956 11986
f 11986 11987 11959
f 11988 11989 11990
f 11990 11991 11988
f 11989 11992 11993
f 11993 11990 11989
f 11992 11994 11995
f 11995 11993 11992
f 11994 11996 11997
f 11997 11995 11994
f 11996 11998 11999
f 11999 11997 11996
f 11998 12000 12001
f 12001 11999 11998
f 12000 12002 12003
f 12003 12001 12000
f 12002 12004 12005
f 12005 12003 12002
f 12004 12006 12007
f 12007 12005 12004
f 12006 12008 12009
f 12009 12007 12006
f 12008 12010 12011
f 12011 12009 12008
f 12010 12012 12013
f 12013 12011 12010
f 12012 12014 12015
f 12015 12013 12012
f 12014 12016 12017
f 12017 12015 12014
f 12016 12018 12019
f 12019 12017 12016
f 12018 11988 11991
f 11991 12019 12018
f 12020 12021 12022
f 12022 12023 12020
f 12023 12022 12024
f 12024 12025 12023
f 12025 12024 12026
f 12026 12027 12025
f 12027 12026 12028
f 12028 12029 12027
f 12029 12028 12030
f 12030 12031 12029
f 12031 12030 12032
f 12032 12033 12031
f 12033 12032 12034
f 12034 12035 12033
f 12035 12034 12036
f 12036 12037 12035
f 12037 12036 12038
f 12038 12039 12037
f 12039 12038 12040
f 12040 12041 12039
f 12041 12040 12042
f 12042 12043 12041
f 12043 12042 12044
f 12044 12045 12043
f 12045 12044 12046
f 12046 12047 12045
f 12047 12046 12048
f 12048 12049 12047
f 12049 12048 12050
f 12050 12051 12049
f 12051 12050 12021
f 12021 12020 12051
f 12054 12053 12052
f 12057 12056 12055
f 12060 12059 12058
f 12063 12062 12061
f 12054 12052 12064
f 12066 12065 12054
f 12054 12064 12066
f 12064 12052 12067
f 12067 12068 12064
f 12069 12057 12055
f 12071 12070 12057
f 12057 12069 12071
f 12072 12069 12055
f 12055 12073 12072
f 12075 12060 12074
f 12074 12076 12075
f 12060 12058 12074
f 12078 12077 12074
f 12074 12058 12078
f 12063 12061 12079
f 12063 12079 12080
f 12080 12081 12063
f 12079 12061 12082
f 12082 12083 12079
f 12086 12085 12084
f 12089 12088 12087
f 12092 12091 12090
f 12095 12094 12093
f 12086 12084 12096
f 12098 12097 12086
f 12086 12096 12098
f 12096 12084 12099
f 12099 12100 12096
f 12101 12089 12087
f 12103 12102 12089
f 12089 12101 12103
f 12104 12101 12087
f 12087 12105 12104
f 12107 12092 12106
f 12106 12108 12107
f 12092 12090 12106
f 12110 12109 12106
f 12106 12090 12110
f 12095 12093 12111
f 12095 12111 12112
f 12112 12113 12095
f 12111 12093 12114
f 12114 12115 12111
f 12118 12117 12116
f 12116 11959 12118
f 12121 12120 12119
f 12119 12122 12121
f 12119 12124 12123
f 12123 12122 12119
f 12127 12126 12125
f 12125 12128 12127
f 12126 12130 12129
f 12129 12125 12126
f 12132 11965 12131
f 12131 12133 12132
f 12132 12135 12134
f 12134 11965 12132
f 12138 12137 12136
f 12136 12139 12138
f 12136 12141 12140
f 12140 12139 12136
f 12144 12143 12142
f 12142 12145 12144
f 12143 12147 12146
f 12146 12142 12143
f 12149 12148 11973
f 11973 12150 12149
f 12148 12152 12151
f 12151 11973 12148
f 12155 12154 12153
f 12153 12156 12155
f 12154 12158 12157
f 12157 12153 12154
f 12161 12160 12159
f 12159 12162 12161
f 12160 12164 12163
f 12163 12159 12160
f 12166 11981 12165
f 12165 12167 12166
f 12166 12169 12168
f 12168 11981 12166
f 12172 12171 12170
f 12170 12173 12172
f 12171 12175 12174
f 12174 12170 12171
f 12178 12177 12176
f 12176 12179 12178
f 12177 12181 12180
f 12180 12176 12177
f 12182 12118 11959
f 11959 12183 12182
f 11990 12185 12184
f 12184 11991 11990
f 11993 12186 12185
f 12185 11990 11993
f 11995 12187 12186
f 12186 11993 11995
f 11997 12188 12187
f 12187 11995 11997
f 11999 12189 12188
f 12188 11997 11999
f 12001 12190 12189
f 12189 11999 12001
f 12003 12191 12190
f 12190 12001 12003
f 12005 12192 12191
f 12191 12003 12005
f 12007 12193 12192
f 12192 12005 12007
f 12009 12194 12193
f 12193 12007 12009
f 12011 12195 12194
f 12194 12009 12011
f 12013 12196 12195
f 12195 12011 12013
f 12015 12197 12196
f 12196 12013 12015
f 12017 12198 12197
f 12197 12015 12017
f 12019 12199 12198
f 12198 12017 12019
f 11991 12184 12199
f 12199 12019 11991
f 12200 12201 12202
f 12200 12202 12203
f 12200 12203 12204
f 12200 12204 12205
f 12206 12205 12207
f 12206 12207 12208
f 12206 12208 12209
f 12206 12209 12210
f 12211 12210 12212
f 12211 12212 12213
f 12211 12213 12214
f 12211 12214 12215
f 12216 12215 12217
f 12216 12217 12218
f 12216 12218 12219
f 12216 12219 12201
f 12054 12221 12220
f 12053 12054 12220
f 12052 12053 12220
f 12222 12052 12220
f 12057 12222 12223
f 12056 12057 12223
f 12055 12056 12223
f 12224 12055 12223
f 12060 12224 12225
f 12059 12060 12225
f 12058 12059 12225
f 12226 12058 12225
f 12063 12226 12227
f 12062 12063 12227
f 12061 12062 12227
f 12221 12061 12227
f 12230 12229 12228
f 12228 12231 12230
f 12229 12233 12232
f 12232 12228 12229
f 12233 12235 12234
f 12234 12232 12233
f 12235 12230 12231
f 12231 12234 12235
f 12236 12237 12238
f 12238 12239 12236
f 12240 12241 12242
f 12242 12243 12240
f 12244 12245 12246
f 12246 12247 12244
f 12248 12249 12250
f 12250 12251 12248
f 12200 12206 12252
f 12252 12253 12200
f 12206 12211 12254
f 12254 12252 12206
f 12211 12216 12255
f 12255 12254 12211
f 12216 12200 12253
f 12253 12255 12216
f 12258 12257 12256
f 12256 12259 12258
f 12262 12261 12260
f 12260 12263 12262
f 12266 12265 12264
f 12264 12267 12266
f 12270 12269 12268
f 12268 12271 12270
f 12223 12220 12272
f 12272 12273 12223
f 12225 12223 12273
f 12273 12274 12225
f 12227 12225 12274
f 12274 12275 12227
f 12220 12227 12275
f 12275 12272 12220
f 12278 12277 12276
f 12276 12279 12278
f 12282 12281 12280
f 12280 12283 12282
f 12286 12285 12284
f 12284 12287 12286
f 12290 12289 12288
f 12288 12291 12290
f 12294 12293 12292
f 12292 12295 12294
f 12298 12297 12296
f 12296 12299 12298
f 12302 12301 12300
f 12300 12303 12302
f 12306 12305 12304
f 12304 12307 12306
f 12310 12309 12308
f 12308 12311 12310
f 12314 12313 12312
f 12312 12315 12314
f 12318 12317 12316
f 12316 12319 12318
f 12322 12321 12320
f 12320 12323 12322
f 12326 12325 12324
f 12324 12327 12326
f 12330 12329 12328
f 12328 12325 12330
f 12333 12332 12331
f 12331 12334 12333
f 12337 12336 12335
f 12335 12338 12337
f 12341 12340 12339
f 12339 12342 12341
f 12345 12344 12343
f 12343 12339 12345
f 12348 12347 12346
f 12346 12349 12348
f 12351 12350 12347
f 12347 12352 12351
f 12355 12354 12353
f 12353 12356 12355
f 12359 12358 12357
f 12357 12360 12359
f 12363 12362 12361
f 12361 12364 12363
f 12367 12366 12365
f 12365 12362 12367
f 12370 12369 12368
f 12368 12371 12370
f 12374 12373 12372
f 12372 12375 12374
f 12378 12377 12376
f 12376 12379 12378
f 12382 12381 12380
f 12380 12383 12382
f 12385 12278 12384
f 12384 12386 12385
f 12388 12387 12278
f 12278 12385 12388
f 12390 12389 12387
f 12387 12388 12390
f 12392 12391 12389
f 12389 12390 12392
f 12394 12393 12391
f 12391 12392 12394
f 12396 12395 12393
f 12393 12394 12396
f 12397 12283 12395
f 12395 12396 12397
f 12399 12398 12283
f 12283 12397 12399
f 12400 12286 12398
f 12398 12399 12400
f 12402 12401 12286
f 12286 12400 12402
f 12404 12403 12401
f 12401 12402 12404
f 12406 12405 12403
f 12403 12404 12406
f 12408 12407 12405
f 12405 12406 12408
f 12410 12409 12407
f 12407 12408 12410
f 12411 12291 12409
f 12409 12410 12411
f 12386 12384 12291
f 12291 12411 12386
f 12412 12285 12286
f 12286 12401 12412
f 12413 12412 12401
f 12401 12403 12413
f 12414 12413 12403
f 12403 12405 12414
f 12415 12414 12405
f 12405 12407 12415
f 12416 12415 12407
f 12407 12409 12416
f 12288 12416 12409
f 12409 12291 12288
f 12417 12277 12278
f 12278 12387 12417
f 12418 12417 12387
f 12387 12389 12418
f 12419 12418 12389
f 12389 12391 12419
f 12420 12419 12391
f 12391 12393 12420
f 12421 12420 12393
f 12393 12395 12421
f 12280 12421 12395
f 12395 12283 12280
f 12424 12423 12422
f 12422 12425 12424
f 12426 12424 12425
f 12425 12427 12426
f 12428 12426 12427
f 12427 12429 12428
f 12430 12428 12429
f 12429 12431 12430
f 12432 12430 12431
f 12431 12433 12432
f 12434 12432 12433
f 12433 12435 12434
f 12438 12437 12436
f 12436 12439 12438
f 12440 12438 12439
f 12439 12441 12440
f 12442 12440 12441
f 12441 12443 12442
f 12444 12442 12443
f 12443 12445 12444
f 12446 12444 12445
f 12445 12447 12446
f 12448 12446 12447
f 12447 12449 12448
f 12452 12451 12450
f 12450 12453 12452
f 12455 12454 12451
f 12451 12452 12455
f 12457 12456 12454
f 12454 12455 12457
f 12459 12458 12456
f 12456 12457 12459
f 12461 12460 12458
f 12458 12459 12461
f 12463 12462 12460
f 12460 12461 12463
f 12465 12464 12462
f 12462 12463 12465
f 12467 12466 12464
f 12464 12465 12467
f 12469 12468 12466
f 12466 12467 12469
f 12471 12470 12468
f 12468 12469 12471
f 12473 12472 12470
f 12470 12471 12473
f 12475 12474 12472
f 12472 12473 12475
f 12477 12476 12474
f 12474 12475 12477
f 12479 12478 12476
f 12476 12477 12479
f 12481 12480 12478
f 12478 12479 12481
f 12453 12450 12480
f 12480 12481 12453
f 12482 12369 12483
f 12483 12484 12482
f 12369 12485 12486
f 12486 12483 12369
f 12485 12487 12488
f 12488 12486 12485
f 12487 12489 12490
f 12490 12488 12487
f 12489 12491 12492
f 12492 12490 12489
f 12491 12493 12494
f 12494 12492 12491
f 12493 12372 12495
f 12495 12494 12493
f 12372 12496 12497
f 12497 12495 12372
f 12496 12377 12498
f 12498 12497 12496
f 12377 12499 12500
f 12500 12498 12377
f 12499 12501 12502
f 12502 12500 12499
f 12501 12503 12504
f 12504 12502 12501
f 12503 12505 12506
f 12506 12504 12503
f 12505 12507 12508
f 12508 12506 12505
f 12507 12380 12509
f 12509 12508 12507
f 12380 12482 12484
f 12484 12509 12380
f 12369 12370 12510
f 12510 12511 12369
f 12511 12510 12512
f 12512 12513 12511
f 12513 12512 12514
f 12514 12489 12513
f 12489 12514 12515
f 12515 12491 12489
f 12491 12515 12516
f 12516 12517 12491
f 12517 12516 12518
f 12518 12519 12517
f 12377 12378 12520
f 12520 12521 12377
f 12521 12520 12522
f 12522 12523 12521
f 12523 12522 12524
f 12524 12503 12523
f 12503 12524 12525
f 12525 12505 12503
f 12505 12525 12526
f 12526 12527 12505
f 12527 12526 12528
f 12528 12529 12527
f 12532 12531 12530
f 12530 12533 12532
f 12534 12532 12533
f 12533 12535 12534
f 12536 12534 12535
f 12535 12537 12536
f 12538 12536 12537
f 12537 12539 12538
f 12540 12538 12539
f 12539 12541 12540
f 12542 12540 12541
f 12541 12543 12542
f 12544 12542 12543
f 12543 12545 12544
f 12546 12544 12545
f 12545 12547 12546
f 12548 12546 12547
f 12547 12549 12548
f 12550 12548 12549
f 12549 12551 12550
f 12552 12550 12551
f 12551 12553 12552
f 12554 12552 12553
f 12553 12555 12554
f 12556 12554 12555
f 12555 12557 12556
f 12558 12556 12557
f 12557 12559 12558
f 12560 12558 12559
f 12559 12561 12560
f 12531 12560 12561
f 12561 12530 12531
f 12564 12563 12562
f 12562 12332 12564
f 12563 12566 12565
f 12565 12562 12563
f 12566 12568 12567
f 12567 12565 12566
f 12568 12570 12569
f 12569 12567 12568
f 12570 12572 12571
f 12571 12569 12570
f 12572 12574 12573
f 12573 12571 12572
f 12577 12576 12575
f 12575 12354 12577
f 12576 12579 12578
f 12578 12575 12576
f 12579 12581 12580
f 12580 12578 12579
f 12581 12583 12582
f 12582 12580 12581
f 12583 12585 12584
f 12584 12582 12583
f 12585 12587 12586
f 12586 12584 12585
f 12294 12588 12589
f 12589 12590 12294
f 12588 12591 12592
f 12592 12589 12588
f 12591 12593 12594
f 12594 12592 12591
f 12593 12595 12596
f 12596 12594 12593
f 12595 12597 12598
f 12598 12596 12595
f 12597 12299 12599
f 12599 12598 12597
f 12302 12600 12601
f 12601 12602 12302
f 12600 12603 12604
f 12604 12601 12600
f 12603 12605 12606
f 12606 12604 12603
f 12605 12607 12608
f 12608 12606 12605
f 12607 12609 12610
f 12610 12608 12607
f 12609 12307 12611
f 12611 12610 12609
f 12612 12563 12564
f 12564 12613 12612
f 12614 12566 12563
f 12563 12612 12614
f 12615 12568 12566
f 12566 12614 12615
f 12616 12570 12568
f 12568 12615 12616
f 12617 12572 12570
f 12570 12616 12617
f 12618 12574 12572
f 12572 12617 12618
f 12619 12576 12577
f 12577 12620 12619
f 12621 12579 12576
f 12576 12619 12621
f 12622 12581 12579
f 12579 12621 12622
f 12623 12583 12581
f 12581 12622 12623
f 12624 12585 12583
f 12583 12623 12624
f 12625 12587 12585
f 12585 12624 12625
f 12282 12398 12626
f 12282 12626 12627
f 12282 12627 12628
f 12282 12628 12629
f 12630 12398 12287
f 12631 12630 12287
f 12632 12631 12287
f 12633 12632 12287
f 12290 12384 12634
f 12290 12634 12635
f 12290 12635 12636
f 12290 12636 12637
f 12638 12384 12279
f 12639 12638 12279
f 12640 12639 12279
f 12641 12640 12279
f 12642 12496 12373
f 12643 12642 12373
f 12644 12643 12373
f 12645 12644 12373
f 12376 12496 12646
f 12376 12646 12647
f 12376 12647 12648
f 12376 12648 12649
f 12650 12482 12381
f 12651 12650 12381
f 12652 12651 12381
f 12653 12652 12381
f 12368 12482 12654
f 12368 12654 12655
f 12368 12655 12656
f 12368 12656 12657
f 12660 12659 12658
f 12658 12661 12660
f 12663 12662 12659
f 12659 12660 12663
f 12665 12664 12662
f 12662 12663 12665
f 12343 12344 12664
f 12664 12665 12343
f 12658 12666 12667
f 12667 12661 12658
f 12666 12668 12669
f 12669 12667 12666
f 12668 12670 12671
f 12671 12669 12668
f 12670 12349 12346
f 12346 12671 12670
f 12674 12673 12672
f 12672 12675 12674
f 12677 12676 12673
f 12673 12674 12677
f 12679 12678 12676
f 12676 12677 12679
f 12365 12366 12678
f 12678 12679 12365
f 12672 12680 12681
f 12681 12675 12672
f 12680 12682 12683
f 12683 12681 12680
f 12682 12684 12685
f 12685 12683 12682
f 12684 12327 12324
f 12324 12685 12684
f 12686 12687 12688
f 12688 12689 12686
f 12690 12691 12692
f 12692 12693 12690
f 12694 12695 12696
f 12696 12697 12694
f 12698 12699 12700
f 12700 12701 12698
f 12702 12703 12704
f 12704 12705 12702
f 12706 12707 12708
f 12708 12709 12706
f 12710 12711 12712
f 12712 12713 12710
f 12714 12715 12716
f 12716 12717 12714
f 12718 12719 12720
f 12720 12721 12718
f 12722 12723 12724
f 12724 12725 12722
f 12726 12727 12728
f 12728 12729 12726
f 12730 12731 12732
f 12732 12733 12730
f 12734 12735 12736
f 12736 12737 12734
f 12738 12739 12740
f 12740 12735 12738
f 12741 12742 12743
f 12743 12744 12741
f 12745 12746 12747
f 12747 12748 12745
f 12749 12750 12751
f 12751 12752 12749
f 12753 12754 12755
f 12755 12749 12753
f 12756 12757 12758
f 12758 12759 12756
f 12757 12760 12761
f 12761 12762 12757
f 12763 12764 12765
f 12765 12766 12763
f 12767 12768 12769
f 12769 12770 12767
f 12771 12772 12773
f 12773 12774 12771
f 12775 12776 12777
f 12777 12772 12775
f 12778 12779 12780
f 12780 12781 12778
f 12782 12783 12784
f 12784 12785 12782
f 12786 12787 12788
f 12788 12789 12786
f 12790 12791 12792
f 12792 12793 12790
f 12794 12688 12795
f 12795 12796 12794
f 12688 12797 12798
f 12798 12795 12688
f 12797 12799 12800
f 12800 12798 12797
f 12799 12801 12802
f 12802 12800 12799
f 12801 12803 12804
f 12804 12802 12801
f 12803 12805 12806
f 12806 12804 12803
f 12805 12693 12807
f 12807 12806 12805
f 12693 12808 12809
f 12809 12807 12693
f 12808 12696 12810
f 12810 12809 12808
f 12696 12811 12812
f 12812 12810 12696
f 12811 12813 12814
f 12814 12812 12811
f 12813 12815 12816
f 12816 12814 12813
f 12815 12817 12818
f 12818 12816 12815
f 12817 12819 12820
f 12820 12818 12817
f 12819 12701 12821
f 12821 12820 12819
f 12701 12794 12796
f 12796 12821 12701
f 12696 12695 12822
f 12822 12811 12696
f 12811 12822 12823
f 12823 12813 12811
f 12813 12823 12824
f 12824 12815 12813
f 12815 12824 12825
f 12825 12817 12815
f 12817 12825 12826
f 12826 12819 12817
f 12819 12826 12698
f 12698 12701 12819
f 12688 12687 12827
f 12827 12797 12688
f 12797 12827 12828
f 12828 12799 12797
f 12799 12828 12829
f 12829 12801 12799
f 12801 12829 12830
f 12830 12803 12801
f 12803 12830 12831
f 12831 12805 12803
f 12805 12831 12690
f 12690 12693 12805
f 12832 12833 12834
f 12834 12835 12832
f 12835 12834 12836
f 12836 12837 12835
f 12837 12836 12838
f 12838 12839 12837
f 12839 12838 12840
f 12840 12841 12839
f 12841 12840 12842
f 12842 12843 12841
f 12843 12842 12844
f 12844 12845 12843
f 12846 12847 12848
f 12848 12849 12846
f 12849 12848 12850
f 12850 12851 12849
f 12851 12850 12852
f 12852 12853 12851
f 12853 12852 12854
f 12854 12855 12853
f 12855 12854 12856
f 12856 12857 12855
f 12857 12856 12858
f 12858 12859 12857
f 12860 12861 12862
f 12862 12863 12860
f 12861 12864 12865
f 12865 12862 12861
f 12864 12866 12867
f 12867 12865 12864
f 12866 12868 12869
f 12869 12867 12866
f 12868 12870 12871
f 12871 12869 12868
f 12870 12872 12873
f 12873 12871 12870
f 12872 12874 12875
f 12875 12873 12872
f 12874 12876 12877
f 12877 12875 12874
f 12876 12878 12879
f 12879 12877 12876
f 12878 12880 12881
f 12881 12879 12878
f 12880 12882 12883
f 12883 12881 12880
f 12882 12884 12885
f 12885 12883 12882
f 12884 12886 12887
f 12887 12885 12884
f 12886 12888 12889
f 12889 12887 12886
f 12888 12890 12891
f 12891 12889 12888
f 12890 12860 12863
f 12863 12891 12890
f 12893 12779 12892
f 12892 12894 12893
f 12896 12895 12779
f 12779 12893 12896
f 12898 12897 12895
f 12895 12896 12898
f 12900 12899 12897
f 12897 12898 12900
f 12902 12901 12899
f 12899 12900 12902
f 12904 12903 12901
f 12901 12902 12904
f 12905 12782 12903
f 12903 12904 12905
f 12907 12906 12782
f 12782 12905 12907
f 12908 12787 12906
f 12906 12907 12908
f 12910 12909 12787
f 12787 12908 12910
f 12912 12911 12909
f 12909 12910 12912
f 12914 12913 12911
f 12911 12912 12914
f 12916 12915 12913
f 12913 12914 12916
f 12918 12917 12915
f 12915 12916 12918
f 12919 12790 12917
f 12917 12918 12919
f 12894 12892 12790
f 12790 12919 12894
f 12920 12780 12779
f 12779 12921 12920
f 12922 12920 12921
f 12921 12923 12922
f 12924 12922 12923
f 12923 12899 12924
f 12925 12924 12899
f 12899 12901 12925
f 12926 12925 12901
f 12901 12927 12926
f 12928 12926 12927
f 12927 12929 12928
f 12930 12788 12787
f 12787 12931 12930
f 12932 12930 12931
f 12931 12933 12932
f 12934 12932 12933
f 12933 12913 12934
f 12935 12934 12913
f 12913 12915 12935
f 12936 12935 12915
f 12915 12937 12936
f 12938 12936 12937
f 12937 12939 12938
f 12940 12941 12942
f 12942 12943 12940
f 12943 12942 12944
f 12944 12945 12943
f 12945 12944 12946
f 12946 12947 12945
f 12947 12946 12948
f 12948 12949 12947
f 12949 12948 12950
f 12950 12951 12949
f 12951 12950 12952
f 12952 12953 12951
f 12953 12952 12954
f 12954 12955 12953
f 12955 12954 12956
f 12956 12957 12955
f 12957 12956 12958
f 12958 12959 12957
f 12959 12958 12960
f 12960 12961 12959
f 12961 12960 12962
f 12962 12963 12961
f 12963 12962 12964
f 12964 12965 12963
f 12965 12964 12966
f 12966 12967 12965
f 12967 12966 12968
f 12968 12969 12967
f 12969 12968 12970
f 12970 12971 12969
f 12971 12970 12941
f 12941 12940 12971
f 12972 12973 12974
f 12974 12742 12972
f 12975 12976 12973
f 12973 12972 12975
f 12977 12978 12976
f 12976 12975 12977
f 12979 12980 12978
f 12978 12977 12979
f 12981 12982 12980
f 12980 12979 12981
f 12983 12984 12982
f 12982 12981 12983
f 12985 12986 12987
f 12987 12764 12985
f 12988 12989 12986
f 12986 12985 12988
f 12990 12991 12989
f 12989 12988 12990
f 12992 12993 12991
f 12991 12990 12992
f 12994 12995 12993
f 12993 12992 12994
f 12996 12997 12995
f 12995 12994 12996
f 12999 12998 12704
f 12704 13000 12999
f 13002 13001 12998
f 12998 12999 13002
f 13004 13003 13001
f 13001 13002 13004
f 13006 13005 13003
f 13003 13004 13006
f 13008 13007 13005
f 13005 13006 13008
f 13009 12709 13007
f 13007 13008 13009
f 13011 13010 12712
f 12712 13012 13011
f 13014 13013 13010
f 13010 13011 13014
f 13016 13015 13013
f 13013 13014 13016
f 13018 13017 13015
f 13015 13016 13018
f 13020 13019 13017
f 13017 13018 13020
f 13021 12717 13019
f 13019 13020 13021
f 12974 12973 13022
f 13022 13023 12974
f 12973 12976 13024
f 13024 13022 12973
f 12976 12978 13025
f 13025 13024 12976
f 12978 12980 13026
f 13026 13025 12978
f 12980 12982 13027
f 13027 13026 12980
f 12982 12984 13028
f 13028 13027 12982
f 12987 12986 13029
f 13029 13030 12987
f 12986 12989 13031
f 13031 13029 12986
f 12989 12991 13032
f 13032 13031 12989
f 12991 12993 13033
f 13033 13032 12991
f 12993 12995 13034
f 13034 13033 12993
f 12995 12997 13035
f 13035 13034 12995
f 13036 12808 12692
f 13037 13036 12692
f 13038 13037 12692
f 13039 13038 12692
f 12697 12808 13040
f 12697 13040 13041
f 12697 13041 13042
f 12697 13042 13043
f 13044 12794 12700
f 13045 13044 12700
f 13046 13045 12700
f 13047 13046 12700
f 12689 12794 13048
f 12689 13048 13049
f 12689 13049 13050
f 12689 13050 13051
f 12783 12906 13052
f 12783 13052 13053
f 12783 13053 13054
f 12783 13054 13055
f 13056 12906 12786
f 13057 13056 12786
f 13058 13057 12786
f 13059 13058 12786
f 12791 12892 13060
f 12791 13060 13061
f 12791 13061 13062
f 12791 13062 13063
f 13064 12892 12778
f 13065 13064 12778
f 13066 13065 12778
f 13067 13066 12778
f 13068 13069 13070
f 13070 13071 13068
f 13069 13072 13073
f 13073 13070 13069
f 13072 13074 13075
f 13075 13073 13072
f 13074 12754 12753
f 12753 13075 13074
f 13077 13076 13068
f 13068 13071 13077
f 13079 13078 13076
f 13076 13077 13079
f 13081 13080 13078
f 13078 13079 13081
f 12756 12759 13080
f 13080 13081 12756
f 13082 13083 13084
f 13084 13085 13082
f 13083 13086 13087
f 13087 13084 13083
f 13086 13088 13089
f 13089 13087 13086
f 13088 12776 12775
f 12775 13089 13088
f 13091 13090 13082
f 13082 13085 13091
f 13093 13092 13090
f 13090 13091 13093
f 13095 13094 13092
f 13092 13093 13095
f 12734 12737 13094
f 13094 13095 12734
f 13096 13097 13098
f 13098 13099 13096
f 13097 13100 13101
f 13101 13098 13097
f 13100 13102 13103
f 13103 13101 13100
f 13102 13104 13105
f 13105 13103 13102
f 13104 13106 13107
f 13107 13105 13104
f 13106 13108 13109
f 13109 13107 13106
f 13108 13110 13111
f 13111 13109 13108
f 13110 13112 13113
f 13113 13111 13110
f 13112 13114 13115
f 13115 13113 13112
f 13114 13116 13117
f 13117 13115 13114
f 13116 13118 13119
f 13119 13117 13116
f 13118 13120 13121
f 13121 13119 13118
f 13120 13122 13123
f 13123 13121 13120
f 13122 13124 13125
f 13125 13123 13122
f 13124 13126 13127
f 13127 13125 13124
f 13126 13096 13099
f 13099 13127 13126
f 13130 13129 13128
f 13130 13128 13131
f 13130 13131 13132
f 13130 13132 13133
f 13130 13133 13134
f 13130 13134 13135
f 13130 13135 13136
f 13130 13136 13137
f 13130 13137 13138
f 13130 13138 13139
f 13130 13139 13140
f 13130 13140 13141
f 13130 13141 13142
f 13130 13142 13143
f 13130 13143 13144
f 13130 13144 13129
f 13145 13146 13147
f 13147 13148 13145
f 13146 13149 13150
f 13150 13147 13146
f 13149 13151 13152
f 13152 13150 13149
f 13151 13153 13154
f 13154 13152 13151
f 13153 13155 13156
f 13156 13154 13153
f 13155 13157 13158
f 13158 13156 13155
f 13157 13159 13160
f 13160 13158 13157
f 13159 13161 13162
f 13162 13160 13159
f 13161 13163 13164
f 13164 13162 13161
f 13163 13165 13166
f 13166 13164 13163
f 13165 13167 13168
f 13168 13166 13165
f 13167 13169 13170
f 13170 13168 13167
f 13169 13171 13172
f 13172 13170 13169
f 13171 13173 13174
f 13174 13172 13171
f 13173 13175 13176
f 13176 13174 13173
f 13175 13145 13148
f 13148 13176 13175
f 13179 13178 13177
f 13179 13177 13180
f 13179 13180 13181
f 13179 13181 13182
f 13179 13182 13183
f 13179 13183 13184
f 13179 13184 13185
f 13179 13185 13186
f 13179 13186 13187
f 13179 13187 13188
f 13179 13188 13189
f 13179 13189 13190
f 13179 13190 13191
f 13179 13191 13192
f 13179 13192 13193
f 13179 13193 13178
f 13194 13195 13196
f 13196 13197 13194
f 13195 13198 13199
f 13199 13196 13195
f 13198 13200 13201
f 13201 13199 13198
f 13200 13202 13203
f 13203 13201 13200
f 13202 13204 13205
f 13205 13203 13202
f 13204 13206 13207
f 13207 13205 13204
f 13206 13208 13209
f 13209 13207 13206
f 13208 13210 13211
f 13211 13209 13208
f 13210 13212 13213
f 13213 13211 13210
f 13212 13214 13215
f 13215 13213 13212
f 13214 13216 13217
f 13217 13215 13214
f 13216 13218 13219
f 13219 13217 13216
f 13218 13220 13221
f 13221 13219 13218
f 13220 13222 13223
f 13223 13221 13220
f 13222 13224 13225
f 13225 13223 13222
f 13224 13194 13197
f 13197 13225 13224
f 13228 13227 13226
f 13228 13226 13229
f 13228 13229 13230
f 13228 13230 13231
f 13228 13231 13232
f 13228 13232 13233
f 13228 13233 13234
f 13228 13234 13235
f 13228 13235 13236
f 13228 13236 13237
f 13228 13237 13238
f 13228 13238 13239
f 13228 13239 13240
f 13228 13240 13241
f 13228 13241 13242
f 13228 13242 13227
f 13243 13244 13245
f 13245 13246 13243
f 13244 13247 13248
f 13248 13245 13244
f 13247 13249 13250
f 13250 13248 13247
f 13249 13251 13252
f 13252 13250 13249
f 13251 13253 13254
f 13254 13252 13251
f 13253 13255 13256
f 13256 13254 13253
f 13255 13257 13258
f 13258 13256 13255
f 13257 13259 13260
f 13260 13258 13257
f 13259 13261 13262
f 13262 13260 13259
f 13261 13263 13264
f 13264 13262 13261
f 13263 13265 13266
f 13266 13264 13263
f 13265 13267 13268
f 13268 13266 13265
f 13267 13269 13270
f 13270 13268 13267
f 13269 13271 13272
f 13272 13270 13269
f 13271 13273 13274
f 13274 13272 13271
f 13273 13243 13246
f 13246 13274 13273
f 13277 13276 13275
f 13277 13275 13278
f 13277 13278 13279
f 13277 13279 13280
f 13277 13280 13281
f 13277 13281 13282
f 13277 13282 13283
f 13277 13283 13284
f 13277 13284 13285
f 13277 13285 13286
f 13277 13286 13287
f 13277 13287 13288
f 13277 13288 13289
f 13277 13289 13290
f 13277 13290 13291
f 13277 13291 13276
f 13294 13293 13292
f 13292 13295 13294
f 13297 13296 13293
f 13293 13294 13297
f 13299 13298 13296
f 13296 13297 13299
f 13301 13300 13298
f 13298 13299 13301
f 13303 13302 13300
f 13300 13301 13303
f 13305 13304 13302
f 13302 13303 13305
f 13307 13306 13304
f 13304 13305 13307
f 13309 13308 13306
f 13306 13307 13309
f 13311 13310 13308
f 13308 13309 13311
f 13313 13312 13310
f 13310 13311 13313
f 13315 13314 13312
f 13312 13313 13315
f 13317 13316 13314
f 13314 13315 13317
f 13319 13318 13316
f 13316 13317 13319
f 13321 13320 13318
f 13318 13319 13321
f 13323 13322 13320
f 13320 13321 13323
f 13295 13292 13322
f 13322 13323 13295
f 13324 13325 13326
f 13326 13327 13324
f 13325 13328 13329
f 13329 13326 13325
f 13328 13330 13331
f 13331 13329 13328
f 13330 13332 13333
f 13333 13331 13330
f 13332 13334 13335
f 13335 13333 13332
f 13334 13336 13337
f 13337 13335 13334
f 13336 13338 13339
f 13339 13337 13336
f 13338 13340 13341
f 13341 13339 13338
f 13340 13342 13343
f 13343 13341 13340
f 13342 13344 13345
f 13345 13343 13342
f 13344 13346 13347
f 13347 13345 13344
f 13346 13348 13349
f 13349 13347 13346
f 13348 13350 13351
f 13351 13349 13348
f 13350 13352 13353
f 13353 13351 13350
f 13352 13354 13355
f 13355 13353 13352
f 13354 13324 13327
f 13327 13355 13354
f 13356 13357 13358
f 13358 13359 13356
f 13359 13358 13360
f 13360 13361 13359
f 13361 13360 13362
f 13362 13363 13361
f 13363 13362 13364
f 13364 13365 13363
f 13365 13364 13366
f 13366 13367 13365
f 13367 13366 13368
f 13368 13369 13367
f 13369 13368 13370
f 13370 13371 13369
f 13371 13370 13372
f 13372 13373 13371
f 13373 13372 13374
f 13374 13375 13373
f 13375 13374 13376
f 13376 13377 13375
f 13377 13376 13378
f 13378 13379 13377
f 13379 13378 13380
f 13380 13381 13379
f 13381 13380 13382
f 13382 13383 13381
f 13383 13382 13384
f 13384 13385 13383
f 13385 13384 13386
f 13386 13387 13385
f 13387 13386 13357
f 13357 13356 13387
f 13390 13389 13388
f 13388 13391 13390
f 13393 13392 13389
f 13389 13390 13393
f 13395 13394 13392
f 13392 13393 13395
f 13397 13396 13394
f 13394 13395 13397
f 13399 13398 13396
f 13396 13397 13399
f 13401 13400 13398
f 13398 13399 13401
f 13403 13402 13400
f 13400 13401 13403
f 13405 13404 13402
f 13402 13403 13405
f 13407 13406 13404
f 13404 13405 13407
f 13409 13408 13406
f 13406 13407 13409
f 13411 13410 13408
f 13408 13409 13411
f 13413 13412 13410
f 13410 13411 13413
f 13415 13414 13412
f 13412 13413 13415
f 13417 13416 13414
f 13414 13415 13417
f 13419 13418 13416
f 13416 13417 13419
f 13391 13388 13418
f 13418 13419 13391
f 13420 13421 13422
f 13422 13423 13420
f 13421 13424 13425
f 13425 13422 13421
f 13424 13426 13427
f 13427 13425 13424
f 13426 13428 13429
f 13429 13427 13426
f 13428 13430 13431
f 13431 13429 13428
f 13430 13432 13433
f 13433 13431 13430
f 13432 13434 13435
f 13435 13433 13432
f 13434 13436 13437
f 13437 13435 13434
f 13436 13438 13439
f 13439 13437 13436
f 13438 13440 13441
f 13441 13439 13438
f 13440 13442 13443
f 13443 13441 13440
f 13442 13444 13445
f 13445 13443 13442
f 13444 13446 13447
f 13447 13445 13444
f 13446 13448 13449
f 13449 13447 13446
f 13448 13450 13451
f 13451 13449 13448
f 13450 13420 13423
f 13423 13451 13450
f 13452 13453 13454
f 13454 13455 13452
f 13455 13454 13456
f 13456 13457 13455
f 13457 13456 13458
f 13458 13459 13457
f 13459 13458 13460
f 13460 13461 13459
f 13461 13460 13462
f 13462 13463 13461
f 13463 13462 13464
f 13464 13465 13463
f 13465 13464 13466
f 13466 13467 13465
f 13467 13466 13468
f 13468 13469 13467
f 13469 13468 13470
f 13470 13471 13469
f 13471 13470 13472
f 13472 13473 13471
f 13473 13472 13474
f 13474 13475 13473
f 13475 13474 13476
f 13476 13477 13475
f 13477 13476 13478
f 13478 13479 13477
f 13479 13478 13480
f 13480 13481 13479
f 13481 13480 13482
f 13482 13483 13481
f 13483 13482 13453
f 13453 13452 13483
f 13486 13485 13484
f 13484 13487 13486
f 13490 13489 13488
f 13488 13491 13490
f 13494 13493 13492
f 13492 13495 13494
f 13498 13497 13496
f 13496 13499 13498
f 13502 13501 13500
f 13500 13503 13502
f 13506 13505 13504
f 13504 13507 13506
f 13505 13509 13508
f 13508 13504 13505
f 13509 13511 13510
f 13510 13508 13509
f 13511 13506 13507
f 13507 13510 13511
f 13514 13513 13512
f 13512 13515 13514
f 13518 13517 13516
f 13516 13519 13518
f 13522 13521 13520
f 13520 13523 13522
f 13526 13525 13524
f 13524 13527 13526
f 13528 13529 13530
f 13530 13531 13528
f 13529 13532 13533
f 13533 13530 13529
f 13532 13534 13535
f 13535 13533 13532
f 13534 13536 13537
f 13537 13535 13534
f 13536 13538 13539
f 13539 13537 13536
f 13538 13540 13541
f 13541 13539 13538
f 13540 13542 13543
f 13543 13541 13540
f 13542 13544 13545
f 13545 13543 13542
f 13544 13546 13547
f 13547 13545 13544
f 13546 13548 13549
f 13549 13547 13546
f 13548 13550 13551
f 13551 13549 13548
f 13550 13552 13553
f 13553 13551 13550
f 13552 13554 13555
f 13555 13553 13552
f 13554 13556 13557
f 13557 13555 13554
f 13556 13558 13559
f 13559 13557 13556
f 13558 13528 13531
f 13531 13559 13558
f 13562 13561 13560
f 13562 13560 13563
f 13562 13563 13564
f 13562 13564 13565
f 13562 13565 13566
f 13562 13566 13567
f 13562 13567 13568
f 13562 13568 13569
f 13562 13569 13570
f 13562 13570 13571
f 13562 13571 13572
f 13562 13572 13573
f 13562 13573 13574
f 13562 13574 13575
f 13562 13575 13576
f 13562 13576 13561
f 13577 13578 13579
f 13579 13580 13577
f 13578 13581 13582
f 13582 13579 13578
f 13581 13583 13584
f 13584 13582 13581
f 13583 13585 13586
f 13586 13584 13583
f 13585 13587 13588
f 13588 13586 13585
f 13587 13589 13590
f 13590 13588 13587
f 13589 13591 13592
f 13592 13590 13589
f 13591 13593 13594
f 13594 13592 13591
f 13593 13595 13596
f 13596 13594 13593
f 13595 13597 13598
f 13598 13596 13595
f 13597 13599 13600
f 13600 13598 13597
f 13599 13601 13602
f 13602 13600 13599
f 13601 13603 13604
f 13604 13602 13601
f 13603 13605 13606
f 13606 13604 13603
f 13605 13607 13608
f 13608 13606 13605
f 13607 13577 13580
f 13580 13608 13607
f 13611 13610 13609
f 13611 13609 13612
f 13611 13612 13613
f 13611 13613 13614
f 13611 13614 13615
f 13611 13615 13616
f 13611 13616 13617
f 13611 13617 13618
f 13611 13618 13619
f 13611 13619 13620
f 13611 13620 13621
f 13611 13621 13622
f 13611 13622 13623
f 13611 13623 13624
f 13611 13624 13625
f 13611 13625 13610
f 13626 13627 13628
f 13628 13629 13626
f 13627 13630 13631
f 13631 13628 13627
f 13630 13632 13633
f 13633 13631 13630
f 13632 13634 13635
f 13635 13633 13632
f 13634 13636 13637
f 13637 13635 13634
f 13636 13638 13639
f 13639 13637 13636
f 13638 13640 13641
f 13641 13639 13638
f 13640 13642 13643
f 13643 13641 13640
f 13642 13644 13645
f 13645 13643 13642
f 13644 13646 13647
f 13647 13645 13644
f 13646 13648 13649
f 13649 13647 13646
f 13648 13650 13651
f 13651 13649 13648
f 13650 13652 13653
f 13653 13651 13650
f 13652 13654 13655
f 13655 13653 13652
f 13654 13656 13657
f 13657 13655 13654
f 13656 13626 13629
f 13629 13657 13656
f 13660 13659 13658
f 13660 13658 13661
f 13660 13661 13662
f 13660 13662 13663
f 13660 13663 13664
f 13660 13664 13665
f 13660 13665 13666
f 13660 13666 13667
f 13660 13667 13668
f 13660 13668 13669
f 13660 13669 13670
f 13660 13670 13671
f 13660 13671 13672
f 13660 13672 13673
f 13660 13673 13674
f 13660 13674 13659
f 13675 13676 13677
f 13677 13678 13675
f 13676 13679 13680
f 13680 13677 13676
f 13679 13681 13682
f 13682 13680 13679
f 13681 13683 13684
f 13684 13682 13681
f 13683 13685 13686
f 13686 13684 13683
f 13685 13687 13688
f 13688 13686 13685
f 13687 13689 13690
f 13690 13688 13687
f 13689 13691 13692
f 13692 13690 13689
f 13691 13693 13694
f 13694 13692 13691
f 13693 13695 13696
f 13696 13694 13693
f 13695 13697 13698
f 13698 13696 13695
f 13697 13699 13700
f 13700 13698 13697
f 13699 13701 13702
f 13702 13700 13699
f 13701 13703 13704
f 13704 13702 13701
f 13703 13705 13706
f 13706 13704 13703
f 13705 13675 13678
f 13678 13706 13705
f 13709 13708 13707
f 13709 13707 13710
f 13709 13710 13711
f 13709 13711 13712
f 13709 13712 13713
f 13709 13713 13714
f 13709 13714 13715
f 13709 13715 13716
f 13709 13716 13717
f 13709 13717 13718
f 13709 13718 13719
f 13709 13719 13720
f 13709 13720 13721
f 13709 13721 13722
f 13709 13722 13723
f 13709 13723 13708
f 13724 13725 13726
f 13726 13727 13724
f 13725 13728 13729
f 13729 13726 13725
f 13728 13730 13731
f 13731 13729 13728
f 13730 13732 13733
f 13733 13731 13730
f 13732 13734 13735
f 13735 13733 13732
f 13734 13736 13737
f 13737 13735 13734
f 13736 13738 13739
f 13739 13737 13736
f 13738 13740 13741
f 13741 13739 13738
f 13740 13742 13743
f 13743 13741 13740
f 13742 13744 13745
f 13745 13743 13742
f 13744 13746 13747
f 13747 13745 13744
f 13746 13748 13749
f 13749 13747 13746
f 13748 13750 13751
f 13751 13749 13748
f 13750 13752 13753
f 13753 13751 13750
f 13752 13754 13755
f 13755 13753 13752
f 13754 13724 13727
f 13727 13755 13754
f 13758 13757 13756
f 13758 13756 13759
f 13758 13759 13760
f 13758 13760 13761
f 13758 13761 13762
f 13758 13762 13763
f 13758 13763 13764
f 13758 13764 13765
f 13758 13765 13766
f 13758 13766 13767
f 13758 13767 13768
f 13758 13768 13769
f 13758 13769 13770
f 13758 13770 13771
f 13758 13771 13772
f 13758 13772 13757
f 13773 13774 13775
f 13775 13776 13773
f 13774 13777 13778
f 13778 13775 13774
f 13777 13779 13780
f 13780 13778 13777
f 13779 13781 13782
f 13782 13780 13779
f 13781 13783 13784
f 13784 13782 13781
f 13783 13785 13786
f 13786 13784 13783
f 13785 13787 13788
f 13788 13786 13785
f 13787 13789 13790
f 13790 13788 13787
f 13789 13791 13792
f 13792 13790 13789
f 13791 13793 13794
f 13794 13792 13791
f 13793 13795 13796
f 13796 13794 13793
f 13795 13797 13798
f 13798 13796 13795
f 13797 13799 13800
f 13800 13798 13797
f 13799 13801 13802
f 13802 13800 13799
f 13801 13803 13804
f 13804 13802 13801
f 13803 13773 13776
f 13776 13804 13803
f 13807 13806 13805
f 13807 13805 13808
f 13807 13808 13809
f 13807 13809 13810
f 13807 13810 13811
f 13807 13811 13812
f 13807 13812 13813
f 13807 13813 13814
f 13807 13814 13815
f 13807 13815 13816
f 13807 13816 13817
f 13807 13817 13818
f 13807 13818 13819
f 13807 13819 13820
f 13807 13820 13821
f 13807 13821 13806
f 13824 13823 13822
f 13822 13825 13824
