v -0.012000101999999999 -0.005600000000000001 6.993819995101413e-10
v -0.012918581999999998 -0.005782640000000001 6.190859995663819e-10
v -0.012918581999999996 -0.005782640000000001 0.0080000014623216
v -0.012000101999999997 -0.005600000000000001 0.0080000014623216
v -0.013697141999999997 -0.006302960000000001 5.510219996140551e-10
v -0.013697141999999997 -0.006302960000000001 0.0080000014623216
v -0.014217461999999998 -0.00708152 5.055343996459155e-10
v -0.014217461999999997 -0.00708152 0.0080000014623216
v -0.014400102 -0.008 4.895675996570987e-10
v -0.014400101999999998 -0.008 0.0080000014623216
v -0.014217461999999998 -0.00891848 5.055343996459155e-10
v -0.014217461999999997 -0.00891848 0.0080000014623216
v -0.013697141999999997 -0.00969704 5.510219996140551e-10
v -0.013697141999999997 -0.00969704 0.0080000014623216
v -0.012918581999999998 -0.01021736 6.190859995663819e-10
v -0.012918581999999996 -0.01021736 0.0080000014623216
v -0.012000101999999999 -0.010400000000000001 6.993819995101413e-10
v -0.012000101999999997 -0.010400000000000001 0.0080000014623216
v -0.011081621999999998 -0.01021736 7.796783994539007e-10
v -0.011081621999999998 -0.01021736 0.0080000014623216
v -0.010303061999999998 -0.00969704 8.477419994062276e-10
v -0.010303061999999997 -0.00969704 0.0080000014623216
v -0.009782741999999997 -0.00891848 8.932299993743673e-10
v -0.009782741999999997 -0.00891848 0.0080000014623216
v -0.009600101999999998 -0.008 9.091967993631837e-10
v -0.009600101999999998 -0.008 0.0080000014623216
v -0.009782741999999997 -0.00708152 8.932299993743673e-10
v -0.009782741999999997 -0.00708152 0.0080000014623216
v -0.010303061999999998 -0.006302960000000001 8.477419994062276e-10
v -0.010303061999999998 -0.006302960000000001 0.0080000014623216
v -0.011081621999999998 -0.005782640000000001 7.796783994539007e-10
v -0.011081621999999998 -0.005782640000000001 0.0080000014623216
v -0.012000101999999999 -0.004800000000000001 6.993819995101413e-10
v -0.013224741999999998 -0.005043520000000002 5.923207995851289e-10
v -0.013224741999999998 -0.005043520000000002 0.0080000014623216
v -0.012000101999999997 -0.004800000000000001 0.0080000014623216
v -0.014262822 -0.00573728 5.015687996486929e-10
v -0.014262821999999998 -0.00573728 0.0080000014623216
v -0.014956582000000001 -0.00677536 4.409183996911735e-10
v -0.014956581999999998 -0.00677536 0.0080000014623216
v -0.015200102 -0.008 4.1962919970608477e-10
v -0.015200101999999998 -0.008 0.0080000014623216
v -0.014956582000000001 -0.00922464 4.409183996911735e-10
v -0.014956581999999998 -0.00922464 0.0080000014623216
v -0.014262822 -0.010262720000000001 5.015687996486929e-10
v -0.014262821999999998 -0.010262720000000001 0.0080000014623216
v -0.013224741999999998 -0.010956480000000003 5.923207995851289e-10
v -0.013224741999999998 -0.010956480000000003 0.0080000014623216
v -0.012000101999999999 -0.011200000000000002 6.993819995101413e-10
v -0.012000101999999997 -0.011200000000000002 0.0080000014623216
v -0.010775462 -0.010956480000000003 8.064435994351537e-10
v -0.010775461999999998 -0.010956480000000003 0.0080000014623216
v -0.009737381999999998 -0.010262720000000001 8.971955993715898e-10
v -0.009737381999999998 -0.010262720000000001 0.0080000014623216
v -0.009043621999999998 -0.00922464 9.57845999329109e-10
v -0.009043621999999998 -0.00922464 0.0080000014623216
v -0.008800101999999999 -0.008 9.79135199314198e-10
v -0.008800101999999999 -0.008 0.0080000014623216
v -0.009043621999999998 -0.00677536 9.57845999329109e-10
v -0.009043621999999998 -0.00677536 0.0080000014623216
v -0.009737382 -0.00573728 8.971955993715898e-10
v -0.009737381999999998 -0.00573728 0.0080000014623216
v -0.010775462 -0.005043520000000002 8.064435994351537e-10
v -0.010775461999999998 -0.005043520000000002 0.0080000014623216
v -0.015200102 -0.008 4.1962919970608477e-10
v -0.014400102 -0.008 4.895675996570987e-10
v -0.014217461999999998 -0.00891848 5.055343996459155e-10
v -0.014956582000000001 -0.00922464 4.409183996911735e-10
v -0.013697141999999997 -0.00969704 5.510219996140551e-10
v -0.014262822 -0.010262720000000001 5.015687996486929e-10
v -0.012918581999999998 -0.01021736 6.190859995663819e-10
v -0.013224741999999998 -0.010956480000000003 5.923207995851289e-10
v -0.012000101999999999 -0.010400000000000001 6.993819995101413e-10
v -0.012000101999999999 -0.011200000000000002 6.993819995101413e-10
v -0.011081621999999998 -0.01021736 7.796783994539007e-10
v -0.010775462 -0.010956480000000003 8.064435994351537e-10
v -0.010303061999999998 -0.00969704 8.477419994062276e-10
v -0.009737381999999998 -0.010262720000000001 8.971955993715898e-10
v -0.009782741999999997 -0.00891848 8.932299993743673e-10
v -0.009043621999999998 -0.00922464 9.57845999329109e-10
v -0.009600101999999998 -0.008 9.091967993631837e-10
v -0.008800101999999999 -0.008 9.79135199314198e-10
v -0.009782741999999997 -0.00708152 8.932299993743673e-10
v -0.009043621999999998 -0.00677536 9.57845999329109e-10
v -0.010303061999999998 -0.006302960000000001 8.477419994062276e-10
v -0.009737382 -0.00573728 8.971955993715898e-10
v -0.011081621999999998 -0.005782640000000001 7.796783994539007e-10
v -0.010775462 -0.005043520000000002 8.064435994351537e-10
v -0.012000101999999999 -0.005600000000000001 6.993819995101413e-10
v -0.012000101999999999 -0.004800000000000001 6.993819995101413e-10
v -0.012918581999999998 -0.005782640000000001 6.190859995663819e-10
v -0.013224741999999998 -0.005043520000000002 5.923207995851289e-10
v -0.013697141999999997 -0.006302960000000001 5.510219996140551e-10
v -0.014262822 -0.00573728 5.015687996486929e-10
v -0.014217461999999998 -0.00708152 5.055343996459155e-10
v -0.014956582000000001 -0.00677536 4.409183996911735e-10
v -0.012000101999999997 -0.013600000000000001 6.993819995101413e-10
v -0.012918581999999996 -0.013782640000000002 6.190859995663819e-10
v -0.012918581999999996 -0.013782640000000002 0.0080000014623216
v -0.012000101999999997 -0.013600000000000001 0.0080000014623216
v -0.013697141999999997 -0.01430296 5.510219996140551e-10
v -0.013697141999999997 -0.01430296 0.0080000014623216
v -0.014217461999999997 -0.015081520000000003 5.055343996459155e-10
v -0.014217461999999997 -0.015081520000000003 0.0080000014623216
v -0.014400101999999998 -0.016 4.895675996570987e-10
v -0.014400101999999998 -0.016 0.0080000014623216
v -0.014217461999999997 -0.01691848 5.055343996459155e-10
v -0.014217461999999997 -0.01691848 0.0080000014623216
v -0.013697141999999997 -0.01769704 5.510219996140551e-10
v -0.013697141999999997 -0.01769704 0.0080000014623216
v -0.012918581999999996 -0.018217360000000002 6.190859995663819e-10
v -0.012918581999999996 -0.018217360000000002 0.0080000014623216
v -0.012000101999999997 -0.0184 6.993819995101413e-10
v -0.012000101999999997 -0.0184 0.0080000014623216
v -0.011081621999999998 -0.018217360000000002 7.796783994539007e-10
v -0.011081621999999998 -0.018217360000000002 0.0080000014623216
v -0.010303061999999997 -0.01769704 8.477419994062276e-10
v -0.010303061999999997 -0.01769704 0.0080000014623216
v -0.009782741999999997 -0.01691848 8.932299993743673e-10
v -0.009782741999999997 -0.01691848 0.0080000014623216
v -0.009600101999999998 -0.016 9.091967993631837e-10
v -0.009600101999999998 -0.016 0.0080000014623216
v -0.009782741999999997 -0.015081520000000003 8.932299993743673e-10
v -0.009782741999999997 -0.015081520000000003 0.0080000014623216
v -0.010303061999999998 -0.01430296 8.477419994062276e-10
v -0.010303061999999997 -0.01430296 0.0080000014623216
v -0.011081621999999998 -0.013782640000000002 7.796783994539007e-10
v -0.011081621999999998 -0.013782640000000002 0.0080000014623216
v -0.012000101999999997 -0.0128 6.993819995101413e-10
v -0.013224741999999998 -0.013043520000000003 5.923207995851289e-10
v -0.013224741999999998 -0.013043520000000003 0.0080000014623216
v -0.012000101999999997 -0.0128 0.0080000014623216
v -0.014262821999999998 -0.013737280000000001 5.015687996486929e-10
v -0.014262821999999998 -0.013737280000000001 0.0080000014623216
v -0.014956581999999998 -0.014775360000000001 4.409183996911735e-10
v -0.014956581999999998 -0.014775360000000001 0.0080000014623216
v -0.015200101999999998 -0.016 4.1962919970608477e-10
v -0.015200101999999998 -0.016 0.0080000014623216
v -0.014956581999999998 -0.01722464 4.409183996911735e-10
v -0.014956581999999998 -0.01722464 0.0080000014623216
v -0.014262821999999998 -0.01826272 5.015687996486929e-10
v -0.014262821999999998 -0.01826272 0.0080000014623216
v -0.013224741999999998 -0.01895648 5.923207995851289e-10
v -0.013224741999999998 -0.01895648 0.0080000014623216
v -0.012000101999999997 -0.0192 6.993819995101413e-10
v -0.012000101999999997 -0.0192 0.0080000014623216
v -0.010775461999999998 -0.01895648 8.064435994351537e-10
v -0.010775461999999998 -0.01895648 0.0080000014623216
v -0.009737381999999998 -0.01826272 8.971955993715898e-10
v -0.009737381999999998 -0.01826272 0.0080000014623216
v -0.009043621999999998 -0.01722464 9.57845999329109e-10
v -0.009043621999999998 -0.01722464 0.0080000014623216
v -0.008800101999999999 -0.016 9.79135199314198e-10
v -0.008800101999999997 -0.016 0.0080000014623216
v -0.009043621999999998 -0.014775360000000001 9.57845999329109e-10
v -0.009043621999999998 -0.014775360000000001 0.0080000014623216
v -0.009737381999999998 -0.013737280000000001 8.971955993715898e-10
v -0.009737381999999998 -0.013737280000000001 0.0080000014623216
v -0.010775461999999998 -0.013043520000000003 8.064435994351537e-10
v -0.010775461999999998 -0.013043520000000003 0.0080000014623216
v -0.015200101999999998 -0.016 4.1962919970608477e-10
v -0.014400101999999998 -0.016 4.895675996570987e-10
v -0.014217461999999997 -0.01691848 5.055343996459155e-10
v -0.014956581999999998 -0.01722464 4.409183996911735e-10
v -0.013697141999999997 -0.01769704 5.510219996140551e-10
v -0.014262821999999998 -0.01826272 5.015687996486929e-10
v -0.012918581999999996 -0.018217360000000002 6.190859995663819e-10
v -0.013224741999999998 -0.01895648 5.923207995851289e-10
v -0.012000101999999997 -0.0184 6.993819995101413e-10
v -0.012000101999999997 -0.0192 6.993819995101413e-10
v -0.011081621999999998 -0.018217360000000002 7.796783994539007e-10
v -0.010775461999999998 -0.01895648 8.064435994351537e-10
v -0.010303061999999997 -0.01769704 8.477419994062276e-10
v -0.009737381999999998 -0.01826272 8.971955993715898e-10
v -0.009782741999999997 -0.01691848 8.932299993743673e-10
v -0.009043621999999998 -0.01722464 9.57845999329109e-10
v -0.009600101999999998 -0.016 9.091967993631837e-10
v -0.008800101999999999 -0.016 9.79135199314198e-10
v -0.009782741999999997 -0.015081520000000003 8.932299993743673e-10
v -0.009043621999999998 -0.014775360000000001 9.57845999329109e-10
v -0.010303061999999998 -0.01430296 8.477419994062276e-10
v -0.009737381999999998 -0.013737280000000001 8.971955993715898e-10
v -0.011081621999999998 -0.013782640000000002 7.796783994539007e-10
v -0.010775461999999998 -0.013043520000000003 8.064435994351537e-10
v -0.012000101999999997 -0.013600000000000001 6.993819995101413e-10
v -0.012000101999999997 -0.0128 6.993819995101413e-10
v -0.012918581999999996 -0.013782640000000002 6.190859995663819e-10
v -0.013224741999999998 -0.013043520000000003 5.923207995851289e-10
v -0.013697141999999997 -0.01430296 5.510219996140551e-10
v -0.014262821999999998 -0.013737280000000001 5.015687996486929e-10
v -0.014217461999999997 -0.015081520000000003 5.055343996459155e-10
v -0.014956581999999998 -0.014775360000000001 4.409183996911735e-10
v -0.012000101999999997 -0.0216 6.993819995101413e-10
v -0.012918581999999996 -0.02178264 6.190859995663819e-10
v -0.012918581999999996 -0.02178264 0.0080000014623216
v -0.012000101999999997 -0.0216 0.0080000014623216
v -0.013697141999999997 -0.02230296 5.510219996140551e-10
v -0.013697141999999997 -0.02230296 0.0080000014623216
v -0.014217461999999997 -0.02308152 5.055343996459155e-10
v -0.014217461999999997 -0.02308152 0.0080000014623216
v -0.014400101999999998 -0.024 4.895675996570987e-10
v -0.014400101999999998 -0.024 0.0080000014623216
v -0.014217461999999997 -0.02491848 5.055343996459155e-10
v -0.014217461999999997 -0.02491848 0.0080000014623216
v -0.013697141999999997 -0.025697039999999997 5.510219996140551e-10
v -0.013697141999999997 -0.025697039999999997 0.0080000014623216
v -0.012918581999999996 -0.026217360000000002 6.190859995663819e-10
v -0.012918581999999996 -0.026217360000000002 0.0080000014623216
v -0.012000101999999997 -0.026400000000000003 6.993819995101413e-10
v -0.012000101999999997 -0.026400000000000003 0.0080000014623216
v -0.011081621999999998 -0.026217360000000002 7.796783994539007e-10
v -0.011081621999999998 -0.026217360000000002 0.0080000014623216
v -0.010303061999999997 -0.025697039999999997 8.477419994062276e-10
v -0.010303061999999997 -0.025697039999999997 0.0080000014623216
v -0.009782741999999997 -0.02491848 8.932299993743673e-10
v -0.009782741999999997 -0.02491848 0.0080000014623216
v -0.009600101999999998 -0.024 9.091967993631837e-10
v -0.009600101999999998 -0.024 0.0080000014623216
v -0.009782741999999997 -0.02308152 8.932299993743673e-10
v -0.009782741999999997 -0.02308152 0.0080000014623216
v -0.010303061999999997 -0.02230296 8.477419994062276e-10
v -0.010303061999999997 -0.02230296 0.0080000014623216
v -0.011081621999999998 -0.02178264 7.796783994539007e-10
v -0.011081621999999998 -0.02178264 0.0080000014623216
v -0.012000101999999997 -0.020800000000000003 6.993819995101413e-10
v -0.013224741999999998 -0.02104352 5.923207995851289e-10
v -0.013224741999999998 -0.02104352 0.0080000014623216
v -0.012000101999999997 -0.020800000000000003 0.0080000014623216
v -0.014262821999999998 -0.02173728 5.015687996486929e-10
v -0.014262821999999998 -0.02173728 0.0080000014623216
v -0.014956581999999998 -0.02277536 4.409183996911735e-10
v -0.014956581999999998 -0.02277536 0.0080000014623216
v -0.015200101999999998 -0.024 4.1962919970608477e-10
v -0.015200101999999998 -0.024 0.0080000014623216
v -0.014956581999999998 -0.02522464 4.409183996911735e-10
v -0.014956581999999998 -0.02522464 0.0080000014623216
v -0.014262821999999998 -0.026262720000000003 5.015687996486929e-10
v -0.014262821999999998 -0.026262720000000003 0.0080000014623216
v -0.013224741999999998 -0.026956479999999998 5.923207995851289e-10
v -0.013224741999999996 -0.026956479999999998 0.0080000014623216
v -0.012000101999999997 -0.027200000000000002 6.993819995101413e-10
v -0.012000101999999995 -0.027200000000000002 0.0080000014623216
v -0.010775461999999998 -0.026956479999999998 8.064435994351537e-10
v -0.010775461999999996 -0.026956479999999998 0.0080000014623216
v -0.009737381999999998 -0.026262720000000003 8.971955993715898e-10
v -0.009737381999999998 -0.026262720000000003 0.0080000014623216
v -0.009043621999999998 -0.02522464 9.57845999329109e-10
v -0.009043621999999998 -0.02522464 0.0080000014623216
v -0.008800101999999997 -0.024 9.79135199314198e-10
v -0.008800101999999997 -0.024 0.0080000014623216
v -0.009043621999999998 -0.02277536 9.57845999329109e-10
v -0.009043621999999998 -0.02277536 0.0080000014623216
v -0.009737381999999998 -0.02173728 8.971955993715898e-10
v -0.009737381999999998 -0.02173728 0.0080000014623216
v -0.010775461999999998 -0.02104352 8.064435994351537e-10
v -0.010775461999999998 -0.02104352 0.0080000014623216
v -0.015200101999999998 -0.024 4.1962919970608477e-10
v -0.014400101999999998 -0.024 4.895675996570987e-10
v -0.014217461999999997 -0.02491848 5.055343996459155e-10
v -0.014956581999999998 -0.02522464 4.409183996911735e-10
v -0.013697141999999997 -0.025697039999999997 5.510219996140551e-10
v -0.014262821999999998 -0.026262720000000003 5.015687996486929e-10
v -0.012918581999999996 -0.026217360000000002 6.190859995663819e-10
v -0.013224741999999998 -0.026956479999999998 5.923207995851289e-10
v -0.012000101999999997 -0.026400000000000003 6.993819995101413e-10
v -0.012000101999999997 -0.027200000000000002 6.993819995101413e-10
v -0.011081621999999998 -0.026217360000000002 7.796783994539007e-10
v -0.010775461999999998 -0.026956479999999998 8.064435994351537e-10
v -0.010303061999999997 -0.025697039999999997 8.477419994062276e-10
v -0.009737381999999998 -0.026262720000000003 8.971955993715898e-10
v -0.009782741999999997 -0.02491848 8.932299993743673e-10
v -0.009043621999999998 -0.02522464 9.57845999329109e-10
v -0.009600101999999998 -0.024 9.091967993631837e-10
v -0.008800101999999997 -0.024 9.79135199314198e-10
v -0.009782741999999997 -0.02308152 8.932299993743673e-10
v -0.009043621999999998 -0.02277536 9.57845999329109e-10
v -0.010303061999999997 -0.02230296 8.477419994062276e-10
v -0.009737381999999998 -0.02173728 8.971955993715898e-10
v -0.011081621999999998 -0.02178264 7.796783994539007e-10
v -0.010775461999999998 -0.02104352 8.064435994351537e-10
v -0.012000101999999997 -0.0216 6.993819995101413e-10
v -0.012000101999999997 -0.020800000000000003 6.993819995101413e-10
v -0.012918581999999996 -0.02178264 6.190859995663819e-10
v -0.013224741999999998 -0.02104352 5.923207995851289e-10
v -0.013697141999999997 -0.02230296 5.510219996140551e-10
v -0.014262821999999998 -0.02173728 5.015687996486929e-10
v -0.014217461999999997 -0.02308152 5.055343996459155e-10
v -0.014956581999999998 -0.02277536 4.409183996911735e-10
v -0.005600102399999997 -0.0304 0.0080000014623216
v -0.0056001023999999976 -0.0016 0.0080000014623216
v -0.018400101999999998 -0.001600000000000001 0.0080000014623216
v -0.018400101999999998 -0.0304 0.0080000014623216
v -0.018400101999999998 -0.001600000000000001 0.0080000014623216
v -0.018400101999999998 -0.001600000000000001 1.3987639990202816e-10
v -0.018400101999999998 -0.0304 1.3987639990202816e-10
v -0.018400101999999998 -0.0304 0.0080000014623216
v -0.018400101999999998 -0.0304 0.0080000014623216
v -0.018400101999999998 -0.0304 1.3987639990202816e-10
v -0.0056001019999999966 -0.0304 1.2588879191182544e-09
v -0.005600102399999997 -0.0304 0.0080000014623216
v -0.005600102399999997 -0.0304 0.0080000014623216
v -0.0056001019999999966 -0.0304 1.2588879191182544e-09
v -0.005600101999999998 -0.0016 1.2588879191182544e-09
v -0.0056001023999999976 -0.0016 0.0080000014623216
v -0.0056001023999999976 -0.0016 0.0080000014623216
v -0.005600101999999998 -0.0016 1.2588879191182544e-09
v -0.018400101999999998 -0.001600000000000001 1.3987639990202816e-10
v -0.018400101999999998 -0.001600000000000001 0.0080000014623216
v -0.020000101999999992 -0.032 0.0
v -0.018400101999999998 -0.0304 1.3987639990202816e-10
v -0.018400101999999998 -0.001600000000000001 1.3987639990202816e-10
v -0.020000102000000002 -9.797174393178827e-19 0.0
v -0.004000101923680797 -0.032 1.3987643590202825e-09
v -0.0056001019999999966 -0.0304 1.2588879191182544e-09
v -0.004000101923680799 4.673203199674334e-27 1.3987643590202825e-09
v -0.005600101999999998 -0.0016 1.2588879191182544e-09
v -0.004000102762939596 -0.032 0.0096000014623216
v -0.004000102762939598 -4.671657691814387e-26 0.0096000014623216
v -0.020000102000000002 -9.797174393178827e-19 0.009600001462321602
v -0.020000101999999992 -0.032 0.009600001462321602
v -0.004000102762939598 -4.671657691814387e-26 0.0096000014623216
v -0.004000101923680799 4.673203199674334e-27 1.3987643590202825e-09
v -0.020000102000000002 -9.797174393178827e-19 0.0
v -0.020000102000000002 -9.797174393178827e-19 0.009600001462321602
v -0.020000101999999992 -0.032 0.009600001462321602
v -0.020000101999999992 -0.032 0.0
v -0.004000101923680797 -0.032 1.3987643590202825e-09
v -0.004000102762939596 -0.032 0.0096000014623216
v -0.016000102 -0.001600000000000001 0.009600001462321602
v -0.016918581999999998 -0.0017826400000000007 0.009600001462321602
v -0.016918581999999998 -0.0017826400000000007 0.0112000014623216
v -0.016000102 -0.001600000000000001 0.0112000014623216
v -0.017697142000000003 -0.0023029604000000007 0.009600001462321602
v -0.017697142000000003 -0.0023029604000000007 0.0112000014623216
v -0.018217461999999997 -0.003081520000000001 0.009600001462321602
v -0.018217461999999997 -0.003081520000000001 0.0112000014623216
v -0.018400101999999998 -0.004000000000000001 0.009600001462321602
v -0.018400101999999998 -0.004000000000000001 0.0112000014623216
v -0.018217461999999997 -0.004918480000000001 0.009600001462321602
v -0.018217461999999997 -0.004918480000000001 0.0112000014623216
v -0.017697142000000003 -0.005697040000000001 0.009600001462321602
v -0.017697142000000003 -0.005697040000000001 0.0112000014623216
v -0.016918581999999998 -0.006217360000000001 0.009600001462321602
v -0.016918581999999998 -0.006217360000000001 0.0112000014623216
v -0.016000102 -0.006400000000000001 0.009600001462321602
v -0.016000102 -0.006400000000000001 0.0112000014623216
v -0.015081622 -0.006217360000000001 0.0096000014623216
v -0.015081622 -0.006217360000000001 0.0112000014623216
v -0.014303061999999998 -0.005697040000000001 0.0096000014623216
v -0.014303061999999998 -0.005697040000000001 0.0112000014623216
v -0.013782741999999999 -0.004918480000000001 0.0096000014623216
v -0.013782741999999999 -0.004918480000000001 0.0112000014623216
v -0.013600101999999996 -0.004000000000000001 0.0096000014623216
v -0.013600101999999996 -0.004000000000000001 0.0112000014623216
v -0.013782741999999999 -0.003081520000000001 0.0096000014623216
v -0.013782741999999999 -0.003081520000000001 0.0112000014623216
v -0.014303061999999998 -0.0023029604000000007 0.0096000014623216
v -0.014303061999999998 -0.0023029604000000007 0.0112000014623216
v -0.015081622 -0.0017826400000000007 0.0096000014623216
v -0.015081622 -0.0017826400000000007 0.0112000014623216
v -0.016918581999999998 -0.0017826400000000007 0.0112000014623216
v -0.016000102 -0.001600000000000001 0.0112000014623216
v -0.016000102 -0.004000000000000001 0.0112000014623216
v -0.017697142000000003 -0.0023029604000000007 0.0112000014623216
v -0.018217461999999997 -0.003081520000000001 0.0112000014623216
v -0.018400101999999998 -0.004000000000000001 0.0112000014623216
v -0.018217461999999997 -0.004918480000000001 0.0112000014623216
v -0.017697142000000003 -0.005697040000000001 0.0112000014623216
v -0.016918581999999998 -0.006217360000000001 0.0112000014623216
v -0.016000102 -0.006400000000000001 0.0112000014623216
v -0.015081622 -0.006217360000000001 0.0112000014623216
v -0.014303061999999998 -0.005697040000000001 0.0112000014623216
v -0.013782741999999999 -0.004918480000000001 0.0112000014623216
v -0.013600101999999996 -0.004000000000000001 0.0112000014623216
v -0.013782741999999999 -0.003081520000000001 0.0112000014623216
v -0.014303061999999998 -0.0023029604000000007 0.0112000014623216
v -0.015081622 -0.0017826400000000007 0.0112000014623216
v -0.016000102 -0.009600000000000003 0.009600001462321602
v -0.016918581999999998 -0.009782640000000002 0.009600001462321602
v -0.016918581999999998 -0.009782640000000002 0.0112000014623216
v -0.016000102 -0.009600000000000003 0.0112000014623216
v -0.017697142000000003 -0.010302960000000002 0.009600001462321602
v -0.017697142000000003 -0.010302960000000002 0.0112000014623216
v -0.018217461999999997 -0.011081520000000003 0.009600001462321602
v -0.018217461999999997 -0.011081520000000003 0.0112000014623216
v -0.018400101999999998 -0.012000000000000002 0.009600001462321602
v -0.018400101999999998 -0.012000000000000002 0.0112000014623216
v -0.018217461999999997 -0.01291848 0.009600001462321602
v -0.018217461999999997 -0.01291848 0.0112000014623216
v -0.017697141999999996 -0.013697040000000002 0.009600001462321602
v -0.017697141999999996 -0.013697040000000002 0.0112000014623216
v -0.016918581999999995 -0.014217359999999998 0.009600001462321602
v -0.016918581999999995 -0.014217359999999998 0.0112000014623216
v -0.016000102 -0.0144 0.009600001462321602
v -0.016000102 -0.0144 0.0112000014623216
v -0.015081622 -0.014217359999999998 0.0096000014623216
v -0.015081622 -0.014217359999999998 0.0112000014623216
v -0.014303061999999998 -0.013697040000000002 0.0096000014623216
v -0.014303061999999998 -0.013697040000000002 0.0112000014623216
v -0.013782741999999999 -0.01291848 0.0096000014623216
v -0.013782741999999999 -0.01291848 0.0112000014623216
v -0.013600101999999996 -0.012 0.0096000014623216
v -0.013600101999999996 -0.012 0.0112000014623216
v -0.013782741999999999 -0.011081520000000001 0.0096000014623216
v -0.013782741999999999 -0.011081520000000001 0.0112000014623216
v -0.014303061999999998 -0.010302960000000002 0.0096000014623216
v -0.014303061999999998 -0.010302960000000002 0.0112000014623216
v -0.015081622 -0.009782640000000002 0.0096000014623216
v -0.015081622 -0.009782640000000002 0.0112000014623216
v -0.016918581999999998 -0.009782640000000002 0.0112000014623216
v -0.016000102 -0.009600000000000003 0.0112000014623216
v -0.016000102 -0.012000000000000002 0.0112000014623216
v -0.017697142000000003 -0.010302960000000002 0.0112000014623216
v -0.018217461999999997 -0.011081520000000003 0.0112000014623216
v -0.018400101999999998 -0.012000000000000002 0.0112000014623216
v -0.018217461999999997 -0.01291848 0.0112000014623216
v -0.017697141999999996 -0.013697040000000002 0.0112000014623216
v -0.016918581999999995 -0.014217359999999998 0.0112000014623216
v -0.016000102 -0.0144 0.0112000014623216
v -0.015081622 -0.014217359999999998 0.0112000014623216
v -0.014303061999999998 -0.013697040000000002 0.0112000014623216
v -0.013782741999999999 -0.01291848 0.0112000014623216
v -0.013600101999999996 -0.012 0.0112000014623216
v -0.013782741999999999 -0.011081520000000001 0.0112000014623216
v -0.014303061999999998 -0.010302960000000002 0.0112000014623216
v -0.015081622 -0.009782640000000002 0.0112000014623216
v -0.016000102 -0.0176 0.009600001462321602
v -0.016918581999999995 -0.017782640000000002 0.009600001462321602
v -0.016918581999999995 -0.017782640000000002 0.0112000014623216
v -0.016000102 -0.0176 0.0112000014623216
v -0.017697141999999996 -0.01830296 0.009600001462321602
v -0.017697141999999996 -0.01830296 0.0112000014623216
v -0.018217461999999997 -0.01908152 0.009600001462321602
v -0.018217461999999997 -0.01908152 0.0112000014623216
v -0.018400101999999998 -0.02 0.009600001462321602
v -0.018400101999999998 -0.02 0.0112000014623216
v -0.018217461999999997 -0.020918480000000003 0.009600001462321602
v -0.018217461999999997 -0.020918480000000003 0.0112000014623216
v -0.017697141999999996 -0.021697040000000004 0.009600001462321602
v -0.017697141999999996 -0.021697040000000004 0.0112000014623216
v -0.016918581999999995 -0.02221736 0.009600001462321602
v -0.016918581999999995 -0.02221736 0.0112000014623216
v -0.016000102 -0.022400000000000003 0.009600001462321602
v -0.016000102 -0.022400000000000003 0.0112000014623216
v -0.015081622 -0.02221736 0.0096000014623216
v -0.015081622 -0.02221736 0.0112000014623216
v -0.014303061999999998 -0.021697040000000004 0.0096000014623216
v -0.014303061999999998 -0.021697040000000004 0.0112000014623216
v -0.013782741999999999 -0.020918480000000003 0.0096000014623216
v -0.013782741999999999 -0.020918480000000003 0.0112000014623216
v -0.013600101999999996 -0.02 0.0096000014623216
v -0.013600101999999996 -0.02 0.0112000014623216
v -0.013782741999999999 -0.01908152 0.0096000014623216
v -0.013782741999999999 -0.01908152 0.0112000014623216
v -0.014303061999999998 -0.01830296 0.0096000014623216
v -0.014303061999999998 -0.01830296 0.0112000014623216
v -0.015081622 -0.017782640000000002 0.0096000014623216
v -0.015081622 -0.017782640000000002 0.0112000014623216
v -0.016918581999999995 -0.017782640000000002 0.0112000014623216
v -0.016000102 -0.0176 0.0112000014623216
v -0.016000102 -0.02 0.0112000014623216
v -0.017697141999999996 -0.01830296 0.0112000014623216
v -0.018217461999999997 -0.01908152 0.0112000014623216
v -0.018400101999999998 -0.02 0.0112000014623216
v -0.018217461999999997 -0.020918480000000003 0.0112000014623216
v -0.017697141999999996 -0.021697040000000004 0.0112000014623216
v -0.016918581999999995 -0.02221736 0.0112000014623216
v -0.016000102 -0.022400000000000003 0.0112000014623216
v -0.015081622 -0.02221736 0.0112000014623216
v -0.014303061999999998 -0.021697040000000004 0.0112000014623216
v -0.013782741999999999 -0.020918480000000003 0.0112000014623216
v -0.013600101999999996 -0.02 0.0112000014623216
v -0.013782741999999999 -0.01908152 0.0112000014623216
v -0.014303061999999998 -0.01830296 0.0112000014623216
v -0.015081622 -0.017782640000000002 0.0112000014623216
v -0.016000101999999995 -0.0256 0.009600001462321602
v -0.016918581999999995 -0.02578264 0.009600001462321602
v -0.016918581999999995 -0.02578264 0.0112000014623216
v -0.016000101999999995 -0.0256 0.0112000014623216
v -0.017697141999999996 -0.026302960000000004 0.009600001462321602
v -0.017697141999999996 -0.026302960000000004 0.0112000014623216
v -0.018217461999999997 -0.02708152 0.009600001462321602
v -0.018217461999999997 -0.02708152 0.0112000014623216
v -0.018400101999999998 -0.028000000000000004 0.009600001462321602
v -0.018400101999999998 -0.028000000000000004 0.0112000014623216
v -0.018217461999999997 -0.02891848 0.009600001462321602
v -0.018217461999999997 -0.02891848 0.0112000014623216
v -0.017697141999999996 -0.029697039999999997 0.009600001462321602
v -0.017697141999999996 -0.029697039999999997 0.0112000014623216
v -0.016918581999999995 -0.030217360000000002 0.009600001462321602
v -0.016918581999999995 -0.030217360000000002 0.0112000014623216
v -0.016000101999999995 -0.0304 0.009600001462321602
v -0.016000101999999995 -0.0304 0.0112000014623216
v -0.015081621999999998 -0.030217360000000002 0.0096000014623216
v -0.015081621999999998 -0.030217360000000002 0.0112000014623216
v -0.014303061999999995 -0.029697039999999997 0.0096000014623216
v -0.014303061999999995 -0.029697039999999997 0.0112000014623216
v -0.013782741999999997 -0.02891848 0.0096000014623216
v -0.013782741999999997 -0.02891848 0.0112000014623216
v -0.013600101999999996 -0.028000000000000004 0.0096000014623216
v -0.013600101999999996 -0.028000000000000004 0.0112000014623216
v -0.013782741999999997 -0.02708152 0.0096000014623216
v -0.013782741999999997 -0.02708152 0.0112000014623216
v -0.014303061999999995 -0.026302960000000004 0.0096000014623216
v -0.014303061999999995 -0.026302960000000004 0.0112000014623216
v -0.015081621999999998 -0.02578264 0.0096000014623216
v -0.015081621999999998 -0.02578264 0.0112000014623216
v -0.016918581999999995 -0.02578264 0.0112000014623216
v -0.016000101999999995 -0.0256 0.0112000014623216
v -0.016000101999999995 -0.028000000000000004 0.0112000014623216
v -0.017697141999999996 -0.026302960000000004 0.0112000014623216
v -0.018217461999999997 -0.02708152 0.0112000014623216
v -0.018400101999999998 -0.028000000000000004 0.0112000014623216
v -0.018217461999999997 -0.02891848 0.0112000014623216
v -0.017697141999999996 -0.029697039999999997 0.0112000014623216
v -0.016918581999999995 -0.030217360000000002 0.0112000014623216
v -0.016000101999999995 -0.0304 0.0112000014623216
v -0.015081621999999998 -0.030217360000000002 0.0112000014623216
v -0.014303061999999995 -0.029697039999999997 0.0112000014623216
v -0.013782741999999997 -0.02891848 0.0112000014623216
v -0.013600101999999996 -0.028000000000000004 0.0112000014623216
v -0.013782741999999997 -0.02708152 0.0112000014623216
v -0.014303061999999995 -0.026302960000000004 0.0112000014623216
v -0.015081621999999998 -0.02578264 0.0112000014623216
v -0.008000101999999999 -0.0016000000000000003 0.0096000014623216
v -0.008918581999999998 -0.0017826400000000003 0.0096000014623216
v -0.008918581999999998 -0.0017826400000000003 0.0112000014623216
v -0.008000101999999999 -0.0016000000000000003 0.0112000014623216
v -0.009697141999999997 -0.0023029604000000003 0.0096000014623216
v -0.009697141999999997 -0.0023029604000000003 0.0112000014623216
v -0.010217462 -0.0030815200000000004 0.0096000014623216
v -0.010217462 -0.0030815200000000004 0.0112000014623216
v -0.010400101999999998 -0.004000000000000001 0.0096000014623216
v -0.010400101999999998 -0.004000000000000001 0.0112000014623216
v -0.010217462 -0.004918480000000001 0.0096000014623216
v -0.010217462 -0.004918480000000001 0.0112000014623216
v -0.009697141999999997 -0.00569704 0.0096000014623216
v -0.009697141999999997 -0.00569704 0.0112000014623216
v -0.008918581999999998 -0.006217360000000001 0.0096000014623216
v -0.008918581999999998 -0.006217360000000001 0.0112000014623216
v -0.008000101999999999 -0.0064 0.0096000014623216
v -0.008000101999999999 -0.0064 0.0112000014623216
v -0.007081622799999999 -0.006217360000000001 0.0096000014623216
v -0.007081623199999998 -0.006217360000000001 0.0112000014623216
v -0.006303062799999998 -0.00569704 0.0096000014623216
v -0.006303063199999998 -0.00569704 0.0112000014623216
v -0.005782742799999998 -0.004918480000000001 0.0096000014623216
v -0.005782743199999998 -0.004918480000000001 0.0112000014623216
v -0.005600102799999998 -0.004 0.0096000014623216
v -0.005600102799999998 -0.004 0.0112000014623216
v -0.005782742799999998 -0.0030815200000000004 0.0096000014623216
v -0.005782743199999998 -0.0030815200000000004 0.0112000014623216
v -0.006303062799999998 -0.0023029604000000003 0.0096000014623216
v -0.006303063199999999 -0.0023029604000000003 0.0112000014623216
v -0.007081622799999999 -0.0017826400000000003 0.0096000014623216
v -0.007081623199999998 -0.0017826400000000003 0.0112000014623216
v -0.008918581999999998 -0.0017826400000000003 0.0112000014623216
v -0.008000101999999999 -0.0016000000000000003 0.0112000014623216
v -0.008000101999999999 -0.004 0.0112000014623216
v -0.009697141999999997 -0.0023029604000000003 0.0112000014623216
v -0.010217462 -0.0030815200000000004 0.0112000014623216
v -0.010400101999999998 -0.004000000000000001 0.0112000014623216
v -0.010217462 -0.004918480000000001 0.0112000014623216
v -0.009697141999999997 -0.00569704 0.0112000014623216
v -0.008918581999999998 -0.006217360000000001 0.0112000014623216
v -0.008000101999999999 -0.0064 0.0112000014623216
v -0.007081623199999998 -0.006217360000000001 0.0112000014623216
v -0.006303063199999998 -0.00569704 0.0112000014623216
v -0.005782743199999998 -0.004918480000000001 0.0112000014623216
v -0.005600102799999998 -0.004 0.0112000014623216
v -0.005782743199999998 -0.0030815200000000004 0.0112000014623216
v -0.006303063199999999 -0.0023029604000000003 0.0112000014623216
v -0.007081623199999998 -0.0017826400000000003 0.0112000014623216
v -0.008000101999999999 -0.0096 0.0096000014623216
v -0.008918581999999998 -0.009782640000000002 0.0096000014623216
v -0.008918581999999998 -0.009782640000000002 0.0112000014623216
v -0.008000101999999999 -0.0096 0.0112000014623216
v -0.009697141999999997 -0.010302960000000002 0.0096000014623216
v -0.009697141999999997 -0.010302960000000002 0.0112000014623216
v -0.010217461999999997 -0.011081520000000001 0.0096000014623216
v -0.010217461999999997 -0.011081520000000001 0.0112000014623216
v -0.010400101999999998 -0.012 0.0096000014623216
v -0.010400101999999998 -0.012 0.0112000014623216
v -0.010217461999999997 -0.01291848 0.0096000014623216
v -0.010217461999999997 -0.01291848 0.0112000014623216
v -0.009697141999999997 -0.013697040000000002 0.0096000014623216
v -0.009697141999999997 -0.013697040000000002 0.0112000014623216
v -0.008918581999999998 -0.014217359999999998 0.0096000014623216
v -0.008918581999999998 -0.014217359999999998 0.0112000014623216
v -0.008000101999999999 -0.0144 0.0096000014623216
v -0.008000101999999999 -0.0144 0.0112000014623216
v -0.007081622799999997 -0.014217359999999998 0.0096000014623216
v -0.007081623199999998 -0.014217359999999998 0.0112000014623216
v -0.006303062799999997 -0.013697040000000002 0.0096000014623216
v -0.006303063199999998 -0.013697040000000002 0.0112000014623216
v -0.005782742799999998 -0.01291848 0.0096000014623216
v -0.005782743199999998 -0.01291848 0.0112000014623216
v -0.005600102799999998 -0.012 0.0096000014623216
v -0.005600102799999998 -0.012 0.0112000014623216
v -0.005782742799999998 -0.011081520000000001 0.0096000014623216
v -0.005782743199999998 -0.011081520000000001 0.0112000014623216
v -0.006303062799999998 -0.010302960000000002 0.0096000014623216
v -0.006303063199999998 -0.010302960000000002 0.0112000014623216
v -0.007081622799999999 -0.009782640000000002 0.0096000014623216
v -0.007081623199999998 -0.009782640000000002 0.0112000014623216
v -0.008918581999999998 -0.009782640000000002 0.0112000014623216
v -0.008000101999999999 -0.0096 0.0112000014623216
v -0.008000101999999999 -0.012 0.0112000014623216
v -0.009697141999999997 -0.010302960000000002 0.0112000014623216
v -0.010217461999999997 -0.011081520000000001 0.0112000014623216
v -0.010400101999999998 -0.012 0.0112000014623216
v -0.010217461999999997 -0.01291848 0.0112000014623216
v -0.009697141999999997 -0.013697040000000002 0.0112000014623216
v -0.008918581999999998 -0.014217359999999998 0.0112000014623216
v -0.008000101999999999 -0.0144 0.0112000014623216
v -0.007081623199999998 -0.014217359999999998 0.0112000014623216
v -0.006303063199999998 -0.013697040000000002 0.0112000014623216
v -0.005782743199999998 -0.01291848 0.0112000014623216
v -0.005600102799999998 -0.012 0.0112000014623216
v -0.005782743199999998 -0.011081520000000001 0.0112000014623216
v -0.006303063199999998 -0.010302960000000002 0.0112000014623216
v -0.007081623199999998 -0.009782640000000002 0.0112000014623216
v -0.008000101999999999 -0.0176 0.0096000014623216
v -0.008918581999999998 -0.017782640000000002 0.0096000014623216
v -0.008918581999999998 -0.017782640000000002 0.0112000014623216
v -0.008000101999999999 -0.0176 0.0112000014623216
v -0.009697141999999997 -0.01830296 0.0096000014623216
v -0.009697141999999997 -0.01830296 0.0112000014623216
v -0.010217461999999997 -0.01908152 0.0096000014623216
v -0.010217461999999997 -0.01908152 0.0112000014623216
v -0.010400101999999998 -0.02 0.0096000014623216
v -0.010400101999999998 -0.02 0.0112000014623216
v -0.010217461999999997 -0.020918480000000003 0.0096000014623216
v -0.010217461999999997 -0.020918480000000003 0.0112000014623216
v -0.009697141999999997 -0.021697040000000004 0.0096000014623216
v -0.009697141999999997 -0.021697040000000004 0.0112000014623216
v -0.008918581999999998 -0.02221736 0.0096000014623216
v -0.008918581999999998 -0.02221736 0.0112000014623216
v -0.008000101999999997 -0.022400000000000003 0.0096000014623216
v -0.008000101999999997 -0.022400000000000003 0.0112000014623216
v -0.007081622799999997 -0.02221736 0.0096000014623216
v -0.007081623199999997 -0.02221736 0.0112000014623216
v -0.006303062799999997 -0.021697040000000004 0.0096000014623216
v -0.006303063199999997 -0.021697040000000004 0.0112000014623216
v -0.005782742799999997 -0.020918480000000003 0.0096000014623216
v -0.0057827431999999965 -0.020918480000000003 0.0112000014623216
v -0.005600102799999998 -0.02 0.0096000014623216
v -0.005600102799999998 -0.02 0.0112000014623216
v -0.005782742799999997 -0.01908152 0.0096000014623216
v -0.0057827431999999965 -0.01908152 0.0112000014623216
v -0.006303062799999997 -0.01830296 0.0096000014623216
v -0.006303063199999997 -0.01830296 0.0112000014623216
v -0.007081622799999997 -0.017782640000000002 0.0096000014623216
v -0.007081623199999997 -0.017782640000000002 0.0112000014623216
v -0.008918581999999998 -0.017782640000000002 0.0112000014623216
v -0.008000101999999999 -0.0176 0.0112000014623216
v -0.008000101999999997 -0.02 0.0112000014623216
v -0.009697141999999997 -0.01830296 0.0112000014623216
v -0.010217461999999997 -0.01908152 0.0112000014623216
v -0.010400101999999998 -0.02 0.0112000014623216
v -0.010217461999999997 -0.020918480000000003 0.0112000014623216
v -0.009697141999999997 -0.021697040000000004 0.0112000014623216
v -0.008918581999999998 -0.02221736 0.0112000014623216
v -0.008000101999999997 -0.022400000000000003 0.0112000014623216
v -0.007081623199999997 -0.02221736 0.0112000014623216
v -0.006303063199999997 -0.021697040000000004 0.0112000014623216
v -0.0057827431999999965 -0.020918480000000003 0.0112000014623216
v -0.005600102799999998 -0.02 0.0112000014623216
v -0.0057827431999999965 -0.01908152 0.0112000014623216
v -0.006303063199999997 -0.01830296 0.0112000014623216
v -0.007081623199999997 -0.017782640000000002 0.0112000014623216
v -0.008000101999999997 -0.0256 0.0096000014623216
v -0.008918581999999998 -0.02578264 0.0096000014623216
v -0.008918581999999998 -0.02578264 0.0112000014623216
v -0.008000101999999997 -0.0256 0.0112000014623216
v -0.009697141999999997 -0.026302960000000004 0.0096000014623216
v -0.009697141999999997 -0.026302960000000004 0.0112000014623216
v -0.010217461999999997 -0.02708152 0.0096000014623216
v -0.010217461999999997 -0.02708152 0.0112000014623216
v -0.010400101999999998 -0.028000000000000004 0.0096000014623216
v -0.010400101999999998 -0.028000000000000004 0.0112000014623216
v -0.010217461999999997 -0.02891848 0.0096000014623216
v -0.010217461999999997 -0.02891848 0.0112000014623216
v -0.009697141999999997 -0.029697039999999997 0.0096000014623216
v -0.009697141999999995 -0.029697039999999997 0.0112000014623216
v -0.008918581999999998 -0.030217360000000002 0.0096000014623216
v -0.008918581999999996 -0.030217360000000002 0.0112000014623216
v -0.008000101999999997 -0.0304 0.0096000014623216
v -0.008000101999999995 -0.0304 0.0112000014623216
v -0.007081622799999996 -0.030217360000000002 0.0096000014623216
v -0.007081623199999996 -0.030217360000000002 0.0112000014623216
v -0.006303062799999997 -0.029697039999999997 0.0096000014623216
v -0.006303063199999997 -0.029697039999999997 0.0112000014623216
v -0.005782742799999996 -0.02891848 0.0096000014623216
v -0.0057827431999999965 -0.02891848 0.0112000014623216
v -0.005600102799999997 -0.028000000000000004 0.0096000014623216
v -0.005600102799999997 -0.028000000000000004 0.0112000014623216
v -0.005782742799999997 -0.02708152 0.0096000014623216
v -0.0057827431999999965 -0.02708152 0.0112000014623216
v -0.006303062799999997 -0.026302960000000004 0.0096000014623216
v -0.006303063199999997 -0.026302960000000004 0.0112000014623216
v -0.007081622799999996 -0.02578264 0.0096000014623216
v -0.007081623199999997 -0.02578264 0.0112000014623216
v -0.008918581999999998 -0.02578264 0.0112000014623216
v -0.008000101999999997 -0.0256 0.0112000014623216
v -0.008000101999999997 -0.028000000000000004 0.0112000014623216
v -0.009697141999999997 -0.026302960000000004 0.0112000014623216
v -0.010217461999999997 -0.02708152 0.0112000014623216
v -0.010400101999999998 -0.028000000000000004 0.0112000014623216
v -0.010217461999999997 -0.02891848 0.0112000014623216
v -0.009697141999999995 -0.029697039999999997 0.0112000014623216
v -0.008918581999999996 -0.030217360000000002 0.0112000014623216
v -0.008000101999999995 -0.0304 0.0112000014623216
v -0.007081623199999996 -0.030217360000000002 0.0112000014623216
v -0.006303063199999997 -0.029697039999999997 0.0112000014623216
v -0.0057827431999999965 -0.02891848 0.0112000014623216
v -0.005600102799999997 -0.028000000000000004 0.0112000014623216
v -0.0057827431999999965 -0.02708152 0.0112000014623216
v -0.006303063199999997 -0.026302960000000004 0.0112000014623216
v -0.007081623199999997 -0.02578264 0.0112000014623216
v -0.004000102762939598 -4.671657691814387e-26 0.0096000014623216
v -0.004000101923680799 4.673203199674334e-27 1.3987643590202825e-09
v -0.004000101923680797 -0.032 1.3987643590202825e-09
v -0.004000102762939596 -0.032 0.0096000014623216
v -0.020000101999999992 -0.032 0.009600001462321602
v -0.020000101999999992 -0.032 0.0
v -0.020000102000000002 -9.797174393178827e-19 0.0
v -0.020000102000000002 -9.797174393178827e-19 0.009600001462321602
v -0.012000101999999999 0.026400000000000003 6.993819995101413e-10
v -0.012918582000000001 0.026217360000000002 6.190859995663819e-10
v -0.012918582000000001 0.026217360000000002 0.0080000014623216
v -0.012000101999999999 0.026400000000000003 0.0080000014623216
v -0.013697142 0.025697039999999997 5.510219996140551e-10
v -0.013697142 0.025697039999999997 0.0080000014623216
v -0.014217462 0.02491848 5.055343996459155e-10
v -0.014217462 0.02491848 0.0080000014623216
v -0.014400102000000001 0.024 4.895675996570987e-10
v -0.014400102000000001 0.024 0.0080000014623216
v -0.014217462 0.02308152 5.055343996459155e-10
v -0.014217462 0.02308152 0.0080000014623216
v -0.013697142 0.02230296 5.510219996140551e-10
v -0.013697142 0.02230296 0.0080000014623216
v -0.012918582000000001 0.02178264 6.190859995663819e-10
v -0.012918582000000001 0.02178264 0.0080000014623216
v -0.012000101999999999 0.0216 6.993819995101413e-10
v -0.012000101999999999 0.0216 0.0080000014623216
v -0.011081622000000003 0.02178264 7.796783994539007e-10
v -0.011081622000000003 0.02178264 0.0080000014623216
v -0.010303062 0.02230296 8.477419994062276e-10
v -0.010303062 0.02230296 0.0080000014623216
v -0.009782742 0.02308152 8.932299993743673e-10
v -0.009782742 0.02308152 0.0080000014623216
v -0.009600102000000001 0.024 9.091967993631837e-10
v -0.009600102 0.024 0.0080000014623216
v -0.009782742 0.02491848 8.932299993743673e-10
v -0.009782742 0.02491848 0.0080000014623216
v -0.010303062 0.025697039999999997 8.477419994062276e-10
v -0.010303062 0.025697039999999997 0.0080000014623216
v -0.011081622000000003 0.026217360000000002 7.796783994539007e-10
v -0.011081622000000003 0.026217360000000002 0.0080000014623216
v -0.012000101999999999 0.027200000000000002 6.993819995101413e-10
v -0.013224741999999998 0.026956479999999998 5.923207995851289e-10
v -0.013224741999999998 0.026956479999999998 0.0080000014623216
v -0.012000101999999999 0.027200000000000002 0.0080000014623216
v -0.014262822 0.026262720000000003 5.015687996486929e-10
v -0.014262822 0.026262720000000003 0.0080000014623216
v -0.014956582000000001 0.02522464 4.409183996911735e-10
v -0.014956582000000001 0.02522464 0.0080000014623216
v -0.015200102 0.024 4.1962919970608477e-10
v -0.015200102 0.024 0.0080000014623216
v -0.014956582000000001 0.02277536 4.409183996911735e-10
v -0.014956582000000001 0.02277536 0.0080000014623216
v -0.014262822 0.02173728 5.015687996486929e-10
v -0.014262822 0.02173728 0.0080000014623216
v -0.013224741999999998 0.02104352 5.923207995851289e-10
v -0.013224741999999998 0.02104352 0.0080000014623216
v -0.012000101999999999 0.020800000000000003 6.993819995101413e-10
v -0.012000101999999999 0.020800000000000003 0.0080000014623216
v -0.010775462 0.02104352 8.064435994351537e-10
v -0.010775462 0.02104352 0.0080000014623216
v -0.009737382000000001 0.02173728 8.971955993715898e-10
v -0.009737382 0.02173728 0.0080000014623216
v -0.009043622 0.02277536 9.57845999329109e-10
v -0.009043622 0.02277536 0.0080000014623216
v -0.008800102 0.024 9.79135199314198e-10
v -0.008800102 0.024 0.0080000014623216
v -0.009043622 0.02522464 9.57845999329109e-10
v -0.009043622 0.02522464 0.0080000014623216
v -0.009737382000000001 0.026262720000000003 8.971955993715898e-10
v -0.009737382000000001 0.026262720000000003 0.0080000014623216
v -0.010775462 0.026956479999999998 8.064435994351537e-10
v -0.010775462 0.026956479999999998 0.0080000014623216
v -0.015200102 0.024 4.1962919970608477e-10
v -0.014400102000000001 0.024 4.895675996570987e-10
v -0.014217462 0.02308152 5.055343996459155e-10
v -0.014956582000000001 0.02277536 4.409183996911735e-10
v -0.013697142 0.02230296 5.510219996140551e-10
v -0.014262822 0.02173728 5.015687996486929e-10
v -0.012918582000000001 0.02178264 6.190859995663819e-10
v -0.013224741999999998 0.02104352 5.923207995851289e-10
v -0.012000101999999999 0.0216 6.993819995101413e-10
v -0.012000101999999999 0.020800000000000003 6.993819995101413e-10
v -0.011081622000000003 0.02178264 7.796783994539007e-10
v -0.010775462 0.02104352 8.064435994351537e-10
v -0.010303062 0.02230296 8.477419994062276e-10
v -0.009737382000000001 0.02173728 8.971955993715898e-10
v -0.009782742 0.02308152 8.932299993743673e-10
v -0.009043622 0.02277536 9.57845999329109e-10
v -0.009600102000000001 0.024 9.091967993631837e-10
v -0.008800102 0.024 9.79135199314198e-10
v -0.009782742 0.02491848 8.932299993743673e-10
v -0.009043622 0.02522464 9.57845999329109e-10
v -0.010303062 0.025697039999999997 8.477419994062276e-10
v -0.009737382000000001 0.026262720000000003 8.971955993715898e-10
v -0.011081622000000003 0.026217360000000002 7.796783994539007e-10
v -0.010775462 0.026956479999999998 8.064435994351537e-10
v -0.012000101999999999 0.026400000000000003 6.993819995101413e-10
v -0.012000101999999999 0.027200000000000002 6.993819995101413e-10
v -0.012918582000000001 0.026217360000000002 6.190859995663819e-10
v -0.013224741999999998 0.026956479999999998 5.923207995851289e-10
v -0.013697142 0.025697039999999997 5.510219996140551e-10
v -0.014262822 0.026262720000000003 5.015687996486929e-10
v -0.014217462 0.02491848 5.055343996459155e-10
v -0.014956582000000001 0.02522464 4.409183996911735e-10
v -0.012000101999999999 0.0184 6.993819995101413e-10
v -0.012918582000000001 0.018217360000000002 6.190859995663819e-10
v -0.012918581999999998 0.018217360000000002 0.0080000014623216
v -0.012000101999999999 0.0184 0.0080000014623216
v -0.013697142 0.01769704 5.510219996140551e-10
v -0.013697141999999997 0.01769704 0.0080000014623216
v -0.014217462 0.01691848 5.055343996459155e-10
v -0.014217461999999998 0.01691848 0.0080000014623216
v -0.014400102000000001 0.016 4.895675996570987e-10
v -0.014400102 0.016 0.0080000014623216
v -0.014217462 0.015081520000000003 5.055343996459155e-10
v -0.014217461999999998 0.015081520000000003 0.0080000014623216
v -0.013697142 0.01430296 5.510219996140551e-10
v -0.013697141999999997 0.01430296 0.0080000014623216
v -0.012918582000000001 0.013782640000000002 6.190859995663819e-10
v -0.012918581999999998 0.013782640000000002 0.0080000014623216
v -0.012000101999999999 0.013600000000000001 6.993819995101413e-10
v -0.012000101999999999 0.013600000000000001 0.0080000014623216
v -0.011081622000000003 0.013782640000000002 7.796783994539007e-10
v -0.011081621999999998 0.013782640000000002 0.0080000014623216
v -0.010303062 0.01430296 8.477419994062276e-10
v -0.010303062 0.01430296 0.0080000014623216
v -0.009782742 0.015081520000000003 8.932299993743673e-10
v -0.009782742 0.015081520000000003 0.0080000014623216
v -0.009600102 0.016 9.091967993631837e-10
v -0.009600102 0.016 0.0080000014623216
v -0.009782742 0.01691848 8.932299993743673e-10
v -0.009782742 0.01691848 0.0080000014623216
v -0.010303062 0.01769704 8.477419994062276e-10
v -0.010303062 0.01769704 0.0080000014623216
v -0.011081622000000003 0.018217360000000002 7.796783994539007e-10
v -0.011081621999999998 0.018217360000000002 0.0080000014623216
v -0.012000101999999999 0.0192 6.993819995101413e-10
v -0.013224741999999998 0.01895648 5.923207995851289e-10
v -0.013224741999999998 0.01895648 0.0080000014623216
v -0.012000101999999999 0.0192 0.0080000014623216
v -0.014262822 0.01826272 5.015687996486929e-10
v -0.014262822 0.01826272 0.0080000014623216
v -0.014956582000000001 0.01722464 4.409183996911735e-10
v -0.014956582000000001 0.01722464 0.0080000014623216
v -0.015200102 0.016 4.1962919970608477e-10
v -0.015200102 0.016 0.0080000014623216
v -0.014956582000000001 0.014775360000000001 4.409183996911735e-10
v -0.014956582000000001 0.014775360000000001 0.0080000014623216
v -0.014262822 0.013737280000000001 5.015687996486929e-10
v -0.014262822 0.013737280000000001 0.0080000014623216
v -0.013224741999999998 0.013043520000000003 5.923207995851289e-10
v -0.013224741999999998 0.013043520000000003 0.0080000014623216
v -0.012000101999999999 0.0128 6.993819995101413e-10
v -0.012000101999999999 0.0128 0.0080000014623216
v -0.010775462 0.013043520000000003 8.064435994351537e-10
v -0.010775462 0.013043520000000003 0.0080000014623216
v -0.009737382 0.013737280000000001 8.971955993715898e-10
v -0.009737382 0.013737280000000001 0.0080000014623216
v -0.009043622 0.014775360000000001 9.57845999329109e-10
v -0.009043622 0.014775360000000001 0.0080000014623216
v -0.008800102 0.016 9.79135199314198e-10
v -0.008800102 0.016 0.0080000014623216
v -0.009043622 0.01722464 9.57845999329109e-10
v -0.009043622 0.01722464 0.0080000014623216
v -0.009737382000000001 0.01826272 8.971955993715898e-10
v -0.009737382 0.01826272 0.0080000014623216
v -0.010775462 0.01895648 8.064435994351537e-10
v -0.010775462 0.01895648 0.0080000014623216
v -0.015200102 0.016 4.1962919970608477e-10
v -0.014400102000000001 0.016 4.895675996570987e-10
v -0.014217462 0.015081520000000003 5.055343996459155e-10
v -0.014956582000000001 0.014775360000000001 4.409183996911735e-10
v -0.013697142 0.01430296 5.510219996140551e-10
v -0.014262822 0.013737280000000001 5.015687996486929e-10
v -0.012918582000000001 0.013782640000000002 6.190859995663819e-10
v -0.013224741999999998 0.013043520000000003 5.923207995851289e-10
v -0.012000101999999999 0.013600000000000001 6.993819995101413e-10
v -0.012000101999999999 0.0128 6.993819995101413e-10
v -0.011081622000000003 0.013782640000000002 7.796783994539007e-10
v -0.010775462 0.013043520000000003 8.064435994351537e-10
v -0.010303062 0.01430296 8.477419994062276e-10
v -0.009737382 0.013737280000000001 8.971955993715898e-10
v -0.009782742 0.015081520000000003 8.932299993743673e-10
v -0.009043622 0.014775360000000001 9.57845999329109e-10
v -0.009600102 0.016 9.091967993631837e-10
v -0.008800102 0.016 9.79135199314198e-10
v -0.009782742 0.01691848 8.932299993743673e-10
v -0.009043622 0.01722464 9.57845999329109e-10
v -0.010303062 0.01769704 8.477419994062276e-10
v -0.009737382000000001 0.01826272 8.971955993715898e-10
v -0.011081622000000003 0.018217360000000002 7.796783994539007e-10
v -0.010775462 0.01895648 8.064435994351537e-10
v -0.012000101999999999 0.0184 6.993819995101413e-10
v -0.012000101999999999 0.0192 6.993819995101413e-10
v -0.012918582000000001 0.018217360000000002 6.190859995663819e-10
v -0.013224741999999998 0.01895648 5.923207995851289e-10
v -0.013697142 0.01769704 5.510219996140551e-10
v -0.014262822 0.01826272 5.015687996486929e-10
v -0.014217462 0.01691848 5.055343996459155e-10
v -0.014956582000000001 0.01722464 4.409183996911735e-10
v -0.012000101999999999 0.010400000000000001 6.993819995101413e-10
v -0.012918581999999998 0.01021736 6.190859995663819e-10
v -0.012918581999999998 0.01021736 0.0080000014623216
v -0.012000101999999999 0.010400000000000001 0.0080000014623216
v -0.013697141999999997 0.00969704 5.510219996140551e-10
v -0.013697141999999997 0.00969704 0.0080000014623216
v -0.014217461999999998 0.00891848 5.055343996459155e-10
v -0.014217461999999998 0.00891848 0.0080000014623216
v -0.014400102 0.008 4.895675996570987e-10
v -0.014400102 0.008 0.0080000014623216
v -0.014217461999999998 0.00708152 5.055343996459155e-10
v -0.014217461999999998 0.00708152 0.0080000014623216
v -0.013697141999999997 0.00630296 5.510219996140551e-10
v -0.013697141999999997 0.00630296 0.0080000014623216
v -0.012918581999999998 0.005782639999999999 6.190859995663819e-10
v -0.012918581999999998 0.005782639999999999 0.0080000014623216
v -0.012000101999999999 0.0056 6.993819995101413e-10
v -0.012000101999999999 0.0056 0.0080000014623216
v -0.011081621999999998 0.005782639999999999 7.796783994539007e-10
v -0.011081621999999998 0.005782639999999999 0.0080000014623216
v -0.010303062 0.00630296 8.477419994062276e-10
v -0.010303062 0.00630296 0.0080000014623216
v -0.009782742 0.00708152 8.932299993743673e-10
v -0.009782741999999999 0.00708152 0.0080000014623216
v -0.009600102 0.008 9.091967993631837e-10
v -0.009600102 0.008 0.0080000014623216
v -0.009782742 0.00891848 8.932299993743673e-10
v -0.009782741999999999 0.00891848 0.0080000014623216
v -0.010303062 0.00969704 8.477419994062276e-10
v -0.010303062 0.00969704 0.0080000014623216
v -0.011081621999999998 0.01021736 7.796783994539007e-10
v -0.011081621999999998 0.01021736 0.0080000014623216
v -0.012000101999999999 0.011200000000000002 6.993819995101413e-10
v -0.013224741999999998 0.010956480000000003 5.923207995851289e-10
v -0.013224741999999998 0.010956480000000003 0.0080000014623216
v -0.012000101999999999 0.011200000000000002 0.0080000014623216
v -0.014262822 0.010262720000000001 5.015687996486929e-10
v -0.014262822 0.010262720000000001 0.0080000014623216
v -0.014956582000000001 0.00922464 4.409183996911735e-10
v -0.014956582000000001 0.00922464 0.0080000014623216
v -0.015200102 0.008 4.1962919970608477e-10
v -0.015200102 0.008 0.0080000014623216
v -0.014956582000000001 0.00677536 4.409183996911735e-10
v -0.014956582000000001 0.00677536 0.0080000014623216
v -0.014262822 0.005737279999999999 5.015687996486929e-10
v -0.014262822 0.005737279999999999 0.0080000014623216
v -0.013224741999999998 0.005043519999999999 5.923207995851289e-10
v -0.013224741999999998 0.005043519999999999 0.0080000014623216
v -0.012000101999999999 0.0048 6.993819995101413e-10
v -0.012000101999999999 0.0048 0.0080000014623216
v -0.010775462 0.005043519999999999 8.064435994351537e-10
v -0.010775462 0.005043519999999999 0.0080000014623216
v -0.009737382 0.00573728 8.971955993715898e-10
v -0.009737382 0.00573728 0.0080000014623216
v -0.009043622 0.00677536 9.57845999329109e-10
v -0.009043622 0.00677536 0.0080000014623216
v -0.008800102 0.008 9.79135199314198e-10
v -0.008800101999999999 0.008 0.0080000014623216
v -0.009043622 0.00922464 9.57845999329109e-10
v -0.009043622 0.00922464 0.0080000014623216
v -0.009737382 0.010262720000000001 8.971955993715898e-10
v -0.009737382 0.010262720000000001 0.0080000014623216
v -0.010775462 0.010956480000000003 8.064435994351537e-10
v -0.010775462 0.010956480000000003 0.0080000014623216
v -0.015200102 0.008 4.1962919970608477e-10
v -0.014400102 0.008 4.895675996570987e-10
v -0.014217461999999998 0.00708152 5.055343996459155e-10
v -0.014956582000000001 0.00677536 4.409183996911735e-10
v -0.013697141999999997 0.00630296 5.510219996140551e-10
v -0.014262822 0.005737279999999999 5.015687996486929e-10
v -0.012918581999999998 0.005782639999999999 6.190859995663819e-10
v -0.013224741999999998 0.005043519999999999 5.923207995851289e-10
v -0.012000101999999999 0.0056 6.993819995101413e-10
v -0.012000101999999999 0.0048 6.993819995101413e-10
v -0.011081621999999998 0.005782639999999999 7.796783994539007e-10
v -0.010775462 0.005043519999999999 8.064435994351537e-10
v -0.010303062 0.00630296 8.477419994062276e-10
v -0.009737382 0.00573728 8.971955993715898e-10
v -0.009782742 0.00708152 8.932299993743673e-10
v -0.009043622 0.00677536 9.57845999329109e-10
v -0.009600102 0.008 9.091967993631837e-10
v -0.008800102 0.008 9.79135199314198e-10
v -0.009782742 0.00891848 8.932299993743673e-10
v -0.009043622 0.00922464 9.57845999329109e-10
v -0.010303062 0.00969704 8.477419994062276e-10
v -0.009737382 0.010262720000000001 8.971955993715898e-10
v -0.011081621999999998 0.01021736 7.796783994539007e-10
v -0.010775462 0.010956480000000003 8.064435994351537e-10
v -0.012000101999999999 0.010400000000000001 6.993819995101413e-10
v -0.012000101999999999 0.011200000000000002 6.993819995101413e-10
v -0.012918581999999998 0.01021736 6.190859995663819e-10
v -0.013224741999999998 0.010956480000000003 5.923207995851289e-10
v -0.013697141999999997 0.00969704 5.510219996140551e-10
v -0.014262822 0.010262720000000001 5.015687996486929e-10
v -0.014217461999999998 0.00891848 5.055343996459155e-10
v -0.014956582000000001 0.00922464 4.409183996911735e-10
v -0.005600102399999999 0.0015999999999999999 0.0080000014623216
v -0.0056001024 0.0304 0.0080000014623216
v -0.018400101999999998 0.0304 0.0080000014623216
v -0.018400101999999998 0.0015999999999999992 0.0080000014623216
v -0.018400101999999998 0.0304 0.0080000014623216
v -0.018400102 0.0304 1.3987639990202816e-10
v -0.018400101999999998 0.0015999999999999992 1.3987639990202816e-10
v -0.018400101999999998 0.0015999999999999992 0.0080000014623216
v -0.018400101999999998 0.0015999999999999992 0.0080000014623216
v -0.018400101999999998 0.0015999999999999992 1.3987639990202816e-10
v -0.005600101999999999 0.0015999999999999999 1.2588879191182544e-09
v -0.005600102399999999 0.0015999999999999999 0.0080000014623216
v -0.005600102399999999 0.0015999999999999999 0.0080000014623216
v -0.005600101999999999 0.0015999999999999999 1.2588879191182544e-09
v -0.005600102 0.0304 1.2588879191182544e-09
v -0.0056001024 0.0304 0.0080000014623216
v -0.0056001024 0.0304 0.0080000014623216
v -0.005600102 0.0304 1.2588879191182544e-09
v -0.018400102 0.0304 1.3987639990202816e-10
v -0.018400101999999998 0.0304 0.0080000014623216
v -0.020000102000000002 -9.797174393178827e-19 0.0
v -0.018400101999999998 0.0015999999999999992 1.3987639990202816e-10
v -0.018400102 0.0304 1.3987639990202816e-10
v -0.020000102000000002 0.032 0.0
v -0.004000101923680799 4.673203199674334e-27 1.3987643590202825e-09
v -0.005600101999999999 0.0015999999999999999 1.2588879191182544e-09
v -0.004000101923680801 0.032 1.3987643590202825e-09
v -0.005600102 0.0304 1.2588879191182544e-09
v -0.004000102762939598 -4.671657691814387e-26 0.0096000014623216
v -0.0040001027629396006 0.032 0.0096000014623216
v -0.020000102000000002 0.032 0.009600001462321602
v -0.020000102000000002 -9.797174393178827e-19 0.009600001462321602
v -0.0040001027629396006 0.032 0.0096000014623216
v -0.004000101923680801 0.032 1.3987643590202825e-09
v -0.020000102000000002 0.032 0.0
v -0.020000102000000002 0.032 0.009600001462321602
v -0.020000102000000002 -9.797174393178827e-19 0.009600001462321602
v -0.020000102000000002 -9.797174393178827e-19 0.0
v -0.004000101923680799 4.673203199674334e-27 1.3987643590202825e-09
v -0.004000102762939598 -4.671657691814387e-26 0.0096000014623216
v -0.016000102000000002 0.0304 0.009600001462321602
v -0.016918581999999998 0.030217360000000002 0.009600001462321602
v -0.016918581999999998 0.030217360000000002 0.0112000014623216
v -0.016000102000000002 0.0304 0.0112000014623216
v -0.017697142000000003 0.029697039999999997 0.009600001462321602
v -0.017697142000000003 0.029697039999999997 0.0112000014623216
v -0.018217461999999997 0.02891848 0.009600001462321602
v -0.018217461999999997 0.02891848 0.0112000014623216
v -0.018400101999999998 0.028000000000000004 0.009600001462321602
v -0.018400101999999998 0.028000000000000004 0.0112000014623216
v -0.018217461999999997 0.02708152 0.009600001462321602
v -0.018217461999999997 0.02708152 0.0112000014623216
v -0.017697142000000003 0.026302960000000004 0.009600001462321602
v -0.017697142000000003 0.026302960000000004 0.0112000014623216
v -0.016918581999999998 0.02578264 0.009600001462321602
v -0.016918581999999998 0.02578264 0.0112000014623216
v -0.016000102000000002 0.0256 0.009600001462321602
v -0.016000102000000002 0.0256 0.0112000014623216
v -0.015081622000000001 0.02578264 0.0096000014623216
v -0.015081622000000001 0.02578264 0.0112000014623216
v -0.014303062 0.026302960000000004 0.0096000014623216
v -0.014303062 0.026302960000000004 0.0112000014623216
v -0.013782742 0.02708152 0.0096000014623216
v -0.013782742 0.02708152 0.0112000014623216
v -0.013600102000000001 0.028000000000000004 0.0096000014623216
v -0.013600102000000001 0.028000000000000004 0.0112000014623216
v -0.013782742 0.02891848 0.0096000014623216
v -0.013782742 0.02891848 0.0112000014623216
v -0.014303062 0.029697039999999997 0.0096000014623216
v -0.014303062 0.029697039999999997 0.0112000014623216
v -0.015081622000000001 0.030217360000000002 0.0096000014623216
v -0.015081622000000001 0.030217360000000002 0.0112000014623216
v -0.016918581999999998 0.030217360000000002 0.0112000014623216
v -0.016000102000000002 0.0304 0.0112000014623216
v -0.016000102000000002 0.028000000000000004 0.0112000014623216
v -0.017697142000000003 0.029697039999999997 0.0112000014623216
v -0.018217461999999997 0.02891848 0.0112000014623216
v -0.018400101999999998 0.028000000000000004 0.0112000014623216
v -0.018217461999999997 0.02708152 0.0112000014623216
v -0.017697142000000003 0.026302960000000004 0.0112000014623216
v -0.016918581999999998 0.02578264 0.0112000014623216
v -0.016000102000000002 0.0256 0.0112000014623216
v -0.015081622000000001 0.02578264 0.0112000014623216
v -0.014303062 0.026302960000000004 0.0112000014623216
v -0.013782742 0.02708152 0.0112000014623216
v -0.013600102000000001 0.028000000000000004 0.0112000014623216
v -0.013782742 0.02891848 0.0112000014623216
v -0.014303062 0.029697039999999997 0.0112000014623216
v -0.015081622000000001 0.030217360000000002 0.0112000014623216
v -0.016000102000000002 0.022400000000000003 0.009600001462321602
v -0.016918581999999998 0.02221736 0.009600001462321602
v -0.016918581999999998 0.02221736 0.0112000014623216
v -0.016000102 0.022400000000000003 0.0112000014623216
v -0.017697142000000003 0.021697040000000004 0.009600001462321602
v -0.017697142000000003 0.021697040000000004 0.0112000014623216
v -0.018217461999999997 0.020918480000000003 0.009600001462321602
v -0.018217461999999997 0.020918480000000003 0.0112000014623216
v -0.018400101999999998 0.02 0.009600001462321602
v -0.018400101999999998 0.02 0.0112000014623216
v -0.018217461999999997 0.01908152 0.009600001462321602
v -0.018217461999999997 0.01908152 0.0112000014623216
v -0.017697142000000003 0.01830296 0.009600001462321602
v -0.017697142000000003 0.01830296 0.0112000014623216
v -0.016918581999999998 0.017782640000000002 0.009600001462321602
v -0.016918581999999998 0.017782640000000002 0.0112000014623216
v -0.016000102 0.0176 0.009600001462321602
v -0.016000102 0.0176 0.0112000014623216
v -0.015081622 0.017782640000000002 0.0096000014623216
v -0.015081622 0.017782640000000002 0.0112000014623216
v -0.014303062 0.01830296 0.0096000014623216
v -0.014303062 0.01830296 0.0112000014623216
v -0.013782741999999999 0.01908152 0.0096000014623216
v -0.013782741999999999 0.01908152 0.0112000014623216
v -0.013600102 0.02 0.0096000014623216
v -0.013600102 0.02 0.0112000014623216
v -0.013782741999999999 0.020918480000000003 0.0096000014623216
v -0.013782741999999999 0.020918480000000003 0.0112000014623216
v -0.014303062 0.021697040000000004 0.0096000014623216
v -0.014303062 0.021697040000000004 0.0112000014623216
v -0.015081622000000001 0.02221736 0.0096000014623216
v -0.015081622 0.02221736 0.0112000014623216
v -0.016918581999999998 0.02221736 0.0112000014623216
v -0.016000102 0.022400000000000003 0.0112000014623216
v -0.016000102 0.02 0.0112000014623216
v -0.017697142000000003 0.021697040000000004 0.0112000014623216
v -0.018217461999999997 0.020918480000000003 0.0112000014623216
v -0.018400101999999998 0.02 0.0112000014623216
v -0.018217461999999997 0.01908152 0.0112000014623216
v -0.017697142000000003 0.01830296 0.0112000014623216
v -0.016918581999999998 0.017782640000000002 0.0112000014623216
v -0.016000102 0.0176 0.0112000014623216
v -0.015081622 0.017782640000000002 0.0112000014623216
v -0.014303062 0.01830296 0.0112000014623216
v -0.013782741999999999 0.01908152 0.0112000014623216
v -0.013600102 0.02 0.0112000014623216
v -0.013782741999999999 0.020918480000000003 0.0112000014623216
v -0.014303062 0.021697040000000004 0.0112000014623216
v -0.015081622 0.02221736 0.0112000014623216
v -0.016000102 0.0144 0.009600001462321602
v -0.016918581999999998 0.014217359999999998 0.009600001462321602
v -0.016918581999999998 0.014217359999999998 0.0112000014623216
v -0.016000102 0.0144 0.0112000014623216
v -0.017697142000000003 0.013697040000000002 0.009600001462321602
v -0.017697142000000003 0.013697040000000002 0.0112000014623216
v -0.018217461999999997 0.01291848 0.009600001462321602
v -0.018217461999999997 0.01291848 0.0112000014623216
v -0.018400101999999998 0.012 0.009600001462321602
v -0.018400101999999998 0.012 0.0112000014623216
v -0.018217461999999997 0.011081520000000001 0.009600001462321602
v -0.018217461999999997 0.011081520000000001 0.0112000014623216
v -0.017697142000000003 0.010302959999999998 0.009600001462321602
v -0.017697142000000003 0.010302959999999998 0.0112000014623216
v -0.016918581999999998 0.009782639999999999 0.009600001462321602
v -0.016918581999999998 0.009782639999999999 0.0112000014623216
v -0.016000102 0.0096 0.009600001462321602
v -0.016000102 0.0096 0.0112000014623216
v -0.015081622 0.009782640000000002 0.0096000014623216
v -0.015081622 0.009782640000000002 0.0112000014623216
v -0.014303062 0.010302960000000002 0.0096000014623216
v -0.014303062 0.010302960000000002 0.0112000014623216
v -0.013782741999999999 0.011081520000000001 0.0096000014623216
v -0.013782741999999999 0.011081520000000001 0.0112000014623216
v -0.013600102 0.012 0.0096000014623216
v -0.013600102 0.012 0.0112000014623216
v -0.013782741999999999 0.01291848 0.0096000014623216
v -0.013782741999999999 0.01291848 0.0112000014623216
v -0.014303062 0.013697040000000002 0.0096000014623216
v -0.014303062 0.013697040000000002 0.0112000014623216
v -0.015081622 0.014217359999999998 0.0096000014623216
v -0.015081622 0.014217359999999998 0.0112000014623216
v -0.016918581999999998 0.014217359999999998 0.0112000014623216
v -0.016000102 0.0144 0.0112000014623216
v -0.016000102 0.012 0.0112000014623216
v -0.017697142000000003 0.013697040000000002 0.0112000014623216
v -0.018217461999999997 0.01291848 0.0112000014623216
v -0.018400101999999998 0.012 0.0112000014623216
v -0.018217461999999997 0.011081520000000001 0.0112000014623216
v -0.017697142000000003 0.010302959999999998 0.0112000014623216
v -0.016918581999999998 0.009782639999999999 0.0112000014623216
v -0.016000102 0.0096 0.0112000014623216
v -0.015081622 0.009782640000000002 0.0112000014623216
v -0.014303062 0.010302960000000002 0.0112000014623216
v -0.013782741999999999 0.011081520000000001 0.0112000014623216
v -0.013600102 0.012 0.0112000014623216
v -0.013782741999999999 0.01291848 0.0112000014623216
v -0.014303062 0.013697040000000002 0.0112000014623216
v -0.015081622 0.014217359999999998 0.0112000014623216
v -0.016000102 0.0063999999999999994 0.009600001462321602
v -0.016918581999999998 0.00621736 0.009600001462321602
v -0.016918581999999998 0.00621736 0.0112000014623216
v -0.016000102 0.0063999999999999994 0.0112000014623216
v -0.017697142000000003 0.005697039999999999 0.009600001462321602
v -0.017697142000000003 0.005697039999999999 0.0112000014623216
v -0.018217461999999997 0.004918479999999999 0.009600001462321602
v -0.018217461999999997 0.004918479999999999 0.0112000014623216
v -0.018400101999999998 0.003999999999999999 0.009600001462321602
v -0.018400101999999998 0.003999999999999999 0.0112000014623216
v -0.018217461999999997 0.0030815199999999995 0.009600001462321602
v -0.018217461999999997 0.0030815199999999995 0.0112000014623216
v -0.017697142000000003 0.0023029603999999994 0.009600001462321602
v -0.017697142000000003 0.0023029603999999994 0.0112000014623216
v -0.016918581999999998 0.0017826399999999992 0.009600001462321602
v -0.016918581999999998 0.0017826399999999992 0.0112000014623216
v -0.016000102 0.0015999999999999992 0.009600001462321602
v -0.016000102 0.0015999999999999992 0.0112000014623216
v -0.015081622 0.0017826399999999992 0.0096000014623216
v -0.015081622 0.0017826399999999992 0.0112000014623216
v -0.014303062 0.0023029603999999994 0.0096000014623216
v -0.014303062 0.0023029603999999994 0.0112000014623216
v -0.013782741999999999 0.0030815199999999995 0.0096000014623216
v -0.013782741999999999 0.0030815199999999995 0.0112000014623216
v -0.013600102 0.003999999999999999 0.0096000014623216
v -0.013600102 0.003999999999999999 0.0112000014623216
v -0.013782741999999999 0.004918479999999999 0.0096000014623216
v -0.013782741999999999 0.004918479999999999 0.0112000014623216
v -0.014303062 0.005697039999999999 0.0096000014623216
v -0.014303062 0.005697039999999999 0.0112000014623216
v -0.015081622 0.00621736 0.0096000014623216
v -0.015081622 0.00621736 0.0112000014623216
v -0.016918581999999998 0.00621736 0.0112000014623216
v -0.016000102 0.0063999999999999994 0.0112000014623216
v -0.016000102 0.003999999999999999 0.0112000014623216
v -0.017697142000000003 0.005697039999999999 0.0112000014623216
v -0.018217461999999997 0.004918479999999999 0.0112000014623216
v -0.018400101999999998 0.003999999999999999 0.0112000014623216
v -0.018217461999999997 0.0030815199999999995 0.0112000014623216
v -0.017697142000000003 0.0023029603999999994 0.0112000014623216
v -0.016918581999999998 0.0017826399999999992 0.0112000014623216
v -0.016000102 0.0015999999999999992 0.0112000014623216
v -0.015081622 0.0017826399999999992 0.0112000014623216
v -0.014303062 0.0023029603999999994 0.0112000014623216
v -0.013782741999999999 0.0030815199999999995 0.0112000014623216
v -0.013600102 0.003999999999999999 0.0112000014623216
v -0.013782741999999999 0.004918479999999999 0.0112000014623216
v -0.014303062 0.005697039999999999 0.0112000014623216
v -0.015081622 0.00621736 0.0112000014623216
v -0.008000102 0.0304 0.0096000014623216
v -0.008918582000000001 0.030217360000000002 0.0096000014623216
v -0.008918582000000001 0.030217360000000002 0.0112000014623216
v -0.008000102 0.0304 0.0112000014623216
v -0.009697142 0.029697039999999997 0.0096000014623216
v -0.009697142 0.029697039999999997 0.0112000014623216
v -0.010217462 0.02891848 0.0096000014623216
v -0.010217462 0.02891848 0.0112000014623216
v -0.010400102 0.028000000000000004 0.0096000014623216
v -0.010400102 0.028000000000000004 0.0112000014623216
v -0.010217462 0.02708152 0.0096000014623216
v -0.010217462 0.02708152 0.0112000014623216
v -0.009697142 0.026302960000000004 0.0096000014623216
v -0.009697142 0.026302960000000004 0.0112000014623216
v -0.008918582 0.02578264 0.0096000014623216
v -0.008918582 0.02578264 0.0112000014623216
v -0.008000102 0.0256 0.0096000014623216
v -0.008000102 0.0256 0.0112000014623216
v -0.0070816228 0.02578264 0.0096000014623216
v -0.0070816232000000005 0.02578264 0.0112000014623216
v -0.0063030628 0.026302960000000004 0.0096000014623216
v -0.0063030632 0.026302960000000004 0.0112000014623216
v -0.005782742800000001 0.02708152 0.0096000014623216
v -0.0057827432 0.02708152 0.0112000014623216
v -0.0056001027999999994 0.028000000000000004 0.0096000014623216
v -0.0056001027999999994 0.028000000000000004 0.0112000014623216
v -0.005782742800000001 0.02891848 0.0096000014623216
v -0.0057827432 0.02891848 0.0112000014623216
v -0.0063030628 0.029697039999999997 0.0096000014623216
v -0.0063030632 0.029697039999999997 0.0112000014623216
v -0.0070816228 0.030217360000000002 0.0096000014623216
v -0.0070816232000000005 0.030217360000000002 0.0112000014623216
v -0.008918582000000001 0.030217360000000002 0.0112000014623216
v -0.008000102 0.0304 0.0112000014623216
v -0.008000102 0.028000000000000004 0.0112000014623216
v -0.009697142 0.029697039999999997 0.0112000014623216
v -0.010217462 0.02891848 0.0112000014623216
v -0.010400102 0.028000000000000004 0.0112000014623216
v -0.010217462 0.02708152 0.0112000014623216
v -0.009697142 0.026302960000000004 0.0112000014623216
v -0.008918582 0.02578264 0.0112000014623216
v -0.008000102 0.0256 0.0112000014623216
v -0.0070816232000000005 0.02578264 0.0112000014623216
v -0.0063030632 0.026302960000000004 0.0112000014623216
v -0.0057827432 0.02708152 0.0112000014623216
v -0.0056001027999999994 0.028000000000000004 0.0112000014623216
v -0.0057827432 0.02891848 0.0112000014623216
v -0.0063030632 0.029697039999999997 0.0112000014623216
v -0.0070816232000000005 0.030217360000000002 0.0112000014623216
v -0.008000102 0.022400000000000003 0.0096000014623216
v -0.008918582 0.02221736 0.0096000014623216
v -0.008918582 0.02221736 0.0112000014623216
v -0.008000102 0.022400000000000003 0.0112000014623216
v -0.009697142 0.021697040000000004 0.0096000014623216
v -0.009697142 0.021697040000000004 0.0112000014623216
v -0.010217462 0.020918480000000003 0.0096000014623216
v -0.010217462 0.020918480000000003 0.0112000014623216
v -0.010400101999999998 0.02 0.0096000014623216
v -0.010400101999999998 0.02 0.0112000014623216
v -0.010217462 0.01908152 0.0096000014623216
v -0.010217462 0.01908152 0.0112000014623216
v -0.009697142 0.01830296 0.0096000014623216
v -0.009697142 0.01830296 0.0112000014623216
v -0.008918582 0.017782640000000002 0.0096000014623216
v -0.008918582 0.017782640000000002 0.0112000014623216
v -0.008000102 0.0176 0.0096000014623216
v -0.008000102 0.0176 0.0112000014623216
v -0.0070816227999999995 0.017782640000000002 0.0096000014623216
v -0.007081623199999999 0.017782640000000002 0.0112000014623216
v -0.006303062799999999 0.01830296 0.0096000014623216
v -0.006303063199999999 0.01830296 0.0112000014623216
v -0.005782742799999999 0.01908152 0.0096000014623216
v -0.005782743199999999 0.01908152 0.0112000014623216
v -0.0056001027999999994 0.02 0.0096000014623216
v -0.0056001027999999994 0.02 0.0112000014623216
v -0.005782742799999999 0.020918480000000003 0.0096000014623216
v -0.0057827432 0.020918480000000003 0.0112000014623216
v -0.006303062799999999 0.021697040000000004 0.0096000014623216
v -0.0063030632 0.021697040000000004 0.0112000014623216
v -0.0070816227999999995 0.02221736 0.0096000014623216
v -0.0070816232000000005 0.02221736 0.0112000014623216
v -0.008918582 0.02221736 0.0112000014623216
v -0.008000102 0.022400000000000003 0.0112000014623216
v -0.008000102 0.02 0.0112000014623216
v -0.009697142 0.021697040000000004 0.0112000014623216
v -0.010217462 0.020918480000000003 0.0112000014623216
v -0.010400101999999998 0.02 0.0112000014623216
v -0.010217462 0.01908152 0.0112000014623216
v -0.009697142 0.01830296 0.0112000014623216
v -0.008918582 0.017782640000000002 0.0112000014623216
v -0.008000102 0.0176 0.0112000014623216
v -0.007081623199999999 0.017782640000000002 0.0112000014623216
v -0.006303063199999999 0.01830296 0.0112000014623216
v -0.005782743199999999 0.01908152 0.0112000014623216
v -0.0056001027999999994 0.02 0.0112000014623216
v -0.0057827432 0.020918480000000003 0.0112000014623216
v -0.0063030632 0.021697040000000004 0.0112000014623216
v -0.0070816232000000005 0.02221736 0.0112000014623216
v -0.008000101999999999 0.0144 0.0096000014623216
v -0.008918582 0.014217359999999998 0.0096000014623216
v -0.008918582 0.014217359999999998 0.0112000014623216
v -0.008000101999999999 0.0144 0.0112000014623216
v -0.009697141999999999 0.013697040000000002 0.0096000014623216
v -0.009697141999999999 0.013697040000000002 0.0112000014623216
v -0.010217462 0.01291848 0.0096000014623216
v -0.010217462 0.01291848 0.0112000014623216
v -0.010400101999999998 0.012 0.0096000014623216
v -0.010400101999999998 0.012 0.0112000014623216
v -0.010217462 0.011081520000000001 0.0096000014623216
v -0.010217462 0.011081520000000001 0.0112000014623216
v -0.009697141999999999 0.010302960000000002 0.0096000014623216
v -0.009697141999999999 0.010302960000000002 0.0112000014623216
v -0.008918582 0.009782640000000002 0.0096000014623216
v -0.008918582 0.009782640000000002 0.0112000014623216
v -0.008000101999999999 0.0096 0.0096000014623216
v -0.008000101999999999 0.0096 0.0112000014623216
v -0.007081622799999999 0.009782640000000002 0.0096000014623216
v -0.007081623199999998 0.009782640000000002 0.0112000014623216
v -0.006303062799999999 0.010302960000000002 0.0096000014623216
v -0.006303063199999999 0.010302960000000002 0.0112000014623216
v -0.005782742799999999 0.011081520000000001 0.0096000014623216
v -0.005782743199999999 0.011081520000000001 0.0112000014623216
v -0.005600102799999999 0.012 0.0096000014623216
v -0.005600102799999999 0.012 0.0112000014623216
v -0.005782742799999999 0.01291848 0.0096000014623216
v -0.005782743199999999 0.01291848 0.0112000014623216
v -0.006303062799999999 0.013697040000000002 0.0096000014623216
v -0.006303063199999999 0.013697040000000002 0.0112000014623216
v -0.0070816227999999995 0.014217359999999998 0.0096000014623216
v -0.007081623199999999 0.014217359999999998 0.0112000014623216
v -0.008918582 0.014217359999999998 0.0112000014623216
v -0.008000101999999999 0.0144 0.0112000014623216
v -0.008000101999999999 0.012 0.0112000014623216
v -0.009697141999999999 0.013697040000000002 0.0112000014623216
v -0.010217462 0.01291848 0.0112000014623216
v -0.010400101999999998 0.012 0.0112000014623216
v -0.010217462 0.011081520000000001 0.0112000014623216
v -0.009697141999999999 0.010302960000000002 0.0112000014623216
v -0.008918582 0.009782640000000002 0.0112000014623216
v -0.008000101999999999 0.0096 0.0112000014623216
v -0.007081623199999998 0.009782640000000002 0.0112000014623216
v -0.006303063199999999 0.010302960000000002 0.0112000014623216
v -0.005782743199999999 0.011081520000000001 0.0112000014623216
v -0.005600102799999999 0.012 0.0112000014623216
v -0.005782743199999999 0.01291848 0.0112000014623216
v -0.006303063199999999 0.013697040000000002 0.0112000014623216
v -0.007081623199999999 0.014217359999999998 0.0112000014623216
v -0.008000101999999999 0.0064 0.0096000014623216
v -0.008918582 0.006217360000000001 0.0096000014623216
v -0.008918582 0.006217360000000001 0.0112000014623216
v -0.008000101999999999 0.0064 0.0112000014623216
v -0.009697141999999999 0.00569704 0.0096000014623216
v -0.009697141999999999 0.00569704 0.0112000014623216
v -0.010217462 0.004918479999999999 0.0096000014623216
v -0.010217462 0.004918479999999999 0.0112000014623216
v -0.010400101999999998 0.003999999999999999 0.0096000014623216
v -0.010400101999999998 0.003999999999999999 0.0112000014623216
v -0.010217462 0.00308152 0.0096000014623216
v -0.010217462 0.00308152 0.0112000014623216
v -0.009697141999999997 0.0023029603999999994 0.0096000014623216
v -0.009697141999999997 0.0023029603999999994 0.0112000014623216
v -0.008918581999999998 0.0017826399999999996 0.0096000014623216
v -0.008918581999999998 0.0017826399999999996 0.0112000014623216
v -0.008000101999999999 0.0015999999999999999 0.0096000014623216
v -0.008000101999999999 0.0015999999999999999 0.0112000014623216
v -0.007081622799999999 0.0017826399999999996 0.0096000014623216
v -0.007081623199999998 0.0017826399999999996 0.0112000014623216
v -0.006303062799999999 0.0023029604000000003 0.0096000014623216
v -0.006303063199999999 0.0023029604000000003 0.0112000014623216
v -0.005782742799999998 0.0030815200000000004 0.0096000014623216
v -0.005782743199999998 0.0030815200000000004 0.0112000014623216
v -0.005600102799999999 0.004 0.0096000014623216
v -0.005600102799999999 0.004 0.0112000014623216
v -0.005782742799999998 0.004918480000000001 0.0096000014623216
v -0.005782743199999998 0.004918480000000001 0.0112000014623216
v -0.006303062799999999 0.00569704 0.0096000014623216
v -0.006303063199999999 0.00569704 0.0112000014623216
v -0.007081622799999999 0.006217360000000001 0.0096000014623216
v -0.007081623199999998 0.006217360000000001 0.0112000014623216
v -0.008918582 0.006217360000000001 0.0112000014623216
v -0.008000101999999999 0.0064 0.0112000014623216
v -0.008000101999999999 0.004 0.0112000014623216
v -0.009697141999999999 0.00569704 0.0112000014623216
v -0.010217462 0.004918479999999999 0.0112000014623216
v -0.010400101999999998 0.003999999999999999 0.0112000014623216
v -0.010217462 0.00308152 0.0112000014623216
v -0.009697141999999997 0.0023029603999999994 0.0112000014623216
v -0.008918581999999998 0.0017826399999999996 0.0112000014623216
v -0.008000101999999999 0.0015999999999999999 0.0112000014623216
v -0.007081623199999998 0.0017826399999999996 0.0112000014623216
v -0.006303063199999999 0.0023029604000000003 0.0112000014623216
v -0.005782743199999998 0.0030815200000000004 0.0112000014623216
v -0.005600102799999999 0.004 0.0112000014623216
v -0.005782743199999998 0.004918480000000001 0.0112000014623216
v -0.006303063199999999 0.00569704 0.0112000014623216
v -0.007081623199999998 0.006217360000000001 0.0112000014623216
v -0.0040001027629396006 0.032 0.0096000014623216
v -0.004000101923680801 0.032 1.3987643590202825e-09
v -0.004000101923680799 4.673203199674334e-27 1.3987643590202825e-09
v -0.004000102762939598 -4.671657691814387e-26 0.0096000014623216
v -0.020000102000000002 -9.797174393178827e-19 0.009600001462321602
v -0.020000102000000002 -9.797174393178827e-19 0.0
v -0.020000102000000002 0.032 0.0
v -0.020000102000000002 0.032 0.009600001462321602
v 0.019999898000000002 -0.005599999999999998 3.7511399975507066e-09
v 0.019081418000000003 -0.005782639999999999 3.670843997606947e-09
v 0.019081418000000003 -0.005782639999999999 0.008000005462321599
v 0.019999898000000002 -0.005599999999999998 0.008000005462321599
v 0.018302858 -0.006302959999999999 3.60277999765462e-09
v 0.018302858 -0.006302959999999999 0.008000005462321599
v 0.017782538 -0.007081519999999999 3.5572923976864802e-09
v 0.017782538 -0.007081519999999999 0.008000005462321599
v 0.017599898000000003 -0.007999999999999998 3.5413251976976643e-09
v 0.017599898000000003 -0.007999999999999998 0.008000005462321599
v 0.017782538 -0.00891848 3.5572923976864802e-09
v 0.017782538 -0.00891848 0.008000005462321599
v 0.018302858 -0.009697039999999999 3.60277999765462e-09
v 0.018302858 -0.009697039999999999 0.008000005462321599
v 0.019081418000000003 -0.010217359999999998 3.670843997606947e-09
v 0.019081418000000003 -0.010217359999999998 0.008000005462321599
v 0.019999898000000002 -0.010399999999999998 3.7511399975507066e-09
v 0.019999898000000002 -0.010399999999999998 0.008000005462321599
v 0.020918378000000005 -0.010217359999999998 3.831435997494466e-09
v 0.020918378000000005 -0.010217359999999998 0.008000005462321599
v 0.021696938000000002 -0.009697039999999999 3.899499997446793e-09
v 0.021696938000000002 -0.009697039999999999 0.008000005462321599
v 0.022217258000000007 -0.00891848 3.9449875974149325e-09
v 0.022217258000000007 -0.00891848 0.008000005462321599
v 0.022399898 -0.007999999999999998 3.960954397403749e-09
v 0.022399898 -0.007999999999999998 0.008000005462321599
v 0.022217258000000007 -0.007081519999999999 3.9449875974149325e-09
v 0.022217258000000007 -0.007081519999999999 0.008000005462321599
v 0.021696938000000002 -0.006302959999999999 3.899499997446793e-09
v 0.021696938000000002 -0.006302959999999999 0.008000005462321599
v 0.020918378000000005 -0.005782639999999999 3.831435997494466e-09
v 0.020918378000000005 -0.005782639999999999 0.008000005462321599
v 0.019999898000000002 -0.004799999999999999 3.7511399975507066e-09
v 0.018775258000000003 -0.005043519999999999 3.6440787976256944e-09
v 0.018775258000000003 -0.005043519999999999 0.008000005462321599
v 0.019999898000000002 -0.004799999999999999 0.008000005462321599
v 0.017737178000000003 -0.005737279999999999 3.553326797689258e-09
v 0.017737178000000003 -0.005737279999999999 0.008000005462321599
v 0.017043418 -0.006775359999999999 3.4926763977317385e-09
v 0.017043418 -0.006775359999999999 0.008000005462321599
v 0.016799898000000004 -0.007999999999999998 3.47138719774665e-09
v 0.016799898000000004 -0.007999999999999998 0.008000005462321599
v 0.017043418 -0.00922464 3.4926763977317385e-09
v 0.017043418 -0.00922464 0.008000005462321599
v 0.017737178000000003 -0.01026272 3.553326797689258e-09
v 0.017737178000000003 -0.01026272 0.008000005462321599
v 0.018775258000000003 -0.01095648 3.6440787976256944e-09
v 0.018775258000000003 -0.01095648 0.008000005462321599
v 0.019999898000000002 -0.0112 3.7511399975507066e-09
v 0.019999898000000002 -0.0112 0.008000005462321599
v 0.021224537999999998 -0.01095648 3.8582011974757195e-09
v 0.021224537999999998 -0.01095648 0.008000005462321599
v 0.022262618000000005 -0.01026272 3.948953197412155e-09
v 0.022262618000000005 -0.01026272 0.008000005462321599
v 0.022956377999999996 -0.00922464 4.009603597369674e-09
v 0.022956377999999996 -0.00922464 0.008000005462321599
v 0.023199898 -0.007999999999999998 4.030892797354763e-09
v 0.023199898 -0.007999999999999998 0.008000005462321599
v 0.022956377999999996 -0.006775359999999999 4.009603597369674e-09
v 0.022956377999999996 -0.006775359999999999 0.008000005462321599
v 0.022262618000000005 -0.005737279999999999 3.948953197412155e-09
v 0.022262618000000005 -0.005737279999999999 0.008000005462321599
v 0.021224537999999998 -0.005043519999999999 3.8582011974757195e-09
v 0.021224537999999998 -0.005043519999999999 0.008000005462321599
v 0.016799898000000004 -0.007999999999999998 3.47138719774665e-09
v 0.017599898000000003 -0.007999999999999998 3.5413251976976643e-09
v 0.017782538 -0.00891848 3.5572923976864802e-09
v 0.017043418 -0.00922464 3.4926763977317385e-09
v 0.018302858 -0.009697039999999999 3.60277999765462e-09
v 0.017737178000000003 -0.01026272 3.553326797689258e-09
v 0.019081418000000003 -0.010217359999999998 3.670843997606947e-09
v 0.018775258000000003 -0.01095648 3.6440787976256944e-09
v 0.019999898000000002 -0.010399999999999998 3.7511399975507066e-09
v 0.019999898000000002 -0.0112 3.7511399975507066e-09
v 0.020918378000000005 -0.010217359999999998 3.831435997494466e-09
v 0.021224537999999998 -0.01095648 3.8582011974757195e-09
v 0.021696938000000002 -0.009697039999999999 3.899499997446793e-09
v 0.022262618000000005 -0.01026272 3.948953197412155e-09
v 0.022217258000000007 -0.00891848 3.9449875974149325e-09
v 0.022956377999999996 -0.00922464 4.009603597369674e-09
v 0.022399898 -0.007999999999999998 3.960954397403749e-09
v 0.023199898 -0.007999999999999998 4.030892797354763e-09
v 0.022217258000000007 -0.007081519999999999 3.9449875974149325e-09
v 0.022956377999999996 -0.006775359999999999 4.009603597369674e-09
v 0.021696938000000002 -0.006302959999999999 3.899499997446793e-09
v 0.022262618000000005 -0.005737279999999999 3.948953197412155e-09
v 0.020918378000000005 -0.005782639999999999 3.831435997494466e-09
v 0.021224537999999998 -0.005043519999999999 3.8582011974757195e-09
v 0.019999898000000002 -0.005599999999999998 3.7511399975507066e-09
v 0.019999898000000002 -0.004799999999999999 3.7511399975507066e-09
v 0.019081418000000003 -0.005782639999999999 3.670843997606947e-09
v 0.018775258000000003 -0.005043519999999999 3.6440787976256944e-09
v 0.018302858 -0.006302959999999999 3.60277999765462e-09
v 0.017737178000000003 -0.005737279999999999 3.553326797689258e-09
v 0.017782538 -0.007081519999999999 3.5572923976864802e-09
v 0.017043418 -0.006775359999999999 3.4926763977317385e-09
v 0.019999898000000002 -0.013599999999999998 3.7511399975507066e-09
v 0.019081418000000003 -0.013782640000000002 3.670843997606947e-09
v 0.019081418000000003 -0.013782640000000002 0.008000005462321599
v 0.019999898000000002 -0.013599999999999998 0.008000005462321599
v 0.018302858 -0.01430296 3.60277999765462e-09
v 0.018302858 -0.01430296 0.008000005462321599
v 0.017782538 -0.015081520000000003 3.5572923976864802e-09
v 0.017782538 -0.015081520000000003 0.008000005462321599
v 0.017599898000000003 -0.016 3.5413251976976643e-09
v 0.017599898000000003 -0.016 0.008000005462321599
v 0.017782538 -0.01691848 3.5572923976864802e-09
v 0.017782538000000007 -0.01691848 0.008000005462321599
v 0.018302858 -0.01769704 3.60277999765462e-09
v 0.018302858 -0.01769704 0.008000005462321599
v 0.019081418000000003 -0.018217360000000002 3.670843997606947e-09
v 0.019081418000000003 -0.018217360000000002 0.008000005462321599
v 0.019999898000000002 -0.0184 3.7511399975507066e-09
v 0.019999898000000006 -0.0184 0.008000005462321599
v 0.020918378000000005 -0.018217359999999995 3.831435997494466e-09
v 0.020918378000000005 -0.018217359999999995 0.008000005462321599
v 0.021696938000000002 -0.01769704 3.899499997446793e-09
v 0.021696938000000002 -0.01769704 0.008000005462321599
v 0.022217258000000007 -0.01691848 3.9449875974149325e-09
v 0.022217258000000007 -0.01691848 0.008000005462321599
v 0.022399898 -0.015999999999999997 3.960954397403749e-09
v 0.022399898 -0.015999999999999997 0.008000005462321599
v 0.022217258000000007 -0.015081519999999998 3.9449875974149325e-09
v 0.022217258000000007 -0.015081519999999998 0.008000005462321599
v 0.021696938000000002 -0.014302959999999997 3.899499997446793e-09
v 0.021696938000000002 -0.014302959999999997 0.008000005462321599
v 0.020918378000000005 -0.013782639999999997 3.831435997494466e-09
v 0.020918378000000005 -0.013782639999999997 0.008000005462321599
v 0.019999898000000002 -0.012799999999999999 3.7511399975507066e-09
v 0.018775258000000003 -0.013043520000000003 3.6440787976256944e-09
v 0.018775258000000003 -0.013043520000000003 0.008000005462321599
v 0.019999898000000002 -0.012799999999999999 0.008000005462321599
v 0.017737178000000003 -0.013737280000000001 3.553326797689258e-09
v 0.017737178000000003 -0.013737280000000001 0.008000005462321599
v 0.017043418 -0.014775360000000001 3.4926763977317385e-09
v 0.017043418 -0.014775360000000001 0.008000005462321599
v 0.016799898000000004 -0.016 3.47138719774665e-09
v 0.016799898000000008 -0.016 0.008000005462321599
v 0.017043418 -0.01722464 3.4926763977317385e-09
v 0.017043418000000005 -0.01722464 0.008000005462321599
v 0.017737178000000003 -0.01826272 3.553326797689258e-09
v 0.017737178000000006 -0.01826272 0.008000005462321599
v 0.018775258000000003 -0.01895648 3.6440787976256944e-09
v 0.018775258000000006 -0.01895648 0.008000005462321599
v 0.019999898000000002 -0.0192 3.7511399975507066e-09
v 0.019999898000000006 -0.0192 0.008000005462321599
v 0.021224537999999998 -0.018956479999999994 3.8582011974757195e-09
v 0.021224538000000008 -0.018956479999999994 0.008000005462321599
v 0.022262618000000005 -0.018262719999999996 3.948953197412155e-09
v 0.022262618000000005 -0.018262719999999996 0.008000005462321599
v 0.022956377999999996 -0.01722464 4.009603597369674e-09
v 0.022956377999999996 -0.01722464 0.008000005462321599
v 0.023199898 -0.015999999999999997 4.030892797354763e-09
v 0.023199898 -0.015999999999999997 0.008000005462321599
v 0.022956377999999996 -0.014775359999999998 4.009603597369674e-09
v 0.022956377999999996 -0.014775359999999998 0.008000005462321599
v 0.022262618000000005 -0.01373728 3.948953197412155e-09
v 0.022262618000000005 -0.01373728 0.008000005462321599
v 0.021224537999999998 -0.013043519999999998 3.8582011974757195e-09
v 0.021224537999999998 -0.013043519999999998 0.008000005462321599
v 0.016799898000000004 -0.016 3.47138719774665e-09
v 0.017599898000000003 -0.016 3.5413251976976643e-09
v 0.017782538 -0.01691848 3.5572923976864802e-09
v 0.017043418 -0.01722464 3.4926763977317385e-09
v 0.018302858 -0.01769704 3.60277999765462e-09
v 0.017737178000000003 -0.01826272 3.553326797689258e-09
v 0.019081418000000003 -0.018217360000000002 3.670843997606947e-09
v 0.018775258000000003 -0.01895648 3.6440787976256944e-09
v 0.019999898000000002 -0.0184 3.7511399975507066e-09
v 0.019999898000000002 -0.0192 3.7511399975507066e-09
v 0.020918378000000005 -0.018217359999999995 3.831435997494466e-09
v 0.021224537999999998 -0.018956479999999994 3.8582011974757195e-09
v 0.021696938000000002 -0.01769704 3.899499997446793e-09
v 0.022262618000000005 -0.018262719999999996 3.948953197412155e-09
v 0.022217258000000007 -0.01691848 3.9449875974149325e-09
v 0.022956377999999996 -0.01722464 4.009603597369674e-09
v 0.022399898 -0.015999999999999997 3.960954397403749e-09
v 0.023199898 -0.015999999999999997 4.030892797354763e-09
v 0.022217258000000007 -0.015081519999999998 3.9449875974149325e-09
v 0.022956377999999996 -0.014775359999999998 4.009603597369674e-09
v 0.021696938000000002 -0.014302959999999997 3.899499997446793e-09
v 0.022262618000000005 -0.01373728 3.948953197412155e-09
v 0.020918378000000005 -0.013782639999999997 3.831435997494466e-09
v 0.021224537999999998 -0.013043519999999998 3.8582011974757195e-09
v 0.019999898000000002 -0.013599999999999998 3.7511399975507066e-09
v 0.019999898000000002 -0.012799999999999999 3.7511399975507066e-09
v 0.019081418000000003 -0.013782640000000002 3.670843997606947e-09
v 0.018775258000000003 -0.013043520000000003 3.6440787976256944e-09
v 0.018302858 -0.01430296 3.60277999765462e-09
v 0.017737178000000003 -0.013737280000000001 3.553326797689258e-09
v 0.017782538 -0.015081520000000003 3.5572923976864802e-09
v 0.017043418 -0.014775360000000001 3.4926763977317385e-09
v 0.019999898000000002 -0.021599999999999998 3.7511399975507066e-09
v 0.019081418000000003 -0.02178264 3.670843997606947e-09
v 0.019081418000000003 -0.02178264 0.008000005462321599
v 0.019999898000000006 -0.021599999999999998 0.008000005462321599
v 0.018302858 -0.02230296 3.60277999765462e-09
v 0.018302858 -0.02230296 0.008000005462321599
v 0.017782538 -0.02308152 3.5572923976864802e-09
v 0.017782538000000007 -0.02308152 0.008000005462321599
v 0.017599898000000003 -0.024 3.5413251976976643e-09
v 0.017599898000000003 -0.024 0.008000005462321599
v 0.017782538000000007 -0.02491848 3.5572923976864802e-09
v 0.017782538000000007 -0.02491848 0.008000005462321599
v 0.018302858 -0.025697039999999997 3.60277999765462e-09
v 0.018302858 -0.025697039999999997 0.008000005462321599
v 0.019081418000000003 -0.026217360000000002 3.670843997606947e-09
v 0.019081418000000003 -0.026217360000000002 0.008000005462321599
v 0.019999898000000006 -0.026400000000000003 3.7511399975507066e-09
v 0.019999898000000006 -0.026400000000000003 0.008000005462321599
v 0.020918378000000005 -0.026217360000000002 3.831435997494466e-09
v 0.020918378000000005 -0.026217360000000002 0.008000005462321599
v 0.021696938000000002 -0.025697039999999997 3.899499997446793e-09
v 0.021696938000000002 -0.025697039999999997 0.008000005462321599
v 0.022217258000000007 -0.024918479999999996 3.9449875974149325e-09
v 0.022217258000000007 -0.024918479999999996 0.008000005462321599
v 0.022399898 -0.024 3.960954397403749e-09
v 0.022399898 -0.024 0.008000005462321599
v 0.022217258000000007 -0.023081519999999998 3.9449875974149325e-09
v 0.022217258000000007 -0.023081519999999998 0.008000005462321599
v 0.021696938000000002 -0.022302959999999997 3.899499997446793e-09
v 0.021696938000000002 -0.022302959999999997 0.008000005462321599
v 0.020918378000000005 -0.02178264 3.831435997494466e-09
v 0.020918378000000005 -0.02178264 0.008000005462321599
v 0.019999898000000002 -0.020799999999999996 3.7511399975507066e-09
v 0.018775258000000003 -0.02104352 3.6440787976256944e-09
v 0.018775258000000006 -0.02104352 0.008000005462321599
v 0.019999898000000006 -0.020799999999999996 0.008000005462321599
v 0.017737178000000003 -0.02173728 3.553326797689258e-09
v 0.017737178000000006 -0.02173728 0.008000005462321599
v 0.017043418 -0.02277536 3.4926763977317385e-09
v 0.017043418000000005 -0.02277536 0.008000005462321599
v 0.016799898000000008 -0.024 3.47138719774665e-09
v 0.016799898000000008 -0.024 0.008000005462321599
v 0.017043418000000005 -0.02522464 3.4926763977317385e-09
v 0.017043418000000005 -0.02522464 0.008000005462321599
v 0.017737178000000006 -0.026262720000000003 3.553326797689258e-09
v 0.017737178000000006 -0.026262720000000003 0.008000005462321599
v 0.018775258000000006 -0.026956479999999998 3.6440787976256944e-09
v 0.018775258000000006 -0.026956479999999998 0.008000005462321599
v 0.019999898000000006 -0.027200000000000002 3.7511399975507066e-09
v 0.019999898000000006 -0.027200000000000002 0.008000005462321599
v 0.021224538000000008 -0.026956479999999998 3.8582011974757195e-09
v 0.021224538000000008 -0.026956479999999998 0.008000005462321599
v 0.022262618000000005 -0.026262720000000003 3.948953197412155e-09
v 0.022262618000000005 -0.026262720000000003 0.008000005462321599
v 0.022956377999999996 -0.02522464 4.009603597369674e-09
v 0.022956377999999996 -0.02522464 0.008000005462321599
v 0.023199898 -0.024 4.030892797354763e-09
v 0.023199898 -0.024 0.008000005462321599
v 0.022956377999999996 -0.02277536 4.009603597369674e-09
v 0.022956377999999996 -0.02277536 0.008000005462321599
v 0.022262618000000005 -0.02173728 3.948953197412155e-09
v 0.022262618000000005 -0.02173728 0.008000005462321599
v 0.021224537999999998 -0.02104352 3.8582011974757195e-09
v 0.021224538000000008 -0.02104352 0.008000005462321599
v 0.016799898000000008 -0.024 3.47138719774665e-09
v 0.017599898000000003 -0.024 3.5413251976976643e-09
v 0.017782538000000007 -0.02491848 3.5572923976864802e-09
v 0.017043418000000005 -0.02522464 3.4926763977317385e-09
v 0.018302858 -0.025697039999999997 3.60277999765462e-09
v 0.017737178000000006 -0.026262720000000003 3.553326797689258e-09
v 0.019081418000000003 -0.026217360000000002 3.670843997606947e-09
v 0.018775258000000006 -0.026956479999999998 3.6440787976256944e-09
v 0.019999898000000006 -0.026400000000000003 3.7511399975507066e-09
v 0.019999898000000006 -0.027200000000000002 3.7511399975507066e-09
v 0.020918378000000005 -0.026217360000000002 3.831435997494466e-09
v 0.021224538000000008 -0.026956479999999998 3.8582011974757195e-09
v 0.021696938000000002 -0.025697039999999997 3.899499997446793e-09
v 0.022262618000000005 -0.026262720000000003 3.948953197412155e-09
v 0.022217258000000007 -0.024918479999999996 3.9449875974149325e-09
v 0.022956377999999996 -0.02522464 4.009603597369674e-09
v 0.022399898 -0.024 3.960954397403749e-09
v 0.023199898 -0.024 4.030892797354763e-09
v 0.022217258000000007 -0.023081519999999998 3.9449875974149325e-09
v 0.022956377999999996 -0.02277536 4.009603597369674e-09
v 0.021696938000000002 -0.022302959999999997 3.899499997446793e-09
v 0.022262618000000005 -0.02173728 3.948953197412155e-09
v 0.020918378000000005 -0.02178264 3.831435997494466e-09
v 0.021224537999999998 -0.02104352 3.8582011974757195e-09
v 0.019999898000000002 -0.021599999999999998 3.7511399975507066e-09
v 0.019999898000000002 -0.020799999999999996 3.7511399975507066e-09
v 0.019081418000000003 -0.02178264 3.670843997606947e-09
v 0.018775258000000003 -0.02104352 3.6440787976256944e-09
v 0.018302858 -0.02230296 3.60277999765462e-09
v 0.017737178000000003 -0.02173728 3.553326797689258e-09
v 0.017782538 -0.02308152 3.5572923976864802e-09
v 0.017043418 -0.02277536 3.4926763977317385e-09
v 0.026399898000000005 -0.0304 0.008000005462321599
v 0.026399898000000005 -0.0015999999999999983 0.008000005462321599
v 0.013599898000000001 -0.001599999999999999 0.008000001462321597
v 0.013599898000000004 -0.0304 0.008000001462321597
v 0.013599898000000001 -0.001599999999999999 0.008000001462321597
v 0.013599898000000001 -0.001599999999999999 3.1916339979425935e-09
v 0.013599898000000004 -0.0304 3.1916339979425935e-09
v 0.013599898000000004 -0.0304 0.008000001462321597
v 0.013599898000000004 -0.0304 0.008000001462321597
v 0.013599898000000004 -0.0304 3.1916339979425935e-09
v 0.026399898000000005 -0.0304 4.31064599715882e-09
v 0.026399898000000005 -0.0304 0.008000005462321599
v 0.026399898000000005 -0.0304 0.008000005462321599
v 0.026399898000000005 -0.0304 4.31064599715882e-09
v 0.026399898000000005 -0.0015999999999999983 4.31064599715882e-09
v 0.026399898000000005 -0.0015999999999999983 0.008000005462321599
v 0.026399898000000005 -0.0015999999999999983 0.008000005462321599
v 0.026399898000000005 -0.0015999999999999983 4.31064599715882e-09
v 0.013599898000000001 -0.001599999999999999 3.1916339979425935e-09
v 0.013599898000000001 -0.001599999999999999 0.008000001462321597
v 0.011999898000000005 -0.032 3.0517579980405655e-09
v 0.013599898000000004 -0.0304 3.1916339979425935e-09
v 0.013599898000000001 -0.001599999999999999 3.1916339979425935e-09
v 0.011999898000000002 9.797174393178827e-19 3.0517579980405655e-09
v 0.027999898000000006 -0.032 4.450521997060848e-09
v 0.026399898000000005 -0.0304 4.31064599715882e-09
v 0.027999898000000006 1.9594348786357654e-18 4.450521997060848e-09
v 0.026399898000000005 -0.0015999999999999983 4.31064599715882e-09
v 0.027999898000000006 -0.032 0.009600005462321598
v 0.027999898000000006 1.9594348786357654e-18 0.009600005462321598
v 0.011999898000000002 9.797174393178827e-19 0.009600001462321598
v 0.011999898000000005 -0.032 0.009600001462321598
v 0.027999898000000006 1.9594348786357654e-18 0.009600005462321598
v 0.027999898000000006 1.9594348786357654e-18 4.450521997060848e-09
v 0.011999898000000002 9.797174393178827e-19 3.0517579980405655e-09
v 0.011999898000000002 9.797174393178827e-19 0.009600001462321598
v 0.011999898000000005 -0.032 0.009600001462321598
v 0.011999898000000005 -0.032 3.0517579980405655e-09
v 0.027999898000000006 -0.032 4.450521997060848e-09
v 0.027999898000000006 -0.032 0.009600005462321598
v 0.015999898000000002 -0.001599999999999999 0.009600005462321598
v 0.015081418000000003 -0.001782639999999999 0.009600001462321598
v 0.015081418000000003 -0.001782639999999999 0.011200001462321599
v 0.015999898000000002 -0.001599999999999999 0.011200005462321598
v 0.014302858000000002 -0.002302960399999999 0.009600001462321598
v 0.014302858000000002 -0.002302960399999999 0.011200001462321599
v 0.013782538000000002 -0.0030815199999999995 0.009600001462321598
v 0.013782538000000002 -0.0030815199999999995 0.011200001462321599
v 0.013599898000000001 -0.003999999999999998 0.009600001462321598
v 0.013599898000000001 -0.003999999999999998 0.011200001462321599
v 0.013782538000000002 -0.004918479999999999 0.009600001462321598
v 0.013782538000000002 -0.004918479999999999 0.011200001462321599
v 0.014302858000000002 -0.005697039999999999 0.009600001462321598
v 0.014302858000000002 -0.005697039999999999 0.011200001462321599
v 0.015081418000000003 -0.006217359999999998 0.009600001462321598
v 0.015081418000000003 -0.006217359999999998 0.011200001462321599
v 0.015999898000000002 -0.0063999999999999994 0.009600005462321598
v 0.015999898000000002 -0.0063999999999999994 0.011200005462321598
v 0.016918378000000005 -0.006217359999999998 0.009600005462321598
v 0.016918378000000005 -0.006217359999999998 0.011200005462321598
v 0.017696938000000006 -0.005697039999999999 0.009600005462321598
v 0.017696938000000006 -0.005697039999999999 0.011200005462321598
v 0.018217258 -0.004918479999999999 0.009600005462321598
v 0.018217258 -0.004918479999999999 0.011200005462321598
v 0.018399898000000005 -0.003999999999999998 0.009600005462321598
v 0.018399898000000005 -0.003999999999999998 0.011200005462321598
v 0.018217258 -0.0030815199999999986 0.009600005462321598
v 0.018217258 -0.0030815199999999986 0.011200005462321598
v 0.017696938000000006 -0.0023029603999999986 0.009600005462321598
v 0.017696938000000006 -0.0023029603999999986 0.011200005462321598
v 0.016918378000000005 -0.0017826399999999987 0.009600005462321598
v 0.016918378000000005 -0.0017826399999999987 0.011200005462321598
v 0.015081418000000003 -0.001782639999999999 0.011200001462321599
v 0.015999898000000002 -0.001599999999999999 0.011200005462321598
v 0.015999898000000002 -0.003999999999999998 0.011200005462321598
v 0.014302858000000002 -0.002302960399999999 0.011200001462321599
v 0.013782538000000002 -0.0030815199999999995 0.011200001462321599
v 0.013599898000000001 -0.003999999999999998 0.011200001462321599
v 0.013782538000000002 -0.004918479999999999 0.011200001462321599
v 0.014302858000000002 -0.005697039999999999 0.011200001462321599
v 0.015081418000000003 -0.006217359999999998 0.011200001462321599
v 0.015999898000000002 -0.0063999999999999994 0.011200005462321598
v 0.016918378000000005 -0.006217359999999998 0.011200005462321598
v 0.017696938000000006 -0.005697039999999999 0.011200005462321598
v 0.018217258 -0.004918479999999999 0.011200005462321598
v 0.018399898000000005 -0.003999999999999998 0.011200005462321598
v 0.018217258 -0.0030815199999999986 0.011200005462321598
v 0.017696938000000006 -0.0023029603999999986 0.011200005462321598
v 0.016918378000000005 -0.0017826399999999987 0.011200005462321598
v 0.015999898000000002 -0.0096 0.009600005462321598
v 0.015081418000000003 -0.009782639999999999 0.009600001462321598
v 0.015081418000000003 -0.009782639999999999 0.011200001462321599
v 0.015999898000000002 -0.0096 0.011200005462321598
v 0.014302858000000002 -0.010302959999999998 0.009600001462321598
v 0.014302858000000002 -0.010302959999999998 0.011200001462321599
v 0.013782538000000002 -0.011081520000000001 0.009600001462321598
v 0.013782538000000002 -0.011081520000000001 0.011200001462321599
v 0.013599898000000001 -0.012 0.009600001462321598
v 0.013599898000000001 -0.012 0.011200001462321599
v 0.013782538000000002 -0.01291848 0.009600001462321598
v 0.013782538000000004 -0.01291848 0.011200001462321599
v 0.014302858000000003 -0.013697040000000002 0.009600001462321598
v 0.014302858000000003 -0.013697040000000002 0.011200001462321599
v 0.015081418000000004 -0.014217359999999998 0.009600001462321598
v 0.015081418000000004 -0.014217359999999998 0.011200001462321599
v 0.015999898000000005 -0.0144 0.009600005462321598
v 0.015999898000000005 -0.0144 0.011200005462321598
v 0.016918378000000005 -0.014217359999999998 0.009600005462321598
v 0.016918378000000005 -0.014217359999999998 0.011200005462321598
v 0.017696938000000006 -0.013697040000000002 0.009600005462321598
v 0.017696938000000006 -0.013697040000000002 0.011200005462321598
v 0.018217258 -0.01291848 0.009600005462321598
v 0.018217258000000007 -0.01291848 0.011200005462321598
v 0.018399898000000005 -0.012 0.009600005462321598
v 0.018399898000000005 -0.012 0.011200005462321598
v 0.018217258 -0.011081520000000001 0.009600005462321598
v 0.018217258 -0.011081520000000001 0.011200005462321598
v 0.017696938000000006 -0.010302959999999998 0.009600005462321598
v 0.017696938000000006 -0.010302959999999998 0.011200005462321598
v 0.016918378000000005 -0.009782639999999999 0.009600005462321598
v 0.016918378000000005 -0.009782639999999999 0.011200005462321598
v 0.015081418000000003 -0.009782639999999999 0.011200001462321599
v 0.015999898000000002 -0.0096 0.011200005462321598
v 0.015999898000000002 -0.012 0.011200005462321598
v 0.014302858000000002 -0.010302959999999998 0.011200001462321599
v 0.013782538000000002 -0.011081520000000001 0.011200001462321599
v 0.013599898000000001 -0.012 0.011200001462321599
v 0.013782538000000004 -0.01291848 0.011200001462321599
v 0.014302858000000003 -0.013697040000000002 0.011200001462321599
v 0.015081418000000004 -0.014217359999999998 0.011200001462321599
v 0.015999898000000005 -0.0144 0.011200005462321598
v 0.016918378000000005 -0.014217359999999998 0.011200005462321598
v 0.017696938000000006 -0.013697040000000002 0.011200005462321598
v 0.018217258000000007 -0.01291848 0.011200005462321598
v 0.018399898000000005 -0.012 0.011200005462321598
v 0.018217258 -0.011081520000000001 0.011200005462321598
v 0.017696938000000006 -0.010302959999999998 0.011200005462321598
v 0.016918378000000005 -0.009782639999999999 0.011200005462321598
v 0.015999898000000005 -0.0176 0.009600005462321598
v 0.015081418000000004 -0.017782640000000002 0.009600001462321598
v 0.015081418000000004 -0.017782640000000002 0.011200001462321599
v 0.015999898000000005 -0.0176 0.011200005462321598
v 0.014302858000000003 -0.01830296 0.009600001462321598
v 0.014302858000000003 -0.01830296 0.011200001462321599
v 0.013782538000000004 -0.01908152 0.009600001462321598
v 0.013782538000000004 -0.01908152 0.011200001462321599
v 0.013599898000000004 -0.02 0.009600001462321598
v 0.013599898000000004 -0.02 0.011200001462321599
v 0.013782538000000004 -0.020918480000000003 0.009600001462321598
v 0.013782538000000004 -0.020918480000000003 0.011200001462321599
v 0.014302858000000003 -0.021697040000000004 0.009600001462321598
v 0.014302858000000003 -0.021697040000000004 0.011200001462321599
v 0.015081418000000004 -0.02221736 0.009600001462321598
v 0.015081418000000004 -0.02221736 0.011200001462321599
v 0.015999898000000005 -0.022400000000000003 0.009600005462321598
v 0.015999898000000005 -0.022400000000000003 0.011200005462321598
v 0.016918378000000005 -0.02221736 0.009600005462321598
v 0.016918378000000005 -0.02221736 0.011200005462321598
v 0.017696938000000006 -0.021697040000000004 0.009600005462321598
v 0.017696938000000006 -0.021697040000000004 0.011200005462321598
v 0.018217258000000007 -0.020918480000000003 0.009600005462321598
v 0.018217258000000007 -0.020918480000000003 0.011200005462321598
v 0.018399898000000005 -0.02 0.009600005462321598
v 0.018399898000000005 -0.02 0.011200005462321598
v 0.018217258000000007 -0.01908152 0.009600005462321598
v 0.018217258000000007 -0.01908152 0.011200005462321598
v 0.017696938000000006 -0.01830296 0.009600005462321598
v 0.017696938000000006 -0.01830296 0.011200005462321598
v 0.016918378000000005 -0.017782640000000002 0.009600005462321598
v 0.016918378000000005 -0.017782640000000002 0.011200005462321598
v 0.015081418000000004 -0.017782640000000002 0.011200001462321599
v 0.015999898000000005 -0.0176 0.011200005462321598
v 0.015999898000000005 -0.02 0.011200005462321598
v 0.014302858000000003 -0.01830296 0.011200001462321599
v 0.013782538000000004 -0.01908152 0.011200001462321599
v 0.013599898000000004 -0.02 0.011200001462321599
v 0.013782538000000004 -0.020918480000000003 0.011200001462321599
v 0.014302858000000003 -0.021697040000000004 0.011200001462321599
v 0.015081418000000004 -0.02221736 0.011200001462321599
v 0.015999898000000005 -0.022400000000000003 0.011200005462321598
v 0.016918378000000005 -0.02221736 0.011200005462321598
v 0.017696938000000006 -0.021697040000000004 0.011200005462321598
v 0.018217258000000007 -0.020918480000000003 0.011200005462321598
v 0.018399898000000005 -0.02 0.011200005462321598
v 0.018217258000000007 -0.01908152 0.011200005462321598
v 0.017696938000000006 -0.01830296 0.011200005462321598
v 0.016918378000000005 -0.017782640000000002 0.011200005462321598
v 0.015999898000000005 -0.0256 0.009600005462321598
v 0.015081418000000004 -0.02578264 0.009600001462321598
v 0.015081418000000004 -0.02578264 0.011200001462321599
v 0.015999898000000005 -0.0256 0.011200005462321598
v 0.014302858000000003 -0.026302960000000004 0.009600001462321598
v 0.014302858000000003 -0.026302960000000004 0.011200001462321599
v 0.013782538000000004 -0.02708152 0.009600001462321598
v 0.013782538000000004 -0.02708152 0.011200001462321599
v 0.013599898000000004 -0.028000000000000004 0.009600001462321598
v 0.013599898000000004 -0.028000000000000004 0.011200001462321599
v 0.013782538000000004 -0.02891848 0.009600001462321598
v 0.013782538000000004 -0.02891848 0.011200001462321599
v 0.014302858000000003 -0.029697039999999997 0.009600001462321598
v 0.014302858000000003 -0.029697039999999997 0.011200001462321599
v 0.015081418000000004 -0.030217360000000002 0.009600001462321598
v 0.015081418000000004 -0.030217360000000002 0.011200001462321599
v 0.015999898000000005 -0.0304 0.009600005462321598
v 0.015999898000000005 -0.0304 0.011200005462321598
v 0.016918378000000005 -0.030217360000000002 0.009600005462321598
v 0.016918378000000005 -0.030217360000000002 0.011200005462321598
v 0.017696938000000006 -0.029697039999999997 0.009600005462321598
v 0.017696938000000006 -0.029697039999999997 0.011200005462321598
v 0.018217258000000007 -0.02891848 0.009600005462321598
v 0.018217258000000007 -0.02891848 0.011200005462321598
v 0.018399898000000005 -0.028000000000000004 0.009600005462321598
v 0.018399898000000005 -0.028000000000000004 0.011200005462321598
v 0.018217258000000007 -0.02708152 0.009600005462321598
v 0.018217258000000007 -0.02708152 0.011200005462321598
v 0.017696938000000006 -0.026302960000000004 0.009600005462321598
v 0.017696938000000006 -0.026302960000000004 0.011200005462321598
v 0.016918378000000005 -0.02578264 0.009600005462321598
v 0.016918378000000005 -0.02578264 0.011200005462321598
v 0.015081418000000004 -0.02578264 0.011200001462321599
v 0.015999898000000005 -0.0256 0.011200005462321598
v 0.015999898000000005 -0.028000000000000004 0.011200005462321598
v 0.014302858000000003 -0.026302960000000004 0.011200001462321599
v 0.013782538000000004 -0.02708152 0.011200001462321599
v 0.013599898000000004 -0.028000000000000004 0.011200001462321599
v 0.013782538000000004 -0.02891848 0.011200001462321599
v 0.014302858000000003 -0.029697039999999997 0.011200001462321599
v 0.015081418000000004 -0.030217360000000002 0.011200001462321599
v 0.015999898000000005 -0.0304 0.011200005462321598
v 0.016918378000000005 -0.030217360000000002 0.011200005462321598
v 0.017696938000000006 -0.029697039999999997 0.011200005462321598
v 0.018217258000000007 -0.02891848 0.011200005462321598
v 0.018399898000000005 -0.028000000000000004 0.011200005462321598
v 0.018217258000000007 -0.02708152 0.011200005462321598
v 0.017696938000000006 -0.026302960000000004 0.011200005462321598
v 0.016918378000000005 -0.02578264 0.011200005462321598
v 0.023999898000000002 -0.0015999999999999983 0.009600005462321598
v 0.023081418000000006 -0.001782639999999998 0.009600005462321598
v 0.023081418000000006 -0.001782639999999998 0.011200005462321598
v 0.023999894 -0.0015999999999999983 0.011200005462321598
v 0.022302854000000007 -0.002302960399999998 0.009600005462321598
v 0.022302854000000007 -0.002302960399999998 0.011200005462321598
v 0.021782538000000004 -0.0030815199999999986 0.009600005462321598
v 0.021782538000000004 -0.0030815199999999986 0.011200005462321598
v 0.021599898 -0.003999999999999998 0.009600005462321598
v 0.021599898 -0.003999999999999998 0.011200005462321598
v 0.021782538000000004 -0.004918479999999999 0.009600005462321598
v 0.021782538000000004 -0.004918479999999999 0.011200005462321598
v 0.022302854000000007 -0.005697039999999999 0.009600005462321598
v 0.022302854000000007 -0.005697039999999999 0.011200005462321598
v 0.023081418000000006 -0.006217359999999998 0.009600005462321598
v 0.023081418000000006 -0.006217359999999998 0.011200005462321598
v 0.023999898000000002 -0.0063999999999999994 0.009600005462321598
v 0.023999894 -0.0063999999999999994 0.011200005462321598
v 0.024918377999999998 -0.006217359999999998 0.009600005462321598
v 0.024918377999999998 -0.006217359999999998 0.011200005462321598
v 0.025696937999999996 -0.005697039999999998 0.009600005462321598
v 0.025696934000000005 -0.005697039999999998 0.011200005462321598
v 0.026217258 -0.0049184799999999985 0.009600005462321598
v 0.026217258 -0.0049184799999999985 0.011200005462321598
v 0.026399898000000005 -0.003999999999999998 0.009600005462321598
v 0.026399894000000004 -0.003999999999999998 0.011200005462321598
v 0.026217258 -0.003081519999999998 0.009600005462321598
v 0.026217258 -0.003081519999999998 0.011200005462321598
v 0.025696937999999996 -0.002302960399999998 0.009600005462321598
v 0.025696934000000005 -0.002302960399999998 0.011200005462321598
v 0.024918377999999998 -0.001782639999999998 0.009600005462321598
v 0.024918377999999998 -0.001782639999999998 0.011200005462321598
v 0.023081418000000006 -0.001782639999999998 0.011200005462321598
v 0.023999894 -0.0015999999999999983 0.011200005462321598
v 0.023999894 -0.003999999999999998 0.011200005462321598
v 0.022302854000000007 -0.002302960399999998 0.011200005462321598
v 0.021782538000000004 -0.0030815199999999986 0.011200005462321598
v 0.021599898 -0.003999999999999998 0.011200005462321598
v 0.021782538000000004 -0.004918479999999999 0.011200005462321598
v 0.022302854000000007 -0.005697039999999999 0.011200005462321598
v 0.023081418000000006 -0.006217359999999998 0.011200005462321598
v 0.023999894 -0.0063999999999999994 0.011200005462321598
v 0.024918377999999998 -0.006217359999999998 0.011200005462321598
v 0.025696934000000005 -0.005697039999999998 0.011200005462321598
v 0.026217258 -0.0049184799999999985 0.011200005462321598
v 0.026399894000000004 -0.003999999999999998 0.011200005462321598
v 0.026217258 -0.003081519999999998 0.011200005462321598
v 0.025696934000000005 -0.002302960399999998 0.011200005462321598
v 0.024918377999999998 -0.001782639999999998 0.011200005462321598
v 0.023999898000000002 -0.0096 0.009600005462321598
v 0.023081418000000006 -0.009782639999999999 0.009600005462321598
v 0.023081418000000006 -0.009782639999999999 0.011200005462321598
v 0.023999894 -0.0096 0.011200005462321598
v 0.022302854000000007 -0.010302959999999998 0.009600005462321598
v 0.022302854000000007 -0.010302959999999998 0.011200005462321598
v 0.021782538000000004 -0.011081520000000001 0.009600005462321598
v 0.021782538000000004 -0.011081520000000001 0.011200005462321598
v 0.021599898 -0.012 0.009600005462321598
v 0.021599898 -0.012 0.011200005462321598
v 0.021782538000000004 -0.012918479999999996 0.009600005462321598
v 0.021782538000000004 -0.012918479999999996 0.011200005462321598
v 0.022302854000000007 -0.013697039999999999 0.009600005462321598
v 0.022302854000000007 -0.013697039999999999 0.011200005462321598
v 0.023081418000000006 -0.014217359999999997 0.009600005462321598
v 0.023081418000000006 -0.014217359999999997 0.011200005462321598
v 0.023999898000000002 -0.014399999999999998 0.009600005462321598
v 0.023999894 -0.014399999999999998 0.011200005462321598
v 0.024918377999999998 -0.014217359999999997 0.009600005462321598
v 0.024918377999999998 -0.014217359999999997 0.011200005462321598
v 0.025696937999999996 -0.013697039999999999 0.009600005462321598
v 0.025696934000000005 -0.013697039999999999 0.011200005462321598
v 0.026217258 -0.012918479999999996 0.009600005462321598
v 0.026217258 -0.012918479999999996 0.011200005462321598
v 0.026399898000000005 -0.012 0.009600005462321598
v 0.026399894000000004 -0.012 0.011200005462321598
v 0.026217258 -0.011081520000000001 0.009600005462321598
v 0.026217258 -0.011081520000000001 0.011200005462321598
v 0.025696937999999996 -0.010302959999999998 0.009600005462321598
v 0.025696934000000005 -0.010302959999999998 0.011200005462321598
v 0.024918377999999998 -0.009782639999999999 0.009600005462321598
v 0.024918377999999998 -0.009782639999999999 0.011200005462321598
v 0.023081418000000006 -0.009782639999999999 0.011200005462321598
v 0.023999894 -0.0096 0.011200005462321598
v 0.023999894 -0.012 0.011200005462321598
v 0.022302854000000007 -0.010302959999999998 0.011200005462321598
v 0.021782538000000004 -0.011081520000000001 0.011200005462321598
v 0.021599898 -0.012 0.011200005462321598
v 0.021782538000000004 -0.012918479999999996 0.011200005462321598
v 0.022302854000000007 -0.013697039999999999 0.011200005462321598
v 0.023081418000000006 -0.014217359999999997 0.011200005462321598
v 0.023999894 -0.014399999999999998 0.011200005462321598
v 0.024918377999999998 -0.014217359999999997 0.011200005462321598
v 0.025696934000000005 -0.013697039999999999 0.011200005462321598
v 0.026217258 -0.012918479999999996 0.011200005462321598
v 0.026399894000000004 -0.012 0.011200005462321598
v 0.026217258 -0.011081520000000001 0.011200005462321598
v 0.025696934000000005 -0.010302959999999998 0.011200005462321598
v 0.024918377999999998 -0.009782639999999999 0.011200005462321598
v 0.023999898000000002 -0.017599999999999998 0.009600005462321598
v 0.023081418000000006 -0.01778264 0.009600005462321598
v 0.023081418000000006 -0.01778264 0.011200005462321598
v 0.023999894 -0.017599999999999998 0.011200005462321598
v 0.022302854000000007 -0.018302959999999997 0.009600005462321598
v 0.022302854000000007 -0.018302959999999997 0.011200005462321598
v 0.021782538000000004 -0.019081519999999998 0.009600005462321598
v 0.021782538000000004 -0.019081519999999998 0.011200005462321598
v 0.021599898 -0.019999999999999997 0.009600005462321598
v 0.021599898 -0.019999999999999997 0.011200005462321598
v 0.021782538000000004 -0.020918479999999996 0.009600005462321598
v 0.021782538000000004 -0.020918479999999996 0.011200005462321598
v 0.022302854000000007 -0.021697039999999997 0.009600005462321598
v 0.022302854000000007 -0.021697039999999997 0.011200005462321598
v 0.023081418000000006 -0.022217359999999995 0.009600005462321598
v 0.023081418000000006 -0.022217359999999995 0.011200005462321598
v 0.023999898000000002 -0.0224 0.009600005462321598
v 0.023999894 -0.0224 0.011200005462321598
v 0.024918377999999998 -0.022217359999999995 0.009600005462321598
v 0.024918377999999998 -0.022217359999999995 0.011200005462321598
v 0.025696937999999996 -0.021697039999999997 0.009600005462321598
v 0.025696934000000005 -0.021697039999999997 0.011200005462321598
v 0.026217258 -0.020918479999999996 0.009600005462321598
v 0.026217258 -0.020918479999999996 0.011200005462321598
v 0.026399898000000005 -0.019999999999999997 0.009600005462321598
v 0.026399894000000004 -0.019999999999999997 0.011200005462321598
v 0.026217258 -0.019081519999999998 0.009600005462321598
v 0.026217258 -0.019081519999999998 0.011200005462321598
v 0.025696937999999996 -0.018302959999999997 0.009600005462321598
v 0.025696934000000005 -0.018302959999999997 0.011200005462321598
v 0.024918377999999998 -0.01778264 0.009600005462321598
v 0.024918377999999998 -0.01778264 0.011200005462321598
v 0.023081418000000006 -0.01778264 0.011200005462321598
v 0.023999894 -0.017599999999999998 0.011200005462321598
v 0.023999894 -0.019999999999999997 0.011200005462321598
v 0.022302854000000007 -0.018302959999999997 0.011200005462321598
v 0.021782538000000004 -0.019081519999999998 0.011200005462321598
v 0.021599898 -0.019999999999999997 0.011200005462321598
v 0.021782538000000004 -0.020918479999999996 0.011200005462321598
v 0.022302854000000007 -0.021697039999999997 0.011200005462321598
v 0.023081418000000006 -0.022217359999999995 0.011200005462321598
v 0.023999894 -0.0224 0.011200005462321598
v 0.024918377999999998 -0.022217359999999995 0.011200005462321598
v 0.025696934000000005 -0.021697039999999997 0.011200005462321598
v 0.026217258 -0.020918479999999996 0.011200005462321598
v 0.026399894000000004 -0.019999999999999997 0.011200005462321598
v 0.026217258 -0.019081519999999998 0.011200005462321598
v 0.025696934000000005 -0.018302959999999997 0.011200005462321598
v 0.024918377999999998 -0.01778264 0.011200005462321598
v 0.023999898000000002 -0.025599999999999998 0.009600005462321598
v 0.023081418000000006 -0.02578264 0.009600005462321598
v 0.023081418000000006 -0.02578264 0.011200005462321598
v 0.023999894 -0.025599999999999998 0.011200005462321598
v 0.022302854000000007 -0.026302960000000004 0.009600005462321598
v 0.022302854000000007 -0.026302960000000004 0.011200005462321598
v 0.021782538000000004 -0.02708152 0.009600005462321598
v 0.021782538000000004 -0.02708152 0.011200005462321598
v 0.021599898 -0.028000000000000004 0.009600005462321598
v 0.021599898 -0.028000000000000004 0.011200005462321598
v 0.021782538000000004 -0.02891848 0.009600005462321598
v 0.021782538000000004 -0.02891848 0.011200005462321598
v 0.022302854000000007 -0.029697039999999997 0.009600005462321598
v 0.022302854000000007 -0.029697039999999997 0.011200005462321598
v 0.023081418000000006 -0.030217360000000002 0.009600005462321598
v 0.023081418000000006 -0.030217360000000002 0.011200005462321598
v 0.023999898000000002 -0.0304 0.009600005462321598
v 0.023999894 -0.0304 0.011200005462321598
v 0.024918377999999998 -0.030217360000000002 0.009600005462321598
v 0.024918377999999998 -0.030217360000000002 0.011200005462321598
v 0.025696937999999996 -0.029697039999999997 0.009600005462321598
v 0.025696934000000005 -0.029697039999999997 0.011200005462321598
v 0.026217258 -0.02891848 0.009600005462321598
v 0.026217258 -0.02891848 0.011200005462321598
v 0.026399898000000005 -0.028000000000000004 0.009600005462321598
v 0.026399894000000004 -0.028000000000000004 0.011200005462321598
v 0.026217258 -0.02708152 0.009600005462321598
v 0.026217258 -0.02708152 0.011200005462321598
v 0.025696937999999996 -0.026302960000000004 0.009600005462321598
v 0.025696934000000005 -0.026302960000000004 0.011200005462321598
v 0.024918377999999998 -0.02578264 0.009600005462321598
v 0.024918377999999998 -0.02578264 0.011200005462321598
v 0.023081418000000006 -0.02578264 0.011200005462321598
v 0.023999894 -0.025599999999999998 0.011200005462321598
v 0.023999894 -0.028000000000000004 0.011200005462321598
v 0.022302854000000007 -0.026302960000000004 0.011200005462321598
v 0.021782538000000004 -0.02708152 0.011200005462321598
v 0.021599898 -0.028000000000000004 0.011200005462321598
v 0.021782538000000004 -0.02891848 0.011200005462321598
v 0.022302854000000007 -0.029697039999999997 0.011200005462321598
v 0.023081418000000006 -0.030217360000000002 0.011200005462321598
v 0.023999894 -0.0304 0.011200005462321598
v 0.024918377999999998 -0.030217360000000002 0.011200005462321598
v 0.025696934000000005 -0.029697039999999997 0.011200005462321598
v 0.026217258 -0.02891848 0.011200005462321598
v 0.026399894000000004 -0.028000000000000004 0.011200005462321598
v 0.026217258 -0.02708152 0.011200005462321598
v 0.025696934000000005 -0.026302960000000004 0.011200005462321598
v 0.024918377999999998 -0.02578264 0.011200005462321598
v 0.027999898000000006 1.9594348786357654e-18 0.009600005462321598
v 0.027999898000000006 1.9594348786357654e-18 4.450521997060848e-09
v 0.027999898000000006 -0.032 4.450521997060848e-09
v 0.027999898000000006 -0.032 0.009600005462321598
v 0.011999898000000005 -0.032 0.009600001462321598
v 0.011999898000000005 -0.032 3.0517579980405655e-09
v 0.011999898000000002 9.797174393178827e-19 3.0517579980405655e-09
v 0.011999898000000002 9.797174393178827e-19 0.009600001462321598
v 0.019999898000000002 0.026400000000000003 3.7511399975507066e-09
v 0.019081418 0.026217360000000002 3.670843997606947e-09
v 0.019081418000000003 0.026217360000000002 0.008000005462321599
v 0.019999898000000002 0.026400000000000003 0.008000005462321599
v 0.018302857999999998 0.025697039999999997 3.60277999765462e-09
v 0.018302858 0.025697039999999997 0.008000005462321599
v 0.017782538 0.02491848 3.5572923976864802e-09
v 0.017782538 0.02491848 0.008000005462321599
v 0.017599898 0.024 3.5413251976976643e-09
v 0.017599898000000003 0.024 0.008000005462321599
v 0.017782538 0.02308152 3.5572923976864802e-09
v 0.017782538 0.02308152 0.008000005462321599
v 0.018302858 0.02230296 3.60277999765462e-09
v 0.018302858 0.02230296 0.008000005462321599
v 0.019081418000000003 0.02178264 3.670843997606947e-09
v 0.019081418000000003 0.02178264 0.008000005462321599
v 0.019999898000000002 0.0216 3.7511399975507066e-09
v 0.019999898000000002 0.0216 0.008000005462321599
v 0.020918378000000005 0.021782640000000006 3.831435997494466e-09
v 0.020918378000000005 0.021782640000000006 0.008000005462321599
v 0.021696938000000002 0.02230296 3.899499997446793e-09
v 0.021696938000000002 0.02230296 0.008000005462321599
v 0.022217258000000007 0.02308152 3.9449875974149325e-09
v 0.022217258000000007 0.02308152 0.008000005462321599
v 0.022399898 0.024000000000000004 3.960954397403749e-09
v 0.022399898 0.024000000000000004 0.008000005462321599
v 0.022217258000000007 0.024918480000000007 3.9449875974149325e-09
v 0.022217258000000007 0.024918480000000007 0.008000005462321599
v 0.021696938000000002 0.025697039999999997 3.899499997446793e-09
v 0.021696938000000002 0.025697039999999997 0.008000005462321599
v 0.020918377999999994 0.026217360000000002 3.831435997494466e-09
v 0.020918378000000005 0.026217360000000002 0.008000005462321599
v 0.019999898000000002 0.027200000000000002 3.7511399975507066e-09
v 0.018775258000000003 0.026956479999999998 3.6440787976256944e-09
v 0.018775258000000003 0.026956479999999998 0.008000005462321599
v 0.019999898000000002 0.027200000000000002 0.008000005462321599
v 0.017737178000000003 0.026262720000000003 3.553326797689258e-09
v 0.017737178000000003 0.026262720000000003 0.008000005462321599
v 0.017043418 0.02522464 3.4926763977317385e-09
v 0.017043418 0.02522464 0.008000005462321599
v 0.016799897999999997 0.024 3.47138719774665e-09
v 0.016799898000000004 0.024 0.008000005462321599
v 0.017043418 0.02277536 3.4926763977317385e-09
v 0.017043418 0.02277536 0.008000005462321599
v 0.017737178000000003 0.02173728 3.553326797689258e-09
v 0.017737178000000003 0.02173728 0.008000005462321599
v 0.018775258000000003 0.02104352 3.6440787976256944e-09
v 0.018775258000000003 0.02104352 0.008000005462321599
v 0.019999898000000002 0.020800000000000006 3.7511399975507066e-09
v 0.019999898000000002 0.020800000000000006 0.008000005462321599
v 0.021224537999999998 0.021043520000000007 3.8582011974757195e-09
v 0.021224537999999998 0.021043520000000007 0.008000005462321599
v 0.022262618000000005 0.021737280000000005 3.948953197412155e-09
v 0.022262618000000005 0.021737280000000005 0.008000005462321599
v 0.022956377999999996 0.022775360000000005 4.009603597369674e-09
v 0.022956377999999996 0.022775360000000005 0.008000005462321599
v 0.023199898 0.024000000000000004 4.030892797354763e-09
v 0.023199898 0.024000000000000004 0.008000005462321599
v 0.022956377999999996 0.025224640000000003 4.009603597369674e-09
v 0.022956377999999996 0.025224640000000003 0.008000005462321599
v 0.022262618000000005 0.026262720000000003 3.948953197412155e-09
v 0.022262618000000005 0.026262720000000003 0.008000005462321599
v 0.021224537999999998 0.026956479999999998 3.8582011974757195e-09
v 0.021224537999999998 0.026956479999999998 0.008000005462321599
v 0.016799897999999997 0.024 3.47138719774665e-09
v 0.017599898 0.024 3.5413251976976643e-09
v 0.017782538 0.02308152 3.5572923976864802e-09
v 0.017043418 0.02277536 3.4926763977317385e-09
v 0.018302858 0.02230296 3.60277999765462e-09
v 0.017737178000000003 0.02173728 3.553326797689258e-09
v 0.019081418000000003 0.02178264 3.670843997606947e-09
v 0.018775258000000003 0.02104352 3.6440787976256944e-09
v 0.019999898000000002 0.0216 3.7511399975507066e-09
v 0.019999898000000002 0.020800000000000006 3.7511399975507066e-09
v 0.020918378000000005 0.021782640000000006 3.831435997494466e-09
v 0.021224537999999998 0.021043520000000007 3.8582011974757195e-09
v 0.021696938000000002 0.02230296 3.899499997446793e-09
v 0.022262618000000005 0.021737280000000005 3.948953197412155e-09
v 0.022217258000000007 0.02308152 3.9449875974149325e-09
v 0.022956377999999996 0.022775360000000005 4.009603597369674e-09
v 0.022399898 0.024000000000000004 3.960954397403749e-09
v 0.023199898 0.024000000000000004 4.030892797354763e-09
v 0.022217258000000007 0.024918480000000007 3.9449875974149325e-09
v 0.022956377999999996 0.025224640000000003 4.009603597369674e-09
v 0.021696938000000002 0.025697039999999997 3.899499997446793e-09
v 0.022262618000000005 0.026262720000000003 3.948953197412155e-09
v 0.020918377999999994 0.026217360000000002 3.831435997494466e-09
v 0.021224537999999998 0.026956479999999998 3.8582011974757195e-09
v 0.019999898000000002 0.026400000000000003 3.7511399975507066e-09
v 0.019999898000000002 0.027200000000000002 3.7511399975507066e-09
v 0.019081418 0.026217360000000002 3.670843997606947e-09
v 0.018775258000000003 0.026956479999999998 3.6440787976256944e-09
v 0.018302857999999998 0.025697039999999997 3.60277999765462e-09
v 0.017737178000000003 0.026262720000000003 3.553326797689258e-09
v 0.017782538 0.02491848 3.5572923976864802e-09
v 0.017043418 0.02522464 3.4926763977317385e-09
v 0.019999898000000002 0.018400000000000003 3.7511399975507066e-09
v 0.019081418000000003 0.018217360000000002 3.670843997606947e-09
v 0.019081418000000003 0.018217360000000002 0.008000005462321599
v 0.019999898000000002 0.018400000000000003 0.008000005462321599
v 0.018302858 0.01769704 3.60277999765462e-09
v 0.018302858 0.01769704 0.008000005462321599
v 0.017782538 0.01691848 3.5572923976864802e-09
v 0.017782538 0.01691848 0.008000005462321599
v 0.017599898000000003 0.016 3.5413251976976643e-09
v 0.017599898000000003 0.016 0.008000005462321599
v 0.017782538 0.015081520000000003 3.5572923976864802e-09
v 0.017782538 0.015081520000000003 0.008000005462321599
v 0.018302858 0.01430296 3.60277999765462e-09
v 0.018302858 0.01430296 0.008000005462321599
v 0.019081418000000003 0.013782640000000002 3.670843997606947e-09
v 0.019081418000000003 0.013782640000000002 0.008000005462321599
v 0.019999898000000002 0.013600000000000003 3.7511399975507066e-09
v 0.019999898000000002 0.013600000000000003 0.008000005462321599
v 0.020918378000000005 0.013782640000000004 3.831435997494466e-09
v 0.020918378000000005 0.013782640000000004 0.008000005462321599
v 0.021696938000000002 0.014302960000000003 3.899499997446793e-09
v 0.021696938000000002 0.014302960000000003 0.008000005462321599
v 0.022217258000000007 0.015081520000000005 3.9449875974149325e-09
v 0.022217258000000007 0.015081520000000005 0.008000005462321599
v 0.022399898 0.016000000000000004 3.960954397403749e-09
v 0.022399898 0.016000000000000004 0.008000005462321599
v 0.022217258000000007 0.016918480000000003 3.9449875974149325e-09
v 0.022217258000000007 0.016918480000000003 0.008000005462321599
v 0.021696938000000002 0.017697040000000004 3.899499997446793e-09
v 0.021696938000000002 0.017697040000000004 0.008000005462321599
v 0.020918378000000005 0.018217360000000002 3.831435997494466e-09
v 0.020918378000000005 0.018217360000000002 0.008000005462321599
v 0.019999898000000002 0.019200000000000005 3.7511399975507066e-09
v 0.018775258000000003 0.01895648 3.6440787976256944e-09
v 0.018775258000000003 0.01895648 0.008000005462321599
v 0.019999898000000002 0.019200000000000005 0.008000005462321599
v 0.017737178000000003 0.01826272 3.553326797689258e-09
v 0.017737178000000003 0.01826272 0.008000005462321599
v 0.017043418 0.01722464 3.4926763977317385e-09
v 0.017043418 0.01722464 0.008000005462321599
v 0.016799898000000004 0.016 3.47138719774665e-09
v 0.016799898000000004 0.016 0.008000005462321599
v 0.017043418 0.014775360000000001 3.4926763977317385e-09
v 0.017043418 0.014775360000000001 0.008000005462321599
v 0.017737178000000003 0.013737280000000001 3.553326797689258e-09
v 0.017737178000000003 0.013737280000000001 0.008000005462321599
v 0.018775258000000003 0.013043520000000003 3.6440787976256944e-09
v 0.018775258000000003 0.013043520000000003 0.008000005462321599
v 0.019999898000000002 0.012800000000000002 3.7511399975507066e-09
v 0.019999898000000002 0.012800000000000002 0.008000005462321599
v 0.021224537999999998 0.013043520000000005 3.8582011974757195e-09
v 0.021224537999999998 0.013043520000000005 0.008000005462321599
v 0.022262618000000005 0.013737280000000004 3.948953197412155e-09
v 0.022262618000000005 0.013737280000000004 0.008000005462321599
v 0.022956377999999996 0.014775360000000005 4.009603597369674e-09
v 0.022956377999999996 0.014775360000000005 0.008000005462321599
v 0.023199898 0.016000000000000004 4.030892797354763e-09
v 0.023199898 0.016000000000000004 0.008000005462321599
v 0.022956377999999996 0.017224640000000003 4.009603597369674e-09
v 0.022956377999999996 0.017224640000000003 0.008000005462321599
v 0.022262618000000005 0.018262720000000003 3.948953197412155e-09
v 0.022262618000000005 0.018262720000000003 0.008000005462321599
v 0.021224537999999998 0.01895648 3.8582011974757195e-09
v 0.021224537999999998 0.01895648 0.008000005462321599
v 0.016799898000000004 0.016 3.47138719774665e-09
v 0.017599898000000003 0.016 3.5413251976976643e-09
v 0.017782538 0.015081520000000003 3.5572923976864802e-09
v 0.017043418 0.014775360000000001 3.4926763977317385e-09
v 0.018302858 0.01430296 3.60277999765462e-09
v 0.017737178000000003 0.013737280000000001 3.553326797689258e-09
v 0.019081418000000003 0.013782640000000002 3.670843997606947e-09
v 0.018775258000000003 0.013043520000000003 3.6440787976256944e-09
v 0.019999898000000002 0.013600000000000003 3.7511399975507066e-09
v 0.019999898000000002 0.012800000000000002 3.7511399975507066e-09
v 0.020918378000000005 0.013782640000000004 3.831435997494466e-09
v 0.021224537999999998 0.013043520000000005 3.8582011974757195e-09
v 0.021696938000000002 0.014302960000000003 3.899499997446793e-09
v 0.022262618000000005 0.013737280000000004 3.948953197412155e-09
v 0.022217258000000007 0.015081520000000005 3.9449875974149325e-09
v 0.022956377999999996 0.014775360000000005 4.009603597369674e-09
v 0.022399898 0.016000000000000004 3.960954397403749e-09
v 0.023199898 0.016000000000000004 4.030892797354763e-09
v 0.022217258000000007 0.016918480000000003 3.9449875974149325e-09
v 0.022956377999999996 0.017224640000000003 4.009603597369674e-09
v 0.021696938000000002 0.017697040000000004 3.899499997446793e-09
v 0.022262618000000005 0.018262720000000003 3.948953197412155e-09
v 0.020918378000000005 0.018217360000000002 3.831435997494466e-09
v 0.021224537999999998 0.01895648 3.8582011974757195e-09
v 0.019999898000000002 0.018400000000000003 3.7511399975507066e-09
v 0.019999898000000002 0.019200000000000005 3.7511399975507066e-09
v 0.019081418000000003 0.018217360000000002 3.670843997606947e-09
v 0.018775258000000003 0.01895648 3.6440787976256944e-09
v 0.018302858 0.01769704 3.60277999765462e-09
v 0.017737178000000003 0.01826272 3.553326797689258e-09
v 0.017782538 0.01691848 3.5572923976864802e-09
v 0.017043418 0.01722464 3.4926763977317385e-09
v 0.019999898000000002 0.010400000000000003 3.7511399975507066e-09
v 0.019081418000000003 0.010217360000000002 3.670843997606947e-09
v 0.019081418000000003 0.010217360000000002 0.008000005462321599
v 0.019999898000000002 0.010400000000000003 0.008000005462321599
v 0.018302858 0.009697040000000002 3.60277999765462e-09
v 0.018302858 0.009697040000000002 0.008000005462321599
v 0.017782538 0.008918480000000001 3.5572923976864802e-09
v 0.017782538 0.008918480000000001 0.008000005462321599
v 0.017599898000000003 0.008000000000000002 3.5413251976976643e-09
v 0.017599898000000003 0.008000000000000002 0.008000005462321599
v 0.017782538 0.007081520000000003 3.5572923976864802e-09
v 0.017782538 0.007081520000000003 0.008000005462321599
v 0.018302858 0.006302960000000002 3.60277999765462e-09
v 0.018302858 0.006302960000000002 0.008000005462321599
v 0.019081418000000003 0.005782640000000001 3.670843997606947e-09
v 0.019081418000000003 0.005782640000000001 0.008000005462321599
v 0.019999898000000002 0.005600000000000002 3.7511399975507066e-09
v 0.019999898000000002 0.005600000000000002 0.008000005462321599
v 0.020918378000000005 0.005782640000000001 3.831435997494466e-09
v 0.020918378000000005 0.005782640000000001 0.008000005462321599
v 0.021696938000000002 0.006302960000000002 3.899499997446793e-09
v 0.021696938000000002 0.006302960000000002 0.008000005462321599
v 0.022217258000000007 0.007081520000000003 3.9449875974149325e-09
v 0.022217258000000007 0.007081520000000003 0.008000005462321599
v 0.022399898 0.008000000000000002 3.960954397403749e-09
v 0.022399898 0.008000000000000002 0.008000005462321599
v 0.022217258000000007 0.008918480000000001 3.9449875974149325e-09
v 0.022217258000000007 0.008918480000000001 0.008000005462321599
v 0.021696938000000002 0.009697040000000002 3.899499997446793e-09
v 0.021696938000000002 0.009697040000000002 0.008000005462321599
v 0.020918378000000005 0.010217360000000002 3.831435997494466e-09
v 0.020918378000000005 0.010217360000000002 0.008000005462321599
v 0.019999898000000002 0.011200000000000002 3.7511399975507066e-09
v 0.018775258000000003 0.010956480000000003 3.6440787976256944e-09
v 0.018775258000000003 0.010956480000000003 0.008000005462321599
v 0.019999898000000002 0.011200000000000002 0.008000005462321599
v 0.017737178000000003 0.010262720000000001 3.553326797689258e-09
v 0.017737178000000003 0.010262720000000001 0.008000005462321599
v 0.017043418 0.009224640000000001 3.4926763977317385e-09
v 0.017043418 0.009224640000000001 0.008000005462321599
v 0.016799898000000004 0.008000000000000002 3.47138719774665e-09
v 0.016799898000000004 0.008000000000000002 0.008000005462321599
v 0.017043418 0.006775360000000003 3.4926763977317385e-09
v 0.017043418 0.006775360000000003 0.008000005462321599
v 0.017737178000000003 0.005737280000000002 3.553326797689258e-09
v 0.017737178000000003 0.005737280000000002 0.008000005462321599
v 0.018775258000000003 0.005043520000000002 3.6440787976256944e-09
v 0.018775258000000003 0.005043520000000002 0.008000005462321599
v 0.019999898000000002 0.004800000000000001 3.7511399975507066e-09
v 0.019999898000000002 0.004800000000000001 0.008000005462321599
v 0.021224537999999998 0.005043520000000002 3.8582011974757195e-09
v 0.021224537999999998 0.005043520000000002 0.008000005462321599
v 0.022262618000000005 0.005737280000000002 3.948953197412155e-09
v 0.022262618000000005 0.005737280000000002 0.008000005462321599
v 0.022956377999999996 0.006775360000000003 4.009603597369674e-09
v 0.022956377999999996 0.006775360000000003 0.008000005462321599
v 0.023199898 0.008000000000000002 4.030892797354763e-09
v 0.023199898 0.008000000000000002 0.008000005462321599
v 0.022956377999999996 0.009224640000000001 4.009603597369674e-09
v 0.022956377999999996 0.009224640000000001 0.008000005462321599
v 0.022262618000000005 0.010262720000000001 3.948953197412155e-09
v 0.022262618000000005 0.010262720000000001 0.008000005462321599
v 0.021224537999999998 0.010956480000000003 3.8582011974757195e-09
v 0.021224537999999998 0.010956480000000003 0.008000005462321599
v 0.016799898000000004 0.008000000000000002 3.47138719774665e-09
v 0.017599898000000003 0.008000000000000002 3.5413251976976643e-09
v 0.017782538 0.007081520000000003 3.5572923976864802e-09
v 0.017043418 0.006775360000000003 3.4926763977317385e-09
v 0.018302858 0.006302960000000002 3.60277999765462e-09
v 0.017737178000000003 0.005737280000000002 3.553326797689258e-09
v 0.019081418000000003 0.005782640000000001 3.670843997606947e-09
v 0.018775258000000003 0.005043520000000002 3.6440787976256944e-09
v 0.019999898000000002 0.005600000000000002 3.7511399975507066e-09
v 0.019999898000000002 0.004800000000000001 3.7511399975507066e-09
v 0.020918378000000005 0.005782640000000001 3.831435997494466e-09
v 0.021224537999999998 0.005043520000000002 3.8582011974757195e-09
v 0.021696938000000002 0.006302960000000002 3.899499997446793e-09
v 0.022262618000000005 0.005737280000000002 3.948953197412155e-09
v 0.022217258000000007 0.007081520000000003 3.9449875974149325e-09
v 0.022956377999999996 0.006775360000000003 4.009603597369674e-09
v 0.022399898 0.008000000000000002 3.960954397403749e-09
v 0.023199898 0.008000000000000002 4.030892797354763e-09
v 0.022217258000000007 0.008918480000000001 3.9449875974149325e-09
v 0.022956377999999996 0.009224640000000001 4.009603597369674e-09
v 0.021696938000000002 0.009697040000000002 3.899499997446793e-09
v 0.022262618000000005 0.010262720000000001 3.948953197412155e-09
v 0.020918378000000005 0.010217360000000002 3.831435997494466e-09
v 0.021224537999999998 0.010956480000000003 3.8582011974757195e-09
v 0.019999898000000002 0.010400000000000003 3.7511399975507066e-09
v 0.019999898000000002 0.011200000000000002 3.7511399975507066e-09
v 0.019081418000000003 0.010217360000000002 3.670843997606947e-09
v 0.018775258000000003 0.010956480000000003 3.6440787976256944e-09
v 0.018302858 0.009697040000000002 3.60277999765462e-09
v 0.017737178000000003 0.010262720000000001 3.553326797689258e-09
v 0.017782538 0.008918480000000001 3.5572923976864802e-09
v 0.017043418 0.009224640000000001 3.4926763977317385e-09
v 0.026399898000000005 0.0016000000000000018 0.008000005462321599
v 0.026399898000000005 0.0304 0.008000005462321599
v 0.013599898000000001 0.0304 0.008000001462321597
v 0.013599898000000001 0.0016000000000000012 0.008000001462321597
v 0.013599898000000001 0.0304 0.008000001462321597
v 0.013599898 0.0304 3.1916339979425935e-09
v 0.013599898000000001 0.0016000000000000012 3.1916339979425935e-09
v 0.013599898000000001 0.0016000000000000012 0.008000001462321597
v 0.013599898000000001 0.0016000000000000012 0.008000001462321597
v 0.013599898000000001 0.0016000000000000012 3.1916339979425935e-09
v 0.026399898000000005 0.0016000000000000018 4.31064599715882e-09
v 0.026399898000000005 0.0016000000000000018 0.008000005462321599
v 0.026399898000000005 0.0016000000000000018 0.008000005462321599
v 0.026399898000000005 0.0016000000000000018 4.31064599715882e-09
v 0.026399898000000005 0.0304 4.31064599715882e-09
v 0.026399898000000005 0.0304 0.008000005462321599
v 0.026399898000000005 0.0304 0.008000005462321599
v 0.026399898000000005 0.0304 4.31064599715882e-09
v 0.013599898 0.0304 3.1916339979425935e-09
v 0.013599898000000001 0.0304 0.008000001462321597
v 0.011999898000000002 9.797174393178827e-19 3.0517579980405655e-09
v 0.013599898000000001 0.0016000000000000012 3.1916339979425935e-09
v 0.013599898 0.0304 3.1916339979425935e-09
v 0.011999897999999998 0.032 3.0517579980405655e-09
v 0.027999898000000006 1.9594348786357654e-18 4.450521997060848e-09
v 0.026399898000000005 0.0016000000000000018 4.31064599715882e-09
v 0.027999898000000006 0.032 4.450521997060848e-09
v 0.026399898000000005 0.0304 4.31064599715882e-09
v 0.027999898000000006 1.9594348786357654e-18 0.009600005462321598
v 0.027999898000000006 0.032 0.009600005462321598
v 0.011999898000000002 0.032 0.009600001462321598
v 0.011999898000000002 9.797174393178827e-19 0.009600001462321598
v 0.027999898000000006 0.032 0.009600005462321598
v 0.027999898000000006 0.032 4.450521997060848e-09
v 0.011999897999999998 0.032 3.0517579980405655e-09
v 0.011999898000000002 0.032 0.009600001462321598
v 0.011999898000000002 9.797174393178827e-19 0.009600001462321598
v 0.011999898000000002 9.797174393178827e-19 3.0517579980405655e-09
v 0.027999898000000006 1.9594348786357654e-18 4.450521997060848e-09
v 0.027999898000000006 1.9594348786357654e-18 0.009600005462321598
v 0.015999898000000002 0.0304 0.009600005462321598
v 0.015081418000000003 0.030217360000000002 0.009600001462321598
v 0.015081418000000003 0.030217360000000002 0.011200001462321599
v 0.015999898000000002 0.0304 0.011200005462321598
v 0.014302858000000002 0.029697039999999997 0.009600001462321598
v 0.014302858000000002 0.029697039999999997 0.011200001462321599
v 0.013782538000000002 0.02891848 0.009600001462321598
v 0.013782538000000002 0.02891848 0.011200001462321599
v 0.013599898000000001 0.028000000000000004 0.009600001462321598
v 0.013599898000000001 0.028000000000000004 0.011200001462321599
v 0.013782538000000002 0.02708152 0.009600001462321598
v 0.013782538000000002 0.02708152 0.011200001462321599
v 0.014302858000000002 0.026302960000000004 0.009600001462321598
v 0.014302858000000002 0.026302960000000004 0.011200001462321599
v 0.015081418000000003 0.02578264 0.009600001462321598
v 0.015081418000000003 0.02578264 0.011200001462321599
v 0.015999898000000002 0.0256 0.009600005462321598
v 0.015999898000000002 0.0256 0.011200005462321598
v 0.016918378000000005 0.02578264 0.009600005462321598
v 0.016918378000000005 0.02578264 0.011200005462321598
v 0.017696938000000006 0.026302960000000004 0.009600005462321598
v 0.017696938000000006 0.026302960000000004 0.011200005462321598
v 0.018217258 0.02708152 0.009600005462321598
v 0.018217258 0.02708152 0.011200005462321598
v 0.018399898000000005 0.028000000000000004 0.009600005462321598
v 0.018399898000000005 0.028000000000000004 0.011200005462321598
v 0.018217258 0.02891848 0.009600005462321598
v 0.018217258 0.02891848 0.011200005462321598
v 0.017696938000000006 0.029697039999999997 0.009600005462321598
v 0.017696938000000006 0.029697039999999997 0.011200005462321598
v 0.016918378000000005 0.030217360000000002 0.009600005462321598
v 0.016918378000000005 0.030217360000000002 0.011200005462321598
v 0.015081418000000003 0.030217360000000002 0.011200001462321599
v 0.015999898000000002 0.0304 0.011200005462321598
v 0.015999898000000002 0.028000000000000004 0.011200005462321598
v 0.014302858000000002 0.029697039999999997 0.011200001462321599
v 0.013782538000000002 0.02891848 0.011200001462321599
v 0.013599898000000001 0.028000000000000004 0.011200001462321599
v 0.013782538000000002 0.02708152 0.011200001462321599
v 0.014302858000000002 0.026302960000000004 0.011200001462321599
v 0.015081418000000003 0.02578264 0.011200001462321599
v 0.015999898000000002 0.0256 0.011200005462321598
v 0.016918378000000005 0.02578264 0.011200005462321598
v 0.017696938000000006 0.026302960000000004 0.011200005462321598
v 0.018217258 0.02708152 0.011200005462321598
v 0.018399898000000005 0.028000000000000004 0.011200005462321598
v 0.018217258 0.02891848 0.011200005462321598
v 0.017696938000000006 0.029697039999999997 0.011200005462321598
v 0.016918378000000005 0.030217360000000002 0.011200005462321598
v 0.015999898000000002 0.022400000000000003 0.009600005462321598
v 0.015081418000000003 0.02221736 0.009600001462321598
v 0.015081418000000003 0.02221736 0.011200001462321599
v 0.015999898000000002 0.022400000000000003 0.011200005462321598
v 0.014302858000000002 0.021697040000000004 0.009600001462321598
v 0.014302858000000002 0.021697040000000004 0.011200001462321599
v 0.013782538000000002 0.020918480000000003 0.009600001462321598
v 0.013782538000000002 0.020918480000000003 0.011200001462321599
v 0.013599898000000001 0.02 0.009600001462321598
v 0.013599898000000001 0.02 0.011200001462321599
v 0.013782538000000002 0.01908152 0.009600001462321598
v 0.013782538000000002 0.01908152 0.011200001462321599
v 0.014302858000000002 0.01830296 0.009600001462321598
v 0.014302858000000002 0.01830296 0.011200001462321599
v 0.015081418000000003 0.017782640000000002 0.009600001462321598
v 0.015081418000000003 0.017782640000000002 0.011200001462321599
v 0.015999898000000002 0.0176 0.009600005462321598
v 0.015999898000000002 0.0176 0.011200005462321598
v 0.016918378000000005 0.017782640000000002 0.009600005462321598
v 0.016918378000000005 0.017782640000000002 0.011200005462321598
v 0.017696938000000006 0.01830296 0.009600005462321598
v 0.017696938000000006 0.01830296 0.011200005462321598
v 0.018217258 0.01908152 0.009600005462321598
v 0.018217258 0.01908152 0.011200005462321598
v 0.018399898000000005 0.02 0.009600005462321598
v 0.018399898000000005 0.02 0.011200005462321598
v 0.018217258 0.020918480000000003 0.009600005462321598
v 0.018217258 0.020918480000000003 0.011200005462321598
v 0.017696938000000006 0.021697040000000004 0.009600005462321598
v 0.017696938000000006 0.021697040000000004 0.011200005462321598
v 0.016918378000000005 0.02221736 0.009600005462321598
v 0.016918378000000005 0.02221736 0.011200005462321598
v 0.015081418000000003 0.02221736 0.011200001462321599
v 0.015999898000000002 0.022400000000000003 0.011200005462321598
v 0.015999898000000002 0.02 0.011200005462321598
v 0.014302858000000002 0.021697040000000004 0.011200001462321599
v 0.013782538000000002 0.020918480000000003 0.011200001462321599
v 0.013599898000000001 0.02 0.011200001462321599
v 0.013782538000000002 0.01908152 0.011200001462321599
v 0.014302858000000002 0.01830296 0.011200001462321599
v 0.015081418000000003 0.017782640000000002 0.011200001462321599
v 0.015999898000000002 0.0176 0.011200005462321598
v 0.016918378000000005 0.017782640000000002 0.011200005462321598
v 0.017696938000000006 0.01830296 0.011200005462321598
v 0.018217258 0.01908152 0.011200005462321598
v 0.018399898000000005 0.02 0.011200005462321598
v 0.018217258 0.020918480000000003 0.011200005462321598
v 0.017696938000000006 0.021697040000000004 0.011200005462321598
v 0.016918378000000005 0.02221736 0.011200005462321598
v 0.015999898000000002 0.0144 0.009600005462321598
v 0.015081418000000003 0.014217359999999998 0.009600001462321598
v 0.015081418000000003 0.014217359999999998 0.011200001462321599
v 0.015999898000000002 0.0144 0.011200005462321598
v 0.014302858000000002 0.013697040000000002 0.009600001462321598
v 0.014302858000000002 0.013697040000000002 0.011200001462321599
v 0.013782538000000002 0.01291848 0.009600001462321598
v 0.013782538000000002 0.01291848 0.011200001462321599
v 0.013599898000000001 0.012000000000000002 0.009600001462321598
v 0.013599898000000001 0.012000000000000002 0.011200001462321599
v 0.013782538000000002 0.011081520000000003 0.009600001462321598
v 0.013782538000000002 0.011081520000000003 0.011200001462321599
v 0.014302858000000002 0.010302960000000002 0.009600001462321598
v 0.014302858000000002 0.010302960000000002 0.011200001462321599
v 0.015081418000000003 0.009782640000000002 0.009600001462321598
v 0.015081418000000003 0.009782640000000002 0.011200001462321599
v 0.015999898000000002 0.009600000000000003 0.009600005462321598
v 0.015999898000000002 0.009600000000000003 0.011200005462321598
v 0.016918378000000005 0.009782640000000002 0.009600005462321598
v 0.016918378000000005 0.009782640000000002 0.011200005462321598
v 0.017696938000000006 0.010302960000000002 0.009600005462321598
v 0.017696938000000006 0.010302960000000002 0.011200005462321598
v 0.018217258 0.011081520000000003 0.009600005462321598
v 0.018217258 0.011081520000000003 0.011200005462321598
v 0.018399898000000005 0.012000000000000002 0.009600005462321598
v 0.018399898000000005 0.012000000000000002 0.011200005462321598
v 0.018217258 0.01291848 0.009600005462321598
v 0.018217258 0.01291848 0.011200005462321598
v 0.017696938000000006 0.013697040000000002 0.009600005462321598
v 0.017696938000000006 0.013697040000000002 0.011200005462321598
v 0.016918378000000005 0.014217359999999998 0.009600005462321598
v 0.016918378000000005 0.014217359999999998 0.011200005462321598
v 0.015081418000000003 0.014217359999999998 0.011200001462321599
v 0.015999898000000002 0.0144 0.011200005462321598
v 0.015999898000000002 0.012000000000000002 0.011200005462321598
v 0.014302858000000002 0.013697040000000002 0.011200001462321599
v 0.013782538000000002 0.01291848 0.011200001462321599
v 0.013599898000000001 0.012000000000000002 0.011200001462321599
v 0.013782538000000002 0.011081520000000003 0.011200001462321599
v 0.014302858000000002 0.010302960000000002 0.011200001462321599
v 0.015081418000000003 0.009782640000000002 0.011200001462321599
v 0.015999898000000002 0.009600000000000003 0.011200005462321598
v 0.016918378000000005 0.009782640000000002 0.011200005462321598
v 0.017696938000000006 0.010302960000000002 0.011200005462321598
v 0.018217258 0.011081520000000003 0.011200005462321598
v 0.018399898000000005 0.012000000000000002 0.011200005462321598
v 0.018217258 0.01291848 0.011200005462321598
v 0.017696938000000006 0.013697040000000002 0.011200005462321598
v 0.016918378000000005 0.014217359999999998 0.011200005462321598
v 0.015999898000000002 0.006400000000000001 0.009600005462321598
v 0.015081418000000003 0.006217360000000002 0.009600001462321598
v 0.015081418000000003 0.006217360000000002 0.011200001462321599
v 0.015999898000000002 0.006400000000000001 0.011200005462321598
v 0.014302858000000002 0.005697040000000001 0.009600001462321598
v 0.014302858000000002 0.005697040000000001 0.011200001462321599
v 0.013782538000000002 0.004918480000000002 0.009600001462321598
v 0.013782538000000002 0.004918480000000002 0.011200001462321599
v 0.013599898000000001 0.004000000000000002 0.009600001462321598
v 0.013599898000000001 0.004000000000000002 0.011200001462321599
v 0.013782538000000002 0.0030815200000000017 0.009600001462321598
v 0.013782538000000002 0.0030815200000000017 0.011200001462321599
v 0.014302858000000002 0.002302960400000001 0.009600001462321598
v 0.014302858000000002 0.002302960400000001 0.011200001462321599
v 0.015081418000000003 0.0017826400000000011 0.009600001462321598
v 0.015081418000000003 0.0017826400000000011 0.011200001462321599
v 0.015999898000000002 0.0016000000000000012 0.009600005462321598
v 0.015999898000000002 0.0016000000000000012 0.011200005462321598
v 0.016918378000000005 0.0017826400000000016 0.009600005462321598
v 0.016918378000000005 0.0017826400000000016 0.011200005462321598
v 0.017696938000000006 0.0023029604000000016 0.009600005462321598
v 0.017696938000000006 0.0023029604000000016 0.011200005462321598
v 0.018217258 0.0030815200000000017 0.009600005462321598
v 0.018217258 0.0030815200000000017 0.011200005462321598
v 0.018399898000000005 0.004000000000000002 0.009600005462321598
v 0.018399898000000005 0.004000000000000002 0.011200005462321598
v 0.018217258 0.004918480000000002 0.009600005462321598
v 0.018217258 0.004918480000000002 0.011200005462321598
v 0.017696938000000006 0.005697040000000001 0.009600005462321598
v 0.017696938000000006 0.005697040000000001 0.011200005462321598
v 0.016918378000000005 0.006217360000000002 0.009600005462321598
v 0.016918378000000005 0.006217360000000002 0.011200005462321598
v 0.015081418000000003 0.006217360000000002 0.011200001462321599
v 0.015999898000000002 0.006400000000000001 0.011200005462321598
v 0.015999898000000002 0.004000000000000002 0.011200005462321598
v 0.014302858000000002 0.005697040000000001 0.011200001462321599
v 0.013782538000000002 0.004918480000000002 0.011200001462321599
v 0.013599898000000001 0.004000000000000002 0.011200001462321599
v 0.013782538000000002 0.0030815200000000017 0.011200001462321599
v 0.014302858000000002 0.002302960400000001 0.011200001462321599
v 0.015081418000000003 0.0017826400000000011 0.011200001462321599
v 0.015999898000000002 0.0016000000000000012 0.011200005462321598
v 0.016918378000000005 0.0017826400000000016 0.011200005462321598
v 0.017696938000000006 0.0023029604000000016 0.011200005462321598
v 0.018217258 0.0030815200000000017 0.011200005462321598
v 0.018399898000000005 0.004000000000000002 0.011200005462321598
v 0.018217258 0.004918480000000002 0.011200005462321598
v 0.017696938000000006 0.005697040000000001 0.011200005462321598
v 0.016918378000000005 0.006217360000000002 0.011200005462321598
v 0.023999898000000002 0.0304 0.009600005462321598
v 0.023081418000000006 0.030217360000000002 0.009600005462321598
v 0.023081418000000006 0.030217360000000002 0.011200005462321598
v 0.023999894 0.0304 0.011200005462321598
v 0.022302854000000007 0.029697039999999997 0.009600005462321598
v 0.022302854000000007 0.029697039999999997 0.011200005462321598
v 0.021782538000000004 0.02891848 0.009600005462321598
v 0.021782538000000004 0.02891848 0.011200005462321598
v 0.021599898 0.028000000000000004 0.009600005462321598
v 0.021599898 0.028000000000000004 0.011200005462321598
v 0.021782538000000004 0.02708152 0.009600005462321598
v 0.021782538000000004 0.02708152 0.011200005462321598
v 0.022302854000000007 0.026302960000000004 0.009600005462321598
v 0.022302854000000007 0.026302960000000004 0.011200005462321598
v 0.023081418000000006 0.02578264 0.009600005462321598
v 0.023081418000000006 0.02578264 0.011200005462321598
v 0.023999898000000002 0.0256 0.009600005462321598
v 0.023999894 0.0256 0.011200005462321598
v 0.024918377999999998 0.02578264 0.009600005462321598
v 0.024918377999999998 0.02578264 0.011200005462321598
v 0.025696937999999996 0.026302960000000004 0.009600005462321598
v 0.025696934000000005 0.026302960000000004 0.011200005462321598
v 0.026217258 0.02708152 0.009600005462321598
v 0.026217258 0.02708152 0.011200005462321598
v 0.026399898000000005 0.028000000000000004 0.009600005462321598
v 0.026399894000000004 0.028000000000000004 0.011200005462321598
v 0.026217258 0.02891848 0.009600005462321598
v 0.026217258 0.02891848 0.011200005462321598
v 0.025696937999999996 0.029697039999999997 0.009600005462321598
v 0.025696934000000005 0.029697039999999997 0.011200005462321598
v 0.024918377999999998 0.030217360000000002 0.009600005462321598
v 0.024918377999999998 0.030217360000000002 0.011200005462321598
v 0.023081418000000006 0.030217360000000002 0.011200005462321598
v 0.023999894 0.0304 0.011200005462321598
v 0.023999894 0.028000000000000004 0.011200005462321598
v 0.022302854000000007 0.029697039999999997 0.011200005462321598
v 0.021782538000000004 0.02891848 0.011200005462321598
v 0.021599898 0.028000000000000004 0.011200005462321598
v 0.021782538000000004 0.02708152 0.011200005462321598
v 0.022302854000000007 0.026302960000000004 0.011200005462321598
v 0.023081418000000006 0.02578264 0.011200005462321598
v 0.023999894 0.0256 0.011200005462321598
v 0.024918377999999998 0.02578264 0.011200005462321598
v 0.025696934000000005 0.026302960000000004 0.011200005462321598
v 0.026217258 0.02708152 0.011200005462321598
v 0.026399894000000004 0.028000000000000004 0.011200005462321598
v 0.026217258 0.02891848 0.011200005462321598
v 0.025696934000000005 0.029697039999999997 0.011200005462321598
v 0.024918377999999998 0.030217360000000002 0.011200005462321598
v 0.023999898000000002 0.022400000000000003 0.009600005462321598
v 0.023081418000000006 0.022217360000000005 0.009600005462321598
v 0.023081418000000006 0.022217360000000005 0.011200005462321598
v 0.023999894 0.022400000000000003 0.011200005462321598
v 0.022302854000000007 0.021697040000000004 0.009600005462321598
v 0.022302854000000007 0.021697040000000004 0.011200005462321598
v 0.021782538000000004 0.020918480000000003 0.009600005462321598
v 0.021782538000000004 0.020918480000000003 0.011200005462321598
v 0.021599898 0.020000000000000004 0.009600005462321598
v 0.021599898 0.020000000000000004 0.011200005462321598
v 0.021782538000000004 0.019081520000000005 0.009600005462321598
v 0.021782538000000004 0.019081520000000005 0.011200005462321598
v 0.022302854000000007 0.018302960000000004 0.009600005462321598
v 0.022302854000000007 0.018302960000000004 0.011200005462321598
v 0.023081418000000006 0.017782640000000002 0.009600005462321598
v 0.023081418000000006 0.017782640000000002 0.011200005462321598
v 0.023999898000000002 0.0176 0.009600005462321598
v 0.023999894 0.0176 0.011200005462321598
v 0.024918377999999998 0.017782640000000002 0.009600005462321598
v 0.024918377999999998 0.017782640000000002 0.011200005462321598
v 0.025696937999999996 0.018302960000000004 0.009600005462321598
v 0.025696934000000005 0.018302960000000004 0.011200005462321598
v 0.026217258 0.019081520000000005 0.009600005462321598
v 0.026217258 0.019081520000000005 0.011200005462321598
v 0.026399898000000005 0.020000000000000004 0.009600005462321598
v 0.026399894000000004 0.020000000000000004 0.011200005462321598
v 0.026217258 0.020918480000000003 0.009600005462321598
v 0.026217258 0.020918480000000003 0.011200005462321598
v 0.025696937999999996 0.021697040000000004 0.009600005462321598
v 0.025696934000000005 0.021697040000000004 0.011200005462321598
v 0.024918377999999998 0.022217360000000005 0.009600005462321598
v 0.024918377999999998 0.022217360000000005 0.011200005462321598
v 0.023081418000000006 0.022217360000000005 0.011200005462321598
v 0.023999894 0.022400000000000003 0.011200005462321598
v 0.023999894 0.020000000000000004 0.011200005462321598
v 0.022302854000000007 0.021697040000000004 0.011200005462321598
v 0.021782538000000004 0.020918480000000003 0.011200005462321598
v 0.021599898 0.020000000000000004 0.011200005462321598
v 0.021782538000000004 0.019081520000000005 0.011200005462321598
v 0.022302854000000007 0.018302960000000004 0.011200005462321598
v 0.023081418000000006 0.017782640000000002 0.011200005462321598
v 0.023999894 0.0176 0.011200005462321598
v 0.024918377999999998 0.017782640000000002 0.011200005462321598
v 0.025696934000000005 0.018302960000000004 0.011200005462321598
v 0.026217258 0.019081520000000005 0.011200005462321598
v 0.026399894000000004 0.020000000000000004 0.011200005462321598
v 0.026217258 0.020918480000000003 0.011200005462321598
v 0.025696934000000005 0.021697040000000004 0.011200005462321598
v 0.024918377999999998 0.022217360000000005 0.011200005462321598
v 0.023999898000000002 0.014400000000000005 0.009600005462321598
v 0.023081418000000006 0.014217360000000004 0.009600005462321598
v 0.023081418000000006 0.014217360000000004 0.011200005462321598
v 0.023999894 0.014400000000000005 0.011200005462321598
v 0.022302854000000007 0.013697040000000006 0.009600005462321598
v 0.022302854000000007 0.013697040000000006 0.011200005462321598
v 0.021782538000000004 0.012918480000000003 0.009600005462321598
v 0.021782538000000004 0.012918480000000003 0.011200005462321598
v 0.021599898 0.012000000000000002 0.009600005462321598
v 0.021599898 0.012000000000000002 0.011200005462321598
v 0.021782538000000004 0.011081520000000003 0.009600005462321598
v 0.021782538000000004 0.011081520000000003 0.011200005462321598
v 0.022302854000000007 0.010302960000000002 0.009600005462321598
v 0.022302854000000007 0.010302960000000002 0.011200005462321598
v 0.023081418000000006 0.009782640000000002 0.009600005462321598
v 0.023081418000000006 0.009782640000000002 0.011200005462321598
v 0.023999898000000002 0.009600000000000003 0.009600005462321598
v 0.023999894 0.009600000000000003 0.011200005462321598
v 0.024918377999999998 0.009782640000000002 0.009600005462321598
v 0.024918377999999998 0.009782640000000002 0.011200005462321598
v 0.025696937999999996 0.010302960000000002 0.009600005462321598
v 0.025696934000000005 0.010302960000000002 0.011200005462321598
v 0.026217258 0.011081520000000003 0.009600005462321598
v 0.026217258 0.011081520000000003 0.011200005462321598
v 0.026399898000000005 0.012000000000000002 0.009600005462321598
v 0.026399894000000004 0.012000000000000002 0.011200005462321598
v 0.026217258 0.012918480000000003 0.009600005462321598
v 0.026217258 0.012918480000000003 0.011200005462321598
v 0.025696937999999996 0.013697040000000006 0.009600005462321598
v 0.025696934000000005 0.013697040000000006 0.011200005462321598
v 0.024918377999999998 0.014217360000000004 0.009600005462321598
v 0.024918377999999998 0.014217360000000004 0.011200005462321598
v 0.023081418000000006 0.014217360000000004 0.011200005462321598
v 0.023999894 0.014400000000000005 0.011200005462321598
v 0.023999894 0.012000000000000002 0.011200005462321598
v 0.022302854000000007 0.013697040000000006 0.011200005462321598
v 0.021782538000000004 0.012918480000000003 0.011200005462321598
v 0.021599898 0.012000000000000002 0.011200005462321598
v 0.021782538000000004 0.011081520000000003 0.011200005462321598
v 0.022302854000000007 0.010302960000000002 0.011200005462321598
v 0.023081418000000006 0.009782640000000002 0.011200005462321598
v 0.023999894 0.009600000000000003 0.011200005462321598
v 0.024918377999999998 0.009782640000000002 0.011200005462321598
v 0.025696934000000005 0.010302960000000002 0.011200005462321598
v 0.026217258 0.011081520000000003 0.011200005462321598
v 0.026399894000000004 0.012000000000000002 0.011200005462321598
v 0.026217258 0.012918480000000003 0.011200005462321598
v 0.025696934000000005 0.013697040000000006 0.011200005462321598
v 0.024918377999999998 0.014217360000000004 0.011200005462321598
v 0.023999898000000002 0.006400000000000001 0.009600005462321598
v 0.023081418000000006 0.006217360000000002 0.009600005462321598
v 0.023081418000000006 0.006217360000000002 0.011200005462321598
v 0.023999894 0.006400000000000001 0.011200005462321598
v 0.022302854000000007 0.005697040000000001 0.009600005462321598
v 0.022302854000000007 0.005697040000000001 0.011200005462321598
v 0.021782538000000004 0.004918480000000002 0.009600005462321598
v 0.021782538000000004 0.004918480000000002 0.011200005462321598
v 0.021599898 0.004000000000000002 0.009600005462321598
v 0.021599898 0.004000000000000002 0.011200005462321598
v 0.021782538000000004 0.0030815200000000017 0.009600005462321598
v 0.021782538000000004 0.0030815200000000017 0.011200005462321598
v 0.022302854000000007 0.0023029604000000016 0.009600005462321598
v 0.022302854000000007 0.0023029604000000016 0.011200005462321598
v 0.023081418000000006 0.0017826400000000018 0.009600005462321598
v 0.023081418000000006 0.0017826400000000018 0.011200005462321598
v 0.023999898000000002 0.0016000000000000018 0.009600005462321598
v 0.023999894 0.0016000000000000018 0.011200005462321598
v 0.024918377999999998 0.0017826400000000018 0.009600005462321598
v 0.024918377999999998 0.0017826400000000018 0.011200005462321598
v 0.025696937999999996 0.0023029604000000016 0.009600005462321598
v 0.025696934000000005 0.0023029604000000016 0.011200005462321598
v 0.026217258 0.003081520000000002 0.009600005462321598
v 0.026217258 0.003081520000000002 0.011200005462321598
v 0.026399898000000005 0.004000000000000003 0.009600005462321598
v 0.026399894000000004 0.004000000000000003 0.011200005462321598
v 0.026217258 0.004918480000000002 0.009600005462321598
v 0.026217258 0.004918480000000002 0.011200005462321598
v 0.025696937999999996 0.005697040000000002 0.009600005462321598
v 0.025696934000000005 0.005697040000000002 0.011200005462321598
v 0.024918377999999998 0.006217360000000002 0.009600005462321598
v 0.024918377999999998 0.006217360000000002 0.011200005462321598
v 0.023081418000000006 0.006217360000000002 0.011200005462321598
v 0.023999894 0.006400000000000001 0.011200005462321598
v 0.023999894 0.004000000000000002 0.011200005462321598
v 0.022302854000000007 0.005697040000000001 0.011200005462321598
v 0.021782538000000004 0.004918480000000002 0.011200005462321598
v 0.021599898 0.004000000000000002 0.011200005462321598
v 0.021782538000000004 0.0030815200000000017 0.011200005462321598
v 0.022302854000000007 0.0023029604000000016 0.011200005462321598
v 0.023081418000000006 0.0017826400000000018 0.011200005462321598
v 0.023999894 0.0016000000000000018 0.011200005462321598
v 0.024918377999999998 0.0017826400000000018 0.011200005462321598
v 0.025696934000000005 0.0023029604000000016 0.011200005462321598
v 0.026217258 0.003081520000000002 0.011200005462321598
v 0.026399894000000004 0.004000000000000003 0.011200005462321598
v 0.026217258 0.004918480000000002 0.011200005462321598
v 0.025696934000000005 0.005697040000000002 0.011200005462321598
v 0.024918377999999998 0.006217360000000002 0.011200005462321598
v 0.027999898000000006 0.032 0.009600005462321598
v 0.027999898000000006 0.032 4.450521997060848e-09
v 0.027999898000000006 1.9594348786357654e-18 4.450521997060848e-09
v 0.027999898000000006 1.9594348786357654e-18 0.009600005462321598
v 0.011999898000000002 9.797174393178827e-19 0.009600001462321598
v 0.011999898000000002 9.797174393178827e-19 3.0517579980405655e-09
v 0.011999897999999998 0.032 3.0517579980405655e-09
v 0.011999898000000002 0.032 0.009600001462321598
v 0.022399902000000003 -5.245207983834661e-10 0.009600001462321598
v 0.022217258000000007 0.0009184792000000016 0.009600001462321598
v 0.022217258000000007 0.0009184792000000016 0.011200001462321599
v 0.022399902000000003 -5.245207983834661e-10 0.011200001462321599
v 0.021696942000000004 0.0016970392000000016 0.009600001462321598
v 0.021696938000000002 0.0016970392000000016 0.011200001462321599
v 0.020918378000000005 0.0022173592000000013 0.009600001462321598
v 0.020918378000000005 0.0022173592000000013 0.011200001462321599
v 0.019999898000000002 0.0023999992000000017 0.009600001462321598
v 0.019999898000000002 0.0023999992000000017 0.011200001462321599
v 0.019081418000000003 0.0022173588000000016 0.009600001462321598
v 0.019081418000000003 0.0022173588000000016 0.011200001462321599
v 0.018302858 0.0016970384000000013 0.009600001462321598
v 0.018302858 0.0016970384000000013 0.011200001462321599
v 0.017782538 0.0009184784000000016 0.009600001462321598
v 0.017782538 0.0009184784000000016 0.011200001462321599
v 0.017599898000000003 -1.3828275986773816e-09 0.009600001462321598
v 0.017599898000000003 -1.3828275986773816e-09 0.011200001462321599
v 0.017782538 -0.0009184811999999987 0.009600001462321598
v 0.017782538 -0.0009184811999999987 0.011200001462321599
v 0.018302858 -0.0016970411999999986 0.009600001462321598
v 0.018302858 -0.0016970411999999986 0.011200001462321599
v 0.019081422 -0.0022173611999999985 0.009600001462321598
v 0.019081418000000003 -0.0022173611999999985 0.011200001462321599
v 0.019999902000000003 -0.0024000007999999988 0.009600001462321598
v 0.019999898000000002 -0.0024000007999999988 0.011200001462321599
v 0.020918382000000006 -0.002217360799999999 0.009600001462321598
v 0.020918378000000005 -0.002217360799999999 0.011200001462321599
v 0.021696942000000004 -0.0016970403999999983 0.009600001462321598
v 0.021696942000000004 -0.0016970403999999983 0.011200001462321599
v 0.022217258000000007 -0.0009184803999999985 0.009600001462321598
v 0.022217258000000007 -0.0009184803999999985 0.011200001462321599
v 0.023199902000000005 -3.814694383344801e-10 0.009600001462321598
v 0.022956377999999996 0.0012246396000000017 0.009600001462321598
v 0.022956377999999996 0.0012246396000000017 0.011200001462321599
v 0.023199902000000005 -3.814694383344801e-10 0.011200001462321599
v 0.022262618000000005 0.002262719200000002 0.009600001462321598
v 0.022262618000000005 0.002262719200000002 0.011200001462321599
v 0.021224537999999998 0.0029564796000000016 0.009600001462321598
v 0.021224537999999998 0.0029564796000000016 0.011200001462321599
v 0.019999898000000002 0.0031999992000000016 0.009600001462321598
v 0.019999898000000002 0.0031999992000000016 0.011200001462321599
v 0.018775258000000003 0.002956479200000002 0.009600001462321598
v 0.018775258000000003 0.002956479200000002 0.011200001462321599
v 0.017737178000000003 0.0022627184000000014 0.009600001462321598
v 0.017737178000000003 0.0022627184000000014 0.011200001462321599
v 0.017043418 0.0012246384000000013 0.009600001462321598
v 0.017043418 0.0012246384000000013 0.011200001462321599
v 0.016799898000000004 -1.5258787987263674e-09 0.009600001462321598
v 0.016799898000000004 -1.5258787987263674e-09 0.011200001462321599
v 0.017043418 -0.0012246415999999987 0.009600001462321598
v 0.017043418 -0.0012246415999999987 0.011200001462321599
v 0.017737182 -0.0022627211999999984 0.009600001462321598
v 0.017737178000000003 -0.0022627211999999984 0.011200001462321599
v 0.018775262 -0.0029564811999999987 0.009600001462321598
v 0.018775262 -0.0029564811999999987 0.011200001462321599
v 0.019999902000000003 -0.0032000007999999987 0.009600001462321598
v 0.019999902000000003 -0.0032000007999999987 0.011200001462321599
v 0.021224542 -0.0029564807999999986 0.009600001462321598
v 0.021224542 -0.0029564807999999986 0.011200001462321599
v 0.022262622 -0.002262720399999998 0.009600001462321598
v 0.022262622 -0.002262720399999998 0.011200001462321599
v 0.022956377999999996 -0.0012246403999999985 0.009600001462321598
v 0.022956377999999996 -0.0012246403999999985 0.011200001462321599
v 0.019999898000000002 0.0031999992000000016 0.009600001462321598
v 0.019999898000000002 0.0023999992000000017 0.009600001462321598
v 0.019081418000000003 0.0022173588000000016 0.009600001462321598
v 0.018775258000000003 0.002956479200000002 0.009600001462321598
v 0.018302858 0.0016970384000000013 0.009600001462321598
v 0.017737178000000003 0.0022627184000000014 0.009600001462321598
v 0.017782538 0.0009184784000000016 0.009600001462321598
v 0.017043418 0.0012246384000000013 0.009600001462321598
v 0.017599898000000003 -1.3828275986773816e-09 0.009600001462321598
v 0.016799898000000004 -1.5258787987263674e-09 0.009600001462321598
v 0.017782538 -0.0009184811999999987 0.009600001462321598
v 0.017043418 -0.0012246415999999987 0.009600001462321598
v 0.018302858 -0.0016970411999999986 0.009600001462321598
v 0.017737182 -0.0022627211999999984 0.009600001462321598
v 0.019081422 -0.0022173611999999985 0.009600001462321598
v 0.018775262 -0.0029564811999999987 0.009600001462321598
v 0.019999902000000003 -0.0024000007999999988 0.009600001462321598
v 0.019999902000000003 -0.0032000007999999987 0.009600001462321598
v 0.020918382000000006 -0.002217360799999999 0.009600001462321598
v 0.021224542 -0.0029564807999999986 0.009600001462321598
v 0.021696942000000004 -0.0016970403999999983 0.009600001462321598
v 0.022262622 -0.002262720399999998 0.009600001462321598
v 0.022217258000000007 -0.0009184803999999985 0.009600001462321598
v 0.022956377999999996 -0.0012246403999999985 0.009600001462321598
v 0.022399902000000003 -5.245207983834661e-10 0.009600001462321598
v 0.023199902000000005 -3.814694383344801e-10 0.009600001462321598
v 0.022217258000000007 0.0009184792000000016 0.009600001462321598
v 0.022956377999999996 0.0012246396000000017 0.009600001462321598
v 0.021696942000000004 0.0016970392000000016 0.009600001462321598
v 0.022262618000000005 0.002262719200000002 0.009600001462321598
v 0.020918378000000005 0.0022173592000000013 0.009600001462321598
v 0.021224537999999998 0.0029564796000000016 0.009600001462321598
v 0.014399898000000003 -1.955031998873325e-09 0.009600001462321598
v 0.014217258000000002 0.0009184780000000011 0.009600001462321598
v 0.014217258000000002 0.0009184780000000011 0.011200001462321599
v 0.014399898000000003 -1.955031998873325e-09 0.011200001462321599
v 0.013696938000000004 0.0016970376000000013 0.009600001462321598
v 0.013696938000000004 0.0016970376000000013 0.011200001462321599
v 0.012918378000000001 0.002217357600000001 0.009600001462321598
v 0.012918378000000001 0.002217357600000001 0.011200001462321599
v 0.011999898000000002 0.002399997600000001 0.009600001462321598
v 0.011999898000000002 0.002399997600000001 0.011200001462321599
v 0.011081418000000003 0.002217357600000001 0.009600001462321598
v 0.011081418000000003 0.002217357600000001 0.011200001462321599
v 0.010302858000000002 0.001697037200000001 0.009600001462321598
v 0.010302858000000002 0.001697037200000001 0.011200001462321599
v 0.009782538000000004 0.0009184772000000009 0.009600001462321598
v 0.009782538000000004 0.0009184772000000009 0.011200001462321599
v 0.009599898000000003 -2.8133391991672403e-09 0.009600001462321598
v 0.009599898000000003 -2.8133391991672403e-09 0.011200001462321599
v 0.009782538000000004 -0.0009184827999999991 0.009600001462321598
v 0.009782538000000004 -0.0009184827999999991 0.011200001462321599
v 0.010302858000000002 -0.0016970423999999994 0.009600001462321598
v 0.010302858000000002 -0.0016970423999999994 0.011200001462321599
v 0.011081422 -0.002217362399999999 0.009600001462321598
v 0.011081418000000003 -0.002217362399999999 0.011200001462321599
v 0.011999902000000003 -0.002400002399999999 0.009600001462321598
v 0.011999898000000002 -0.002400002399999999 0.011200001462321599
v 0.012918382000000003 -0.002217362399999999 0.009600001462321598
v 0.012918378000000001 -0.002217362399999999 0.011200001462321599
v 0.013696938000000004 -0.0016970419999999993 0.009600001462321598
v 0.013696938000000004 -0.0016970419999999993 0.011200001462321599
v 0.014217258000000002 -0.000918481999999999 0.009600001462321598
v 0.014217258000000002 -0.000918481999999999 0.011200001462321599
v 0.015199898000000002 -1.811981198824339e-09 0.009600001462321598
v 0.014956378000000001 0.0012246380000000014 0.009600001462321598
v 0.014956378000000001 0.0012246380000000014 0.011200001462321599
v 0.015199898000000002 -1.811981198824339e-09 0.011200001462321599
v 0.014262618000000001 0.0022627180000000012 0.009600001462321598
v 0.014262618000000001 0.0022627180000000012 0.011200001462321599
v 0.013224538000000001 0.0029564784000000012 0.009600001462321598
v 0.013224538000000001 0.0029564784000000012 0.011200001462321599
v 0.011999898000000002 0.0031999976000000015 0.009600001462321598
v 0.011999898000000002 0.0031999976000000015 0.011200001462321599
v 0.010775258000000003 0.002956477600000001 0.009600001462321598
v 0.010775258000000003 0.002956477600000001 0.011200001462321599
v 0.009737178000000003 0.002262716800000001 0.009600001462321598
v 0.009737178000000003 0.002262716800000001 0.011200001462321599
v 0.009043418000000003 0.0012246368000000008 0.009600001462321598
v 0.009043418000000003 0.0012246368000000008 0.011200001462321599
v 0.008799898000000002 -2.9563903992162266e-09 0.009600001462321598
v 0.008799898000000002 -2.9563903992162266e-09 0.011200001462321599
v 0.009043422 -0.0012246427999999994 0.009600001462321598
v 0.009043422 -0.0012246427999999994 0.011200001462321599
v 0.009737182000000002 -0.0022627223999999993 0.009600001462321598
v 0.009737178000000003 -0.0022627223999999993 0.011200001462321599
v 0.010775262 -0.002956482799999999 0.009600001462321598
v 0.010775262 -0.002956482799999999 0.011200001462321599
v 0.011999902000000003 -0.0032000024 0.009600001462321598
v 0.011999902000000003 -0.0032000024 0.011200001462321599
v 0.013224542000000002 -0.0029564819999999994 0.009600001462321598
v 0.013224542000000002 -0.0029564819999999994 0.011200001462321599
v 0.014262622000000003 -0.0022627215999999994 0.009600001462321598
v 0.014262618000000001 -0.0022627215999999994 0.011200001462321599
v 0.014956378000000001 -0.0012246415999999987 0.009600001462321598
v 0.014956378000000001 -0.0012246415999999987 0.011200001462321599
v 0.011999898000000002 0.0031999976000000015 0.009600001462321598
v 0.011999898000000002 0.002399997600000001 0.009600001462321598
v 0.011081418000000003 0.002217357600000001 0.009600001462321598
v 0.010775258000000003 0.002956477600000001 0.009600001462321598
v 0.010302858000000002 0.001697037200000001 0.009600001462321598
v 0.009737178000000003 0.002262716800000001 0.009600001462321598
v 0.009782538000000004 0.0009184772000000009 0.009600001462321598
v 0.009043418000000003 0.0012246368000000008 0.009600001462321598
v 0.009599898000000003 -2.8133391991672403e-09 0.009600001462321598
v 0.008799898000000002 -2.9563903992162266e-09 0.009600001462321598
v 0.009782538000000004 -0.0009184827999999991 0.009600001462321598
v 0.009043422 -0.0012246427999999994 0.009600001462321598
v 0.010302858000000002 -0.0016970423999999994 0.009600001462321598
v 0.009737182000000002 -0.0022627223999999993 0.009600001462321598
v 0.011081422 -0.002217362399999999 0.009600001462321598
v 0.010775262 -0.002956482799999999 0.009600001462321598
v 0.011999902000000003 -0.002400002399999999 0.009600001462321598
v 0.011999902000000003 -0.0032000024 0.009600001462321598
v 0.012918382000000003 -0.002217362399999999 0.009600001462321598
v 0.013224542000000002 -0.0029564819999999994 0.009600001462321598
v 0.013696938000000004 -0.0016970419999999993 0.009600001462321598
v 0.014262622000000003 -0.0022627215999999994 0.009600001462321598
v 0.014217258000000002 -0.000918481999999999 0.009600001462321598
v 0.014956378000000001 -0.0012246415999999987 0.009600001462321598
v 0.014399898000000003 -1.955031998873325e-09 0.009600001462321598
v 0.015199898000000002 -1.811981198824339e-09 0.009600001462321598
v 0.014217258000000002 0.0009184780000000011 0.009600001462321598
v 0.014956378000000001 0.0012246380000000014 0.009600001462321598
v 0.013696938000000004 0.0016970376000000013 0.009600001462321598
v 0.014262618000000001 0.0022627180000000012 0.009600001462321598
v 0.012918378000000001 0.002217357600000001 0.009600001462321598
v 0.013224538000000001 0.0029564784000000012 0.009600001462321598
v 0.006399898000000002 -3.3855439993631837e-09 0.0096000014623216
v 0.0062172580000000015 0.0009184764000000007 0.0096000014623216
v 0.0062172580000000015 0.0009184764000000007 0.0112000014623216
v 0.006399898000000002 -3.3855439993631837e-09 0.0112000014623216
v 0.005696938000000001 0.0016970364000000009 0.0096000014623216
v 0.005696938000000001 0.0016970364000000009 0.0112000014623216
v 0.004918378000000001 0.0022173564000000008 0.0096000014623216
v 0.004918378000000001 0.0022173564000000008 0.0112000014623216
v 0.003999898000000002 0.0023999960000000006 0.0096000014623216
v 0.003999898000000002 0.0023999960000000006 0.0112000014623216
v 0.0030814180000000016 0.002217356 0.0096000014623216
v 0.0030814180000000016 0.002217356 0.0112000014623216
v 0.0023028580000000022 0.0016970356000000004 0.0096000014623216
v 0.0023028580000000022 0.0016970356000000004 0.0112000014623216
v 0.0017825380000000023 0.0009184756000000004 0.0096000014623216
v 0.0017825380000000023 0.0009184756000000004 0.0112000014623216
v 0.001599898000000002 -4.243851999657099e-09 0.0096000014623216
v 0.001599898000000002 -4.243851999657099e-09 0.0112000014623216
v 0.0017825380000000023 -0.0009184839999999996 0.0096000014623216
v 0.0017825380000000023 -0.0009184839999999996 0.0112000014623216
v 0.0023028620000000023 -0.0016970439999999998 0.0096000014623216
v 0.0023028620000000023 -0.0016970439999999998 0.0112000014623216
v 0.003081422000000004 -0.0022173639999999994 0.0096000014623216
v 0.003081422000000004 -0.0022173639999999994 0.0112000014623216
v 0.003999902000000003 -0.0024000039999999994 0.0096000014623216
v 0.003999902000000003 -0.0024000039999999994 0.0112000014623216
v 0.004918382000000002 -0.0022173635999999993 0.0096000014623216
v 0.004918382000000002 -0.0022173635999999993 0.0112000014623216
v 0.005696942000000002 -0.001697043199999999 0.0096000014623216
v 0.005696942000000003 -0.001697043199999999 0.0112000014623216
v 0.006217262000000001 -0.0009184831999999993 0.0096000014623216
v 0.006217262000000004 -0.0009184831999999993 0.0112000014623216
v 0.007199898000000002 -3.2424927993141983e-09 0.0096000014623216
v 0.0069563780000000035 0.0012246368000000008 0.0096000014623216
v 0.0069563780000000035 0.0012246368000000008 0.0112000014623216
v 0.007199898000000002 -3.2424927993141983e-09 0.0112000014623216
v 0.006262618000000002 0.0022627164000000007 0.0096000014623216
v 0.006262618000000002 0.0022627164000000007 0.0112000014623216
v 0.005224538000000001 0.0029564768000000007 0.0096000014623216
v 0.005224538000000001 0.0029564768000000007 0.0112000014623216
v 0.003999898000000002 0.0031999960000000005 0.0096000014623216
v 0.003999898000000002 0.0031999960000000005 0.0112000014623216
v 0.002775258000000002 0.0029564764000000006 0.0096000014623216
v 0.002775258000000002 0.0029564764000000006 0.0112000014623216
v 0.0017371780000000015 0.0022627156000000004 0.0096000014623216
v 0.0017371780000000015 0.0022627156000000004 0.0112000014623216
v 0.0010434180000000026 0.0012246356000000004 0.0096000014623216
v 0.0010434180000000026 0.0012246356000000004 0.0112000014623216
v 0.0007998980000000022 -4.3868999997060856e-09 0.0096000014623216
v 0.0007998980000000022 -4.3868999997060856e-09 0.0112000014623216
v 0.0010434220000000017 -0.0012246443999999997 0.0096000014623216
v 0.0010434180000000026 -0.0012246443999999997 0.0112000014623216
v 0.0017371820000000016 -0.002262724 0.0096000014623216
v 0.0017371820000000016 -0.002262724 0.0112000014623216
v 0.0027752620000000027 -0.0029564839999999997 0.0096000014623216
v 0.0027752620000000027 -0.0029564839999999997 0.0112000014623216
v 0.003999902000000003 -0.0032000039999999993 0.0096000014623216
v 0.003999902000000003 -0.0032000039999999993 0.0112000014623216
v 0.005224542000000003 -0.0029564835999999995 0.0096000014623216
v 0.005224542000000003 -0.0029564835999999995 0.0112000014623216
v 0.006262622000000002 -0.002262723199999999 0.0096000014623216
v 0.006262622000000002 -0.002262723199999999 0.0112000014623216
v 0.0069563780000000035 -0.0012246431999999993 0.0096000014623216
v 0.0069563780000000035 -0.0012246431999999993 0.0112000014623216
v 0.003999898000000002 0.0031999960000000005 0.0096000014623216
v 0.003999898000000002 0.0023999960000000006 0.0096000014623216
v 0.0030814180000000016 0.002217356 0.0096000014623216
v 0.002775258000000002 0.0029564764000000006 0.0096000014623216
v 0.0023028580000000022 0.0016970356000000004 0.0096000014623216
v 0.0017371780000000015 0.0022627156000000004 0.0096000014623216
v 0.0017825380000000023 0.0009184756000000004 0.0096000014623216
v 0.0010434180000000026 0.0012246356000000004 0.0096000014623216
v 0.001599898000000002 -4.243851999657099e-09 0.0096000014623216
v 0.0007998980000000022 -4.3868999997060856e-09 0.0096000014623216
v 0.0017825380000000023 -0.0009184839999999996 0.0096000014623216
v 0.0010434220000000017 -0.0012246443999999997 0.0096000014623216
v 0.0023028620000000023 -0.0016970439999999998 0.0096000014623216
v 0.0017371820000000016 -0.002262724 0.0096000014623216
v 0.003081422000000004 -0.0022173639999999994 0.0096000014623216
v 0.0027752620000000027 -0.0029564839999999997 0.0096000014623216
v 0.003999902000000003 -0.0024000039999999994 0.0096000014623216
v 0.003999902000000003 -0.0032000039999999993 0.0096000014623216
v 0.004918382000000002 -0.0022173635999999993 0.0096000014623216
v 0.005224542000000003 -0.0029564835999999995 0.0096000014623216
v 0.005696942000000002 -0.001697043199999999 0.0096000014623216
v 0.006262622000000002 -0.002262723199999999 0.0096000014623216
v 0.006217262000000001 -0.0009184831999999993 0.0096000014623216
v 0.0069563780000000035 -0.0012246431999999993 0.0096000014623216
v 0.006399898000000002 -3.3855439993631837e-09 0.0096000014623216
v 0.007199898000000002 -3.2424927993141983e-09 0.0096000014623216
v 0.0062172580000000015 0.0009184764000000007 0.0096000014623216
v 0.0069563780000000035 0.0012246368000000008 0.0096000014623216
v 0.005696938000000001 0.0016970364000000009 0.0096000014623216
v 0.006262618000000002 0.0022627164000000007 0.0096000014623216
v 0.004918378000000001 0.0022173564000000008 0.0096000014623216
v 0.005224538000000001 0.0029564768000000007 0.0096000014623216
v -0.001600099999999998 -4.816055999853043e-09 0.0096000014623216
v -0.0017827403999999983 0.0009184752000000002 0.0096000014623216
v -0.001782740399999998 0.0009184752000000002 0.0112000014623216
v -0.001600100399999998 -4.816055999853043e-09 0.0112000014623216
v -0.0023030607999999985 0.0016970348000000003 0.0096000014623216
v -0.002303060799999998 0.0016970348000000003 0.0112000014623216
v -0.003081620399999998 0.0022173548 0.0096000014623216
v -0.003081620799999998 0.0022173548 0.0112000014623216
v -0.004000100528154398 0.0023999948 0.0096000014623216
v -0.004000100668030799 0.0023999948 0.0112000014623216
v -0.004918580399999998 0.0022173544 0.0096000014623216
v -0.004918580399999998 0.0022173544 0.0112000014623216
v -0.005697140399999998 0.0016970344000000002 0.0096000014623216
v -0.005697140399999998 0.0016970344000000002 0.0112000014623216
v -0.0062174603999999994 0.0009184743999999999 0.0096000014623216
v -0.0062174603999999994 0.0009184743999999999 0.0112000014623216
v -0.006400099999999998 -5.674364000146958e-09 0.0096000014623216
v -0.006400100399999998 -5.674364000146958e-09 0.0112000014623216
v -0.0062174599999999984 -0.0009184856000000002 0.0096000014623216
v -0.0062174599999999984 -0.0009184856000000002 0.0112000014623216
v -0.005697139599999999 -0.0016970452000000004 0.0096000014623216
v -0.005697139599999999 -0.0016970452000000004 0.0112000014623216
v -0.004918579599999999 -0.0022173652000000003 0.0096000014623216
v -0.004918579599999998 -0.0022173652000000003 0.0112000014623216
v -0.004000099669847598 -0.0024000052 0.0096000014623216
v -0.004000099809723998 -0.0024000052 0.0112000014623216
v -0.003081619599999998 -0.0022173652000000003 0.0096000014623216
v -0.0030816199999999976 -0.0022173652000000003 0.0112000014623216
v -0.002303059999999998 -0.0016970448000000003 0.0096000014623216
v -0.002303059999999998 -0.0016970448000000003 0.0112000014623216
v -0.001782739999999998 -0.0009184848 0.0096000014623216
v -0.001782739999999998 -0.0009184848 0.0112000014623216
v -0.000800099999999998 -4.673003999804056e-09 0.0096000014623216
v -0.0010436203999999983 0.0012246352000000002 0.0096000014623216
v -0.0010436203999999976 0.0012246352000000002 0.0112000014623216
v -0.000800099999999998 -4.673003999804056e-09 0.0112000014623216
v -0.0017373807999999983 0.0022627148 0.0096000014623216
v -0.001737380799999998 0.0022627148 0.0112000014623216
v -0.002775460799999998 0.0029564756 0.0096000014623216
v -0.002775460799999998 0.0029564756 0.0112000014623216
v -0.004000100671205598 0.0031999948 0.0096000014623216
v -0.004000100811081998 0.0031999948 0.0112000014623216
v -0.005224740399999999 0.0029564748000000004 0.0096000014623216
v -0.005224740799999999 0.0029564748000000004 0.0112000014623216
v -0.006262820399999999 0.0022627140000000003 0.0096000014623216
v -0.006262820399999998 0.0022627140000000003 0.0112000014623216
v -0.006956580799999999 0.0012246339999999998 0.0096000014623216
v -0.006956580799999999 0.0012246339999999998 0.0112000014623216
v -0.007200099999999998 -5.817412000195943e-09 0.0096000014623216
v -0.0072001003999999985 -5.817412000195943e-09 0.0112000014623216
v -0.006956580399999999 -0.0012246456000000003 0.0096000014623216
v -0.006956580399999999 -0.0012246456000000003 0.0112000014623216
v -0.006262819599999998 -0.0022627256 0.0096000014623216
v -0.006262819599999998 -0.0022627256 0.0112000014623216
v -0.005224739599999998 -0.0029564856000000002 0.0096000014623216
v -0.005224739599999998 -0.0029564856000000002 0.0112000014623216
v -0.004000099526796398 -0.0032000051999999998 0.0096000014623216
v -0.004000099666672798 -0.0032000051999999998 0.0112000014623216
v -0.002775459599999998 -0.0029564848000000004 0.0096000014623216
v -0.002775459999999998 -0.0029564848000000004 0.0112000014623216
v -0.0017373799999999978 -0.0022627244000000004 0.0096000014623216
v -0.0017373799999999978 -0.0022627244000000004 0.0112000014623216
v -0.001043619999999998 -0.0012246444 0.0096000014623216
v -0.001043619999999998 -0.0012246444 0.0112000014623216
v -0.004000100671205598 0.0031999948 0.0096000014623216
v -0.004000100528154398 0.0023999948 0.0096000014623216
v -0.004918580399999998 0.0022173544 0.0096000014623216
v -0.005224740399999999 0.0029564748000000004 0.0096000014623216
v -0.005697140399999998 0.0016970344000000002 0.0096000014623216
v -0.006262820399999999 0.0022627140000000003 0.0096000014623216
v -0.0062174603999999994 0.0009184743999999999 0.0096000014623216
v -0.006956580799999999 0.0012246339999999998 0.0096000014623216
v -0.006400099999999998 -5.674364000146958e-09 0.0096000014623216
v -0.007200099999999998 -5.817412000195943e-09 0.0096000014623216
v -0.0062174599999999984 -0.0009184856000000002 0.0096000014623216
v -0.006956580399999999 -0.0012246456000000003 0.0096000014623216
v -0.005697139599999999 -0.0016970452000000004 0.0096000014623216
v -0.006262819599999998 -0.0022627256 0.0096000014623216
v -0.004918579599999999 -0.0022173652000000003 0.0096000014623216
v -0.005224739599999998 -0.0029564856000000002 0.0096000014623216
v -0.004000099669847598 -0.0024000052 0.0096000014623216
v -0.004000099526796398 -0.0032000051999999998 0.0096000014623216
v -0.003081619599999998 -0.0022173652000000003 0.0096000014623216
v -0.002775459599999998 -0.0029564848000000004 0.0096000014623216
v -0.002303059999999998 -0.0016970448000000003 0.0096000014623216
v -0.0017373799999999978 -0.0022627244000000004 0.0096000014623216
v -0.001782739999999998 -0.0009184848 0.0096000014623216
v -0.001043619999999998 -0.0012246444 0.0096000014623216
v -0.001600099999999998 -4.816055999853043e-09 0.0096000014623216
v -0.000800099999999998 -4.673003999804056e-09 0.0096000014623216
v -0.0017827403999999983 0.0009184752000000002 0.0096000014623216
v -0.0010436203999999983 0.0012246352000000002 0.0096000014623216
v -0.0023030607999999985 0.0016970348000000003 0.0096000014623216
v -0.0017373807999999983 0.0022627148 0.0096000014623216
v -0.003081620399999998 0.0022173548 0.0096000014623216
v -0.002775460799999998 0.0029564756 0.0096000014623216
v -0.009600101999999998 -6.2465680003429e-09 0.0096000014623216
v -0.009782741999999997 0.0009184735999999996 0.0096000014623216
v -0.009782741999999997 0.0009184735999999996 0.0112000014623216
v -0.009600101999999998 -6.2465680003429e-09 0.0112000014623216
v -0.010303061999999998 0.0016970335999999997 0.0096000014623216
v -0.010303061999999998 0.0016970335999999997 0.0112000014623216
v -0.011081621999999998 0.0022173536 0.0096000014623216
v -0.011081621999999998 0.0022173536 0.0112000014623216
v -0.012000101999999999 0.0023999932 0.0096000014623216
v -0.012000101999999999 0.0023999932 0.0112000014623216
v -0.012918581999999998 0.0022173531999999997 0.0096000014623216
v -0.012918581999999998 0.0022173531999999997 0.0112000014623216
v -0.013697141999999997 0.0016970327999999994 0.0096000014623216
v -0.013697141999999997 0.0016970327999999994 0.0112000014623216
v -0.014217461999999998 0.0009184727999999993 0.0096000014623216
v -0.014217461999999998 0.0009184727999999993 0.0112000014623216
v -0.014400102 -7.104872000636817e-09 0.0096000014623216
v -0.014400102 -7.104872000636817e-09 0.0112000014623216
v -0.014217457999999999 -0.0009184868000000007 0.0096000014623216
v -0.014217457999999997 -0.0009184868000000007 0.0112000014623216
v -0.013697138 -0.001697046800000001 0.0096000014623216
v -0.013697137999999998 -0.001697046800000001 0.0112000014623216
v -0.012918577999999998 -0.002217366800000001 0.0096000014623216
v -0.012918577999999998 -0.002217366800000001 0.0112000014623216
v -0.012000097999999997 -0.0024000068000000004 0.0096000014623216
v -0.012000097999999997 -0.0024000068000000004 0.0112000014623216
v -0.011081617999999998 -0.0022173664000000003 0.0096000014623216
v -0.011081617999999998 -0.0022173664000000003 0.0112000014623216
v -0.010303057999999999 -0.0016970460000000004 0.0096000014623216
v -0.010303061999999998 -0.0016970460000000004 0.0112000014623216
v -0.009782741999999997 -0.0009184864000000003 0.0096000014623216
v -0.009782741999999997 -0.0009184864000000003 0.0112000014623216
v -0.008800101999999999 -6.1035160002939155e-09 0.0096000014623216
v -0.009043621999999998 0.0012246335999999997 0.0096000014623216
v -0.009043621999999998 0.0012246335999999997 0.0112000014623216
v -0.008800101999999999 -6.1035160002939155e-09 0.0112000014623216
v -0.009737381999999998 0.0022627135999999997 0.0096000014623216
v -0.009737381999999998 0.0022627135999999997 0.0112000014623216
v -0.010775462 0.0029564739999999997 0.0096000014623216
v -0.010775462 0.0029564739999999997 0.0112000014623216
v -0.012000101999999999 0.0031999932 0.0096000014623216
v -0.012000101999999999 0.0031999932 0.0112000014623216
v -0.013224741999999998 0.002956473599999999 0.0096000014623216
v -0.013224741999999998 0.002956473599999999 0.0112000014623216
v -0.014262822 0.0022627127999999995 0.0096000014623216
v -0.014262822 0.0022627127999999995 0.0112000014623216
v -0.014956582000000001 0.0012246327999999994 0.0096000014623216
v -0.014956582000000001 0.0012246327999999994 0.0112000014623216
v -0.015200102 -7.2479240006858026e-09 0.0096000014623216
v -0.015200102 -7.2479240006858026e-09 0.0112000014623216
v -0.014956582000000001 -0.0012246472000000009 0.0096000014623216
v -0.014956581999999998 -0.0012246472000000009 0.0112000014623216
v -0.014262817999999997 -0.0022627268000000008 0.0096000014623216
v -0.014262817999999997 -0.0022627268000000008 0.0112000014623216
v -0.013224737999999996 -0.002956486800000001 0.0096000014623216
v -0.013224737999999996 -0.002956486800000001 0.0112000014623216
v -0.012000097999999997 -0.003200006800000001 0.0096000014623216
v -0.012000097999999997 -0.003200006800000001 0.0112000014623216
v -0.010775457999999998 -0.0029564864 0.0096000014623216
v -0.010775457999999998 -0.0029564864 0.0112000014623216
v -0.009737377999999998 -0.0022627260000000005 0.0096000014623216
v -0.009737377999999998 -0.0022627260000000005 0.0112000014623216
v -0.009043618 -0.0012246460000000005 0.0096000014623216
v -0.009043618 -0.0012246460000000005 0.0112000014623216
v -0.012000101999999999 0.0031999932 0.0096000014623216
v -0.012000101999999999 0.0023999932 0.0096000014623216
v -0.012918581999999998 0.0022173531999999997 0.0096000014623216
v -0.013224741999999998 0.002956473599999999 0.0096000014623216
v -0.013697141999999997 0.0016970327999999994 0.0096000014623216
v -0.014262822 0.0022627127999999995 0.0096000014623216
v -0.014217461999999998 0.0009184727999999993 0.0096000014623216
v -0.014956582000000001 0.0012246327999999994 0.0096000014623216
v -0.014400102 -7.104872000636817e-09 0.0096000014623216
v -0.015200102 -7.2479240006858026e-09 0.0096000014623216
v -0.014217457999999999 -0.0009184868000000007 0.0096000014623216
v -0.014956582000000001 -0.0012246472000000009 0.0096000014623216
v -0.013697138 -0.001697046800000001 0.0096000014623216
v -0.014262817999999997 -0.0022627268000000008 0.0096000014623216
v -0.012918577999999998 -0.002217366800000001 0.0096000014623216
v -0.013224737999999996 -0.002956486800000001 0.0096000014623216
v -0.012000097999999997 -0.0024000068000000004 0.0096000014623216
v -0.012000097999999997 -0.003200006800000001 0.0096000014623216
v -0.011081617999999998 -0.0022173664000000003 0.0096000014623216
v -0.010775457999999998 -0.0029564864 0.0096000014623216
v -0.010303057999999999 -0.0016970460000000004 0.0096000014623216
v -0.009737377999999998 -0.0022627260000000005 0.0096000014623216
v -0.009782741999999997 -0.0009184864000000003 0.0096000014623216
v -0.009043618 -0.0012246460000000005 0.0096000014623216
v -0.009600101999999998 -6.2465680003429e-09 0.0096000014623216
v -0.008800101999999999 -6.1035160002939155e-09 0.0096000014623216
v -0.009782741999999997 0.0009184735999999996 0.0096000014623216
v -0.009043621999999998 0.0012246335999999997 0.0096000014623216
v -0.010303061999999998 0.0016970335999999997 0.0096000014623216
v -0.009737381999999998 0.0022627135999999997 0.0096000014623216
v -0.011081621999999998 0.0022173536 0.0096000014623216
v -0.010775462 0.0029564739999999997 0.0096000014623216
v 0.022399902000000003 -0.007999999999999998 0.009600001462321598
v 0.022217262 -0.007081519999999999 0.009600001462321598
v 0.022217258000000007 -0.007081519999999999 0.011200001462321599
v 0.022399902000000003 -0.007999999999999998 0.011200001462321599
v 0.021696942000000004 -0.006302959999999999 0.009600001462321598
v 0.021696942000000004 -0.006302959999999999 0.011200001462321599
v 0.020918382000000006 -0.005782639999999999 0.009600001462321598
v 0.020918382000000006 -0.005782639999999999 0.011200001462321599
v 0.019999902000000003 -0.005599999999999998 0.009600001462321598
v 0.019999902000000003 -0.005599999999999998 0.011200001462321599
v 0.019081422 -0.005782639999999999 0.009600001462321598
v 0.019081422 -0.005782639999999999 0.011200001462321599
v 0.018302862 -0.006302959999999999 0.009600001462321598
v 0.018302862 -0.006302959999999999 0.011200001462321599
v 0.017782542 -0.007081519999999999 0.009600001462321598
v 0.017782542 -0.007081519999999999 0.011200001462321599
v 0.017599902000000004 -0.007999999999999998 0.009600001462321598
v 0.017599902000000004 -0.007999999999999998 0.011200001462321599
v 0.017782542 -0.00891848 0.009600001462321598
v 0.017782542 -0.00891848 0.011200001462321599
v 0.018302862 -0.009697039999999999 0.009600001462321598
v 0.018302862 -0.009697039999999999 0.011200001462321599
v 0.019081422 -0.010217359999999998 0.009600001462321598
v 0.019081422 -0.010217359999999998 0.011200001462321599
v 0.019999902000000003 -0.010399999999999998 0.009600001462321598
v 0.019999902000000003 -0.010399999999999998 0.011200001462321599
v 0.020918382000000006 -0.010217359999999998 0.009600001462321598
v 0.020918382000000006 -0.010217359999999998 0.011200001462321599
v 0.021696942000000004 -0.009697039999999999 0.009600001462321598
v 0.021696942000000004 -0.009697039999999999 0.011200001462321599
v 0.022217262 -0.00891848 0.009600001462321598
v 0.022217262 -0.00891848 0.011200001462321599
v 0.023199902000000005 -0.007999999999999998 0.009600001462321598
v 0.022956382 -0.006775359999999999 0.009600001462321598
v 0.022956377999999996 -0.006775359999999999 0.011200001462321599
v 0.023199902000000005 -0.007999999999999998 0.011200001462321599
v 0.022262622 -0.005737279999999999 0.009600001462321598
v 0.022262622 -0.005737279999999999 0.011200001462321599
v 0.021224542 -0.005043519999999999 0.009600001462321598
v 0.021224542 -0.005043519999999999 0.011200001462321599
v 0.019999902000000003 -0.004799999999999999 0.009600001462321598
v 0.019999902000000003 -0.004799999999999999 0.011200001462321599
v 0.018775262 -0.005043519999999999 0.009600001462321598
v 0.018775262 -0.005043519999999999 0.011200001462321599
v 0.017737182 -0.005737279999999999 0.009600001462321598
v 0.017737182 -0.005737279999999999 0.011200001462321599
v 0.017043422 -0.006775359999999999 0.009600001462321598
v 0.017043422 -0.006775359999999999 0.011200001462321599
v 0.016799902000000005 -0.007999999999999998 0.009600001462321598
v 0.016799902000000005 -0.007999999999999998 0.011200001462321599
v 0.017043422 -0.00922464 0.009600001462321598
v 0.017043422 -0.00922464 0.011200001462321599
v 0.017737182 -0.01026272 0.009600001462321598
v 0.017737182 -0.01026272 0.011200001462321599
v 0.018775262 -0.01095648 0.009600001462321598
v 0.018775262 -0.01095648 0.011200001462321599
v 0.019999902000000003 -0.0112 0.009600001462321598
v 0.019999902000000003 -0.0112 0.011200001462321599
v 0.021224542 -0.01095648 0.009600001462321598
v 0.021224542 -0.01095648 0.011200001462321599
v 0.022262622 -0.01026272 0.009600001462321598
v 0.022262622 -0.01026272 0.011200001462321599
v 0.022956382 -0.00922464 0.009600001462321598
v 0.022956382 -0.00922464 0.011200001462321599
v 0.019999902000000003 -0.004799999999999999 0.009600001462321598
v 0.019999902000000003 -0.005599999999999998 0.009600001462321598
v 0.019081422 -0.005782639999999999 0.009600001462321598
v 0.018775262 -0.005043519999999999 0.009600001462321598
v 0.018302862 -0.006302959999999999 0.009600001462321598
v 0.017737182 -0.005737279999999999 0.009600001462321598
v 0.017782542 -0.007081519999999999 0.009600001462321598
v 0.017043422 -0.006775359999999999 0.009600001462321598
v 0.017599902000000004 -0.007999999999999998 0.009600001462321598
v 0.016799902000000005 -0.007999999999999998 0.009600001462321598
v 0.017782542 -0.00891848 0.009600001462321598
v 0.017043422 -0.00922464 0.009600001462321598
v 0.018302862 -0.009697039999999999 0.009600001462321598
v 0.017737182 -0.01026272 0.009600001462321598
v 0.019081422 -0.010217359999999998 0.009600001462321598
v 0.018775262 -0.01095648 0.009600001462321598
v 0.019999902000000003 -0.010399999999999998 0.009600001462321598
v 0.019999902000000003 -0.0112 0.009600001462321598
v 0.020918382000000006 -0.010217359999999998 0.009600001462321598
v 0.021224542 -0.01095648 0.009600001462321598
v 0.021696942000000004 -0.009697039999999999 0.009600001462321598
v 0.022262622 -0.01026272 0.009600001462321598
v 0.022217262 -0.00891848 0.009600001462321598
v 0.022956382 -0.00922464 0.009600001462321598
v 0.022399902000000003 -0.007999999999999998 0.009600001462321598
v 0.023199902000000005 -0.007999999999999998 0.009600001462321598
v 0.022217262 -0.007081519999999999 0.009600001462321598
v 0.022956382 -0.006775359999999999 0.009600001462321598
v 0.021696942000000004 -0.006302959999999999 0.009600001462321598
v 0.022262622 -0.005737279999999999 0.009600001462321598
v 0.020918382000000006 -0.005782639999999999 0.009600001462321598
v 0.021224542 -0.005043519999999999 0.009600001462321598
v 0.014399902000000003 -0.008000003999999998 0.009600001462321598
v 0.014217262000000001 -0.007081519999999999 0.009600001462321598
v 0.014217262000000001 -0.007081519999999999 0.011200001462321599
v 0.014399902000000003 -0.008000003999999998 0.011200001462321599
v 0.013696942000000002 -0.006302963999999999 0.009600001462321598
v 0.013696942000000002 -0.006302963999999999 0.011200001462321599
v 0.012918382000000003 -0.005782643999999999 0.009600001462321598
v 0.012918382000000003 -0.005782643999999999 0.011200001462321599
v 0.011999902000000003 -0.005600004 0.009600001462321598
v 0.011999902000000003 -0.005600004 0.011200001462321599
v 0.011081422 -0.005782643999999999 0.009600001462321598
v 0.011081422 -0.005782643999999999 0.011200001462321599
v 0.010302862000000001 -0.006302964 0.009600001462321598
v 0.010302862000000001 -0.006302964 0.011200001462321599
v 0.009782542000000002 -0.007081523999999999 0.009600001462321598
v 0.009782542000000002 -0.007081523999999999 0.011200001462321599
v 0.009599902000000002 -0.008000003999999998 0.009600001462321598
v 0.009599902000000002 -0.008000003999999998 0.011200001462321599
v 0.009782542000000002 -0.008918483999999997 0.009600001462321598
v 0.009782542000000002 -0.008918483999999997 0.011200001462321599
v 0.010302862000000001 -0.009697043999999998 0.009600001462321598
v 0.010302862000000001 -0.009697043999999998 0.011200001462321599
v 0.011081422 -0.010217364 0.009600001462321598
v 0.011081422 -0.010217364 0.011200001462321599
v 0.011999902000000003 -0.010400004 0.009600001462321598
v 0.011999902000000003 -0.010400004 0.011200001462321599
v 0.012918382000000003 -0.010217364 0.009600001462321598
v 0.012918382000000003 -0.010217364 0.011200001462321599
v 0.013696942000000002 -0.009697043999999998 0.009600001462321598
v 0.013696942000000002 -0.009697043999999998 0.011200001462321599
v 0.014217262000000001 -0.008918483999999997 0.009600001462321598
v 0.014217262000000001 -0.008918483999999997 0.011200001462321599
v 0.015199902000000003 -0.007999999999999998 0.009600001462321598
v 0.014956382000000002 -0.006775359999999999 0.009600001462321598
v 0.014956382000000002 -0.006775359999999999 0.011200001462321599
v 0.015199902000000003 -0.007999999999999998 0.011200001462321599
v 0.014262622000000003 -0.005737283999999998 0.009600001462321598
v 0.014262622000000003 -0.005737283999999998 0.011200001462321599
v 0.013224542000000002 -0.005043524 0.009600001462321598
v 0.013224542000000002 -0.005043524 0.011200001462321599
v 0.011999902000000003 -0.004800003999999999 0.009600001462321598
v 0.011999902000000003 -0.004800003999999999 0.011200001462321599
v 0.010775262 -0.005043524 0.009600001462321598
v 0.010775262 -0.005043524 0.011200001462321599
v 0.009737182000000002 -0.005737284 0.009600001462321598
v 0.009737182000000002 -0.005737284 0.011200001462321599
v 0.009043422 -0.006775363999999999 0.009600001462321598
v 0.009043422 -0.006775363999999999 0.011200001462321599
v 0.008799902000000004 -0.008000003999999998 0.009600001462321598
v 0.008799902000000004 -0.008000003999999998 0.011200001462321599
v 0.009043422 -0.009224644 0.009600001462321598
v 0.009043422 -0.009224644 0.011200001462321599
v 0.009737182000000002 -0.010262723999999999 0.009600001462321598
v 0.009737182000000002 -0.010262723999999999 0.011200001462321599
v 0.010775262 -0.010956484 0.009600001462321598
v 0.010775262 -0.010956484 0.011200001462321599
v 0.011999902000000003 -0.011200004 0.009600001462321598
v 0.011999902000000003 -0.011200004 0.011200001462321599
v 0.013224542000000002 -0.01095648 0.009600001462321598
v 0.013224542000000002 -0.01095648 0.011200001462321599
v 0.014262622000000003 -0.010262723999999999 0.009600001462321598
v 0.014262622000000003 -0.010262723999999999 0.011200001462321599
v 0.014956382000000002 -0.009224644 0.009600001462321598
v 0.014956382000000002 -0.009224644 0.011200001462321599
v 0.011999902000000003 -0.004800003999999999 0.009600001462321598
v 0.011999902000000003 -0.005600004 0.009600001462321598
v 0.011081422 -0.005782643999999999 0.009600001462321598
v 0.010775262 -0.005043524 0.009600001462321598
v 0.010302862000000001 -0.006302964 0.009600001462321598
v 0.009737182000000002 -0.005737284 0.009600001462321598
v 0.009782542000000002 -0.007081523999999999 0.009600001462321598
v 0.009043422 -0.006775363999999999 0.009600001462321598
v 0.009599902000000002 -0.008000003999999998 0.009600001462321598
v 0.008799902000000004 -0.008000003999999998 0.009600001462321598
v 0.009782542000000002 -0.008918483999999997 0.009600001462321598
v 0.009043422 -0.009224644 0.009600001462321598
v 0.010302862000000001 -0.009697043999999998 0.009600001462321598
v 0.009737182000000002 -0.010262723999999999 0.009600001462321598
v 0.011081422 -0.010217364 0.009600001462321598
v 0.010775262 -0.010956484 0.009600001462321598
v 0.011999902000000003 -0.010400004 0.009600001462321598
v 0.011999902000000003 -0.011200004 0.009600001462321598
v 0.012918382000000003 -0.010217364 0.009600001462321598
v 0.013224542000000002 -0.01095648 0.009600001462321598
v 0.013696942000000002 -0.009697043999999998 0.009600001462321598
v 0.014262622000000003 -0.010262723999999999 0.009600001462321598
v 0.014217262000000001 -0.008918483999999997 0.009600001462321598
v 0.014956382000000002 -0.009224644 0.009600001462321598
v 0.014399902000000003 -0.008000003999999998 0.009600001462321598
v 0.015199902000000003 -0.007999999999999998 0.009600001462321598
v 0.014217262000000001 -0.007081519999999999 0.009600001462321598
v 0.014956382000000002 -0.006775359999999999 0.009600001462321598
v 0.013696942000000002 -0.006302963999999999 0.009600001462321598
v 0.014262622000000003 -0.005737283999999998 0.009600001462321598
v 0.012918382000000003 -0.005782643999999999 0.009600001462321598
v 0.013224542000000002 -0.005043524 0.009600001462321598
v 0.006399902000000002 -0.008000004000000002 0.0096000014623216
v 0.006217262000000004 -0.0070815240000000005 0.0096000014623216
v 0.006217262000000004 -0.0070815240000000005 0.0112000014623216
v 0.006399902000000002 -0.008000004000000002 0.0112000014623216
v 0.005696942000000003 -0.006302964 0.0096000014623216
v 0.005696942000000003 -0.006302964 0.0112000014623216
v 0.004918382000000002 -0.005782643999999999 0.0096000014623216
v 0.004918382000000002 -0.005782643999999999 0.0112000014623216
v 0.003999902000000003 -0.005600004 0.0096000014623216
v 0.003999902000000003 -0.005600004 0.0112000014623216
v 0.003081422000000004 -0.005782643999999999 0.0096000014623216
v 0.003081422000000004 -0.005782643999999999 0.0112000014623216
v 0.0023028620000000023 -0.006302964 0.0096000014623216
v 0.002302862000000003 -0.006302964 0.0112000014623216
v 0.0017825420000000015 -0.0070815240000000005 0.0096000014623216
v 0.0017825420000000026 -0.0070815240000000005 0.0112000014623216
v 0.001599902000000003 -0.008000004000000002 0.0096000014623216
v 0.001599902000000003 -0.008000004000000002 0.0112000014623216
v 0.0017825420000000026 -0.008918484 0.0096000014623216
v 0.0017825420000000026 -0.008918484 0.0112000014623216
v 0.002302862000000003 -0.009697044 0.0096000014623216
v 0.002302862000000003 -0.009697044 0.0112000014623216
v 0.003081422000000004 -0.010217364 0.0096000014623216
v 0.003081422000000004 -0.010217364 0.0112000014623216
v 0.003999902000000003 -0.010400004000000001 0.0096000014623216
v 0.003999902000000003 -0.010400004000000001 0.0112000014623216
v 0.004918382000000002 -0.010217364 0.0096000014623216
v 0.004918382000000002 -0.010217364 0.0112000014623216
v 0.005696942000000003 -0.009697044 0.0096000014623216
v 0.005696942000000003 -0.009697044 0.0112000014623216
v 0.006217262000000004 -0.008918484 0.0096000014623216
v 0.006217262000000004 -0.008918484 0.0112000014623216
v 0.007199902000000003 -0.008000004000000002 0.0096000014623216
v 0.006956382000000003 -0.006775364000000001 0.0096000014623216
v 0.006956382000000003 -0.006775364000000001 0.0112000014623216
v 0.007199902000000003 -0.008000004000000002 0.0112000014623216
v 0.006262622000000002 -0.005737284 0.0096000014623216
v 0.006262622000000002 -0.005737284 0.0112000014623216
v 0.005224542000000003 -0.005043524 0.0096000014623216
v 0.005224542000000003 -0.005043524 0.0112000014623216
v 0.003999902000000003 -0.004800003999999999 0.0096000014623216
v 0.003999902000000003 -0.004800003999999999 0.0112000014623216
v 0.0027752620000000027 -0.005043524 0.0096000014623216
v 0.0027752620000000027 -0.005043524 0.0112000014623216
v 0.0017371820000000016 -0.0057372840000000005 0.0096000014623216
v 0.0017371820000000016 -0.0057372840000000005 0.0112000014623216
v 0.0010434220000000017 -0.006775364000000001 0.0096000014623216
v 0.0010434220000000028 -0.006775364000000001 0.0112000014623216
v 0.0007999020000000029 -0.008000004000000002 0.0096000014623216
v 0.0007999020000000029 -0.008000004000000002 0.0112000014623216
v 0.0010434220000000028 -0.009224644 0.0096000014623216
v 0.0010434220000000028 -0.009224644 0.0112000014623216
v 0.0017371820000000027 -0.010262724 0.0096000014623216
v 0.0017371820000000027 -0.010262724 0.0112000014623216
v 0.0027752620000000027 -0.010956484 0.0096000014623216
v 0.0027752620000000027 -0.010956484 0.0112000014623216
v 0.003999902000000003 -0.011200004000000001 0.0096000014623216
v 0.003999902000000003 -0.011200004000000001 0.0112000014623216
v 0.005224542000000003 -0.010956484 0.0096000014623216
v 0.005224542000000003 -0.010956484 0.0112000014623216
v 0.006262622000000002 -0.010262724 0.0096000014623216
v 0.006262622000000002 -0.010262724 0.0112000014623216
v 0.006956382000000003 -0.009224644 0.0096000014623216
v 0.006956382000000003 -0.009224644 0.0112000014623216
v 0.003999902000000003 -0.004800003999999999 0.0096000014623216
v 0.003999902000000003 -0.005600004 0.0096000014623216
v 0.003081422000000004 -0.005782643999999999 0.0096000014623216
v 0.0027752620000000027 -0.005043524 0.0096000014623216
v 0.0023028620000000023 -0.006302964 0.0096000014623216
v 0.0017371820000000016 -0.0057372840000000005 0.0096000014623216
v 0.0017825420000000015 -0.0070815240000000005 0.0096000014623216
v 0.0010434220000000017 -0.006775364000000001 0.0096000014623216
v 0.001599902000000003 -0.008000004000000002 0.0096000014623216
v 0.0007999020000000029 -0.008000004000000002 0.0096000014623216
v 0.0017825420000000026 -0.008918484 0.0096000014623216
v 0.0010434220000000028 -0.009224644 0.0096000014623216
v 0.002302862000000003 -0.009697044 0.0096000014623216
v 0.0017371820000000027 -0.010262724 0.0096000014623216
v 0.003081422000000004 -0.010217364 0.0096000014623216
v 0.0027752620000000027 -0.010956484 0.0096000014623216
v 0.003999902000000003 -0.010400004000000001 0.0096000014623216
v 0.003999902000000003 -0.011200004000000001 0.0096000014623216
v 0.004918382000000002 -0.010217364 0.0096000014623216
v 0.005224542000000003 -0.010956484 0.0096000014623216
v 0.005696942000000003 -0.009697044 0.0096000014623216
v 0.006262622000000002 -0.010262724 0.0096000014623216
v 0.006217262000000004 -0.008918484 0.0096000014623216
v 0.006956382000000003 -0.009224644 0.0096000014623216
v 0.006399902000000002 -0.008000004000000002 0.0096000014623216
v 0.007199902000000003 -0.008000004000000002 0.0096000014623216
v 0.006217262000000004 -0.0070815240000000005 0.0096000014623216
v 0.006956382000000003 -0.006775364000000001 0.0096000014623216
v 0.005696942000000003 -0.006302964 0.0096000014623216
v 0.006262622000000002 -0.005737284 0.0096000014623216
v 0.004918382000000002 -0.005782643999999999 0.0096000014623216
v 0.005224542000000003 -0.005043524 0.0096000014623216
v -0.0016000987999999976 -0.008000004000000002 0.0096000014623216
v -0.0017827387999999975 -0.0070815240000000005 0.0096000014623216
v -0.0017827391999999977 -0.0070815240000000005 0.0112000014623216
v -0.0016000987999999976 -0.008000004000000002 0.0112000014623216
v -0.002303059199999998 -0.006302964 0.0096000014623216
v -0.002303059199999998 -0.006302964 0.0112000014623216
v -0.0030816191999999978 -0.005782644 0.0096000014623216
v -0.0030816191999999978 -0.005782644 0.0112000014623216
v -0.004000099097642798 -0.005600004 0.0096000014623216
v -0.004000099237519198 -0.005600004 0.0112000014623216
v -0.004918578799999998 -0.005782644 0.0096000014623216
v -0.004918579199999998 -0.005782644 0.0112000014623216
v -0.005697138799999998 -0.006302964 0.0096000014623216
v -0.005697138799999998 -0.006302964 0.0112000014623216
v -0.006217458799999998 -0.0070815240000000005 0.0096000014623216
v -0.006217458799999998 -0.0070815240000000005 0.0112000014623216
v -0.0064000987999999984 -0.008000004000000002 0.0096000014623216
v -0.0064000987999999984 -0.008000004000000002 0.0112000014623216
v -0.006217458399999998 -0.008918488 0.0096000014623216
v -0.006217458399999998 -0.008918488 0.0112000014623216
v -0.005697137999999997 -0.009697044 0.0096000014623216
v -0.005697138399999997 -0.009697044 0.0112000014623216
v -0.004918578399999997 -0.010217364 0.0096000014623216
v -0.004918578399999997 -0.010217364 0.0112000014623216
v -0.004000098239335998 -0.010400004000000001 0.0096000014623216
v -0.004000098379211997 -0.010400004000000001 0.0112000014623216
v -0.0030816183999999975 -0.010217364 0.0096000014623216
v -0.0030816183999999975 -0.010217364 0.0112000014623216
v -0.0023030583999999977 -0.009697044 0.0096000014623216
v -0.0023030587999999974 -0.009697044 0.0112000014623216
v -0.0017827387999999975 -0.008918484 0.0096000014623216
v -0.0017827387999999975 -0.008918484 0.0112000014623216
v -0.0008000983999999973 -0.008000004000000002 0.0096000014623216
v -0.0010436187999999975 -0.006775364000000001 0.0096000014623216
v -0.0010436187999999975 -0.006775364000000001 0.0112000014623216
v -0.0008000987999999976 -0.008000004000000002 0.0112000014623216
v -0.0017373795999999979 -0.0057372840000000005 0.0096000014623216
v -0.0017373795999999979 -0.0057372840000000005 0.0112000014623216
v -0.002775459199999998 -0.005043524000000001 0.0096000014623216
v -0.0027754595999999977 -0.005043524000000001 0.0112000014623216
v -0.004000099240693998 -0.004800004 0.0096000014623216
v -0.004000099380570398 -0.004800004 0.0112000014623216
v -0.005224739199999998 -0.005043524000000001 0.0096000014623216
v -0.005224739199999997 -0.005043524000000001 0.0112000014623216
v -0.006262818799999998 -0.0057372840000000005 0.0096000014623216
v -0.006262818799999998 -0.0057372840000000005 0.0112000014623216
v -0.0069565791999999975 -0.006775364000000001 0.0096000014623216
v -0.0069565791999999975 -0.006775364000000001 0.0112000014623216
v -0.007200098799999998 -0.008000008 0.0096000014623216
v -0.007200098799999998 -0.008000008 0.0112000014623216
v -0.006956578799999997 -0.009224644 0.0096000014623216
v -0.006956578799999997 -0.009224644 0.0112000014623216
v -0.006262817999999998 -0.010262724 0.0096000014623216
v -0.006262817999999996 -0.010262724 0.0112000014623216
v -0.005224737999999998 -0.010956484 0.0096000014623216
v -0.005224737999999998 -0.010956484 0.0112000014623216
v -0.0040000980962847975 -0.011200004000000001 0.0096000014623216
v -0.004000098236160797 -0.011200004000000001 0.0112000014623216
v -0.0027754583999999977 -0.010956484 0.0096000014623216
v -0.0027754583999999973 -0.010956484 0.0112000014623216
v -0.0017373783999999977 -0.010262724 0.0096000014623216
v -0.0017373787999999974 -0.010262724 0.0112000014623216
v -0.0010436183999999976 -0.009224644 0.0096000014623216
v -0.0010436183999999972 -0.009224644 0.0112000014623216
v -0.004000099240693998 -0.004800004 0.0096000014623216
v -0.004000099097642798 -0.005600004 0.0096000014623216
v -0.004918578799999998 -0.005782644 0.0096000014623216
v -0.005224739199999998 -0.005043524000000001 0.0096000014623216
v -0.005697138799999998 -0.006302964 0.0096000014623216
v -0.006262818799999998 -0.0057372840000000005 0.0096000014623216
v -0.006217458799999998 -0.0070815240000000005 0.0096000014623216
v -0.0069565791999999975 -0.006775364000000001 0.0096000014623216
v -0.0064000987999999984 -0.008000004000000002 0.0096000014623216
v -0.007200098799999998 -0.008000008 0.0096000014623216
v -0.006217458399999998 -0.008918488 0.0096000014623216
v -0.006956578799999997 -0.009224644 0.0096000014623216
v -0.005697137999999997 -0.009697044 0.0096000014623216
v -0.006262817999999998 -0.010262724 0.0096000014623216
v -0.004918578399999997 -0.010217364 0.0096000014623216
v -0.005224737999999998 -0.010956484 0.0096000014623216
v -0.004000098239335998 -0.010400004000000001 0.0096000014623216
v -0.0040000980962847975 -0.011200004000000001 0.0096000014623216
v -0.0030816183999999975 -0.010217364 0.0096000014623216
v -0.0027754583999999977 -0.010956484 0.0096000014623216
v -0.0023030583999999977 -0.009697044 0.0096000014623216
v -0.0017373783999999977 -0.010262724 0.0096000014623216
v -0.0017827387999999975 -0.008918484 0.0096000014623216
v -0.0010436183999999976 -0.009224644 0.0096000014623216
v -0.0016000987999999976 -0.008000004000000002 0.0096000014623216
v -0.0008000983999999973 -0.008000004000000002 0.0096000014623216
v -0.0017827387999999975 -0.0070815240000000005 0.0096000014623216
v -0.0010436187999999975 -0.006775364000000001 0.0096000014623216
v -0.002303059199999998 -0.006302964 0.0096000014623216
v -0.0017373795999999979 -0.0057372840000000005 0.0096000014623216
v -0.0030816191999999978 -0.005782644 0.0096000014623216
v -0.002775459199999998 -0.005043524000000001 0.0096000014623216
v -0.009600097999999998 -0.008000008 0.0096000014623216
v -0.009782738 -0.007081528 0.0096000014623216
v -0.009782737999999997 -0.007081528 0.0112000014623216
v -0.009600097999999998 -0.008000008 0.0112000014623216
v -0.010303057999999999 -0.006302968000000001 0.0096000014623216
v -0.010303057999999999 -0.006302968000000001 0.0112000014623216
v -0.011081617999999998 -0.0057826480000000005 0.0096000014623216
v -0.011081617999999998 -0.0057826480000000005 0.0112000014623216
v -0.012000097999999997 -0.005600008000000001 0.0096000014623216
v -0.012000097999999997 -0.005600008000000001 0.0112000014623216
v -0.012918577999999998 -0.0057826480000000005 0.0096000014623216
v -0.012918577999999998 -0.0057826480000000005 0.0112000014623216
v -0.013697137999999998 -0.006302968000000001 0.0096000014623216
v -0.013697137999999998 -0.006302968000000001 0.0112000014623216
v -0.014217457999999997 -0.007081528 0.0096000014623216
v -0.014217457999999997 -0.007081528 0.0112000014623216
v -0.014400097999999997 -0.008000008 0.0096000014623216
v -0.014400097999999997 -0.008000008 0.0112000014623216
v -0.014217457999999997 -0.008918488 0.0096000014623216
v -0.014217457999999997 -0.008918488 0.0112000014623216
v -0.013697137999999998 -0.009697048 0.0096000014623216
v -0.013697137999999998 -0.009697048 0.0112000014623216
v -0.012918577999999998 -0.010217368000000001 0.0096000014623216
v -0.012918577999999998 -0.010217368000000001 0.0112000014623216
v -0.012000097999999997 -0.010400008 0.0096000014623216
v -0.012000097999999997 -0.010400008 0.0112000014623216
v -0.011081617999999998 -0.010217368000000001 0.0096000014623216
v -0.011081617999999998 -0.010217368000000001 0.0112000014623216
v -0.010303057999999999 -0.009697048 0.0096000014623216
v -0.010303057999999999 -0.009697048 0.0112000014623216
v -0.009782737999999997 -0.008918488 0.0096000014623216
v -0.009782737999999997 -0.008918488 0.0112000014623216
v -0.008800097999999998 -0.008000008 0.0096000014623216
v -0.009043618 -0.006775368 0.0096000014623216
v -0.009043617999999998 -0.006775368 0.0112000014623216
v -0.008800097999999998 -0.008000008 0.0112000014623216
v -0.009737377999999998 -0.005737288 0.0096000014623216
v -0.009737377999999998 -0.005737288 0.0112000014623216
v -0.010775457999999998 -0.005043528 0.0096000014623216
v -0.010775457999999998 -0.005043528 0.0112000014623216
v -0.012000097999999997 -0.004800008000000001 0.0096000014623216
v -0.012000097999999997 -0.004800008000000001 0.0112000014623216
v -0.013224737999999996 -0.005043528 0.0096000014623216
v -0.013224737999999996 -0.005043528 0.0112000014623216
v -0.014262817999999997 -0.005737288000000002 0.0096000014623216
v -0.014262817999999997 -0.005737288000000002 0.0112000014623216
v -0.014956577999999998 -0.006775368 0.0096000014623216
v -0.014956577999999998 -0.006775368 0.0112000014623216
v -0.015200097999999997 -0.008000008 0.0096000014623216
v -0.015200097999999997 -0.008000008 0.0112000014623216
v -0.014956577999999998 -0.009224648 0.0096000014623216
v -0.014956577999999998 -0.009224648 0.0112000014623216
v -0.014262817999999997 -0.010262728 0.0096000014623216
v -0.014262817999999997 -0.010262728 0.0112000014623216
v -0.013224737999999996 -0.010956488 0.0096000014623216
v -0.013224737999999996 -0.010956488 0.0112000014623216
v -0.012000097999999997 -0.011200008 0.0096000014623216
v -0.012000097999999997 -0.011200008 0.0112000014623216
v -0.010775457999999998 -0.010956488 0.0096000014623216
v -0.010775457999999998 -0.010956488 0.0112000014623216
v -0.009737377999999998 -0.010262724 0.0096000014623216
v -0.009737377999999998 -0.010262724 0.0112000014623216
v -0.009043617999999998 -0.009224644 0.0096000014623216
v -0.009043617999999998 -0.009224644 0.0112000014623216
v -0.012000097999999997 -0.004800008000000001 0.0096000014623216
v -0.012000097999999997 -0.005600008000000001 0.0096000014623216
v -0.012918577999999998 -0.0057826480000000005 0.0096000014623216
v -0.013224737999999996 -0.005043528 0.0096000014623216
v -0.013697137999999998 -0.006302968000000001 0.0096000014623216
v -0.014262817999999997 -0.005737288000000002 0.0096000014623216
v -0.014217457999999997 -0.007081528 0.0096000014623216
v -0.014956577999999998 -0.006775368 0.0096000014623216
v -0.014400097999999997 -0.008000008 0.0096000014623216
v -0.015200097999999997 -0.008000008 0.0096000014623216
v -0.014217457999999997 -0.008918488 0.0096000014623216
v -0.014956577999999998 -0.009224648 0.0096000014623216
v -0.013697137999999998 -0.009697048 0.0096000014623216
v -0.014262817999999997 -0.010262728 0.0096000014623216
v -0.012918577999999998 -0.010217368000000001 0.0096000014623216
v -0.013224737999999996 -0.010956488 0.0096000014623216
v -0.012000097999999997 -0.010400008 0.0096000014623216
v -0.012000097999999997 -0.011200008 0.0096000014623216
v -0.011081617999999998 -0.010217368000000001 0.0096000014623216
v -0.010775457999999998 -0.010956488 0.0096000014623216
v -0.010303057999999999 -0.009697048 0.0096000014623216
v -0.009737377999999998 -0.010262724 0.0096000014623216
v -0.009782737999999997 -0.008918488 0.0096000014623216
v -0.009043617999999998 -0.009224644 0.0096000014623216
v -0.009600097999999998 -0.008000008 0.0096000014623216
v -0.008800097999999998 -0.008000008 0.0096000014623216
v -0.009782738 -0.007081528 0.0096000014623216
v -0.009043618 -0.006775368 0.0096000014623216
v -0.010303057999999999 -0.006302968000000001 0.0096000014623216
v -0.009737377999999998 -0.005737288 0.0096000014623216
v -0.011081617999999998 -0.0057826480000000005 0.0096000014623216
v -0.010775457999999998 -0.005043528 0.0096000014623216
v 0.022399906000000004 -0.015999999999999997 0.009600001462321598
v 0.022217262 -0.015081519999999998 0.009600001462321598
v 0.022217262 -0.015081519999999998 0.011200001462321599
v 0.022399906000000004 -0.015999999999999997 0.011200001462321599
v 0.021696942000000004 -0.014302959999999997 0.009600001462321598
v 0.021696942000000004 -0.014302959999999997 0.011200001462321599
v 0.020918382000000006 -0.013782639999999997 0.009600001462321598
v 0.020918382000000006 -0.013782639999999997 0.011200001462321599
v 0.019999902000000003 -0.013599999999999998 0.009600001462321598
v 0.019999902000000007 -0.013599999999999998 0.011200001462321599
v 0.019081422000000008 -0.013782640000000002 0.009600001462321598
v 0.019081422000000008 -0.013782640000000002 0.011200001462321599
v 0.018302862000000003 -0.01430296 0.009600001462321598
v 0.018302862000000003 -0.01430296 0.011200001462321599
v 0.017782542000000005 -0.015081520000000003 0.009600001462321598
v 0.017782542000000005 -0.015081520000000003 0.011200001462321599
v 0.017599902000000004 -0.016 0.009600001462321598
v 0.017599902000000004 -0.016 0.011200001462321599
v 0.017782542000000005 -0.01691848 0.009600001462321598
v 0.017782542000000005 -0.01691848 0.011200001462321599
v 0.018302862000000003 -0.01769704 0.009600001462321598
v 0.018302862000000003 -0.01769704 0.011200001462321599
v 0.019081422000000008 -0.018217360000000002 0.009600001462321598
v 0.019081422000000008 -0.018217360000000002 0.011200001462321599
v 0.019999902000000007 -0.0184 0.009600001462321598
v 0.019999902000000007 -0.0184 0.011200001462321599
v 0.020918382000000006 -0.018217359999999995 0.009600001462321598
v 0.020918382000000006 -0.018217359999999995 0.011200001462321599
v 0.021696942000000004 -0.01769704 0.009600001462321598
v 0.021696942000000004 -0.01769704 0.011200001462321599
v 0.022217262 -0.01691848 0.009600001462321598
v 0.022217262 -0.01691848 0.011200001462321599
v 0.023199906000000006 -0.015999999999999997 0.009600001462321598
v 0.022956382 -0.014775359999999998 0.009600001462321598
v 0.022956382 -0.014775359999999998 0.011200001462321599
v 0.023199906000000006 -0.015999999999999997 0.011200001462321599
v 0.022262622 -0.01373728 0.009600001462321598
v 0.022262622 -0.01373728 0.011200001462321599
v 0.021224542 -0.013043519999999998 0.009600001462321598
v 0.02122454200000001 -0.013043519999999998 0.011200001462321599
v 0.019999902000000003 -0.012799999999999999 0.009600001462321598
v 0.019999902000000007 -0.012799999999999999 0.011200001462321599
v 0.018775262 -0.013043520000000003 0.009600001462321598
v 0.018775262000000004 -0.013043520000000003 0.011200001462321599
v 0.017737182000000004 -0.013737280000000001 0.009600001462321598
v 0.017737182000000004 -0.013737280000000001 0.011200001462321599
v 0.017043422000000003 -0.014775360000000001 0.009600001462321598
v 0.017043422000000003 -0.014775360000000001 0.011200001462321599
v 0.016799902000000005 -0.016 0.009600001462321598
v 0.016799902000000005 -0.016 0.011200001462321599
v 0.017043422000000003 -0.01722464 0.009600001462321598
v 0.017043422000000003 -0.01722464 0.011200001462321599
v 0.017737182000000004 -0.01826272 0.009600001462321598
v 0.017737182000000004 -0.01826272 0.011200001462321599
v 0.018775262000000004 -0.01895648 0.009600001462321598
v 0.018775262000000004 -0.01895648 0.011200001462321599
v 0.019999902000000007 -0.0192 0.009600001462321598
v 0.019999902000000007 -0.0192 0.011200001462321599
v 0.02122454200000001 -0.018956479999999994 0.009600001462321598
v 0.02122454200000001 -0.018956479999999994 0.011200001462321599
v 0.022262622 -0.018262719999999996 0.009600001462321598
v 0.022262622 -0.018262719999999996 0.011200001462321599
v 0.022956382 -0.01722464 0.009600001462321598
v 0.022956382 -0.01722464 0.011200001462321599
v 0.019999902000000003 -0.012799999999999999 0.009600001462321598
v 0.019999902000000003 -0.013599999999999998 0.009600001462321598
v 0.019081422000000008 -0.013782640000000002 0.009600001462321598
v 0.018775262 -0.013043520000000003 0.009600001462321598
v 0.018302862000000003 -0.01430296 0.009600001462321598
v 0.017737182000000004 -0.013737280000000001 0.009600001462321598
v 0.017782542000000005 -0.015081520000000003 0.009600001462321598
v 0.017043422000000003 -0.014775360000000001 0.009600001462321598
v 0.017599902000000004 -0.016 0.009600001462321598
v 0.016799902000000005 -0.016 0.009600001462321598
v 0.017782542000000005 -0.01691848 0.009600001462321598
v 0.017043422000000003 -0.01722464 0.009600001462321598
v 0.018302862000000003 -0.01769704 0.009600001462321598
v 0.017737182000000004 -0.01826272 0.009600001462321598
v 0.019081422000000008 -0.018217360000000002 0.009600001462321598
v 0.018775262000000004 -0.01895648 0.009600001462321598
v 0.019999902000000007 -0.0184 0.009600001462321598
v 0.019999902000000007 -0.0192 0.009600001462321598
v 0.020918382000000006 -0.018217359999999995 0.009600001462321598
v 0.02122454200000001 -0.018956479999999994 0.009600001462321598
v 0.021696942000000004 -0.01769704 0.009600001462321598
v 0.022262622 -0.018262719999999996 0.009600001462321598
v 0.022217262 -0.01691848 0.009600001462321598
v 0.022956382 -0.01722464 0.009600001462321598
v 0.022399906000000004 -0.015999999999999997 0.009600001462321598
v 0.023199906000000006 -0.015999999999999997 0.009600001462321598
v 0.022217262 -0.015081519999999998 0.009600001462321598
v 0.022956382 -0.014775359999999998 0.009600001462321598
v 0.021696942000000004 -0.014302959999999997 0.009600001462321598
v 0.022262622 -0.01373728 0.009600001462321598
v 0.020918382000000006 -0.013782639999999997 0.009600001462321598
v 0.021224542 -0.013043519999999998 0.009600001462321598
v 0.014399902000000006 -0.016 0.009600001462321598
v 0.014217262000000007 -0.015081520000000003 0.009600001462321598
v 0.014217262000000007 -0.015081520000000003 0.011200001462321599
v 0.014399902000000006 -0.016 0.011200001462321599
v 0.013696942000000004 -0.01430296 0.009600001462321598
v 0.013696942000000004 -0.01430296 0.011200001462321599
v 0.012918382000000006 -0.013782640000000002 0.009600001462321598
v 0.012918382000000006 -0.013782640000000002 0.011200001462321599
v 0.011999902000000003 -0.013600004 0.009600001462321598
v 0.011999902000000007 -0.013600004 0.011200001462321599
v 0.011081422000000004 -0.013782644 0.009600001462321598
v 0.011081422000000004 -0.013782644 0.011200001462321599
v 0.010302862000000005 -0.014302964000000001 0.009600001462321598
v 0.010302862000000005 -0.014302964000000001 0.011200001462321599
v 0.009782542000000003 -0.015081524 0.009600001462321598
v 0.009782542000000003 -0.015081524 0.011200001462321599
v 0.009599902000000006 -0.016000004 0.009600001462321598
v 0.009599902000000006 -0.016000004 0.011200001462321599
v 0.009782542000000003 -0.016918484 0.009600001462321598
v 0.009782542000000003 -0.016918484 0.011200001462321599
v 0.010302862000000005 -0.017697044 0.009600001462321598
v 0.010302862000000005 -0.017697044 0.011200001462321599
v 0.011081422000000004 -0.018217364 0.009600001462321598
v 0.011081422000000004 -0.018217364 0.011200001462321599
v 0.011999902000000007 -0.018400004 0.009600001462321598
v 0.011999902000000007 -0.018400004 0.011200001462321599
v 0.012918382000000006 -0.018217360000000002 0.009600001462321598
v 0.012918382000000006 -0.018217360000000002 0.011200001462321599
v 0.013696942000000004 -0.01769704 0.009600001462321598
v 0.013696942000000004 -0.01769704 0.011200001462321599
v 0.014217262000000007 -0.01691848 0.009600001462321598
v 0.014217262000000007 -0.01691848 0.011200001462321599
v 0.015199902000000005 -0.016 0.009600001462321598
v 0.014956382000000006 -0.014775360000000001 0.009600001462321598
v 0.014956382000000006 -0.014775360000000001 0.011200001462321599
v 0.015199902000000005 -0.016 0.011200001462321599
v 0.014262622000000004 -0.013737280000000001 0.009600001462321598
v 0.014262622000000004 -0.013737280000000001 0.011200001462321599
v 0.013224542000000002 -0.013043524 0.009600001462321598
v 0.013224542000000006 -0.013043524 0.011200001462321599
v 0.011999902000000003 -0.012800004000000004 0.009600001462321598
v 0.011999902000000007 -0.012800004000000004 0.011200001462321599
v 0.010775262 -0.013043524 0.009600001462321598
v 0.010775262000000004 -0.013043524 0.011200001462321599
v 0.009737182000000004 -0.013737284 0.009600001462321598
v 0.009737182000000004 -0.013737284 0.011200001462321599
v 0.009043422000000004 -0.014775364 0.009600001462321598
v 0.009043422000000004 -0.014775364 0.011200001462321599
v 0.008799902000000007 -0.016000004 0.009600001462321598
v 0.008799902000000007 -0.016000004 0.011200001462321599
v 0.009043422000000004 -0.017224644 0.009600001462321598
v 0.009043422000000004 -0.017224644 0.011200001462321599
v 0.009737182000000004 -0.018262724 0.009600001462321598
v 0.009737182000000004 -0.018262724 0.011200001462321599
v 0.010775262000000004 -0.018956484 0.009600001462321598
v 0.010775262000000004 -0.018956484 0.011200001462321599
v 0.011999902000000007 -0.019200004000000003 0.009600001462321598
v 0.011999902000000007 -0.019200004000000003 0.011200001462321599
v 0.013224542000000006 -0.01895648 0.009600001462321598
v 0.013224542000000006 -0.01895648 0.011200001462321599
v 0.014262622000000004 -0.01826272 0.009600001462321598
v 0.014262622000000004 -0.01826272 0.011200001462321599
v 0.014956382000000006 -0.01722464 0.009600001462321598
v 0.014956382000000006 -0.01722464 0.011200001462321599
v 0.011999902000000003 -0.012800004000000004 0.009600001462321598
v 0.011999902000000003 -0.013600004 0.009600001462321598
v 0.011081422000000004 -0.013782644 0.009600001462321598
v 0.010775262 -0.013043524 0.009600001462321598
v 0.010302862000000005 -0.014302964000000001 0.009600001462321598
v 0.009737182000000004 -0.013737284 0.009600001462321598
v 0.009782542000000003 -0.015081524 0.009600001462321598
v 0.009043422000000004 -0.014775364 0.009600001462321598
v 0.009599902000000006 -0.016000004 0.009600001462321598
v 0.008799902000000007 -0.016000004 0.009600001462321598
v 0.009782542000000003 -0.016918484 0.009600001462321598
v 0.009043422000000004 -0.017224644 0.009600001462321598
v 0.010302862000000005 -0.017697044 0.009600001462321598
v 0.009737182000000004 -0.018262724 0.009600001462321598
v 0.011081422000000004 -0.018217364 0.009600001462321598
v 0.010775262000000004 -0.018956484 0.009600001462321598
v 0.011999902000000007 -0.018400004 0.009600001462321598
v 0.011999902000000007 -0.019200004000000003 0.009600001462321598
v 0.012918382000000006 -0.018217360000000002 0.009600001462321598
v 0.013224542000000006 -0.01895648 0.009600001462321598
v 0.013696942000000004 -0.01769704 0.009600001462321598
v 0.014262622000000004 -0.01826272 0.009600001462321598
v 0.014217262000000007 -0.01691848 0.009600001462321598
v 0.014956382000000006 -0.01722464 0.009600001462321598
v 0.014399902000000006 -0.016 0.009600001462321598
v 0.015199902000000005 -0.016 0.009600001462321598
v 0.014217262000000007 -0.015081520000000003 0.009600001462321598
v 0.014956382000000006 -0.014775360000000001 0.009600001462321598
v 0.013696942000000004 -0.01430296 0.009600001462321598
v 0.014262622000000004 -0.013737280000000001 0.009600001462321598
v 0.012918382000000006 -0.013782640000000002 0.009600001462321598
v 0.013224542000000002 -0.013043524 0.009600001462321598
v 0.006399902000000002 -0.016000004 0.0096000014623216
v 0.006217262000000004 -0.015081524 0.0096000014623216
v 0.006217262000000004 -0.015081524 0.0112000014623216
v 0.006399902000000002 -0.016000004 0.0112000014623216
v 0.005696942000000003 -0.014302964000000001 0.0096000014623216
v 0.005696942000000003 -0.014302964000000001 0.0112000014623216
v 0.004918382000000002 -0.013782644 0.0096000014623216
v 0.004918382000000002 -0.013782644 0.0112000014623216
v 0.003999902000000003 -0.013600004 0.0096000014623216
v 0.003999902000000003 -0.013600004 0.0112000014623216
v 0.003081422000000004 -0.013782644 0.0096000014623216
v 0.003081422000000004 -0.013782644 0.0112000014623216
v 0.002302862000000003 -0.014302964000000001 0.0096000014623216
v 0.002302862000000003 -0.014302964000000001 0.0112000014623216
v 0.0017825420000000026 -0.015081524 0.0096000014623216
v 0.0017825420000000026 -0.015081524 0.0112000014623216
v 0.001599902000000003 -0.016000004 0.0096000014623216
v 0.001599902000000003 -0.016000004 0.0112000014623216
v 0.0017825420000000026 -0.016918484 0.0096000014623216
v 0.0017825420000000026 -0.016918484 0.0112000014623216
v 0.002302862000000003 -0.017697044 0.0096000014623216
v 0.002302862000000003 -0.017697044 0.0112000014623216
v 0.003081422000000004 -0.018217364 0.0096000014623216
v 0.003081422000000004 -0.018217364 0.0112000014623216
v 0.003999902000000003 -0.018400004 0.0096000014623216
v 0.003999902000000003 -0.018400004 0.0112000014623216
v 0.004918382000000002 -0.018217364 0.0096000014623216
v 0.004918382000000002 -0.018217364 0.0112000014623216
v 0.005696942000000003 -0.017697044 0.0096000014623216
v 0.005696942000000003 -0.017697044 0.0112000014623216
v 0.006217262000000004 -0.016918484 0.0096000014623216
v 0.006217262000000004 -0.016918484 0.0112000014623216
v 0.007199902000000003 -0.016000004 0.0096000014623216
v 0.006956382000000003 -0.014775364 0.0096000014623216
v 0.006956382000000003 -0.014775364 0.0112000014623216
v 0.007199902000000003 -0.016000004 0.0112000014623216
v 0.006262622000000002 -0.013737284 0.0096000014623216
v 0.006262622000000002 -0.013737284 0.0112000014623216
v 0.005224542000000003 -0.013043524 0.0096000014623216
v 0.005224542000000003 -0.013043524 0.0112000014623216
v 0.003999902000000003 -0.012800004000000004 0.0096000014623216
v 0.003999902000000003 -0.012800004000000004 0.0112000014623216
v 0.0027752620000000027 -0.013043524 0.0096000014623216
v 0.0027752620000000027 -0.013043524 0.0112000014623216
v 0.0017371820000000027 -0.013737284 0.0096000014623216
v 0.0017371820000000027 -0.013737284 0.0112000014623216
v 0.0010434220000000028 -0.014775364 0.0096000014623216
v 0.0010434220000000028 -0.014775364 0.0112000014623216
v 0.0007999020000000029 -0.016000004 0.0096000014623216
v 0.0007999020000000029 -0.016000004 0.0112000014623216
v 0.0010434220000000028 -0.017224644 0.0096000014623216
v 0.0010434220000000028 -0.017224644 0.0112000014623216
v 0.0017371820000000027 -0.018262724 0.0096000014623216
v 0.0017371820000000027 -0.018262724 0.0112000014623216
v 0.0027752620000000027 -0.018956484 0.0096000014623216
v 0.0027752620000000027 -0.018956484 0.0112000014623216
v 0.003999902000000003 -0.019200004000000003 0.0096000014623216
v 0.003999902000000003 -0.019200004000000003 0.0112000014623216
v 0.005224542000000003 -0.018956484 0.0096000014623216
v 0.005224542000000003 -0.018956484 0.0112000014623216
v 0.006262622000000002 -0.018262724 0.0096000014623216
v 0.006262622000000002 -0.018262724 0.0112000014623216
v 0.006956382000000003 -0.017224644 0.0096000014623216
v 0.006956382000000003 -0.017224644 0.0112000014623216
v 0.003999902000000003 -0.012800004000000004 0.0096000014623216
v 0.003999902000000003 -0.013600004 0.0096000014623216
v 0.003081422000000004 -0.013782644 0.0096000014623216
v 0.0027752620000000027 -0.013043524 0.0096000014623216
v 0.002302862000000003 -0.014302964000000001 0.0096000014623216
v 0.0017371820000000027 -0.013737284 0.0096000014623216
v 0.0017825420000000026 -0.015081524 0.0096000014623216
v 0.0010434220000000028 -0.014775364 0.0096000014623216
v 0.001599902000000003 -0.016000004 0.0096000014623216
v 0.0007999020000000029 -0.016000004 0.0096000014623216
v 0.0017825420000000026 -0.016918484 0.0096000014623216
v 0.0010434220000000028 -0.017224644 0.0096000014623216
v 0.002302862000000003 -0.017697044 0.0096000014623216
v 0.0017371820000000027 -0.018262724 0.0096000014623216
v 0.003081422000000004 -0.018217364 0.0096000014623216
v 0.0027752620000000027 -0.018956484 0.0096000014623216
v 0.003999902000000003 -0.018400004 0.0096000014623216
v 0.003999902000000003 -0.019200004000000003 0.0096000014623216
v 0.004918382000000002 -0.018217364 0.0096000014623216
v 0.005224542000000003 -0.018956484 0.0096000014623216
v 0.005696942000000003 -0.017697044 0.0096000014623216
v 0.006262622000000002 -0.018262724 0.0096000014623216
v 0.006217262000000004 -0.016918484 0.0096000014623216
v 0.006956382000000003 -0.017224644 0.0096000014623216
v 0.006399902000000002 -0.016000004 0.0096000014623216
v 0.007199902000000003 -0.016000004 0.0096000014623216
v 0.006217262000000004 -0.015081524 0.0096000014623216
v 0.006956382000000003 -0.014775364 0.0096000014623216
v 0.005696942000000003 -0.014302964000000001 0.0096000014623216
v 0.006262622000000002 -0.013737284 0.0096000014623216
v 0.004918382000000002 -0.013782644 0.0096000014623216
v 0.005224542000000003 -0.013043524 0.0096000014623216
v -0.0016000971999999972 -0.016000004 0.0096000014623216
v -0.0017827375999999973 -0.015081524 0.0096000014623216
v -0.0017827375999999971 -0.015081524 0.0112000014623216
v -0.001600097599999997 -0.016000004 0.0112000014623216
v -0.002303057999999997 -0.014302964000000001 0.0096000014623216
v -0.002303057999999997 -0.014302964000000001 0.0112000014623216
v -0.003081617599999997 -0.013782644 0.0096000014623216
v -0.0030816179999999973 -0.013782644 0.0112000014623216
v -0.004000097667131997 -0.013600004 0.0096000014623216
v -0.004000097807007997 -0.013600004 0.0112000014623216
v -0.004918577599999997 -0.013782648 0.0096000014623216
v -0.004918577599999997 -0.013782648 0.0112000014623216
v -0.005697137599999997 -0.014302968000000003 0.0096000014623216
v -0.005697137599999997 -0.014302968000000003 0.0112000014623216
v -0.0062174571999999975 -0.015081528 0.0096000014623216
v -0.006217457599999997 -0.015081528 0.0112000014623216
v -0.006400097199999997 -0.016000008000000003 0.0096000014623216
v -0.006400097599999996 -0.016000008000000003 0.0112000014623216
v -0.0062174567999999965 -0.016918488000000002 0.0096000014623216
v -0.0062174571999999975 -0.016918488000000002 0.0112000014623216
v -0.005697136799999998 -0.017697044 0.0096000014623216
v -0.005697136799999998 -0.017697044 0.0112000014623216
v -0.004918576799999997 -0.018217368 0.0096000014623216
v -0.004918576799999997 -0.018217368 0.0112000014623216
v -0.004000096808823997 -0.018400004 0.0096000014623216
v -0.004000096948699997 -0.018400004 0.0112000014623216
v -0.0030816167999999974 -0.018217364 0.0096000014623216
v -0.003081617199999997 -0.018217364 0.0112000014623216
v -0.002303057199999997 -0.017697044 0.0096000014623216
v -0.002303057199999997 -0.017697044 0.0112000014623216
v -0.001782737199999997 -0.016918484 0.0096000014623216
v -0.001782737199999997 -0.016918484 0.0112000014623216
v -0.0008000975999999971 -0.016000004 0.0096000014623216
v -0.0010436171999999972 -0.014775364 0.0096000014623216
v -0.0010436175999999969 -0.014775364 0.0112000014623216
v -0.0008000975999999971 -0.016000004 0.0112000014623216
v -0.0017373779999999973 -0.013737284 0.0096000014623216
v -0.0017373779999999973 -0.013737284 0.0112000014623216
v -0.0027754579999999976 -0.013043524 0.0096000014623216
v -0.0027754579999999976 -0.013043524 0.0112000014623216
v -0.004000097810183997 -0.012800004000000004 0.0096000014623216
v -0.004000097950059997 -0.012800004000000004 0.0112000014623216
v -0.005224737599999998 -0.013043524 0.0096000014623216
v -0.005224737599999998 -0.013043524 0.0112000014623216
v -0.006262817199999997 -0.013737288 0.0096000014623216
v -0.006262817599999997 -0.013737288 0.0112000014623216
v -0.006956577999999998 -0.014775368 0.0096000014623216
v -0.006956577999999998 -0.014775368 0.0112000014623216
v -0.007200097199999997 -0.016000008000000003 0.0096000014623216
v -0.0072000975999999975 -0.016000008000000003 0.0112000014623216
v -0.006956577599999997 -0.017224644 0.0096000014623216
v -0.006956577599999997 -0.017224644 0.0112000014623216
v -0.006262816399999998 -0.018262724 0.0096000014623216
v -0.006262816799999998 -0.018262724 0.0112000014623216
v -0.0052247367999999975 -0.018956488 0.0096000014623216
v -0.0052247367999999975 -0.018956488 0.0112000014623216
v -0.004000096665771997 -0.019200004000000003 0.0096000014623216
v -0.004000096805647997 -0.019200004000000003 0.0112000014623216
v -0.0027754567999999967 -0.018956484 0.0096000014623216
v -0.0027754567999999967 -0.018956484 0.0112000014623216
v -0.0017373771999999968 -0.018262724 0.0096000014623216
v -0.0017373771999999968 -0.018262724 0.0112000014623216
v -0.0010436171999999965 -0.017224644 0.0096000014623216
v -0.0010436171999999965 -0.017224644 0.0112000014623216
v -0.004000097810183997 -0.012800004000000004 0.0096000014623216
v -0.004000097667131997 -0.013600004 0.0096000014623216
v -0.004918577599999997 -0.013782648 0.0096000014623216
v -0.005224737599999998 -0.013043524 0.0096000014623216
v -0.005697137599999997 -0.014302968000000003 0.0096000014623216
v -0.006262817199999997 -0.013737288 0.0096000014623216
v -0.0062174571999999975 -0.015081528 0.0096000014623216
v -0.006956577999999998 -0.014775368 0.0096000014623216
v -0.006400097199999997 -0.016000008000000003 0.0096000014623216
v -0.007200097199999997 -0.016000008000000003 0.0096000014623216
v -0.0062174567999999965 -0.016918488000000002 0.0096000014623216
v -0.006956577599999997 -0.017224644 0.0096000014623216
v -0.005697136799999998 -0.017697044 0.0096000014623216
v -0.006262816399999998 -0.018262724 0.0096000014623216
v -0.004918576799999997 -0.018217368 0.0096000014623216
v -0.0052247367999999975 -0.018956488 0.0096000014623216
v -0.004000096808823997 -0.018400004 0.0096000014623216
v -0.004000096665771997 -0.019200004000000003 0.0096000014623216
v -0.0030816167999999974 -0.018217364 0.0096000014623216
v -0.0027754567999999967 -0.018956484 0.0096000014623216
v -0.002303057199999997 -0.017697044 0.0096000014623216
v -0.0017373771999999968 -0.018262724 0.0096000014623216
v -0.001782737199999997 -0.016918484 0.0096000014623216
v -0.0010436171999999965 -0.017224644 0.0096000014623216
v -0.0016000971999999972 -0.016000004 0.0096000014623216
v -0.0008000975999999971 -0.016000004 0.0096000014623216
v -0.0017827375999999973 -0.015081524 0.0096000014623216
v -0.0010436171999999972 -0.014775364 0.0096000014623216
v -0.002303057999999997 -0.014302964000000001 0.0096000014623216
v -0.0017373779999999973 -0.013737284 0.0096000014623216
v -0.003081617599999997 -0.013782644 0.0096000014623216
v -0.0027754579999999976 -0.013043524 0.0096000014623216
v -0.009600097999999998 -0.016000008000000003 0.0096000014623216
v -0.009782737999999997 -0.015081528 0.0096000014623216
v -0.009782737999999997 -0.015081528 0.0112000014623216
v -0.009600097999999998 -0.016000008000000003 0.0112000014623216
v -0.010303057999999999 -0.014302968000000003 0.0096000014623216
v -0.010303057999999999 -0.014302968000000003 0.0112000014623216
v -0.011081617999999998 -0.013782648 0.0096000014623216
v -0.011081617999999998 -0.013782648 0.0112000014623216
v -0.012000097999999997 -0.013600007999999999 0.0096000014623216
v -0.012000097999999997 -0.013600007999999999 0.0112000014623216
v -0.012918577999999998 -0.013782648 0.0096000014623216
v -0.012918577999999998 -0.013782648 0.0112000014623216
v -0.013697137999999998 -0.014302968000000003 0.0096000014623216
v -0.013697137999999998 -0.014302968000000003 0.0112000014623216
v -0.014217457999999997 -0.015081528 0.0096000014623216
v -0.014217457999999997 -0.015081528 0.0112000014623216
v -0.014400097999999997 -0.016000008000000003 0.0096000014623216
v -0.014400097999999997 -0.016000008000000003 0.0112000014623216
v -0.014217457999999997 -0.016918488000000002 0.0096000014623216
v -0.014217457999999997 -0.016918488000000002 0.0112000014623216
v -0.013697137999999998 -0.017697048000000003 0.0096000014623216
v -0.013697137999999998 -0.017697048000000003 0.0112000014623216
v -0.012918577999999998 -0.018217368 0.0096000014623216
v -0.012918577999999998 -0.018217368 0.0112000014623216
v -0.012000097999999997 -0.018400008000000002 0.0096000014623216
v -0.012000097999999997 -0.018400008000000002 0.0112000014623216
v -0.011081617999999998 -0.018217368 0.0096000014623216
v -0.011081617999999998 -0.018217368 0.0112000014623216
v -0.010303057999999999 -0.017697044 0.0096000014623216
v -0.010303057999999999 -0.017697044 0.0112000014623216
v -0.009782737999999997 -0.016918488000000002 0.0096000014623216
v -0.009782737999999997 -0.016918488000000002 0.0112000014623216
v -0.008800097999999998 -0.016000008000000003 0.0096000014623216
v -0.009043617999999998 -0.014775368 0.0096000014623216
v -0.009043617999999998 -0.014775368 0.0112000014623216
v -0.008800097999999998 -0.016000008000000003 0.0112000014623216
v -0.009737377999999998 -0.013737288 0.0096000014623216
v -0.009737377999999998 -0.013737288 0.0112000014623216
v -0.010775457999999998 -0.013043524 0.0096000014623216
v -0.010775457999999998 -0.013043524 0.0112000014623216
v -0.012000097999999997 -0.012800008000000002 0.0096000014623216
v -0.012000097999999997 -0.012800008000000002 0.0112000014623216
v -0.013224737999999996 -0.013043528 0.0096000014623216
v -0.013224737999999996 -0.013043528 0.0112000014623216
v -0.014262817999999997 -0.013737288 0.0096000014623216
v -0.014262817999999997 -0.013737288 0.0112000014623216
v -0.014956577999999998 -0.014775368 0.0096000014623216
v -0.014956577999999998 -0.014775368 0.0112000014623216
v -0.015200097999999997 -0.016000008000000003 0.0096000014623216
v -0.015200097999999997 -0.016000008000000003 0.0112000014623216
v -0.014956577999999998 -0.017224648000000002 0.0096000014623216
v -0.014956577999999998 -0.017224648000000002 0.0112000014623216
v -0.014262817999999997 -0.018262728000000002 0.0096000014623216
v -0.014262817999999997 -0.018262728000000002 0.0112000014623216
v -0.013224737999999996 -0.018956488 0.0096000014623216
v -0.013224737999999996 -0.018956488 0.0112000014623216
v -0.012000097999999997 -0.019200008 0.0096000014623216
v -0.012000097999999997 -0.019200008 0.0112000014623216
v -0.010775457999999998 -0.018956488 0.0096000014623216
v -0.010775457999999998 -0.018956488 0.0112000014623216
v -0.009737377999999998 -0.018262724 0.0096000014623216
v -0.009737377999999996 -0.018262724 0.0112000014623216
v -0.009043617999999998 -0.017224644 0.0096000014623216
v -0.009043617999999998 -0.017224644 0.0112000014623216
v -0.012000097999999997 -0.012800008000000002 0.0096000014623216
v -0.012000097999999997 -0.013600007999999999 0.0096000014623216
v -0.012918577999999998 -0.013782648 0.0096000014623216
v -0.013224737999999996 -0.013043528 0.0096000014623216
v -0.013697137999999998 -0.014302968000000003 0.0096000014623216
v -0.014262817999999997 -0.013737288 0.0096000014623216
v -0.014217457999999997 -0.015081528 0.0096000014623216
v -0.014956577999999998 -0.014775368 0.0096000014623216
v -0.014400097999999997 -0.016000008000000003 0.0096000014623216
v -0.015200097999999997 -0.016000008000000003 0.0096000014623216
v -0.014217457999999997 -0.016918488000000002 0.0096000014623216
v -0.014956577999999998 -0.017224648000000002 0.0096000014623216
v -0.013697137999999998 -0.017697048000000003 0.0096000014623216
v -0.014262817999999997 -0.018262728000000002 0.0096000014623216
v -0.012918577999999998 -0.018217368 0.0096000014623216
v -0.013224737999999996 -0.018956488 0.0096000014623216
v -0.012000097999999997 -0.018400008000000002 0.0096000014623216
v -0.012000097999999997 -0.019200008 0.0096000014623216
v -0.011081617999999998 -0.018217368 0.0096000014623216
v -0.010775457999999998 -0.018956488 0.0096000014623216
v -0.010303057999999999 -0.017697044 0.0096000014623216
v -0.009737377999999998 -0.018262724 0.0096000014623216
v -0.009782737999999997 -0.016918488000000002 0.0096000014623216
v -0.009043617999999998 -0.017224644 0.0096000014623216
v -0.009600097999999998 -0.016000008000000003 0.0096000014623216
v -0.008800097999999998 -0.016000008000000003 0.0096000014623216
v -0.009782737999999997 -0.015081528 0.0096000014623216
v -0.009043617999999998 -0.014775368 0.0096000014623216
v -0.010303057999999999 -0.014302968000000003 0.0096000014623216
v -0.009737377999999998 -0.013737288 0.0096000014623216
v -0.011081617999999998 -0.013782648 0.0096000014623216
v -0.010775457999999998 -0.013043524 0.0096000014623216
v -0.018400093999999995 -0.022400008000000003 0.011199997462321601
v 0.026399906000000008 -0.0224 0.011200005462321598
v 0.026399898000000005 0.006400000000000001 0.011200005462321598
v -0.018400101999999998 0.006399992 0.011199997462321601
v 0.026399898000000005 0.006400000000000001 0.011200005462321598
v 0.026399898000000005 0.006400000000000001 0.009600005462321598
v -0.018400101999999998 0.006399992 0.009599997462321602
v -0.018400101999999998 0.006399992 0.011199997462321601
v -0.018400101999999998 0.006399992 0.011199997462321601
v -0.018400101999999998 0.006399992 0.009599997462321602
v -0.018400093999999995 -0.022400008000000003 0.009599997462321602
v -0.018400093999999995 -0.022400008000000003 0.011199997462321601
v -0.018400093999999995 -0.022400008000000003 0.011199997462321601
v -0.018400093999999995 -0.022400008000000003 0.009599997462321602
v 0.026399906000000008 -0.0224 0.009600005462321598
v 0.026399906000000008 -0.0224 0.011200005462321598
v 0.026399906000000008 -0.0224 0.011200005462321598
v 0.026399906000000008 -0.0224 0.009600005462321598
v 0.026399898000000005 0.006400000000000001 0.009600005462321598
v 0.026399898000000005 0.006400000000000001 0.011200005462321598
v -0.020000102000000002 0.007999992 0.009599997462321602
v -0.018400101999999998 0.006399992 0.009599997462321602
v 0.026399898000000005 0.006400000000000001 0.009600005462321598
v 0.027999898000000006 0.008000000000000002 0.009600005462321598
v 0.027999906 -0.024 0.009600005462321598
v 0.026399906000000008 -0.0224 0.009600005462321598
v -0.018400093999999995 -0.022400008000000003 0.009599997462321602
v -0.020000093999999996 -0.024000008 0.009599997462321602
v -0.020000093999999996 -0.024000008 0.012799997462321602
v 0.027999906 -0.024 0.012800001462321598
v 0.027999898000000006 0.008000000000000002 0.012800001462321598
v -0.020000102000000002 0.007999992 0.012799997462321602
v 0.027999898000000006 0.008000000000000002 0.012800001462321598
v 0.027999898000000006 0.008000000000000002 0.009600005462321598
v -0.020000102000000002 0.007999992 0.009599997462321602
v -0.020000102000000002 0.007999992 0.012799997462321602
v -0.020000102000000002 0.007999992 0.012799997462321602
v -0.020000102000000002 0.007999992 0.009599997462321602
v -0.020000093999999996 -0.024000008 0.009599997462321602
v -0.020000093999999996 -0.024000008 0.012799997462321602
v -0.020000093999999996 -0.024000008 0.012799997462321602
v -0.020000093999999996 -0.024000008 0.009599997462321602
v 0.027999906 -0.024 0.009600005462321598
v 0.027999906 -0.024 0.012800001462321598
v 0.027999906 -0.024 0.012800001462321598
v 0.027999906 -0.024 0.009600005462321598
v 0.027999898000000006 0.008000000000000002 0.009600005462321598
v 0.027999898000000006 0.008000000000000002 0.012800001462321598
v 0.026399898000000005 0.004000000000000003 0.012800001462321598
v 0.026217258 0.004918480000000002 0.012800001462321598
v 0.026217258 0.004918480000000002 0.014400001462321597
v 0.026399898000000005 0.004000000000000003 0.014400001462321597
v 0.025696937999999996 0.005697040000000002 0.012800001462321598
v 0.025696937999999996 0.005697040000000002 0.014400001462321597
v 0.024918377999999998 0.006217360000000002 0.012800001462321598
v 0.024918377999999998 0.006217360000000002 0.014400001462321597
v 0.023999898000000002 0.006400000000000001 0.012800001462321598
v 0.023999898000000002 0.006400000000000001 0.014400001462321597
v 0.023081418000000006 0.006217360000000002 0.012800001462321598
v 0.023081418000000006 0.006217360000000002 0.014400001462321597
v 0.02230285800000001 0.005697040000000001 0.012800001462321598
v 0.02230285800000001 0.005697040000000001 0.014400001462321597
v 0.021782538000000004 0.004918480000000002 0.012800001462321598
v 0.021782538000000004 0.004918480000000002 0.014400001462321597
v 0.021599898 0.0039999992000000015 0.012800001462321598
v 0.021599898 0.0039999992000000015 0.014400001462321597
v 0.021782538000000004 0.003081519600000002 0.012800001462321598
v 0.021782538000000004 0.003081519600000002 0.014400001462321597
v 0.02230285800000001 0.0023029596000000018 0.012800001462321598
v 0.02230285800000001 0.0023029596000000018 0.014400001462321597
v 0.023081418000000006 0.0017826396000000016 0.012800001462321598
v 0.023081418000000006 0.0017826396000000016 0.014400001462321597
v 0.023999898000000002 0.0016000000000000018 0.012800001462321598
v 0.023999898000000002 0.0016000000000000018 0.014400001462321597
v 0.024918377999999998 0.0017826400000000018 0.012800001462321598
v 0.024918377999999998 0.0017826400000000018 0.014400001462321597
v 0.025696937999999996 0.0023029604000000016 0.012800001462321598
v 0.025696937999999996 0.0023029604000000016 0.014400001462321597
v 0.026217258 0.003081520400000002 0.012800001462321598
v 0.026217258 0.003081520400000002 0.014400001462321597
v 0.026217258 0.004918480000000002 0.014400001462321597
v 0.026399898000000005 0.004000000000000003 0.014400001462321597
v 0.023999898000000002 0.003999999600000002 0.014400001462321597
v 0.025696937999999996 0.005697040000000002 0.014400001462321597
v 0.024918377999999998 0.006217360000000002 0.014400001462321597
v 0.023999898000000002 0.006400000000000001 0.014400001462321597
v 0.023081418000000006 0.006217360000000002 0.014400001462321597
v 0.02230285800000001 0.005697040000000001 0.014400001462321597
v 0.021782538000000004 0.004918480000000002 0.014400001462321597
v 0.021599898 0.0039999992000000015 0.014400001462321597
v 0.021782538000000004 0.003081519600000002 0.014400001462321597
v 0.02230285800000001 0.0023029596000000018 0.014400001462321597
v 0.023081418000000006 0.0017826396000000016 0.014400001462321597
v 0.023999898000000002 0.0016000000000000018 0.014400001462321597
v 0.024918377999999998 0.0017826400000000018 0.014400001462321597
v 0.025696937999999996 0.0023029604000000016 0.014400001462321597
v 0.026217258 0.003081520400000002 0.014400001462321597
v 0.018399898000000005 0.003999998800000002 0.012800001462321598
v 0.018217258 0.004918480000000002 0.012800001462321598
v 0.018217258 0.004918480000000002 0.014400001462321598
v 0.018399898000000005 0.003999998800000002 0.014400001462321598
v 0.017696938000000006 0.005697040000000001 0.012800001462321598
v 0.017696938000000006 0.005697040000000001 0.014400001462321598
v 0.016918378000000005 0.006217360000000002 0.012800001462321598
v 0.016918378000000005 0.006217360000000002 0.014400001462321598
v 0.015999898000000002 0.006400000000000001 0.012800001462321598
v 0.015999898000000002 0.006400000000000001 0.014400001462321598
v 0.015081418000000003 0.006217360000000002 0.012800001462321598
v 0.015081418000000003 0.006217360000000002 0.014400001462321598
v 0.014302858000000002 0.005697036000000002 0.012800001462321598
v 0.014302858000000002 0.005697036000000002 0.014400001462321598
v 0.013782538000000002 0.004918480000000002 0.012800001462321598
v 0.013782538000000002 0.004918480000000002 0.014400001462321598
v 0.013599898000000001 0.003999998000000002 0.012800001462321598
v 0.013599898000000001 0.003999998000000002 0.014400001462321598
v 0.013782538000000002 0.0030815180000000014 0.012800001462321598
v 0.013782538000000002 0.0030815180000000014 0.014400001462321598
v 0.014302858000000002 0.0023029584000000014 0.012800001462321598
v 0.014302858000000002 0.0023029584000000014 0.014400001462321598
v 0.015081418000000003 0.001782638000000001 0.012800001462321598
v 0.015081418000000003 0.001782638000000001 0.014400001462321598
v 0.015999898000000002 0.0015999984000000013 0.012800001462321598
v 0.015999898000000002 0.0015999984000000013 0.014400001462321598
v 0.016918378000000005 0.0017826384000000015 0.012800001462321598
v 0.016918378000000005 0.0017826384000000015 0.014400001462321598
v 0.017696938000000006 0.0023029588000000015 0.012800001462321598
v 0.017696938000000006 0.0023029588000000015 0.014400001462321598
v 0.018217258 0.0030815188000000017 0.012800001462321598
v 0.018217258 0.0030815188000000017 0.014400001462321598
v 0.018217258 0.004918480000000002 0.014400001462321598
v 0.018399898000000005 0.003999998800000002 0.014400001462321598
v 0.015999898000000002 0.003999998400000001 0.014400001462321598
v 0.017696938000000006 0.005697040000000001 0.014400001462321598
v 0.016918378000000005 0.006217360000000002 0.014400001462321598
v 0.015999898000000002 0.006400000000000001 0.014400001462321598
v 0.015081418000000003 0.006217360000000002 0.014400001462321598
v 0.014302858000000002 0.005697036000000002 0.014400001462321598
v 0.013782538000000002 0.004918480000000002 0.014400001462321598
v 0.013599898000000001 0.003999998000000002 0.014400001462321598
v 0.013782538000000002 0.0030815180000000014 0.014400001462321598
v 0.014302858000000002 0.0023029584000000014 0.014400001462321598
v 0.015081418000000003 0.001782638000000001 0.014400001462321598
v 0.015999898000000002 0.0015999984000000013 0.014400001462321598
v 0.016918378000000005 0.0017826384000000015 0.014400001462321598
v 0.017696938000000006 0.0023029588000000015 0.014400001462321598
v 0.018217258 0.0030815188000000017 0.014400001462321598
v 0.010399898000000001 0.003999997200000001 0.012800001462321598
v 0.010217258 0.004918476000000001 0.012800001462321598
v 0.010217258 0.004918476000000001 0.014400001462321598
v 0.010399898000000001 0.003999997200000001 0.014400001462321598
v 0.009696938000000004 0.005697036000000001 0.012800001462321598
v 0.009696938000000004 0.005697036000000001 0.014400001462321598
v 0.008918378000000001 0.006217356 0.012800001462321598
v 0.008918378000000001 0.006217356 0.014400001462321598
v 0.007999898000000002 0.0063999960000000015 0.012800001462321598
v 0.007999898000000002 0.0063999960000000015 0.014400001462321598
v 0.007081418000000002 0.006217356 0.0128000014623216
v 0.007081418000000002 0.006217356 0.014400001462321598
v 0.006302858000000002 0.005697036000000001 0.0128000014623216
v 0.006302858000000002 0.005697036000000001 0.014400001462321598
v 0.005782538000000003 0.004918476000000001 0.0128000014623216
v 0.005782538000000003 0.004918476000000001 0.014400001462321598
v 0.005599898000000001 0.003999996400000001 0.0128000014623216
v 0.005599898000000001 0.003999996400000001 0.014400001462321598
v 0.005782538000000003 0.003081516800000001 0.0128000014623216
v 0.005782538000000003 0.003081516800000001 0.014400001462321598
v 0.006302858000000002 0.002302956800000001 0.0128000014623216
v 0.006302858000000002 0.002302956800000001 0.014400001462321598
v 0.007081418000000002 0.0017826368000000007 0.0128000014623216
v 0.007081418000000004 0.0017826368000000007 0.014400001462321598
v 0.007999898000000002 0.001599996800000001 0.012800001462321598
v 0.007999898000000004 0.001599996800000001 0.014400001462321598
v 0.008918378000000001 0.0017826372000000008 0.012800001462321598
v 0.008918378000000001 0.0017826372000000008 0.014400001462321598
v 0.009696938000000004 0.002302957200000001 0.012800001462321598
v 0.009696938000000004 0.002302957200000001 0.014400001462321598
v 0.010217258 0.0030815176000000013 0.012800001462321598
v 0.010217258 0.0030815176000000013 0.014400001462321598
v 0.010217258 0.004918476000000001 0.014400001462321598
v 0.010399898000000001 0.003999997200000001 0.014400001462321598
v 0.007999898000000002 0.003999996800000001 0.014400001462321598
v 0.009696938000000004 0.005697036000000001 0.014400001462321598
v 0.008918378000000001 0.006217356 0.014400001462321598
v 0.007999898000000002 0.0063999960000000015 0.014400001462321598
v 0.007081418000000002 0.006217356 0.014400001462321598
v 0.006302858000000002 0.005697036000000001 0.014400001462321598
v 0.005782538000000003 0.004918476000000001 0.014400001462321598
v 0.005599898000000001 0.003999996400000001 0.014400001462321598
v 0.005782538000000003 0.003081516800000001 0.014400001462321598
v 0.006302858000000002 0.002302956800000001 0.014400001462321598
v 0.007081418000000004 0.0017826368000000007 0.014400001462321598
v 0.007999898000000004 0.001599996800000001 0.014400001462321598
v 0.008918378000000001 0.0017826372000000008 0.014400001462321598
v 0.009696938000000004 0.002302957200000001 0.014400001462321598
v 0.010217258 0.0030815176000000013 0.014400001462321598
v 0.0023998980000000014 0.003999996000000001 0.0128000014623216
v 0.002217258000000002 0.004918476000000001 0.0128000014623216
v 0.002217258000000002 0.004918476000000001 0.014400001462321598
v 0.0023998980000000014 0.003999996000000001 0.014400001462321598
v 0.0016969380000000022 0.005697036 0.0128000014623216
v 0.0016969380000000022 0.005697036 0.014400001462321598
v 0.0009183780000000025 0.006217356 0.0128000014623216
v 0.0009183780000000025 0.006217356 0.014400001462321598
v -1.0199999999793708e-07 0.006399996 0.0128000014623216
v -1.0199999999793708e-07 0.006399996 0.014400001462321598
v -0.0009185811999999982 0.006217356 0.0128000014623216
v -0.0009185815999999981 0.006217356 0.014400001462321598
v -0.0016971411999999984 0.005697036 0.0128000014623216
v -0.0016971415999999984 0.005697036 0.014400001462321598
v -0.0022174611999999983 0.004918476 0.0128000014623216
v -0.002217461199999998 0.004918476 0.014400001462321598
v -0.002400101199999998 0.0039999952 0.0128000014623216
v -0.002400101199999998 0.0039999952 0.014400001462321598
v -0.0022174607999999978 0.0030815152 0.0128000014623216
v -0.0022174607999999978 0.0030815152 0.014400001462321598
v -0.001697140799999998 0.0023029556 0.0128000014623216
v -0.001697140799999998 0.0023029556 0.014400001462321598
v -0.0009185803999999981 0.0017826352000000004 0.0128000014623216
v -0.0009185807999999979 0.0017826352000000004 0.014400001462321598
v -1.0199999999793708e-07 0.0015999956 0.0128000014623216
v -1.0199999999793708e-07 0.0015999956 0.014400001462321598
v 0.0009183780000000025 0.0017826356000000005 0.0128000014623216
v 0.0009183780000000025 0.0017826356000000005 0.014400001462321598
v 0.0016969380000000022 0.0023029560000000005 0.0128000014623216
v 0.0016969380000000022 0.0023029560000000005 0.014400001462321598
v 0.002217258000000002 0.0030815160000000003 0.0128000014623216
v 0.002217258000000002 0.0030815160000000003 0.014400001462321598
v 0.002217258000000002 0.004918476000000001 0.014400001462321598
v 0.0023998980000000014 0.003999996000000001 0.014400001462321598
v -1.0199999999793708e-07 0.0039999955999999995 0.014400001462321598
v 0.0016969380000000022 0.005697036 0.014400001462321598
v 0.0009183780000000025 0.006217356 0.014400001462321598
v -1.0199999999793708e-07 0.006399996 0.014400001462321598
v -0.0009185815999999981 0.006217356 0.014400001462321598
v -0.0016971415999999984 0.005697036 0.014400001462321598
v -0.002217461199999998 0.004918476 0.014400001462321598
v -0.002400101199999998 0.0039999952 0.014400001462321598
v -0.0022174607999999978 0.0030815152 0.014400001462321598
v -0.001697140799999998 0.0023029556 0.014400001462321598
v -0.0009185807999999979 0.0017826352000000004 0.014400001462321598
v -1.0199999999793708e-07 0.0015999956 0.014400001462321598
v 0.0009183780000000025 0.0017826356000000005 0.014400001462321598
v 0.0016969380000000022 0.0023029560000000005 0.014400001462321598
v 0.002217258000000002 0.0030815160000000003 0.014400001462321598
v -0.005600101199999998 0.0039999944 0.0128000014623216
v -0.005782741199999999 0.004918476 0.0128000014623216
v -0.005782741599999998 0.004918476 0.014400001462321598
v -0.005600101199999998 0.0039999944 0.014400001462321598
v -0.006303061599999999 0.005697036 0.0128000014623216
v -0.006303061999999998 0.005697036 0.014400001462321598
v -0.007081621599999999 0.006217356 0.0128000014623216
v -0.007081621599999999 0.006217356 0.014400001462321598
v -0.008000101599999998 0.006399992 0.0128000014623216
v -0.008000101599999998 0.006399992 0.014400001462321598
v -0.008918581999999998 0.006217352000000001 0.0128000014623216
v -0.008918581999999998 0.006217352000000001 0.014400001462321598
v -0.009697141999999997 0.005697032000000001 0.0128000014623216
v -0.009697141999999997 0.005697032000000001 0.014400001462321598
v -0.010217462 0.004918471999999999 0.0128000014623216
v -0.010217462 0.004918471999999999 0.014400001462321598
v -0.010400101999999998 0.0039999936 0.0128000014623216
v -0.010400101999999998 0.0039999936 0.014400001462321598
v -0.010217462 0.0030815136 0.0128000014623216
v -0.010217462 0.0030815136 0.014400001462321598
v -0.009697141999999997 0.002302954 0.0128000014623216
v -0.009697141999999997 0.002302954 0.014400001462321598
v -0.008918581999999998 0.0017826339999999997 0.0128000014623216
v -0.008918581999999998 0.0017826339999999997 0.014400001462321598
v -0.008000100799999998 0.001599994 0.0128000014623216
v -0.008000100799999998 0.001599994 0.014400001462321598
v -0.007081620799999998 0.0017826343999999997 0.0128000014623216
v -0.007081620799999998 0.0017826343999999997 0.014400001462321598
v -0.006303061199999998 0.0023029544000000004 0.0128000014623216
v -0.006303061199999998 0.0023029544000000004 0.014400001462321598
v -0.005782740799999998 0.0030815144 0.0128000014623216
v -0.0057827411999999976 0.0030815144 0.014400001462321598
v -0.005782741599999998 0.004918476 0.014400001462321598
v -0.005600101199999998 0.0039999944 0.014400001462321598
v -0.008000101199999998 0.003999994 0.014400001462321598
v -0.006303061999999998 0.005697036 0.014400001462321598
v -0.007081621599999999 0.006217356 0.014400001462321598
v -0.008000101599999998 0.006399992 0.014400001462321598
v -0.008918581999999998 0.006217352000000001 0.014400001462321598
v -0.009697141999999997 0.005697032000000001 0.014400001462321598
v -0.010217462 0.004918471999999999 0.014400001462321598
v -0.010400101999999998 0.0039999936 0.014400001462321598
v -0.010217462 0.0030815136 0.014400001462321598
v -0.009697141999999997 0.002302954 0.014400001462321598
v -0.008918581999999998 0.0017826339999999997 0.014400001462321598
v -0.008000100799999998 0.001599994 0.014400001462321598
v -0.007081620799999998 0.0017826343999999997 0.014400001462321598
v -0.006303061199999998 0.0023029544000000004 0.014400001462321598
v -0.0057827411999999976 0.0030815144 0.014400001462321598
v -0.013600102 0.0039999931999999995 0.0128000014623216
v -0.013782741999999999 0.004918471999999999 0.0128000014623216
v -0.013782741999999999 0.004918471999999999 0.014400001462321598
v -0.013600102 0.0039999931999999995 0.014400001462321598
v -0.014303062 0.0056970319999999994 0.0128000014623216
v -0.014303062 0.0056970319999999994 0.014400001462321598
v -0.015081622 0.006217352 0.0128000014623216
v -0.015081622 0.006217352 0.014400001462321598
v -0.016000102 0.006399992 0.0128000014623216
v -0.016000102 0.006399992 0.014400001462321598
v -0.016918581999999998 0.006217352 0.0128000014623216
v -0.016918581999999998 0.006217352 0.014400001462321598
v -0.017697142000000003 0.0056970319999999994 0.0128000014623216
v -0.017697142000000003 0.0056970319999999994 0.014400001462321598
v -0.018217461999999997 0.004918471999999999 0.012799997462321602
v -0.018217461999999997 0.004918471999999999 0.014400001462321598
v -0.018400101999999998 0.003999991999999999 0.012799997462321602
v -0.018400101999999998 0.003999991999999999 0.014400001462321598
v -0.018217461999999997 0.0030815123999999995 0.012799997462321602
v -0.018217461999999997 0.0030815123999999995 0.014400001462321598
v -0.017697142000000003 0.0023029523999999993 0.0128000014623216
v -0.017697142000000003 0.0023029523999999993 0.014400001462321598
v -0.016918581999999998 0.0017826323999999994 0.0128000014623216
v -0.016918581999999998 0.0017826323999999994 0.014400001462321598
v -0.016000102 0.0015999923999999994 0.0128000014623216
v -0.016000102 0.0015999923999999994 0.014400001462321598
v -0.015081622 0.0017826327999999995 0.0128000014623216
v -0.015081622 0.0017826327999999995 0.014400001462321598
v -0.014303062 0.0023029531999999996 0.0128000014623216
v -0.014303061999999998 0.0023029531999999996 0.014400001462321598
v -0.013782741999999999 0.003081513199999999 0.0128000014623216
v -0.013782741999999999 0.003081513199999999 0.014400001462321598
v -0.013782741999999999 0.004918471999999999 0.014400001462321598
v -0.013600102 0.0039999931999999995 0.014400001462321598
v -0.016000102 0.003999992799999999 0.014400001462321598
v -0.014303062 0.0056970319999999994 0.014400001462321598
v -0.015081622 0.006217352 0.014400001462321598
v -0.016000102 0.006399992 0.014400001462321598
v -0.016918581999999998 0.006217352 0.014400001462321598
v -0.017697142000000003 0.0056970319999999994 0.014400001462321598
v -0.018217461999999997 0.004918471999999999 0.014400001462321598
v -0.018400101999999998 0.003999991999999999 0.014400001462321598
v -0.018217461999999997 0.0030815123999999995 0.014400001462321598
v -0.017697142000000003 0.0023029523999999993 0.014400001462321598
v -0.016918581999999998 0.0017826323999999994 0.014400001462321598
v -0.016000102 0.0015999923999999994 0.014400001462321598
v -0.015081622 0.0017826327999999995 0.014400001462321598
v -0.014303061999999998 0.0023029531999999996 0.014400001462321598
v -0.013782741999999999 0.003081513199999999 0.014400001462321598
v 0.026399902000000006 -0.003999999599999998 0.012800001462321598
v 0.026217258 -0.003081519999999998 0.012800001462321598
v 0.026217258 -0.003081519999999998 0.014400001462321597
v 0.026399902000000006 -0.003999999599999998 0.014400001462321597
v 0.025696942 -0.002302960399999998 0.012800001462321598
v 0.025696942 -0.002302960399999998 0.014400001462321597
v 0.024918377999999998 -0.001782639999999998 0.012800001462321598
v 0.024918377999999998 -0.001782639999999998 0.014400001462321597
v 0.023999902000000004 -0.0015999999999999983 0.012800001462321598
v 0.023999902000000004 -0.0015999999999999983 0.014400001462321597
v 0.023081418000000006 -0.0017826403999999982 0.012800001462321598
v 0.023081418000000006 -0.0017826403999999982 0.014400001462321597
v 0.022302862000000003 -0.0023029607999999983 0.012800001462321598
v 0.022302862000000003 -0.0023029607999999983 0.014400001462321597
v 0.021782538000000004 -0.0030815207999999985 0.012800001462321598
v 0.021782538000000004 -0.0030815207999999985 0.014400001462321597
v 0.021599902 -0.003999999999999998 0.012800001462321598
v 0.021599902 -0.003999999999999998 0.014400001462321597
v 0.021782538000000004 -0.004918479999999999 0.012800001462321598
v 0.021782538000000004 -0.004918479999999999 0.014400001462321597
v 0.022302862000000003 -0.005697039999999999 0.012800001462321598
v 0.022302862000000003 -0.005697039999999999 0.014400001462321597
v 0.023081418000000006 -0.006217359999999998 0.012800001462321598
v 0.023081418000000006 -0.006217359999999998 0.014400001462321597
v 0.023999902000000004 -0.0063999999999999994 0.012800001462321598
v 0.023999902000000004 -0.0063999999999999994 0.014400001462321597
v 0.024918377999999998 -0.006217359999999998 0.012800001462321598
v 0.024918377999999998 -0.006217359999999998 0.014400001462321597
v 0.025696942 -0.005697039999999998 0.012800001462321598
v 0.025696942 -0.005697039999999998 0.014400001462321597
v 0.026217258 -0.0049184799999999985 0.012800001462321598
v 0.026217258 -0.0049184799999999985 0.014400001462321597
v 0.026217258 -0.003081519999999998 0.014400001462321597
v 0.026399902000000006 -0.003999999599999998 0.014400001462321597
v 0.023999902000000004 -0.003999999999999998 0.014400001462321597
v 0.025696942 -0.002302960399999998 0.014400001462321597
v 0.024918377999999998 -0.001782639999999998 0.014400001462321597
v 0.023999902000000004 -0.0015999999999999983 0.014400001462321597
v 0.023081418000000006 -0.0017826403999999982 0.014400001462321597
v 0.022302862000000003 -0.0023029607999999983 0.014400001462321597
v 0.021782538000000004 -0.0030815207999999985 0.014400001462321597
v 0.021599902 -0.003999999999999998 0.014400001462321597
v 0.021782538000000004 -0.004918479999999999 0.014400001462321597
v 0.022302862000000003 -0.005697039999999999 0.014400001462321597
v 0.023081418000000006 -0.006217359999999998 0.014400001462321597
v 0.023999902000000004 -0.0063999999999999994 0.014400001462321597
v 0.024918377999999998 -0.006217359999999998 0.014400001462321597
v 0.025696942 -0.005697039999999998 0.014400001462321597
v 0.026217258 -0.0049184799999999985 0.014400001462321597
v 0.018399902000000003 -0.003999999999999998 0.012800001462321598
v 0.018217258 -0.0030815215999999983 0.012800001462321598
v 0.018217258 -0.0030815215999999983 0.014400001462321598
v 0.018399898000000005 -0.003999999999999998 0.014400001462321598
v 0.017696938000000006 -0.0023029615999999985 0.012800001462321598
v 0.017696938000000006 -0.0023029615999999985 0.014400001462321598
v 0.016918378000000005 -0.0017826415999999984 0.012800001462321598
v 0.016918378000000005 -0.0017826415999999984 0.014400001462321598
v 0.015999898000000002 -0.0016000015999999989 0.012800001462321598
v 0.015999898000000002 -0.0016000015999999989 0.014400001462321598
v 0.015081418000000003 -0.0017826419999999988 0.012800001462321598
v 0.015081418000000003 -0.0017826419999999988 0.014400001462321598
v 0.014302858000000002 -0.002302961999999999 0.012800001462321598
v 0.014302858000000002 -0.002302961999999999 0.014400001462321598
v 0.013782538000000002 -0.003081521999999999 0.012800001462321598
v 0.013782538000000002 -0.003081521999999999 0.014400001462321598
v 0.013599902000000004 -0.003999999999999998 0.012800001462321598
v 0.013599898000000001 -0.003999999999999998 0.014400001462321598
v 0.013782542 -0.004918479999999999 0.012800001462321598
v 0.013782542 -0.004918479999999999 0.014400001462321598
v 0.014302862000000001 -0.005697043999999999 0.012800001462321598
v 0.014302862000000001 -0.005697043999999999 0.014400001462321598
v 0.015081422 -0.006217359999999998 0.012800001462321598
v 0.015081422 -0.006217359999999998 0.014400001462321598
v 0.015999902000000003 -0.0063999999999999994 0.012800001462321598
v 0.015999902000000003 -0.0063999999999999994 0.014400001462321598
v 0.016918382000000003 -0.006217359999999998 0.012800001462321598
v 0.016918382000000003 -0.006217359999999998 0.014400001462321598
v 0.017696942000000004 -0.005697039999999999 0.012800001462321598
v 0.017696942000000004 -0.005697039999999999 0.014400001462321598
v 0.018217262000000005 -0.004918479999999999 0.012800001462321598
v 0.018217262000000005 -0.004918479999999999 0.014400001462321598
v 0.018217258 -0.0030815215999999983 0.014400001462321598
v 0.018399898000000005 -0.003999999999999998 0.014400001462321598
v 0.015999898000000002 -0.003999999999999998 0.014400001462321598
v 0.017696938000000006 -0.0023029615999999985 0.014400001462321598
v 0.016918378000000005 -0.0017826415999999984 0.014400001462321598
v 0.015999898000000002 -0.0016000015999999989 0.014400001462321598
v 0.015081418000000003 -0.0017826419999999988 0.014400001462321598
v 0.014302858000000002 -0.002302961999999999 0.014400001462321598
v 0.013782538000000002 -0.003081521999999999 0.014400001462321598
v 0.013599898000000001 -0.003999999999999998 0.014400001462321598
v 0.013782542 -0.004918479999999999 0.014400001462321598
v 0.014302862000000001 -0.005697043999999999 0.014400001462321598
v 0.015081422 -0.006217359999999998 0.014400001462321598
v 0.015999902000000003 -0.0063999999999999994 0.014400001462321598
v 0.016918382000000003 -0.006217359999999998 0.014400001462321598
v 0.017696942000000004 -0.005697039999999999 0.014400001462321598
v 0.018217262000000005 -0.004918479999999999 0.014400001462321598
v 0.010399902000000003 -0.004000004 0.012800001462321598
v 0.010217258 -0.0030815227999999996 0.012800001462321598
v 0.010217258 -0.0030815227999999996 0.014400001462321598
v 0.010399898000000001 -0.004000004 0.014400001462321598
v 0.009696938000000004 -0.002302963199999999 0.012800001462321598
v 0.009696938000000004 -0.002302963199999999 0.014400001462321598
v 0.008918378000000001 -0.0017826427999999995 0.012800001462321598
v 0.008918378000000001 -0.0017826427999999995 0.014400001462321598
v 0.007999898000000004 -0.0016000031999999994 0.012800001462321598
v 0.007999898000000004 -0.0016000031999999994 0.014400001462321598
v 0.007081422000000004 -0.0017826431999999996 0.0128000014623216
v 0.007081418000000004 -0.0017826431999999996 0.014400001462321598
v 0.006302858000000002 -0.0023029635999999992 0.0128000014623216
v 0.006302858000000002 -0.0023029635999999992 0.014400001462321598
v 0.005782542000000004 -0.003081523599999999 0.0128000014623216
v 0.005782542000000004 -0.003081523599999999 0.014400001462321598
v 0.005599902000000003 -0.004000004 0.0128000014623216
v 0.005599902000000003 -0.004000004 0.014400001462321598
v 0.005782542000000004 -0.004918484 0.0128000014623216
v 0.005782542000000004 -0.004918484 0.014400001462321598
v 0.006302862000000003 -0.005697044 0.0128000014623216
v 0.006302862000000003 -0.005697044 0.014400001462321598
v 0.007081422000000004 -0.0062173639999999995 0.0128000014623216
v 0.007081422000000004 -0.0062173639999999995 0.014400001462321598
v 0.007999902000000003 -0.006400003999999998 0.012800001462321598
v 0.007999902000000003 -0.006400003999999998 0.014400001462321598
v 0.008918382000000002 -0.0062173639999999995 0.012800001462321598
v 0.008918382000000002 -0.0062173639999999995 0.014400001462321598
v 0.009696942000000002 -0.005697044 0.012800001462321598
v 0.009696942000000002 -0.005697044 0.014400001462321598
v 0.010217262000000003 -0.004918484 0.012800001462321598
v 0.010217262000000003 -0.004918484 0.014400001462321598
v 0.010217258 -0.0030815227999999996 0.014400001462321598
v 0.010399898000000001 -0.004000004 0.014400001462321598
v 0.007999902000000003 -0.004000004 0.014400001462321598
v 0.009696938000000004 -0.002302963199999999 0.014400001462321598
v 0.008918378000000001 -0.0017826427999999995 0.014400001462321598
v 0.007999898000000004 -0.0016000031999999994 0.014400001462321598
v 0.007081418000000004 -0.0017826431999999996 0.014400001462321598
v 0.006302858000000002 -0.0023029635999999992 0.014400001462321598
v 0.005782542000000004 -0.003081523599999999 0.014400001462321598
v 0.005599902000000003 -0.004000004 0.014400001462321598
v 0.005782542000000004 -0.004918484 0.014400001462321598
v 0.006302862000000003 -0.005697044 0.014400001462321598
v 0.007081422000000004 -0.0062173639999999995 0.014400001462321598
v 0.007999902000000003 -0.006400003999999998 0.014400001462321598
v 0.008918382000000002 -0.0062173639999999995 0.014400001462321598
v 0.009696942000000002 -0.005697044 0.014400001462321598
v 0.010217262000000003 -0.004918484 0.014400001462321598
v 0.002399902000000003 -0.004000004 0.0128000014623216
v 0.002217262000000002 -0.0030815243999999997 0.0128000014623216
v 0.002217258000000003 -0.0030815243999999997 0.014400001462321598
v 0.002399902000000003 -0.004000004 0.014400001462321598
v 0.0016969420000000025 -0.0023029644 0.0128000014623216
v 0.0016969380000000022 -0.0023029644 0.014400001462321598
v 0.0009183780000000025 -0.0017826443999999994 0.0128000014623216
v 0.0009183780000000025 -0.0017826443999999994 0.014400001462321598
v -1.0199999999793708e-07 -0.0016000043999999996 0.0128000014623216
v -1.0199999999793708e-07 -0.0016000043999999996 0.014400001462321598
v -0.0009185799999999977 -0.0017826447999999995 0.0128000014623216
v -0.0009185803999999975 -0.0017826447999999995 0.014400001462321598
v -0.0016971395999999979 -0.0023029648000000005 0.0128000014623216
v -0.0016971399999999976 -0.0023029648000000005 0.014400001462321598
v -0.002217459999999998 -0.0030815252000000004 0.0128000014623216
v -0.002217459999999998 -0.0030815252000000004 0.014400001462321598
v -0.0024000995999999978 -0.004000004 0.0128000014623216
v -0.0024000995999999978 -0.004000004 0.014400001462321598
v -0.002217459599999998 -0.004918484 0.0128000014623216
v -0.002217459599999998 -0.004918484 0.014400001462321598
v -0.0016971391999999978 -0.005697044 0.0128000014623216
v -0.0016971391999999978 -0.005697044 0.014400001462321598
v -0.0009185791999999976 -0.0062173639999999995 0.0128000014623216
v -0.000918579199999997 -0.0062173639999999995 0.014400001462321598
v -9.799999999726695e-08 -0.006400004000000001 0.0128000014623216
v -9.799999999726695e-08 -0.006400004000000001 0.014400001462321598
v 0.0009183820000000032 -0.0062173639999999995 0.0128000014623216
v 0.0009183820000000032 -0.0062173639999999995 0.014400001462321598
v 0.0016969420000000036 -0.005697044 0.0128000014623216
v 0.0016969420000000036 -0.005697044 0.014400001462321598
v 0.0022172620000000033 -0.004918484 0.0128000014623216
v 0.0022172620000000033 -0.004918484 0.014400001462321598
v 0.002217258000000003 -0.0030815243999999997 0.014400001462321598
v 0.002399902000000003 -0.004000004 0.014400001462321598
v -9.799999999726695e-08 -0.004000004 0.014400001462321598
v 0.0016969380000000022 -0.0023029644 0.014400001462321598
v 0.0009183780000000025 -0.0017826443999999994 0.014400001462321598
v -1.0199999999793708e-07 -0.0016000043999999996 0.014400001462321598
v -0.0009185803999999975 -0.0017826447999999995 0.014400001462321598
v -0.0016971399999999976 -0.0023029648000000005 0.014400001462321598
v -0.002217459999999998 -0.0030815252000000004 0.014400001462321598
v -0.0024000995999999978 -0.004000004 0.014400001462321598
v -0.002217459599999998 -0.004918484 0.014400001462321598
v -0.0016971391999999978 -0.005697044 0.014400001462321598
v -0.000918579199999997 -0.0062173639999999995 0.014400001462321598
v -9.799999999726695e-08 -0.006400004000000001 0.014400001462321598
v 0.0009183820000000032 -0.0062173639999999995 0.014400001462321598
v 0.0016969420000000036 -0.005697044 0.014400001462321598
v 0.0022172620000000033 -0.004918484 0.014400001462321598
v -0.005600099599999998 -0.004000004 0.0128000014623216
v -0.005782739999999997 -0.0030815256 0.0128000014623216
v -0.005782739999999997 -0.0030815256 0.014400001462321598
v -0.005600099999999998 -0.004000004 0.014400001462321598
v -0.006303059999999998 -0.002302966 0.0128000014623216
v -0.006303060399999998 -0.002302966 0.014400001462321598
v -0.007081619999999998 -0.0017826456000000004 0.0128000014623216
v -0.007081620399999997 -0.0017826456000000004 0.014400001462321598
v -0.0080001 -0.0016000060000000006 0.0128000014623216
v -0.0080001 -0.0016000060000000006 0.014400001462321598
v -0.008918581999999998 -0.0017826460000000006 0.0128000014623216
v -0.008918581999999998 -0.0017826460000000006 0.014400001462321598
v -0.009697138 -0.0023029664000000006 0.0128000014623216
v -0.009697138 -0.0023029664000000006 0.014400001462321598
v -0.010217457999999997 -0.0030815264000000004 0.0128000014623216
v -0.010217461999999997 -0.0030815264000000004 0.014400001462321598
v -0.010400098 -0.004000008 0.0128000014623216
v -0.010400097999999998 -0.004000008 0.014400001462321598
v -0.010217457999999997 -0.004918488000000001 0.0128000014623216
v -0.010217457999999997 -0.004918488000000001 0.014400001462321598
v -0.009697137999999998 -0.0056970480000000006 0.0128000014623216
v -0.009697137999999998 -0.0056970480000000006 0.014400001462321598
v -0.008918577999999996 -0.006217368 0.0128000014623216
v -0.008918577999999996 -0.006217368 0.014400001462321598
v -0.008000099199999998 -0.006400008 0.0128000014623216
v -0.008000099199999998 -0.006400008 0.014400001462321598
v -0.0070816195999999975 -0.0062173639999999995 0.0128000014623216
v -0.0070816195999999975 -0.0062173639999999995 0.014400001462321598
v -0.006303059599999997 -0.005697044 0.0128000014623216
v -0.006303059599999997 -0.005697044 0.014400001462321598
v -0.005782739599999998 -0.004918484 0.0128000014623216
v -0.005782739599999998 -0.004918484 0.014400001462321598
v -0.005782739999999997 -0.0030815256 0.014400001462321598
v -0.005600099999999998 -0.004000004 0.014400001462321598
v -0.008000099599999998 -0.004000008 0.014400001462321598
v -0.006303060399999998 -0.002302966 0.014400001462321598
v -0.007081620399999997 -0.0017826456000000004 0.014400001462321598
v -0.0080001 -0.0016000060000000006 0.014400001462321598
v -0.008918581999999998 -0.0017826460000000006 0.014400001462321598
v -0.009697138 -0.0023029664000000006 0.014400001462321598
v -0.010217461999999997 -0.0030815264000000004 0.014400001462321598
v -0.010400097999999998 -0.004000008 0.014400001462321598
v -0.010217457999999997 -0.004918488000000001 0.014400001462321598
v -0.009697137999999998 -0.0056970480000000006 0.014400001462321598
v -0.008918577999999996 -0.006217368 0.014400001462321598
v -0.008000099199999998 -0.006400008 0.014400001462321598
v -0.0070816195999999975 -0.0062173639999999995 0.014400001462321598
v -0.006303059599999997 -0.005697044 0.014400001462321598
v -0.005782739599999998 -0.004918484 0.014400001462321598
v -0.013600097999999998 -0.004000008 0.0128000014623216
v -0.013782737999999998 -0.003081527200000001 0.0128000014623216
v -0.013782737999999998 -0.003081527200000001 0.014400001462321598
v -0.013600097999999998 -0.004000008 0.014400001462321598
v -0.014303057999999997 -0.002302967200000001 0.0128000014623216
v -0.014303061999999998 -0.002302967200000001 0.014400001462321598
v -0.015081618 -0.0017826472000000008 0.0128000014623216
v -0.015081622 -0.0017826472000000008 0.014400001462321598
v -0.016000102 -0.0016000076000000007 0.0128000014623216
v -0.016000102 -0.0016000076000000007 0.014400001462321598
v -0.016918581999999998 -0.001782647600000001 0.0128000014623216
v -0.016918581999999998 -0.001782647600000001 0.014400001462321598
v -0.017697142000000003 -0.0023029680000000007 0.0128000014623216
v -0.017697142000000003 -0.0023029680000000007 0.014400001462321598
v -0.018217461999999997 -0.0030815280000000013 0.012799997462321602
v -0.018217461999999997 -0.0030815280000000013 0.014400001462321598
v -0.018400098 -0.004000008 0.012799997462321602
v -0.018400101999999998 -0.004000008 0.014400001462321598
v -0.018217458 -0.004918488000000001 0.012799997462321602
v -0.018217458 -0.004918488000000001 0.014400001462321598
v -0.017697137999999998 -0.005697048000000001 0.0128000014623216
v -0.017697137999999998 -0.005697048000000001 0.014400001462321598
v -0.016918578 -0.006217368000000001 0.0128000014623216
v -0.016918578 -0.006217368000000001 0.014400001462321598
v -0.016000097999999997 -0.006400008000000001 0.0128000014623216
v -0.016000097999999997 -0.006400008000000001 0.014400001462321598
v -0.015081618 -0.006217368000000001 0.0128000014623216
v -0.015081618 -0.006217368000000001 0.014400001462321598
v -0.014303057999999997 -0.005697048000000001 0.0128000014623216
v -0.014303057999999997 -0.005697048000000001 0.014400001462321598
v -0.013782737999999998 -0.004918488000000001 0.0128000014623216
v -0.013782737999999998 -0.004918488000000001 0.014400001462321598
v -0.013782737999999998 -0.003081527200000001 0.014400001462321598
v -0.013600097999999998 -0.004000008 0.014400001462321598
v -0.016000097999999997 -0.004000008 0.014400001462321598
v -0.014303061999999998 -0.002302967200000001 0.014400001462321598
v -0.015081622 -0.0017826472000000008 0.014400001462321598
v -0.016000102 -0.0016000076000000007 0.014400001462321598
v -0.016918581999999998 -0.001782647600000001 0.014400001462321598
v -0.017697142000000003 -0.0023029680000000007 0.014400001462321598
v -0.018217461999999997 -0.0030815280000000013 0.014400001462321598
v -0.018400101999999998 -0.004000008 0.014400001462321598
v -0.018217458 -0.004918488000000001 0.014400001462321598
v -0.017697137999999998 -0.005697048000000001 0.014400001462321598
v -0.016918578 -0.006217368000000001 0.014400001462321598
v -0.016000097999999997 -0.006400008000000001 0.014400001462321598
v -0.015081618 -0.006217368000000001 0.014400001462321598
v -0.014303057999999997 -0.005697048000000001 0.014400001462321598
v -0.013782737999999998 -0.004918488000000001 0.014400001462321598
v 0.026399902000000006 -0.012 0.012800001462321598
v 0.026217262000000005 -0.011081520000000001 0.012800001462321598
v 0.026217262000000005 -0.011081520000000001 0.014400001462321597
v 0.026399902000000006 -0.012 0.014400001462321597
v 0.025696942 -0.010302959999999998 0.012800001462321598
v 0.025696942 -0.010302959999999998 0.014400001462321597
v 0.024918382000000003 -0.009782639999999999 0.012800001462321598
v 0.024918382000000003 -0.009782639999999999 0.014400001462321597
v 0.023999902000000004 -0.0096 0.012800001462321598
v 0.023999902000000004 -0.0096 0.014400001462321597
v 0.023081422000000008 -0.009782639999999999 0.012800001462321598
v 0.023081422000000008 -0.009782639999999999 0.014400001462321597
v 0.022302862000000003 -0.010302959999999998 0.012800001462321598
v 0.022302862000000003 -0.010302959999999998 0.014400001462321597
v 0.021782542000000005 -0.011081520000000001 0.012800001462321598
v 0.021782542000000005 -0.011081520000000001 0.014400001462321597
v 0.021599902 -0.012 0.012800001462321598
v 0.021599902 -0.012 0.014400001462321597
v 0.021782542000000005 -0.012918479999999996 0.012800001462321598
v 0.021782542000000005 -0.012918479999999996 0.014400001462321597
v 0.022302862000000003 -0.013697039999999999 0.012800001462321598
v 0.022302862000000003 -0.013697039999999999 0.014400001462321597
v 0.023081422000000008 -0.014217359999999997 0.012800001462321598
v 0.023081422000000008 -0.014217359999999997 0.014400001462321597
v 0.023999902000000004 -0.014399999999999998 0.012800001462321598
v 0.023999902000000004 -0.014399999999999998 0.014400001462321597
v 0.024918382000000003 -0.014217359999999997 0.012800001462321598
v 0.024918382000000003 -0.014217359999999997 0.014400001462321597
v 0.025696942 -0.013697039999999999 0.012800001462321598
v 0.025696942 -0.013697039999999999 0.014400001462321597
v 0.026217262000000005 -0.012918479999999996 0.012800001462321598
v 0.026217262000000005 -0.012918479999999996 0.014400001462321597
v 0.026217262000000005 -0.011081520000000001 0.014400001462321597
v 0.026399902000000006 -0.012 0.014400001462321597
v 0.023999902000000004 -0.012 0.014400001462321597
v 0.025696942 -0.010302959999999998 0.014400001462321597
v 0.024918382000000003 -0.009782639999999999 0.014400001462321597
v 0.023999902000000004 -0.0096 0.014400001462321597
v 0.023081422000000008 -0.009782639999999999 0.014400001462321597
v 0.022302862000000003 -0.010302959999999998 0.014400001462321597
v 0.021782542000000005 -0.011081520000000001 0.014400001462321597
v 0.021599902 -0.012 0.014400001462321597
v 0.021782542000000005 -0.012918479999999996 0.014400001462321597
v 0.022302862000000003 -0.013697039999999999 0.014400001462321597
v 0.023081422000000008 -0.014217359999999997 0.014400001462321597
v 0.023999902000000004 -0.014399999999999998 0.014400001462321597
v 0.024918382000000003 -0.014217359999999997 0.014400001462321597
v 0.025696942 -0.013697039999999999 0.014400001462321597
v 0.026217262000000005 -0.012918479999999996 0.014400001462321597
v 0.018399902000000006 -0.012 0.012800001462321598
v 0.01821726200000001 -0.011081520000000001 0.012800001462321598
v 0.01821726200000001 -0.011081520000000001 0.014400001462321598
v 0.018399902000000006 -0.012 0.014400001462321598
v 0.017696942000000004 -0.010302959999999998 0.012800001462321598
v 0.017696942000000004 -0.010302959999999998 0.014400001462321598
v 0.016918382000000003 -0.009782639999999999 0.012800001462321598
v 0.016918382000000006 -0.009782639999999999 0.014400001462321598
v 0.015999902000000003 -0.0096 0.012800001462321598
v 0.015999902000000003 -0.0096 0.014400001462321598
v 0.015081422 -0.009782639999999999 0.012800001462321598
v 0.015081422000000004 -0.009782639999999999 0.014400001462321598
v 0.014302862000000001 -0.010302959999999998 0.012800001462321598
v 0.014302862000000005 -0.010302959999999998 0.014400001462321598
v 0.013782542000000005 -0.011081523999999999 0.012800001462321598
v 0.013782542000000005 -0.011081523999999999 0.014400001462321598
v 0.013599902000000006 -0.012000004 0.012800001462321598
v 0.013599902000000006 -0.012000004 0.014400001462321598
v 0.013782542000000005 -0.01291848 0.012800001462321598
v 0.013782542000000005 -0.01291848 0.014400001462321598
v 0.014302862000000005 -0.013697040000000002 0.012800001462321598
v 0.014302862000000005 -0.013697040000000002 0.014400001462321598
v 0.015081422000000004 -0.014217359999999998 0.012800001462321598
v 0.015081422000000004 -0.014217359999999998 0.014400001462321598
v 0.015999902000000003 -0.0144 0.012800001462321598
v 0.015999902000000003 -0.0144 0.014400001462321598
v 0.016918382000000006 -0.014217359999999998 0.012800001462321598
v 0.016918382000000006 -0.014217359999999998 0.014400001462321598
v 0.017696942000000004 -0.013697040000000002 0.012800001462321598
v 0.017696942000000004 -0.013697040000000002 0.014400001462321598
v 0.01821726200000001 -0.01291848 0.012800001462321598
v 0.01821726200000001 -0.01291848 0.014400001462321598
v 0.01821726200000001 -0.011081520000000001 0.014400001462321598
v 0.018399902000000006 -0.012 0.014400001462321598
v 0.015999902000000003 -0.012 0.014400001462321598
v 0.017696942000000004 -0.010302959999999998 0.014400001462321598
v 0.016918382000000006 -0.009782639999999999 0.014400001462321598
v 0.015999902000000003 -0.0096 0.014400001462321598
v 0.015081422000000004 -0.009782639999999999 0.014400001462321598
v 0.014302862000000005 -0.010302959999999998 0.014400001462321598
v 0.013782542000000005 -0.011081523999999999 0.014400001462321598
v 0.013599902000000006 -0.012000004 0.014400001462321598
v 0.013782542000000005 -0.01291848 0.014400001462321598
v 0.014302862000000005 -0.013697040000000002 0.014400001462321598
v 0.015081422000000004 -0.014217359999999998 0.014400001462321598
v 0.015999902000000003 -0.0144 0.014400001462321598
v 0.016918382000000006 -0.014217359999999998 0.014400001462321598
v 0.017696942000000004 -0.013697040000000002 0.014400001462321598
v 0.01821726200000001 -0.01291848 0.014400001462321598
v 0.010399902000000006 -0.012000004 0.012800001462321598
v 0.010217262000000005 -0.011081523999999999 0.012800001462321598
v 0.010217262000000005 -0.011081523999999999 0.014400001462321598
v 0.010399902000000006 -0.012000004 0.014400001462321598
v 0.009696942000000002 -0.010302964 0.012800001462321598
v 0.009696942000000004 -0.010302964 0.014400001462321598
v 0.008918382000000002 -0.009782644 0.012800001462321598
v 0.008918382000000004 -0.009782644 0.014400001462321598
v 0.007999902000000003 -0.009600003999999999 0.012800001462321598
v 0.007999902000000003 -0.009600003999999999 0.014400001462321598
v 0.007081422000000004 -0.009782644 0.0128000014623216
v 0.007081422000000004 -0.009782644 0.014400001462321598
v 0.006302862000000003 -0.010302964000000001 0.0128000014623216
v 0.006302862000000003 -0.010302964000000001 0.014400001462321598
v 0.005782542000000004 -0.011081524 0.0128000014623216
v 0.005782542000000004 -0.011081524 0.014400001462321598
v 0.005599902000000003 -0.012000004 0.0128000014623216
v 0.005599902000000003 -0.012000004 0.014400001462321598
v 0.005782542000000004 -0.012918484000000001 0.0128000014623216
v 0.005782542000000004 -0.012918484000000001 0.014400001462321598
v 0.006302862000000003 -0.013697044 0.0128000014623216
v 0.006302862000000003 -0.013697044 0.014400001462321598
v 0.007081422000000004 -0.014217364000000001 0.0128000014623216
v 0.007081422000000004 -0.014217364000000001 0.014400001462321598
v 0.007999902000000003 -0.014400004000000003 0.012800001462321598
v 0.007999902000000003 -0.014400004000000003 0.014400001462321598
v 0.008918382000000004 -0.014217364000000001 0.012800001462321598
v 0.008918382000000004 -0.014217364000000001 0.014400001462321598
v 0.009696942000000004 -0.013697044 0.012800001462321598
v 0.009696942000000004 -0.013697044 0.014400001462321598
v 0.010217262000000005 -0.012918484000000001 0.012800001462321598
v 0.010217262000000005 -0.012918484000000001 0.014400001462321598
v 0.010217262000000005 -0.011081523999999999 0.014400001462321598
v 0.010399902000000006 -0.012000004 0.014400001462321598
v 0.007999902000000003 -0.012000004 0.014400001462321598
v 0.009696942000000004 -0.010302964 0.014400001462321598
v 0.008918382000000004 -0.009782644 0.014400001462321598
v 0.007999902000000003 -0.009600003999999999 0.014400001462321598
v 0.007081422000000004 -0.009782644 0.014400001462321598
v 0.006302862000000003 -0.010302964000000001 0.014400001462321598
v 0.005782542000000004 -0.011081524 0.014400001462321598
v 0.005599902000000003 -0.012000004 0.014400001462321598
v 0.005782542000000004 -0.012918484000000001 0.014400001462321598
v 0.006302862000000003 -0.013697044 0.014400001462321598
v 0.007081422000000004 -0.014217364000000001 0.014400001462321598
v 0.007999902000000003 -0.014400004000000003 0.014400001462321598
v 0.008918382000000004 -0.014217364000000001 0.014400001462321598
v 0.009696942000000004 -0.013697044 0.014400001462321598
v 0.010217262000000005 -0.012918484000000001 0.014400001462321598
v 0.002399902000000003 -0.012000004 0.0128000014623216
v 0.0022172620000000033 -0.011081524 0.0128000014623216
v 0.0022172620000000033 -0.011081524 0.014400001462321598
v 0.002399902000000003 -0.012000004 0.014400001462321598
v 0.0016969420000000036 -0.010302964000000001 0.0128000014623216
v 0.0016969420000000036 -0.010302964000000001 0.014400001462321598
v 0.0009183820000000032 -0.009782644 0.0128000014623216
v 0.0009183820000000032 -0.009782644 0.014400001462321598
v -9.799999999726695e-08 -0.009600004 0.0128000014623216
v -9.799999999726695e-08 -0.009600004 0.014400001462321598
v -0.0009185783999999975 -0.009782644 0.0128000014623216
v -0.0009185787999999973 -0.009782644 0.014400001462321598
v -0.0016971383999999973 -0.010302964000000001 0.0128000014623216
v -0.0016971383999999973 -0.010302964000000001 0.014400001462321598
v -0.0022174583999999974 -0.011081524 0.0128000014623216
v -0.0022174583999999974 -0.011081524 0.014400001462321598
v -0.0024000979999999976 -0.012000004 0.0128000014623216
v -0.002400098399999997 -0.012000004 0.014400001462321598
v -0.0022174579999999972 -0.012918484000000001 0.0128000014623216
v -0.002217457999999997 -0.012918484000000001 0.014400001462321598
v -0.001697137599999997 -0.013697044 0.0128000014623216
v -0.001697137599999997 -0.013697044 0.014400001462321598
v -0.0009185775999999968 -0.014217364000000001 0.0128000014623216
v -0.0009185779999999972 -0.014217364000000001 0.014400001462321598
v -9.799999999726695e-08 -0.014400004000000003 0.0128000014623216
v -9.799999999726695e-08 -0.014400004000000003 0.014400001462321598
v 0.0009183820000000032 -0.014217364000000001 0.0128000014623216
v 0.0009183820000000032 -0.014217364000000001 0.014400001462321598
v 0.0016969420000000036 -0.013697044 0.0128000014623216
v 0.0016969420000000036 -0.013697044 0.014400001462321598
v 0.0022172620000000033 -0.012918484000000001 0.0128000014623216
v 0.0022172620000000033 -0.012918484000000001 0.014400001462321598
v 0.0022172620000000033 -0.011081524 0.014400001462321598
v 0.002399902000000003 -0.012000004 0.014400001462321598
v -9.799999999726695e-08 -0.012000004 0.014400001462321598
v 0.0016969420000000036 -0.010302964000000001 0.014400001462321598
v 0.0009183820000000032 -0.009782644 0.014400001462321598
v -9.799999999726695e-08 -0.009600004 0.014400001462321598
v -0.0009185787999999973 -0.009782644 0.014400001462321598
v -0.0016971383999999973 -0.010302964000000001 0.014400001462321598
v -0.0022174583999999974 -0.011081524 0.014400001462321598
v -0.002400098399999997 -0.012000004 0.014400001462321598
v -0.002217457999999997 -0.012918484000000001 0.014400001462321598
v -0.001697137599999997 -0.013697044 0.014400001462321598
v -0.0009185779999999972 -0.014217364000000001 0.014400001462321598
v -9.799999999726695e-08 -0.014400004000000003 0.014400001462321598
v 0.0009183820000000032 -0.014217364000000001 0.014400001462321598
v 0.0016969420000000036 -0.013697044 0.014400001462321598
v 0.0022172620000000033 -0.012918484000000001 0.014400001462321598
v -0.005600097999999998 -0.012000004 0.0128000014623216
v -0.005782738399999998 -0.011081524 0.0128000014623216
v -0.005782738799999997 -0.011081524 0.014400001462321598
v -0.005600098399999998 -0.012000004 0.014400001462321598
v -0.006303058799999998 -0.010302964000000001 0.0128000014623216
v -0.006303058799999998 -0.010302964000000001 0.014400001462321598
v -0.007081618799999998 -0.009782648000000001 0.0128000014623216
v -0.007081618799999998 -0.009782648000000001 0.014400001462321598
v -0.008000098399999997 -0.009600008 0.0128000014623216
v -0.008000098799999997 -0.009600008 0.014400001462321598
v -0.008918577999999996 -0.009782648000000001 0.0128000014623216
v -0.008918577999999996 -0.009782648000000001 0.014400001462321598
v -0.009697137999999998 -0.010302968 0.0128000014623216
v -0.009697137999999998 -0.010302968 0.014400001462321598
v -0.010217457999999997 -0.011081528 0.0128000014623216
v -0.010217457999999997 -0.011081528 0.014400001462321598
v -0.010400097999999998 -0.012000008 0.0128000014623216
v -0.010400097999999998 -0.012000008 0.014400001462321598
v -0.010217457999999997 -0.012918487999999999 0.0128000014623216
v -0.010217457999999997 -0.012918487999999999 0.014400001462321598
v -0.009697137999999998 -0.013697044 0.0128000014623216
v -0.009697137999999998 -0.013697044 0.014400001462321598
v -0.008918577999999996 -0.014217368 0.0128000014623216
v -0.008918577999999996 -0.014217368 0.014400001462321598
v -0.008000097999999997 -0.014400008 0.0128000014623216
v -0.008000097999999997 -0.014400008 0.014400001462321598
v -0.007081617999999996 -0.014217368 0.0128000014623216
v -0.007081617999999996 -0.014217368 0.014400001462321598
v -0.006303057999999997 -0.013697044 0.0128000014623216
v -0.006303057999999997 -0.013697044 0.014400001462321598
v -0.005782737999999997 -0.012918487999999999 0.0128000014623216
v -0.0057827383999999975 -0.012918487999999999 0.014400001462321598
v -0.005782738799999997 -0.011081524 0.014400001462321598
v -0.005600098399999998 -0.012000004 0.014400001462321598
v -0.008000097999999997 -0.012000008 0.014400001462321598
v -0.006303058799999998 -0.010302964000000001 0.014400001462321598
v -0.007081618799999998 -0.009782648000000001 0.014400001462321598
v -0.008000098799999997 -0.009600008 0.014400001462321598
v -0.008918577999999996 -0.009782648000000001 0.014400001462321598
v -0.009697137999999998 -0.010302968 0.014400001462321598
v -0.010217457999999997 -0.011081528 0.014400001462321598
v -0.010400097999999998 -0.012000008 0.014400001462321598
v -0.010217457999999997 -0.012918487999999999 0.014400001462321598
v -0.009697137999999998 -0.013697044 0.014400001462321598
v -0.008918577999999996 -0.014217368 0.014400001462321598
v -0.008000097999999997 -0.014400008 0.014400001462321598
v -0.007081617999999996 -0.014217368 0.014400001462321598
v -0.006303057999999997 -0.013697044 0.014400001462321598
v -0.0057827383999999975 -0.012918487999999999 0.014400001462321598
v -0.013600097999999998 -0.012000008 0.0128000014623216
v -0.013782737999999998 -0.011081528 0.0128000014623216
v -0.013782737999999998 -0.011081528 0.014400001462321598
v -0.013600097999999998 -0.012000008 0.014400001462321598
v -0.014303057999999997 -0.010302968 0.0128000014623216
v -0.014303057999999997 -0.010302968 0.014400001462321598
v -0.015081618 -0.009782648000000001 0.0128000014623216
v -0.015081618 -0.009782648000000001 0.014400001462321598
v -0.016000097999999997 -0.009600008000000002 0.0128000014623216
v -0.016000097999999997 -0.009600008000000002 0.014400001462321598
v -0.016918578 -0.009782648000000001 0.0128000014623216
v -0.016918577999999997 -0.009782648000000001 0.014400001462321598
v -0.017697137999999998 -0.010302968000000001 0.0128000014623216
v -0.017697137999999998 -0.010302968000000001 0.014400001462321598
v -0.018217458 -0.011081528000000004 0.012799997462321602
v -0.018217458 -0.011081528000000004 0.014400001462321598
v -0.018400097999999997 -0.012000008000000003 0.012799997462321602
v -0.018400097999999997 -0.012000008000000003 0.014400001462321598
v -0.018217458 -0.012918487999999999 0.012799997462321602
v -0.018217458 -0.012918487999999999 0.014400001462321598
v -0.017697137999999998 -0.013697048000000002 0.0128000014623216
v -0.017697137999999998 -0.013697048000000002 0.014400001462321598
v -0.016918577999999997 -0.014217368 0.0128000014623216
v -0.016918577999999997 -0.014217368 0.014400001462321598
v -0.016000097999999997 -0.014400008 0.0128000014623216
v -0.016000097999999997 -0.014400008 0.014400001462321598
v -0.015081618 -0.014217368 0.0128000014623216
v -0.015081618 -0.014217368 0.014400001462321598
v -0.014303057999999997 -0.013697048000000002 0.0128000014623216
v -0.014303057999999997 -0.013697048000000002 0.014400001462321598
v -0.013782737999999998 -0.012918487999999999 0.0128000014623216
v -0.013782737999999998 -0.012918487999999999 0.014400001462321598
v -0.013782737999999998 -0.011081528 0.014400001462321598
v -0.013600097999999998 -0.012000008 0.014400001462321598
v -0.016000097999999997 -0.012000008000000003 0.014400001462321598
v -0.014303057999999997 -0.010302968 0.014400001462321598
v -0.015081618 -0.009782648000000001 0.014400001462321598
v -0.016000097999999997 -0.009600008000000002 0.014400001462321598
v -0.016918577999999997 -0.009782648000000001 0.014400001462321598
v -0.017697137999999998 -0.010302968000000001 0.014400001462321598
v -0.018217458 -0.011081528000000004 0.014400001462321598
v -0.018400097999999997 -0.012000008000000003 0.014400001462321598
v -0.018217458 -0.012918487999999999 0.014400001462321598
v -0.017697137999999998 -0.013697048000000002 0.014400001462321598
v -0.016918577999999997 -0.014217368 0.014400001462321598
v -0.016000097999999997 -0.014400008 0.014400001462321598
v -0.015081618 -0.014217368 0.014400001462321598
v -0.014303057999999997 -0.013697048000000002 0.014400001462321598
v -0.013782737999999998 -0.012918487999999999 0.014400001462321598
v 0.026399906000000008 -0.019999999999999997 0.012800001462321598
v 0.026217262000000005 -0.019081519999999998 0.012800001462321598
v 0.026217262000000005 -0.019081519999999998 0.014400001462321597
v 0.026399906000000008 -0.019999999999999997 0.014400001462321597
v 0.025696942 -0.018302959999999997 0.012800001462321598
v 0.025696942 -0.018302959999999997 0.014400001462321597
v 0.024918382000000003 -0.01778264 0.012800001462321598
v 0.024918382000000003 -0.01778264 0.014400001462321597
v 0.02399990600000001 -0.017599999999999998 0.012800001462321598
v 0.02399990600000001 -0.017599999999999998 0.014400001462321597
v 0.023081422000000008 -0.01778264 0.012800001462321598
v 0.023081422000000008 -0.01778264 0.014400001462321597
v 0.022302866000000005 -0.018302959999999997 0.012800001462321598
v 0.022302866000000005 -0.018302959999999997 0.014400001462321597
v 0.021782542000000005 -0.019081519999999998 0.012800001462321598
v 0.021782542000000005 -0.019081519999999998 0.014400001462321597
v 0.021599906000000006 -0.019999999999999997 0.012800001462321598
v 0.021599906000000006 -0.019999999999999997 0.014400001462321597
v 0.021782542000000005 -0.020918479999999996 0.012800001462321598
v 0.021782542000000005 -0.020918479999999996 0.014400001462321597
v 0.022302866000000005 -0.021697039999999997 0.012800001462321598
v 0.022302866000000005 -0.021697039999999997 0.014400001462321597
v 0.023081422000000008 -0.022217359999999995 0.012800001462321598
v 0.023081422000000008 -0.022217359999999995 0.014400001462321597
v 0.02399990600000001 -0.0224 0.012800001462321598
v 0.02399990600000001 -0.0224 0.014400001462321597
v 0.024918382000000003 -0.022217359999999995 0.012800001462321598
v 0.024918382000000003 -0.022217359999999995 0.014400001462321597
v 0.025696942 -0.021697039999999997 0.012800001462321598
v 0.025696942 -0.021697039999999997 0.014400001462321597
v 0.026217262000000005 -0.020918479999999996 0.012800001462321598
v 0.026217262000000005 -0.020918479999999996 0.014400001462321597
v 0.026217262000000005 -0.019081519999999998 0.014400001462321597
v 0.026399906000000008 -0.019999999999999997 0.014400001462321597
v 0.02399990600000001 -0.019999999999999997 0.014400001462321597
v 0.025696942 -0.018302959999999997 0.014400001462321597
v 0.024918382000000003 -0.01778264 0.014400001462321597
v 0.02399990600000001 -0.017599999999999998 0.014400001462321597
v 0.023081422000000008 -0.01778264 0.014400001462321597
v 0.022302866000000005 -0.018302959999999997 0.014400001462321597
v 0.021782542000000005 -0.019081519999999998 0.014400001462321597
v 0.021599906000000006 -0.019999999999999997 0.014400001462321597
v 0.021782542000000005 -0.020918479999999996 0.014400001462321597
v 0.022302866000000005 -0.021697039999999997 0.014400001462321597
v 0.023081422000000008 -0.022217359999999995 0.014400001462321597
v 0.02399990600000001 -0.0224 0.014400001462321597
v 0.024918382000000003 -0.022217359999999995 0.014400001462321597
v 0.025696942 -0.021697039999999997 0.014400001462321597
v 0.026217262000000005 -0.020918479999999996 0.014400001462321597
v 0.018399902000000006 -0.02 0.012800001462321598
v 0.01821726200000001 -0.01908152 0.012800001462321598
v 0.01821726200000001 -0.01908152 0.014400001462321598
v 0.018399902000000006 -0.02 0.014400001462321598
v 0.017696942000000004 -0.01830296 0.012800001462321598
v 0.017696942000000004 -0.01830296 0.014400001462321598
v 0.016918382000000006 -0.017782640000000002 0.012800001462321598
v 0.016918382000000006 -0.017782640000000002 0.014400001462321598
v 0.015999902000000003 -0.0176 0.012800001462321598
v 0.015999902000000003 -0.0176 0.014400001462321598
v 0.015081422000000004 -0.017782640000000002 0.012800001462321598
v 0.015081422000000004 -0.017782640000000002 0.014400001462321598
v 0.014302862000000005 -0.01830296 0.012800001462321598
v 0.014302862000000005 -0.01830296 0.014400001462321598
v 0.013782542000000005 -0.01908152 0.012800001462321598
v 0.013782542000000005 -0.01908152 0.014400001462321598
v 0.013599902000000006 -0.02 0.012800001462321598
v 0.013599902000000006 -0.02 0.014400001462321598
v 0.013782546000000005 -0.020918480000000003 0.012800001462321598
v 0.013782542000000005 -0.020918480000000003 0.014400001462321598
v 0.014302866000000006 -0.021697040000000004 0.012800001462321598
v 0.014302866000000006 -0.021697040000000004 0.014400001462321598
v 0.015081426000000005 -0.02221736 0.012800001462321598
v 0.015081426000000005 -0.02221736 0.014400001462321598
v 0.015999906000000005 -0.022400000000000003 0.012800001462321598
v 0.015999906000000005 -0.022400000000000003 0.014400001462321598
v 0.016918386000000004 -0.02221736 0.012800001462321598
v 0.016918386000000004 -0.02221736 0.014400001462321598
v 0.017696942000000004 -0.021697040000000004 0.012800001462321598
v 0.017696942000000004 -0.021697040000000004 0.014400001462321598
v 0.018217266000000006 -0.020918480000000003 0.012800001462321598
v 0.01821726200000001 -0.020918480000000003 0.014400001462321598
v 0.01821726200000001 -0.01908152 0.014400001462321598
v 0.018399902000000006 -0.02 0.014400001462321598
v 0.015999902000000003 -0.02 0.014400001462321598
v 0.017696942000000004 -0.01830296 0.014400001462321598
v 0.016918382000000006 -0.017782640000000002 0.014400001462321598
v 0.015999902000000003 -0.0176 0.014400001462321598
v 0.015081422000000004 -0.017782640000000002 0.014400001462321598
v 0.014302862000000005 -0.01830296 0.014400001462321598
v 0.013782542000000005 -0.01908152 0.014400001462321598
v 0.013599902000000006 -0.02 0.014400001462321598
v 0.013782542000000005 -0.020918480000000003 0.014400001462321598
v 0.014302866000000006 -0.021697040000000004 0.014400001462321598
v 0.015081426000000005 -0.02221736 0.014400001462321598
v 0.015999906000000005 -0.022400000000000003 0.014400001462321598
v 0.016918386000000004 -0.02221736 0.014400001462321598
v 0.017696942000000004 -0.021697040000000004 0.014400001462321598
v 0.01821726200000001 -0.020918480000000003 0.014400001462321598
v 0.010399902000000006 -0.020000004000000002 0.012800001462321598
v 0.010217262000000005 -0.019081524 0.012800001462321598
v 0.010217262000000005 -0.019081524 0.014400001462321598
v 0.010399902000000006 -0.020000004000000002 0.014400001462321598
v 0.009696942000000004 -0.018302964 0.012800001462321598
v 0.009696942000000004 -0.018302964 0.014400001462321598
v 0.008918382000000004 -0.017782644 0.012800001462321598
v 0.008918382000000004 -0.017782644 0.014400001462321598
v 0.007999902000000003 -0.017600004000000002 0.012800001462321598
v 0.007999902000000003 -0.017600004000000002 0.014400001462321598
v 0.007081422000000004 -0.017782644 0.0128000014623216
v 0.007081422000000004 -0.017782644 0.014400001462321598
v 0.006302862000000003 -0.018302964 0.0128000014623216
v 0.006302862000000003 -0.018302964 0.014400001462321598
v 0.005782542000000004 -0.019081524 0.0128000014623216
v 0.005782542000000004 -0.019081524 0.014400001462321598
v 0.005599902000000003 -0.020000004000000002 0.0128000014623216
v 0.005599902000000003 -0.020000004000000002 0.014400001462321598
v 0.005782542000000004 -0.020918484 0.0128000014623216
v 0.005782542000000005 -0.020918484 0.014400001462321598
v 0.006302862000000003 -0.021697044000000002 0.0128000014623216
v 0.0063028620000000046 -0.021697044000000002 0.014400001462321598
v 0.007081422000000004 -0.022217364000000003 0.0128000014623216
v 0.007081422000000004 -0.022217364000000003 0.014400001462321598
v 0.007999902000000003 -0.022400004 0.012800001462321598
v 0.007999902000000003 -0.022400004 0.014400001462321598
v 0.008918386000000002 -0.022217364000000003 0.012800001462321598
v 0.008918386000000002 -0.022217364000000003 0.014400001462321598
v 0.009696942000000004 -0.021697044000000002 0.012800001462321598
v 0.009696942000000004 -0.021697044000000002 0.014400001462321598
v 0.010217266000000003 -0.020918484 0.012800001462321598
v 0.010217262000000005 -0.020918484 0.014400001462321598
v 0.010217262000000005 -0.019081524 0.014400001462321598
v 0.010399902000000006 -0.020000004000000002 0.014400001462321598
v 0.007999902000000003 -0.020000004000000002 0.014400001462321598
v 0.009696942000000004 -0.018302964 0.014400001462321598
v 0.008918382000000004 -0.017782644 0.014400001462321598
v 0.007999902000000003 -0.017600004000000002 0.014400001462321598
v 0.007081422000000004 -0.017782644 0.014400001462321598
v 0.006302862000000003 -0.018302964 0.014400001462321598
v 0.005782542000000004 -0.019081524 0.014400001462321598
v 0.005599902000000003 -0.020000004000000002 0.014400001462321598
v 0.005782542000000005 -0.020918484 0.014400001462321598
v 0.0063028620000000046 -0.021697044000000002 0.014400001462321598
v 0.007081422000000004 -0.022217364000000003 0.014400001462321598
v 0.007999902000000003 -0.022400004 0.014400001462321598
v 0.008918386000000002 -0.022217364000000003 0.014400001462321598
v 0.009696942000000004 -0.021697044000000002 0.014400001462321598
v 0.010217262000000005 -0.020918484 0.014400001462321598
v 0.002399902000000003 -0.020000004000000002 0.0128000014623216
v 0.0022172620000000033 -0.019081524 0.0128000014623216
v 0.0022172620000000033 -0.019081524 0.014400001462321598
v 0.002399902000000003 -0.020000004000000002 0.014400001462321598
v 0.0016969420000000036 -0.018302964 0.0128000014623216
v 0.0016969420000000036 -0.018302964 0.014400001462321598
v 0.0009183820000000037 -0.017782644 0.0128000014623216
v 0.0009183820000000037 -0.017782644 0.014400001462321598
v -9.799999999671184e-08 -0.017600004000000002 0.0128000014623216
v -9.799999999671184e-08 -0.017600004000000002 0.014400001462321598
v -0.000918577199999997 -0.017782644 0.0128000014623216
v -0.0009185771999999964 -0.017782644 0.014400001462321598
v -0.001697136799999997 -0.018302964 0.0128000014623216
v -0.0016971371999999962 -0.018302964 0.014400001462321598
v -0.002217456799999997 -0.019081524 0.0128000014623216
v -0.002217456799999997 -0.019081524 0.014400001462321598
v -0.0024000967999999964 -0.020000004000000002 0.0128000014623216
v -0.0024000967999999964 -0.020000004000000002 0.014400001462321598
v -0.0022174563999999967 -0.020918484 0.0128000014623216
v -0.002217456799999997 -0.020918484 0.014400001462321598
v -0.0016971363999999968 -0.021697044000000002 0.0128000014623216
v -0.0016971363999999968 -0.021697044000000002 0.014400001462321598
v -0.0009185763999999963 -0.022217364000000003 0.0128000014623216
v -0.0009185763999999963 -0.022217364000000003 0.014400001462321598
v -9.799999999671184e-08 -0.022400004 0.0128000014623216
v -9.799999999671184e-08 -0.022400004 0.014400001462321598
v 0.0009183820000000037 -0.022217364000000003 0.0128000014623216
v 0.0009183820000000037 -0.022217364000000003 0.014400001462321598
v 0.0016969420000000036 -0.021697044000000002 0.0128000014623216
v 0.0016969420000000036 -0.021697044000000002 0.014400001462321598
v 0.0022172620000000033 -0.020918484 0.0128000014623216
v 0.0022172620000000033 -0.020918484 0.014400001462321598
v 0.0022172620000000033 -0.019081524 0.014400001462321598
v 0.002399902000000003 -0.020000004000000002 0.014400001462321598
v -9.799999999671184e-08 -0.020000004000000002 0.014400001462321598
v 0.0016969420000000036 -0.018302964 0.014400001462321598
v 0.0009183820000000037 -0.017782644 0.014400001462321598
v -9.799999999671184e-08 -0.017600004000000002 0.014400001462321598
v -0.0009185771999999964 -0.017782644 0.014400001462321598
v -0.0016971371999999962 -0.018302964 0.014400001462321598
v -0.002217456799999997 -0.019081524 0.014400001462321598
v -0.0024000967999999964 -0.020000004000000002 0.014400001462321598
v -0.002217456799999997 -0.020918484 0.014400001462321598
v -0.0016971363999999968 -0.021697044000000002 0.014400001462321598
v -0.0009185763999999963 -0.022217364000000003 0.014400001462321598
v -9.799999999671184e-08 -0.022400004 0.014400001462321598
v 0.0009183820000000037 -0.022217364000000003 0.014400001462321598
v 0.0016969420000000036 -0.021697044000000002 0.014400001462321598
v 0.0022172620000000033 -0.020918484 0.014400001462321598
v -0.0056000967999999965 -0.020000008 0.0128000014623216
v -0.005782737199999997 -0.019081528 0.0128000014623216
v -0.005782737199999997 -0.019081528 0.014400001462321598
v -0.0056000967999999965 -0.020000008 0.014400001462321598
v -0.006303057199999997 -0.018302968000000003 0.0128000014623216
v -0.0063030575999999975 -0.018302968000000003 0.014400001462321598
v -0.007081617199999997 -0.017782648 0.0128000014623216
v -0.007081617599999997 -0.017782648 0.014400001462321598
v -0.008000097199999997 -0.017600008 0.0128000014623216
v -0.008000097599999995 -0.017600008 0.014400001462321598
v -0.008918577999999996 -0.017782648 0.0128000014623216
v -0.008918577999999996 -0.017782648 0.014400001462321598
v -0.009697137999999996 -0.018302968000000003 0.0128000014623216
v -0.009697137999999996 -0.018302968000000003 0.014400001462321598
v -0.010217457999999997 -0.019081528 0.0128000014623216
v -0.010217457999999997 -0.019081528 0.014400001462321598
v -0.010400097999999995 -0.020000008 0.0128000014623216
v -0.010400097999999995 -0.020000008 0.014400001462321598
v -0.010217457999999997 -0.020918488000000002 0.0128000014623216
v -0.010217457999999997 -0.020918488000000002 0.014400001462321598
v -0.009697137999999996 -0.021697044000000002 0.0128000014623216
v -0.009697137999999996 -0.021697044000000002 0.014400001462321598
v -0.008918577999999996 -0.022217368 0.0128000014623216
v -0.008918577999999996 -0.022217368 0.014400001462321598
v -0.008000096399999997 -0.022400008000000003 0.0128000014623216
v -0.008000096799999997 -0.022400008000000003 0.014400001462321598
v -0.007081616399999997 -0.022217368 0.0128000014623216
v -0.007081616399999997 -0.022217368 0.014400001462321598
v -0.006303056799999996 -0.021697044000000002 0.0128000014623216
v -0.006303056799999996 -0.021697044000000002 0.014400001462321598
v -0.005782736799999997 -0.020918488000000002 0.0128000014623216
v -0.005782736799999997 -0.020918488000000002 0.014400001462321598
v -0.005782737199999997 -0.019081528 0.014400001462321598
v -0.0056000967999999965 -0.020000008 0.014400001462321598
v -0.008000097199999997 -0.020000008 0.014400001462321598
v -0.0063030575999999975 -0.018302968000000003 0.014400001462321598
v -0.007081617599999997 -0.017782648 0.014400001462321598
v -0.008000097599999995 -0.017600008 0.014400001462321598
v -0.008918577999999996 -0.017782648 0.014400001462321598
v -0.009697137999999996 -0.018302968000000003 0.014400001462321598
v -0.010217457999999997 -0.019081528 0.014400001462321598
v -0.010400097999999995 -0.020000008 0.014400001462321598
v -0.010217457999999997 -0.020918488000000002 0.014400001462321598
v -0.009697137999999996 -0.021697044000000002 0.014400001462321598
v -0.008918577999999996 -0.022217368 0.014400001462321598
v -0.008000096799999997 -0.022400008000000003 0.014400001462321598
v -0.007081616399999997 -0.022217368 0.014400001462321598
v -0.006303056799999996 -0.021697044000000002 0.014400001462321598
v -0.005782736799999997 -0.020918488000000002 0.014400001462321598
v -0.013600097999999998 -0.020000008 0.0128000014623216
v -0.013782737999999998 -0.019081528 0.0128000014623216
v -0.013782737999999998 -0.019081528 0.014400001462321598
v -0.013600097999999998 -0.020000008 0.014400001462321598
v -0.014303057999999997 -0.018302968000000003 0.0128000014623216
v -0.014303057999999997 -0.018302968000000003 0.014400001462321598
v -0.015081618 -0.017782648 0.0128000014623216
v -0.015081618 -0.017782648 0.014400001462321598
v -0.016000097999999997 -0.017600008 0.0128000014623216
v -0.016000097999999997 -0.017600008 0.014400001462321598
v -0.016918577999999997 -0.017782648 0.0128000014623216
v -0.016918577999999997 -0.017782648 0.014400001462321598
v -0.017697137999999998 -0.018302968000000003 0.0128000014623216
v -0.017697137999999998 -0.018302968000000003 0.014400001462321598
v -0.018217458 -0.019081528 0.012799997462321602
v -0.018217458 -0.019081528 0.014400001462321598
v -0.018400097999999997 -0.020000008 0.012799997462321602
v -0.018400097999999997 -0.020000008 0.014400001462321598
v -0.018217453999999994 -0.020918488000000002 0.012799997462321602
v -0.018217458 -0.020918488000000002 0.014400001462321598
v -0.017697133999999996 -0.021697048000000003 0.0128000014623216
v -0.017697133999999996 -0.021697048000000003 0.014400001462321598
v -0.016918573999999995 -0.022217368 0.0128000014623216
v -0.016918573999999995 -0.022217368 0.014400001462321598
v -0.016000097999999997 -0.022400008000000003 0.0128000014623216
v -0.016000097999999997 -0.022400008000000003 0.014400001462321598
v -0.015081617999999996 -0.022217368 0.0128000014623216
v -0.015081617999999996 -0.022217368 0.014400001462321598
v -0.014303057999999997 -0.021697048000000003 0.0128000014623216
v -0.014303057999999997 -0.021697048000000003 0.014400001462321598
v -0.013782737999999998 -0.020918488000000002 0.0128000014623216
v -0.013782737999999998 -0.020918488000000002 0.014400001462321598
v -0.013782737999999998 -0.019081528 0.014400001462321598
v -0.013600097999999998 -0.020000008 0.014400001462321598
v -0.016000097999999997 -0.020000008 0.014400001462321598
v -0.014303057999999997 -0.018302968000000003 0.014400001462321598
v -0.015081618 -0.017782648 0.014400001462321598
v -0.016000097999999997 -0.017600008 0.014400001462321598
v -0.016918577999999997 -0.017782648 0.014400001462321598
v -0.017697137999999998 -0.018302968000000003 0.014400001462321598
v -0.018217458 -0.019081528 0.014400001462321598
v -0.018400097999999997 -0.020000008 0.014400001462321598
v -0.018217458 -0.020918488000000002 0.014400001462321598
v -0.017697133999999996 -0.021697048000000003 0.014400001462321598
v -0.016918573999999995 -0.022217368 0.014400001462321598
v -0.016000097999999997 -0.022400008000000003 0.014400001462321598
v -0.015081617999999996 -0.022217368 0.014400001462321598
v -0.014303057999999997 -0.021697048000000003 0.014400001462321598
v -0.013782737999999998 -0.020918488000000002 0.014400001462321598
v 0.022399898 0.016000000000000004 0.009600001462321598
v 0.022217258000000007 0.016918480000000003 0.009600001462321598
v 0.022217258000000007 0.016918480000000003 0.011200001462321599
v 0.022399898 0.016000000000000004 0.011200001462321599
v 0.021696938000000002 0.017697040000000004 0.009600001462321598
v 0.021696938000000002 0.017697040000000004 0.011200001462321599
v 0.020918378000000005 0.018217360000000002 0.009600001462321598
v 0.020918378000000005 0.018217360000000002 0.011200001462321599
v 0.019999898000000002 0.018400000000000003 0.009600001462321598
v 0.019999898000000002 0.018400000000000003 0.011200001462321599
v 0.019081418000000003 0.018217360000000002 0.009600001462321598
v 0.019081418000000003 0.018217360000000002 0.011200001462321599
v 0.018302858 0.01769704 0.009600001462321598
v 0.018302858 0.01769704 0.011200001462321599
v 0.017782538 0.01691848 0.009600001462321598
v 0.017782538 0.01691848 0.011200001462321599
v 0.017599898000000003 0.016 0.009600001462321598
v 0.017599898000000003 0.016 0.011200001462321599
v 0.017782538 0.015081520000000003 0.009600001462321598
v 0.017782538 0.015081520000000003 0.011200001462321599
v 0.018302858 0.01430296 0.009600001462321598
v 0.018302858 0.01430296 0.011200001462321599
v 0.019081418000000003 0.013782640000000002 0.009600001462321598
v 0.019081418000000003 0.013782640000000002 0.011200001462321599
v 0.019999898000000002 0.013600000000000003 0.009600001462321598
v 0.019999898000000002 0.013600000000000003 0.011200001462321599
v 0.020918378000000005 0.013782640000000004 0.009600001462321598
v 0.020918378000000005 0.013782640000000004 0.011200001462321599
v 0.021696938000000002 0.014302960000000003 0.009600001462321598
v 0.021696938000000002 0.014302960000000003 0.011200001462321599
v 0.022217258000000007 0.015081520000000005 0.009600001462321598
v 0.022217258000000007 0.015081520000000005 0.011200001462321599
v 0.023199898 0.016000000000000004 0.009600001462321598
v 0.022956377999999996 0.017224640000000003 0.009600001462321598
v 0.022956377999999996 0.017224640000000003 0.011200001462321599
v 0.023199898 0.016000000000000004 0.011200001462321599
v 0.022262618000000005 0.018262720000000003 0.009600001462321598
v 0.022262618000000005 0.018262720000000003 0.011200001462321599
v 0.021224537999999998 0.01895648 0.009600001462321598
v 0.021224537999999998 0.01895648 0.011200001462321599
v 0.019999898000000002 0.019200000000000005 0.009600001462321598
v 0.019999898000000002 0.019200000000000005 0.011200001462321599
v 0.018775258000000003 0.01895648 0.009600001462321598
v 0.018775258000000003 0.01895648 0.011200001462321599
v 0.017737178000000003 0.01826272 0.009600001462321598
v 0.017737178000000003 0.01826272 0.011200001462321599
v 0.017043418 0.01722464 0.009600001462321598
v 0.017043418 0.01722464 0.011200001462321599
v 0.016799898000000004 0.016 0.009600001462321598
v 0.016799898000000004 0.016 0.011200001462321599
v 0.017043418 0.014775360000000001 0.009600001462321598
v 0.017043418 0.014775360000000001 0.011200001462321599
v 0.017737178000000003 0.013737280000000001 0.009600001462321598
v 0.017737178000000003 0.013737280000000001 0.011200001462321599
v 0.018775258000000003 0.013043520000000003 0.009600001462321598
v 0.018775258000000003 0.013043520000000003 0.011200001462321599
v 0.019999898000000002 0.012800000000000002 0.009600001462321598
v 0.019999898000000002 0.012800000000000002 0.011200001462321599
v 0.021224537999999998 0.013043520000000005 0.009600001462321598
v 0.021224537999999998 0.013043520000000005 0.011200001462321599
v 0.022262618000000005 0.013737280000000004 0.009600001462321598
v 0.022262618000000005 0.013737280000000004 0.011200001462321599
v 0.022956377999999996 0.014775360000000005 0.009600001462321598
v 0.022956377999999996 0.014775360000000005 0.011200001462321599
v 0.019999898000000002 0.019200000000000005 0.009600001462321598
v 0.019999898000000002 0.018400000000000003 0.009600001462321598
v 0.019081418000000003 0.018217360000000002 0.009600001462321598
v 0.018775258000000003 0.01895648 0.009600001462321598
v 0.018302858 0.01769704 0.009600001462321598
v 0.017737178000000003 0.01826272 0.009600001462321598
v 0.017782538 0.01691848 0.009600001462321598
v 0.017043418 0.01722464 0.009600001462321598
v 0.017599898000000003 0.016 0.009600001462321598
v 0.016799898000000004 0.016 0.009600001462321598
v 0.017782538 0.015081520000000003 0.009600001462321598
v 0.017043418 0.014775360000000001 0.009600001462321598
v 0.018302858 0.01430296 0.009600001462321598
v 0.017737178000000003 0.013737280000000001 0.009600001462321598
v 0.019081418000000003 0.013782640000000002 0.009600001462321598
v 0.018775258000000003 0.013043520000000003 0.009600001462321598
v 0.019999898000000002 0.013600000000000003 0.009600001462321598
v 0.019999898000000002 0.012800000000000002 0.009600001462321598
v 0.020918378000000005 0.013782640000000004 0.009600001462321598
v 0.021224537999999998 0.013043520000000005 0.009600001462321598
v 0.021696938000000002 0.014302960000000003 0.009600001462321598
v 0.022262618000000005 0.013737280000000004 0.009600001462321598
v 0.022217258000000007 0.015081520000000005 0.009600001462321598
v 0.022956377999999996 0.014775360000000005 0.009600001462321598
v 0.022399898 0.016000000000000004 0.009600001462321598
v 0.023199898 0.016000000000000004 0.009600001462321598
v 0.022217258000000007 0.016918480000000003 0.009600001462321598
v 0.022956377999999996 0.017224640000000003 0.009600001462321598
v 0.021696938000000002 0.017697040000000004 0.009600001462321598
v 0.022262618000000005 0.018262720000000003 0.009600001462321598
v 0.020918378000000005 0.018217360000000002 0.009600001462321598
v 0.021224537999999998 0.01895648 0.009600001462321598
v 0.014399898000000003 0.016 0.009600001462321598
v 0.014217258000000002 0.01691848 0.009600001462321598
v 0.014217258000000002 0.01691848 0.011200001462321599
v 0.014399898000000003 0.016 0.011200001462321599
v 0.013696938000000004 0.01769704 0.009600001462321598
v 0.013696938000000004 0.01769704 0.011200001462321599
v 0.012918378000000001 0.018217360000000002 0.009600001462321598
v 0.012918378000000001 0.018217360000000002 0.011200001462321599
v 0.011999898000000002 0.0184 0.009600001462321598
v 0.011999898000000002 0.0184 0.011200001462321599
v 0.011081418000000003 0.018217360000000002 0.009600001462321598
v 0.011081418000000003 0.018217360000000002 0.011200001462321599
v 0.010302858000000002 0.01769704 0.009600001462321598
v 0.010302858000000002 0.01769704 0.011200001462321599
v 0.009782538000000004 0.01691848 0.009600001462321598
v 0.009782538000000004 0.01691848 0.011200001462321599
v 0.009599898000000003 0.016 0.009600001462321598
v 0.009599898000000003 0.016 0.011200001462321599
v 0.009782538000000004 0.015081520000000003 0.009600001462321598
v 0.009782538000000004 0.015081520000000003 0.011200001462321599
v 0.010302858000000002 0.01430296 0.009600001462321598
v 0.010302858000000002 0.01430296 0.011200001462321599
v 0.011081418000000003 0.013782640000000002 0.009600001462321598
v 0.011081418000000003 0.013782640000000002 0.011200001462321599
v 0.011999898000000002 0.013600000000000001 0.009600001462321598
v 0.011999898000000002 0.013600000000000001 0.011200001462321599
v 0.012918378000000001 0.013782640000000002 0.009600001462321598
v 0.012918378000000001 0.013782640000000002 0.011200001462321599
v 0.013696938000000004 0.01430296 0.009600001462321598
v 0.013696938000000004 0.01430296 0.011200001462321599
v 0.014217258000000002 0.015081520000000003 0.009600001462321598
v 0.014217258000000002 0.015081520000000003 0.011200001462321599
v 0.015199898000000002 0.016 0.009600001462321598
v 0.014956378000000001 0.01722464 0.009600001462321598
v 0.014956378000000001 0.01722464 0.011200001462321599
v 0.015199898000000002 0.016 0.011200001462321599
v 0.014262618000000001 0.01826272 0.009600001462321598
v 0.014262618000000001 0.01826272 0.011200001462321599
v 0.013224538000000001 0.01895648 0.009600001462321598
v 0.013224538000000001 0.01895648 0.011200001462321599
v 0.011999898000000002 0.0192 0.009600001462321598
v 0.011999898000000002 0.0192 0.011200001462321599
v 0.010775258000000003 0.01895648 0.009600001462321598
v 0.010775258000000003 0.01895648 0.011200001462321599
v 0.009737178000000003 0.01826272 0.009600001462321598
v 0.009737178000000003 0.01826272 0.011200001462321599
v 0.009043418000000003 0.01722464 0.009600001462321598
v 0.009043418000000003 0.01722464 0.011200001462321599
v 0.008799898000000002 0.016 0.009600001462321598
v 0.008799898000000002 0.016 0.011200001462321599
v 0.009043418000000003 0.014775360000000001 0.009600001462321598
v 0.009043418000000003 0.014775360000000001 0.011200001462321599
v 0.009737178000000003 0.013737280000000001 0.009600001462321598
v 0.009737178000000003 0.013737280000000001 0.011200001462321599
v 0.010775258000000003 0.013043520000000003 0.009600001462321598
v 0.010775258000000003 0.013043520000000003 0.011200001462321599
v 0.011999898000000002 0.0128 0.009600001462321598
v 0.011999898000000002 0.0128 0.011200001462321599
v 0.013224538000000001 0.013043520000000003 0.009600001462321598
v 0.013224538000000001 0.013043520000000003 0.011200001462321599
v 0.014262618000000001 0.013737280000000001 0.009600001462321598
v 0.014262618000000001 0.013737280000000001 0.011200001462321599
v 0.014956378000000001 0.014775360000000001 0.009600001462321598
v 0.014956378000000001 0.014775360000000001 0.011200001462321599
v 0.011999898000000002 0.0192 0.009600001462321598
v 0.011999898000000002 0.0184 0.009600001462321598
v 0.011081418000000003 0.018217360000000002 0.009600001462321598
v 0.010775258000000003 0.01895648 0.009600001462321598
v 0.010302858000000002 0.01769704 0.009600001462321598
v 0.009737178000000003 0.01826272 0.009600001462321598
v 0.009782538000000004 0.01691848 0.009600001462321598
v 0.009043418000000003 0.01722464 0.009600001462321598
v 0.009599898000000003 0.016 0.009600001462321598
v 0.008799898000000002 0.016 0.009600001462321598
v 0.009782538000000004 0.015081520000000003 0.009600001462321598
v 0.009043418000000003 0.014775360000000001 0.009600001462321598
v 0.010302858000000002 0.01430296 0.009600001462321598
v 0.009737178000000003 0.013737280000000001 0.009600001462321598
v 0.011081418000000003 0.013782640000000002 0.009600001462321598
v 0.010775258000000003 0.013043520000000003 0.009600001462321598
v 0.011999898000000002 0.013600000000000001 0.009600001462321598
v 0.011999898000000002 0.0128 0.009600001462321598
v 0.012918378000000001 0.013782640000000002 0.009600001462321598
v 0.013224538000000001 0.013043520000000003 0.009600001462321598
v 0.013696938000000004 0.01430296 0.009600001462321598
v 0.014262618000000001 0.013737280000000001 0.009600001462321598
v 0.014217258000000002 0.015081520000000003 0.009600001462321598
v 0.014956378000000001 0.014775360000000001 0.009600001462321598
v 0.014399898000000003 0.016 0.009600001462321598
v 0.015199898000000002 0.016 0.009600001462321598
v 0.014217258000000002 0.01691848 0.009600001462321598
v 0.014956378000000001 0.01722464 0.009600001462321598
v 0.013696938000000004 0.01769704 0.009600001462321598
v 0.014262618000000001 0.01826272 0.009600001462321598
v 0.012918378000000001 0.018217360000000002 0.009600001462321598
v 0.013224538000000001 0.01895648 0.009600001462321598
v 0.006399898000000002 0.016 0.0096000014623216
v 0.0062172580000000015 0.01691848 0.0096000014623216
v 0.0062172580000000015 0.01691848 0.0112000014623216
v 0.006399898000000002 0.016 0.0112000014623216
v 0.005696938000000001 0.01769704 0.0096000014623216
v 0.005696938000000001 0.01769704 0.0112000014623216
v 0.004918378000000001 0.018217360000000002 0.0096000014623216
v 0.004918378000000001 0.018217360000000002 0.0112000014623216
v 0.003999898000000002 0.0184 0.0096000014623216
v 0.003999898000000002 0.0184 0.0112000014623216
v 0.0030814180000000016 0.018217360000000002 0.0096000014623216
v 0.0030814180000000016 0.018217360000000002 0.0112000014623216
v 0.002302858000000001 0.01769704 0.0096000014623216
v 0.002302858000000001 0.01769704 0.0112000014623216
v 0.0017825380000000002 0.01691848 0.0096000014623216
v 0.0017825380000000013 0.01691848 0.0112000014623216
v 0.0015998980000000006 0.016 0.0096000014623216
v 0.001599898000000002 0.016 0.0112000014623216
v 0.0017825380000000013 0.015081520000000003 0.0096000014623216
v 0.0017825380000000013 0.015081520000000003 0.0112000014623216
v 0.0023028580000000022 0.01430296 0.0096000014623216
v 0.0023028580000000022 0.01430296 0.0112000014623216
v 0.0030814180000000016 0.013782640000000002 0.0096000014623216
v 0.0030814180000000016 0.013782640000000002 0.0112000014623216
v 0.003999898000000002 0.013600000000000001 0.0096000014623216
v 0.003999898000000002 0.013600000000000001 0.0112000014623216
v 0.004918378000000001 0.013782640000000002 0.0096000014623216
v 0.004918378000000001 0.013782640000000002 0.0112000014623216
v 0.005696938000000001 0.01430296 0.0096000014623216
v 0.005696938000000001 0.01430296 0.0112000014623216
v 0.0062172580000000015 0.015081520000000003 0.0096000014623216
v 0.0062172580000000015 0.015081520000000003 0.0112000014623216
v 0.007199898000000002 0.016 0.0096000014623216
v 0.0069563780000000035 0.01722464 0.0096000014623216
v 0.0069563780000000035 0.01722464 0.0112000014623216
v 0.007199898000000002 0.016 0.0112000014623216
v 0.006262618000000002 0.01826272 0.0096000014623216
v 0.006262618000000002 0.01826272 0.0112000014623216
v 0.005224538000000001 0.01895648 0.0096000014623216
v 0.005224538000000001 0.01895648 0.0112000014623216
v 0.003999898000000002 0.0192 0.0096000014623216
v 0.003999898000000002 0.0192 0.0112000014623216
v 0.002775258000000002 0.01895648 0.0096000014623216
v 0.002775258000000002 0.01895648 0.0112000014623216
v 0.0017371780000000005 0.01826272 0.0096000014623216
v 0.0017371780000000005 0.01826272 0.0112000014623216
v 0.0010434180000000004 0.01722464 0.0096000014623216
v 0.0010434180000000004 0.01722464 0.0112000014623216
v 0.0007998980000000006 0.016 0.0096000014623216
v 0.0007998980000000011 0.016 0.0112000014623216
v 0.0010434180000000015 0.014775360000000001 0.0096000014623216
v 0.0010434180000000015 0.014775360000000001 0.0112000014623216
v 0.0017371780000000015 0.013737280000000001 0.0096000014623216
v 0.0017371780000000015 0.013737280000000001 0.0112000014623216
v 0.002775258000000002 0.013043520000000003 0.0096000014623216
v 0.002775258000000002 0.013043520000000003 0.0112000014623216
v 0.003999898000000002 0.0128 0.0096000014623216
v 0.003999898000000002 0.0128 0.0112000014623216
v 0.005224538000000001 0.013043520000000003 0.0096000014623216
v 0.005224538000000001 0.013043520000000003 0.0112000014623216
v 0.006262618000000002 0.013737280000000001 0.0096000014623216
v 0.006262618000000002 0.013737280000000001 0.0112000014623216
v 0.0069563780000000035 0.014775360000000001 0.0096000014623216
v 0.0069563780000000035 0.014775360000000001 0.0112000014623216
v 0.003999898000000002 0.0192 0.0096000014623216
v 0.003999898000000002 0.0184 0.0096000014623216
v 0.0030814180000000016 0.018217360000000002 0.0096000014623216
v 0.002775258000000002 0.01895648 0.0096000014623216
v 0.002302858000000001 0.01769704 0.0096000014623216
v 0.0017371780000000005 0.01826272 0.0096000014623216
v 0.0017825380000000002 0.01691848 0.0096000014623216
v 0.0010434180000000004 0.01722464 0.0096000014623216
v 0.0015998980000000006 0.016 0.0096000014623216
v 0.0007998980000000006 0.016 0.0096000014623216
v 0.0017825380000000013 0.015081520000000003 0.0096000014623216
v 0.0010434180000000015 0.014775360000000001 0.0096000014623216
v 0.0023028580000000022 0.01430296 0.0096000014623216
v 0.0017371780000000015 0.013737280000000001 0.0096000014623216
v 0.0030814180000000016 0.013782640000000002 0.0096000014623216
v 0.002775258000000002 0.013043520000000003 0.0096000014623216
v 0.003999898000000002 0.013600000000000001 0.0096000014623216
v 0.003999898000000002 0.0128 0.0096000014623216
v 0.004918378000000001 0.013782640000000002 0.0096000014623216
v 0.005224538000000001 0.013043520000000003 0.0096000014623216
v 0.005696938000000001 0.01430296 0.0096000014623216
v 0.006262618000000002 0.013737280000000001 0.0096000014623216
v 0.0062172580000000015 0.015081520000000003 0.0096000014623216
v 0.0069563780000000035 0.014775360000000001 0.0096000014623216
v 0.006399898000000002 0.016 0.0096000014623216
v 0.007199898000000002 0.016 0.0096000014623216
v 0.0062172580000000015 0.01691848 0.0096000014623216
v 0.0069563780000000035 0.01722464 0.0096000014623216
v 0.005696938000000001 0.01769704 0.0096000014623216
v 0.006262618000000002 0.01826272 0.0096000014623216
v 0.004918378000000001 0.018217360000000002 0.0096000014623216
v 0.005224538000000001 0.01895648 0.0096000014623216
v -0.001600101999999999 0.015999996 0.0096000014623216
v -0.001782741999999999 0.016918476000000002 0.0096000014623216
v -0.001782741999999999 0.016918476000000002 0.0112000014623216
v -0.001600101999999999 0.015999996 0.0112000014623216
v -0.002303062399999999 0.017697036 0.0096000014623216
v -0.002303062399999999 0.017697036 0.0112000014623216
v -0.0030816219999999996 0.018217356000000004 0.0096000014623216
v -0.0030816223999999993 0.018217356000000004 0.0112000014623216
v -0.0040001021494006 0.018399996 0.0096000014623216
v -0.004000102289277039 0.018399996 0.0112000014623216
v -0.0049185819999999995 0.018217356000000004 0.0096000014623216
v -0.004918582399999999 0.018217356000000004 0.0112000014623216
v -0.0056971415999999995 0.017697036 0.0096000014623216
v -0.005697142 0.017697036 0.0112000014623216
v -0.0062174616 0.016918476000000002 0.0096000014623216
v -0.006217461999999999 0.016918476000000002 0.0112000014623216
v -0.006400101999999999 0.015999996 0.0096000014623216
v -0.006400101999999999 0.015999996 0.0112000014623216
v -0.0062174616 0.015081516 0.0096000014623216
v -0.0062174616 0.015081516 0.0112000014623216
v -0.0056971411999999985 0.014302956 0.0096000014623216
v -0.0056971415999999995 0.014302956 0.0112000014623216
v -0.004918581199999999 0.013782636 0.0096000014623216
v -0.004918581199999999 0.013782636 0.0112000014623216
v -0.004000101291093599 0.013599996 0.0096000014623216
v -0.004000101430969999 0.013599996 0.0112000014623216
v -0.003081621599999999 0.013782636 0.0096000014623216
v -0.003081621599999999 0.013782636 0.0112000014623216
v -0.0023030615999999992 0.014302956 0.0096000014623216
v -0.002303061999999999 0.014302956 0.0112000014623216
v -0.0017827415999999991 0.015081516 0.0096000014623216
v -0.0017827415999999991 0.015081516 0.0112000014623216
v -0.0008001015999999994 0.015999996 0.0096000014623216
v -0.001043621999999999 0.017224636 0.0096000014623216
v -0.001043621999999999 0.017224636 0.0112000014623216
v -0.0008001019999999993 0.015999996 0.0112000014623216
v -0.0017373823999999988 0.018262716000000002 0.0096000014623216
v -0.0017373823999999988 0.018262716000000002 0.0112000014623216
v -0.0027754623999999995 0.018956476000000003 0.0096000014623216
v -0.0027754623999999995 0.018956476000000003 0.0112000014623216
v -0.004000102292451759 0.019199996 0.0096000014623216
v -0.004000102432328399 0.019199996 0.0112000014623216
v -0.005224741999999999 0.018956476000000003 0.0096000014623216
v -0.0052247424 0.018956476000000003 0.0112000014623216
v -0.0062628219999999995 0.018262716000000002 0.0096000014623216
v -0.0062628219999999995 0.018262716000000002 0.0112000014623216
v -0.0069565824 0.017224636 0.0096000014623216
v -0.0069565824 0.017224636 0.0112000014623216
v -0.007200102 0.015999996 0.0096000014623216
v -0.007200102 0.015999996 0.0112000014623216
v -0.006956582 0.014775356 0.0096000014623216
v -0.006956582 0.014775356 0.0112000014623216
v -0.0062628208 0.013737276000000001 0.0096000014623216
v -0.006262821199999999 0.013737276000000001 0.0112000014623216
v -0.0052247412 0.013043516 0.0096000014623216
v -0.0052247412 0.013043516 0.0112000014623216
v -0.0040001011480423985 0.012799996000000001 0.0096000014623216
v -0.004000101287918799 0.012799996000000001 0.0112000014623216
v -0.002775461199999999 0.013043516 0.0096000014623216
v -0.002775461599999999 0.013043516 0.0112000014623216
v -0.0017373815999999992 0.013737276000000001 0.0096000014623216
v -0.0017373815999999988 0.013737276000000001 0.0112000014623216
v -0.0010436215999999993 0.014775356 0.0096000014623216
v -0.0010436215999999993 0.014775356 0.0112000014623216
v -0.004000102292451759 0.019199996 0.0096000014623216
v -0.0040001021494006 0.018399996 0.0096000014623216
v -0.0049185819999999995 0.018217356000000004 0.0096000014623216
v -0.005224741999999999 0.018956476000000003 0.0096000014623216
v -0.0056971415999999995 0.017697036 0.0096000014623216
v -0.0062628219999999995 0.018262716000000002 0.0096000014623216
v -0.0062174616 0.016918476000000002 0.0096000014623216
v -0.0069565824 0.017224636 0.0096000014623216
v -0.006400101999999999 0.015999996 0.0096000014623216
v -0.007200102 0.015999996 0.0096000014623216
v -0.0062174616 0.015081516 0.0096000014623216
v -0.006956582 0.014775356 0.0096000014623216
v -0.0056971411999999985 0.014302956 0.0096000014623216
v -0.0062628208 0.013737276000000001 0.0096000014623216
v -0.004918581199999999 0.013782636 0.0096000014623216
v -0.0052247412 0.013043516 0.0096000014623216
v -0.004000101291093599 0.013599996 0.0096000014623216
v -0.0040001011480423985 0.012799996000000001 0.0096000014623216
v -0.003081621599999999 0.013782636 0.0096000014623216
v -0.002775461199999999 0.013043516 0.0096000014623216
v -0.0023030615999999992 0.014302956 0.0096000014623216
v -0.0017373815999999992 0.013737276000000001 0.0096000014623216
v -0.0017827415999999991 0.015081516 0.0096000014623216
v -0.0010436215999999993 0.014775356 0.0096000014623216
v -0.001600101999999999 0.015999996 0.0096000014623216
v -0.0008001015999999994 0.015999996 0.0096000014623216
v -0.001782741999999999 0.016918476000000002 0.0096000014623216
v -0.001043621999999999 0.017224636 0.0096000014623216
v -0.002303062399999999 0.017697036 0.0096000014623216
v -0.0017373823999999988 0.018262716000000002 0.0096000014623216
v -0.0030816219999999996 0.018217356000000004 0.0096000014623216
v -0.0027754623999999995 0.018956476000000003 0.0096000014623216
v -0.009600102 0.015999996 0.0096000014623216
v -0.009782742 0.016918476000000002 0.0096000014623216
v -0.009782741999999999 0.016918476000000002 0.0112000014623216
v -0.009600102 0.015999996 0.0112000014623216
v -0.010303062 0.017697036 0.0096000014623216
v -0.010303062 0.017697036 0.0112000014623216
v -0.011081621999999998 0.018217356000000004 0.0096000014623216
v -0.011081621999999998 0.018217356000000004 0.0112000014623216
v -0.012000101999999999 0.018399996 0.0096000014623216
v -0.012000101999999999 0.018399996 0.0112000014623216
v -0.012918581999999998 0.018217356000000004 0.0096000014623216
v -0.012918581999999998 0.018217356000000004 0.0112000014623216
v -0.013697141999999997 0.017697036 0.0096000014623216
v -0.013697141999999997 0.017697036 0.0112000014623216
v -0.014217461999999998 0.016918476000000002 0.0096000014623216
v -0.014217461999999998 0.016918476000000002 0.0112000014623216
v -0.014400102 0.015999996 0.0096000014623216
v -0.014400102 0.015999996 0.0112000014623216
v -0.014217461999999998 0.015081516 0.0096000014623216
v -0.014217461999999998 0.015081516 0.0112000014623216
v -0.013697141999999997 0.014302956 0.0096000014623216
v -0.013697141999999997 0.014302956 0.0112000014623216
v -0.012918581999999998 0.013782636 0.0096000014623216
v -0.012918581999999998 0.013782636 0.0112000014623216
v -0.012000101999999999 0.013599996 0.0096000014623216
v -0.012000101999999999 0.013599996 0.0112000014623216
v -0.011081621999999998 0.013782636 0.0096000014623216
v -0.011081621999999998 0.013782636 0.0112000014623216
v -0.010303062 0.014302956 0.0096000014623216
v -0.010303062 0.014302956 0.0112000014623216
v -0.009782741999999999 0.015081516 0.0096000014623216
v -0.009782741999999999 0.015081516 0.0112000014623216
v -0.008800102 0.015999996 0.0096000014623216
v -0.009043622 0.017224636 0.0096000014623216
v -0.009043622 0.017224636 0.0112000014623216
v -0.008800101999999999 0.015999996 0.0112000014623216
v -0.009737382 0.018262716000000002 0.0096000014623216
v -0.009737382 0.018262716000000002 0.0112000014623216
v -0.010775462 0.018956476000000003 0.0096000014623216
v -0.010775462 0.018956476000000003 0.0112000014623216
v -0.012000101999999999 0.019199996 0.0096000014623216
v -0.012000101999999999 0.019199996 0.0112000014623216
v -0.013224741999999998 0.018956476000000003 0.0096000014623216
v -0.013224741999999998 0.018956476000000003 0.0112000014623216
v -0.014262822 0.018262716000000002 0.0096000014623216
v -0.014262822 0.018262716000000002 0.0112000014623216
v -0.014956582000000001 0.017224636 0.0096000014623216
v -0.014956582000000001 0.017224636 0.0112000014623216
v -0.015200102 0.015999996 0.0096000014623216
v -0.015200102 0.015999996 0.0112000014623216
v -0.014956582000000001 0.014775356 0.0096000014623216
v -0.014956582000000001 0.014775356 0.0112000014623216
v -0.014262822 0.013737276000000001 0.0096000014623216
v -0.014262822 0.013737276000000001 0.0112000014623216
v -0.013224741999999998 0.013043516 0.0096000014623216
v -0.013224741999999998 0.013043516 0.0112000014623216
v -0.012000101999999999 0.012799996000000001 0.0096000014623216
v -0.012000101999999999 0.012799996000000001 0.0112000014623216
v -0.010775462 0.013043516 0.0096000014623216
v -0.010775462 0.013043516 0.0112000014623216
v -0.009737382 0.013737276000000001 0.0096000014623216
v -0.009737382 0.013737276000000001 0.0112000014623216
v -0.009043622 0.014775356 0.0096000014623216
v -0.009043622 0.014775356 0.0112000014623216
v -0.012000101999999999 0.019199996 0.0096000014623216
v -0.012000101999999999 0.018399996 0.0096000014623216
v -0.012918581999999998 0.018217356000000004 0.0096000014623216
v -0.013224741999999998 0.018956476000000003 0.0096000014623216
v -0.013697141999999997 0.017697036 0.0096000014623216
v -0.014262822 0.018262716000000002 0.0096000014623216
v -0.014217461999999998 0.016918476000000002 0.0096000014623216
v -0.014956582000000001 0.017224636 0.0096000014623216
v -0.014400102 0.015999996 0.0096000014623216
v -0.015200102 0.015999996 0.0096000014623216
v -0.014217461999999998 0.015081516 0.0096000014623216
v -0.014956582000000001 0.014775356 0.0096000014623216
v -0.013697141999999997 0.014302956 0.0096000014623216
v -0.014262822 0.013737276000000001 0.0096000014623216
v -0.012918581999999998 0.013782636 0.0096000014623216
v -0.013224741999999998 0.013043516 0.0096000014623216
v -0.012000101999999999 0.013599996 0.0096000014623216
v -0.012000101999999999 0.012799996000000001 0.0096000014623216
v -0.011081621999999998 0.013782636 0.0096000014623216
v -0.010775462 0.013043516 0.0096000014623216
v -0.010303062 0.014302956 0.0096000014623216
v -0.009737382 0.013737276000000001 0.0096000014623216
v -0.009782741999999999 0.015081516 0.0096000014623216
v -0.009043622 0.014775356 0.0096000014623216
v -0.009600102 0.015999996 0.0096000014623216
v -0.008800102 0.015999996 0.0096000014623216
v -0.009782742 0.016918476000000002 0.0096000014623216
v -0.009043622 0.017224636 0.0096000014623216
v -0.010303062 0.017697036 0.0096000014623216
v -0.009737382 0.018262716000000002 0.0096000014623216
v -0.011081621999999998 0.018217356000000004 0.0096000014623216
v -0.010775462 0.018956476000000003 0.0096000014623216
v -0.018400101999999998 0.009599995999999998 0.011199997462321601
v 0.026399898000000005 0.009600004000000002 0.011200005462321598
v 0.026399898000000005 0.022400004000000005 0.011200005462321598
v -0.018400101999999998 0.022399992000000004 0.011199997462321601
v 0.026399898000000005 0.022400004000000005 0.011200005462321598
v 0.026399898000000005 0.022400004000000005 0.009600005462321598
v -0.018400101999999998 0.022399992000000004 0.009599997462321602
v -0.018400101999999998 0.022399992000000004 0.011199997462321601
v -0.018400101999999998 0.022399992000000004 0.011199997462321601
v -0.018400101999999998 0.022399992000000004 0.009599997462321602
v -0.018400101999999998 0.009599995999999998 0.009599997462321602
v -0.018400101999999998 0.009599995999999998 0.011199997462321601
v -0.018400101999999998 0.009599995999999998 0.011199997462321601
v -0.018400101999999998 0.009599995999999998 0.009599997462321602
v 0.026399898000000005 0.009600004000000002 0.009600005462321598
v 0.026399898000000005 0.009600004000000002 0.011200005462321598
v 0.026399898000000005 0.009600004000000002 0.011200005462321598
v 0.026399898000000005 0.009600004000000002 0.009600005462321598
v 0.026399898000000005 0.022400004000000005 0.009600005462321598
v 0.026399898000000005 0.022400004000000005 0.011200005462321598
v -0.020000102000000002 0.023999991999999998 0.009599997462321602
v -0.018400101999999998 0.022399992000000004 0.009599997462321602
v 0.026399898000000005 0.022400004000000005 0.009600005462321598
v 0.027999898000000006 0.024000004000000005 0.009600005462321598
v 0.027999902000000007 0.008000004000000002 0.009600005462321598
v 0.026399898000000005 0.009600004000000002 0.009600005462321598
v -0.018400101999999998 0.009599995999999998 0.009599997462321602
v -0.020000102000000002 0.007999992 0.009599997462321602
v -0.020000102000000002 0.007999992 0.012799997462321602
v 0.027999898000000006 0.008000004000000002 0.012800001462321598
v 0.027999898000000006 0.024000004000000005 0.012800001462321598
v -0.020000102000000002 0.023999991999999998 0.012799997462321602
v 0.027999898000000006 0.024000004000000005 0.012800001462321598
v 0.027999898000000006 0.024000004000000005 0.009600005462321598
v -0.020000102000000002 0.023999991999999998 0.009599997462321602
v -0.020000102000000002 0.023999991999999998 0.012799997462321602
v -0.020000102000000002 0.023999991999999998 0.012799997462321602
v -0.020000102000000002 0.023999991999999998 0.009599997462321602
v -0.020000102000000002 0.007999992 0.009599997462321602
v -0.020000102000000002 0.007999992 0.012799997462321602
v -0.020000102000000002 0.007999992 0.012799997462321602
v -0.020000102000000002 0.007999992 0.009599997462321602
v 0.027999902000000007 0.008000004000000002 0.009600005462321598
v 0.027999898000000006 0.008000004000000002 0.012800001462321598
v 0.027999898000000006 0.008000004000000002 0.012800001462321598
v 0.027999902000000007 0.008000004000000002 0.009600005462321598
v 0.027999898000000006 0.024000004000000005 0.009600005462321598
v 0.027999898000000006 0.024000004000000005 0.012800001462321598
v 0.026399898000000005 0.020000004000000002 0.012800001462321598
v 0.026217258 0.020918484000000005 0.012800001462321598
v 0.026217258 0.020918484000000005 0.014400001462321597
v 0.026399898000000005 0.020000004000000002 0.014400001462321597
v 0.025696937999999996 0.021697044000000002 0.012800001462321598
v 0.025696937999999996 0.021697044000000002 0.014400001462321597
v 0.024918377999999998 0.022217360000000005 0.012800001462321598
v 0.024918377999999998 0.022217360000000005 0.014400001462321597
v 0.023999898000000002 0.022400000000000003 0.012800001462321598
v 0.023999898000000002 0.022400000000000003 0.014400001462321597
v 0.023081418000000006 0.022217360000000005 0.012800001462321598
v 0.023081418000000006 0.022217360000000005 0.014400001462321597
v 0.02230285800000001 0.021697040000000004 0.012800001462321598
v 0.02230285800000001 0.021697040000000004 0.014400001462321597
v 0.021782538000000004 0.020918480000000003 0.012800001462321598
v 0.021782538000000004 0.020918480000000003 0.014400001462321597
v 0.021599898 0.020000000000000004 0.012800001462321598
v 0.021599898 0.020000000000000004 0.014400001462321597
v 0.021782538000000004 0.019081520000000005 0.012800001462321598
v 0.021782538000000004 0.019081520000000005 0.014400001462321597
v 0.02230285800000001 0.018302960000000004 0.012800001462321598
v 0.02230285800000001 0.018302960000000004 0.014400001462321597
v 0.023081418000000006 0.017782640000000002 0.012800001462321598
v 0.023081418000000006 0.017782640000000002 0.014400001462321597
v 0.023999898000000002 0.0176 0.012800001462321598
v 0.023999898000000002 0.0176 0.014400001462321597
v 0.024918377999999998 0.017782640000000002 0.012800001462321598
v 0.024918377999999998 0.017782640000000002 0.014400001462321597
v 0.025696937999999996 0.018302960000000004 0.012800001462321598
v 0.025696937999999996 0.018302960000000004 0.014400001462321597
v 0.026217258 0.019081524000000002 0.012800001462321598
v 0.026217258 0.019081524000000002 0.014400001462321597
v 0.026217258 0.020918484000000005 0.014400001462321597
v 0.026399898000000005 0.020000004000000002 0.014400001462321597
v 0.023999898000000002 0.020000000000000004 0.014400001462321597
v 0.025696937999999996 0.021697044000000002 0.014400001462321597
v 0.024918377999999998 0.022217360000000005 0.014400001462321597
v 0.023999898000000002 0.022400000000000003 0.014400001462321597
v 0.023081418000000006 0.022217360000000005 0.014400001462321597
v 0.02230285800000001 0.021697040000000004 0.014400001462321597
v 0.021782538000000004 0.020918480000000003 0.014400001462321597
v 0.021599898 0.020000000000000004 0.014400001462321597
v 0.021782538000000004 0.019081520000000005 0.014400001462321597
v 0.02230285800000001 0.018302960000000004 0.014400001462321597
v 0.023081418000000006 0.017782640000000002 0.014400001462321597
v 0.023999898000000002 0.0176 0.014400001462321597
v 0.024918377999999998 0.017782640000000002 0.014400001462321597
v 0.025696937999999996 0.018302960000000004 0.014400001462321597
v 0.026217258 0.019081524000000002 0.014400001462321597
v 0.018399898000000005 0.02 0.012800001462321598
v 0.018217258 0.020918480000000003 0.012800001462321598
v 0.018217258 0.020918480000000003 0.014400001462321598
v 0.018399898000000005 0.02 0.014400001462321598
v 0.017696938000000006 0.021697040000000004 0.012800001462321598
v 0.017696938000000006 0.021697040000000004 0.014400001462321598
v 0.016918378000000005 0.02221736 0.012800001462321598
v 0.016918378000000005 0.02221736 0.014400001462321598
v 0.015999898000000002 0.022400000000000003 0.012800001462321598
v 0.015999898000000002 0.022400000000000003 0.014400001462321598
v 0.015081418000000003 0.02221736 0.012800001462321598
v 0.015081418000000003 0.02221736 0.014400001462321598
v 0.014302858000000002 0.021697040000000004 0.012800001462321598
v 0.014302858000000002 0.021697040000000004 0.014400001462321598
v 0.013782538000000002 0.020918480000000003 0.012800001462321598
v 0.013782538000000002 0.020918480000000003 0.014400001462321598
v 0.013599898000000001 0.02 0.012800001462321598
v 0.013599898000000001 0.02 0.014400001462321598
v 0.013782538000000002 0.01908152 0.012800001462321598
v 0.013782538000000002 0.01908152 0.014400001462321598
v 0.014302858000000002 0.01830296 0.012800001462321598
v 0.014302858000000002 0.01830296 0.014400001462321598
v 0.015081418000000003 0.017782640000000002 0.012800001462321598
v 0.015081418000000003 0.017782640000000002 0.014400001462321598
v 0.015999898000000002 0.0176 0.012800001462321598
v 0.015999898000000002 0.0176 0.014400001462321598
v 0.016918378000000005 0.017782640000000002 0.012800001462321598
v 0.016918378000000005 0.017782640000000002 0.014400001462321598
v 0.017696938000000006 0.01830296 0.012800001462321598
v 0.017696938000000006 0.01830296 0.014400001462321598
v 0.018217258 0.01908152 0.012800001462321598
v 0.018217258 0.01908152 0.014400001462321598
v 0.018217258 0.020918480000000003 0.014400001462321598
v 0.018399898000000005 0.02 0.014400001462321598
v 0.015999898000000002 0.02 0.014400001462321598
v 0.017696938000000006 0.021697040000000004 0.014400001462321598
v 0.016918378000000005 0.02221736 0.014400001462321598
v 0.015999898000000002 0.022400000000000003 0.014400001462321598
v 0.015081418000000003 0.02221736 0.014400001462321598
v 0.014302858000000002 0.021697040000000004 0.014400001462321598
v 0.013782538000000002 0.020918480000000003 0.014400001462321598
v 0.013599898000000001 0.02 0.014400001462321598
v 0.013782538000000002 0.01908152 0.014400001462321598
v 0.014302858000000002 0.01830296 0.014400001462321598
v 0.015081418000000003 0.017782640000000002 0.014400001462321598
v 0.015999898000000002 0.0176 0.014400001462321598
v 0.016918378000000005 0.017782640000000002 0.014400001462321598
v 0.017696938000000006 0.01830296 0.014400001462321598
v 0.018217258 0.01908152 0.014400001462321598
v 0.010399898000000001 0.02 0.012800001462321598
v 0.010217258 0.020918480000000003 0.012800001462321598
v 0.010217258 0.020918480000000003 0.014400001462321598
v 0.010399898000000001 0.02 0.014400001462321598
v 0.009696938000000004 0.021697040000000004 0.012800001462321598
v 0.009696938000000004 0.021697040000000004 0.014400001462321598
v 0.008918378000000001 0.02221736 0.012800001462321598
v 0.008918378000000001 0.02221736 0.014400001462321598
v 0.007999898000000002 0.022400000000000003 0.012800001462321598
v 0.007999898000000002 0.022400000000000003 0.014400001462321598
v 0.007081418000000002 0.02221736 0.0128000014623216
v 0.007081418000000002 0.02221736 0.014400001462321598
v 0.006302858000000002 0.021697040000000004 0.0128000014623216
v 0.006302858000000002 0.021697040000000004 0.014400001462321598
v 0.005782538000000003 0.020918480000000003 0.0128000014623216
v 0.005782538000000003 0.020918480000000003 0.014400001462321598
v 0.005599898000000001 0.02 0.0128000014623216
v 0.005599898000000001 0.02 0.014400001462321598
v 0.005782538000000003 0.01908152 0.0128000014623216
v 0.005782538000000003 0.01908152 0.014400001462321598
v 0.006302858000000002 0.01830296 0.0128000014623216
v 0.006302858000000002 0.01830296 0.014400001462321598
v 0.007081418000000002 0.017782640000000002 0.0128000014623216
v 0.007081418000000002 0.017782640000000002 0.014400001462321598
v 0.007999898000000002 0.0176 0.012800001462321598
v 0.007999898000000002 0.0176 0.014400001462321598
v 0.008918378000000001 0.017782640000000002 0.012800001462321598
v 0.008918378000000001 0.017782640000000002 0.014400001462321598
v 0.009696938000000004 0.01830296 0.012800001462321598
v 0.009696938000000004 0.01830296 0.014400001462321598
v 0.010217258 0.01908152 0.012800001462321598
v 0.010217258 0.01908152 0.014400001462321598
v 0.010217258 0.020918480000000003 0.014400001462321598
v 0.010399898000000001 0.02 0.014400001462321598
v 0.007999898000000002 0.02 0.014400001462321598
v 0.009696938000000004 0.021697040000000004 0.014400001462321598
v 0.008918378000000001 0.02221736 0.014400001462321598
v 0.007999898000000002 0.022400000000000003 0.014400001462321598
v 0.007081418000000002 0.02221736 0.014400001462321598
v 0.006302858000000002 0.021697040000000004 0.014400001462321598
v 0.005782538000000003 0.020918480000000003 0.014400001462321598
v 0.005599898000000001 0.02 0.014400001462321598
v 0.005782538000000003 0.01908152 0.014400001462321598
v 0.006302858000000002 0.01830296 0.014400001462321598
v 0.007081418000000002 0.017782640000000002 0.014400001462321598
v 0.007999898000000002 0.0176 0.014400001462321598
v 0.008918378000000001 0.017782640000000002 0.014400001462321598
v 0.009696938000000004 0.01830296 0.014400001462321598
v 0.010217258 0.01908152 0.014400001462321598
v 0.0023998980000000006 0.02 0.0128000014623216
v 0.002217258000000001 0.020918480000000003 0.0128000014623216
v 0.002217258000000001 0.020918480000000003 0.014400001462321598
v 0.0023998980000000014 0.02 0.014400001462321598
v 0.001696938 0.021697040000000004 0.0128000014623216
v 0.001696938 0.021697040000000004 0.014400001462321598
v 0.0009183780000000008 0.02221736 0.0128000014623216
v 0.0009183780000000008 0.02221736 0.014400001462321598
v -1.0319999999897079e-07 0.022400000000000003 0.0128000014623216
v -1.0319999999897079e-07 0.022400000000000003 0.014400001462321598
v -0.0009185831999999994 0.022217356 0.0128000014623216
v -0.0009185831999999988 0.022217356 0.014400001462321598
v -0.0016971427999999994 0.021697036 0.0128000014623216
v -0.001697142799999999 0.021697036 0.014400001462321598
v -0.0022174627999999993 0.020918476000000005 0.0128000014623216
v -0.0022174627999999993 0.020918476000000005 0.014400001462321598
v -0.0024001027999999993 0.019999996 0.0128000014623216
v -0.0024001027999999993 0.019999996 0.014400001462321598
v -0.002217462399999999 0.019081516 0.0128000014623216
v -0.0022174627999999993 0.019081516 0.014400001462321598
v -0.0016971419999999994 0.018302956000000002 0.0128000014623216
v -0.0016971423999999988 0.018302956000000002 0.014400001462321598
v -0.0009185823999999993 0.017782636 0.0128000014623216
v -0.0009185823999999993 0.017782636 0.014400001462321598
v -1.0239999999828165e-07 0.0176 0.0128000014623216
v -1.0239999999828165e-07 0.0176 0.014400001462321598
v 0.0009183780000000019 0.017782640000000002 0.0128000014623216
v 0.0009183780000000019 0.017782640000000002 0.014400001462321598
v 0.0016969380000000011 0.01830296 0.0128000014623216
v 0.0016969380000000011 0.01830296 0.014400001462321598
v 0.002217258000000001 0.01908152 0.0128000014623216
v 0.002217258000000002 0.01908152 0.014400001462321598
v 0.002217258000000001 0.020918480000000003 0.014400001462321598
v 0.0023998980000000014 0.02 0.014400001462321598
v -1.0279999999862621e-07 0.02 0.014400001462321598
v 0.001696938 0.021697040000000004 0.014400001462321598
v 0.0009183780000000008 0.02221736 0.014400001462321598
v -1.0319999999897079e-07 0.022400000000000003 0.014400001462321598
v -0.0009185831999999988 0.022217356 0.014400001462321598
v -0.001697142799999999 0.021697036 0.014400001462321598
v -0.0022174627999999993 0.020918476000000005 0.014400001462321598
v -0.0024001027999999993 0.019999996 0.014400001462321598
v -0.0022174627999999993 0.019081516 0.014400001462321598
v -0.0016971423999999988 0.018302956000000002 0.014400001462321598
v -0.0009185823999999993 0.017782636 0.014400001462321598
v -1.0239999999828165e-07 0.0176 0.014400001462321598
v 0.0009183780000000019 0.017782640000000002 0.014400001462321598
v 0.0016969380000000011 0.01830296 0.014400001462321598
v 0.002217258000000002 0.01908152 0.014400001462321598
v -0.0056001027999999994 0.019999996 0.0128000014623216
v -0.005782743199999999 0.020918476000000005 0.0128000014623216
v -0.005782743199999999 0.020918476000000005 0.014400001462321598
v -0.0056001027999999994 0.019999996 0.014400001462321598
v -0.0063030632 0.021697036 0.0128000014623216
v -0.006303063199999999 0.021697036 0.014400001462321598
v -0.0070816232000000005 0.022217356 0.0128000014623216
v -0.0070816236 0.022217356 0.014400001462321598
v -0.008000102 0.022399996000000002 0.0128000014623216
v -0.008000102 0.022399996000000002 0.014400001462321598
v -0.008918582 0.022217356 0.0128000014623216
v -0.008918582 0.022217356 0.014400001462321598
v -0.009697142 0.021697036 0.0128000014623216
v -0.009697142 0.021697036 0.014400001462321598
v -0.010217462 0.020918476000000005 0.0128000014623216
v -0.010217462 0.020918476000000005 0.014400001462321598
v -0.010400101999999998 0.019999996 0.0128000014623216
v -0.010400101999999998 0.019999996 0.014400001462321598
v -0.010217462 0.019081516 0.0128000014623216
v -0.010217462 0.019081516 0.014400001462321598
v -0.009697141999999999 0.018302956000000002 0.0128000014623216
v -0.009697141999999999 0.018302956000000002 0.014400001462321598
v -0.008918582 0.017782636 0.0128000014623216
v -0.008918582 0.017782636 0.014400001462321598
v -0.008000101999999999 0.017599996 0.0128000014623216
v -0.008000101999999999 0.017599996 0.014400001462321598
v -0.007081622399999999 0.017782636 0.0128000014623216
v -0.007081622399999999 0.017782636 0.014400001462321598
v -0.006303062399999999 0.018302956000000002 0.0128000014623216
v -0.006303062799999999 0.018302956000000002 0.014400001462321598
v -0.005782742799999999 0.019081516 0.0128000014623216
v -0.005782742799999999 0.019081516 0.014400001462321598
v -0.005782743199999999 0.020918476000000005 0.014400001462321598
v -0.0056001027999999994 0.019999996 0.014400001462321598
v -0.008000101999999999 0.019999996 0.014400001462321598
v -0.006303063199999999 0.021697036 0.014400001462321598
v -0.0070816236 0.022217356 0.014400001462321598
v -0.008000102 0.022399996000000002 0.014400001462321598
v -0.008918582 0.022217356 0.014400001462321598
v -0.009697142 0.021697036 0.014400001462321598
v -0.010217462 0.020918476000000005 0.014400001462321598
v -0.010400101999999998 0.019999996 0.014400001462321598
v -0.010217462 0.019081516 0.014400001462321598
v -0.009697141999999999 0.018302956000000002 0.014400001462321598
v -0.008918582 0.017782636 0.014400001462321598
v -0.008000101999999999 0.017599996 0.014400001462321598
v -0.007081622399999999 0.017782636 0.014400001462321598
v -0.006303062799999999 0.018302956000000002 0.014400001462321598
v -0.005782742799999999 0.019081516 0.014400001462321598
v -0.013600102 0.019999996 0.0128000014623216
v -0.013782741999999999 0.020918476000000005 0.0128000014623216
v -0.013782741999999999 0.020918476000000005 0.014400001462321598
v -0.013600102 0.019999996 0.014400001462321598
v -0.014303062 0.021697036 0.0128000014623216
v -0.014303062 0.021697036 0.014400001462321598
v -0.015081622 0.022217356 0.0128000014623216
v -0.015081622 0.022217356 0.014400001462321598
v -0.016000102 0.022399996000000002 0.0128000014623216
v -0.016000102 0.022399996000000002 0.014400001462321598
v -0.016918581999999998 0.022217356 0.0128000014623216
v -0.016918581999999998 0.022217356 0.014400001462321598
v -0.017697142000000003 0.021697031999999998 0.0128000014623216
v -0.017697142000000003 0.021697031999999998 0.014400001462321598
v -0.018217461999999997 0.020918472 0.012799997462321602
v -0.018217461999999997 0.020918472 0.014400001462321598
v -0.018400101999999998 0.019999992 0.012799997462321602
v -0.018400101999999998 0.019999992 0.014400001462321598
v -0.018217461999999997 0.019081512000000002 0.012799997462321602
v -0.018217461999999997 0.019081512000000002 0.014400001462321598
v -0.017697142000000003 0.018302956000000002 0.0128000014623216
v -0.017697142000000003 0.018302956000000002 0.014400001462321598
v -0.016918581999999998 0.017782636 0.0128000014623216
v -0.016918581999999998 0.017782636 0.014400001462321598
v -0.016000102 0.017599996 0.0128000014623216
v -0.016000102 0.017599996 0.014400001462321598
v -0.015081622 0.017782636 0.0128000014623216
v -0.015081622 0.017782636 0.014400001462321598
v -0.014303062 0.018302956000000002 0.0128000014623216
v -0.014303062 0.018302956000000002 0.014400001462321598
v -0.013782741999999999 0.019081516 0.0128000014623216
v -0.013782741999999999 0.019081516 0.014400001462321598
v -0.013782741999999999 0.020918476000000005 0.014400001462321598
v -0.013600102 0.019999996 0.014400001462321598
v -0.016000102 0.019999996 0.014400001462321598
v -0.014303062 0.021697036 0.014400001462321598
v -0.015081622 0.022217356 0.014400001462321598
v -0.016000102 0.022399996000000002 0.014400001462321598
v -0.016918581999999998 0.022217356 0.014400001462321598
v -0.017697142000000003 0.021697031999999998 0.014400001462321598
v -0.018217461999999997 0.020918472 0.014400001462321598
v -0.018400101999999998 0.019999992 0.014400001462321598
v -0.018217461999999997 0.019081512000000002 0.014400001462321598
v -0.017697142000000003 0.018302956000000002 0.014400001462321598
v -0.016918581999999998 0.017782636 0.014400001462321598
v -0.016000102 0.017599996 0.014400001462321598
v -0.015081622 0.017782636 0.014400001462321598
v -0.014303062 0.018302956000000002 0.014400001462321598
v -0.013782741999999999 0.019081516 0.014400001462321598
v 0.026399898000000005 0.012000004000000002 0.012800001462321598
v 0.026217258 0.012918484000000004 0.012800001462321598
v 0.026217258 0.012918484000000004 0.014400001462321597
v 0.026399898000000005 0.012000004000000002 0.014400001462321597
v 0.025696937999999996 0.013697044000000004 0.012800001462321598
v 0.025696937999999996 0.013697044000000004 0.014400001462321597
v 0.024918377999999998 0.014217360000000004 0.012800001462321598
v 0.024918377999999998 0.014217360000000004 0.014400001462321597
v 0.023999898000000002 0.014400000000000005 0.012800001462321598
v 0.023999898000000002 0.014400000000000005 0.014400001462321597
v 0.023081418000000006 0.014217360000000004 0.012800001462321598
v 0.023081418000000006 0.014217360000000004 0.014400001462321597
v 0.02230285800000001 0.013697040000000006 0.012800001462321598
v 0.02230285800000001 0.013697040000000006 0.014400001462321597
v 0.021782538000000004 0.012918480000000003 0.012800001462321598
v 0.021782538000000004 0.012918480000000003 0.014400001462321597
v 0.021599898 0.012000000000000002 0.012800001462321598
v 0.021599898 0.012000000000000002 0.014400001462321597
v 0.021782538000000004 0.011081520000000003 0.012800001462321598
v 0.021782538000000004 0.011081520000000003 0.014400001462321597
v 0.02230285800000001 0.010302960000000002 0.012800001462321598
v 0.02230285800000001 0.010302960000000002 0.014400001462321597
v 0.023081418000000006 0.009782640000000002 0.012800001462321598
v 0.023081418000000006 0.009782640000000002 0.014400001462321597
v 0.023999898000000002 0.009600004000000002 0.012800001462321598
v 0.023999898000000002 0.009600004000000002 0.014400001462321597
v 0.024918377999999998 0.009782644000000004 0.012800001462321598
v 0.024918377999999998 0.009782644000000004 0.014400001462321597
v 0.025696937999999996 0.010302964000000001 0.012800001462321598
v 0.025696937999999996 0.010302964000000001 0.014400001462321597
v 0.026217258 0.011081524000000002 0.012800001462321598
v 0.026217258 0.011081524000000002 0.014400001462321597
v 0.026217258 0.012918484000000004 0.014400001462321597
v 0.026399898000000005 0.012000004000000002 0.014400001462321597
v 0.023999898000000002 0.012000004000000002 0.014400001462321597
v 0.025696937999999996 0.013697044000000004 0.014400001462321597
v 0.024918377999999998 0.014217360000000004 0.014400001462321597
v 0.023999898000000002 0.014400000000000005 0.014400001462321597
v 0.023081418000000006 0.014217360000000004 0.014400001462321597
v 0.02230285800000001 0.013697040000000006 0.014400001462321597
v 0.021782538000000004 0.012918480000000003 0.014400001462321597
v 0.021599898 0.012000000000000002 0.014400001462321597
v 0.021782538000000004 0.011081520000000003 0.014400001462321597
v 0.02230285800000001 0.010302960000000002 0.014400001462321597
v 0.023081418000000006 0.009782640000000002 0.014400001462321597
v 0.023999898000000002 0.009600004000000002 0.014400001462321597
v 0.024918377999999998 0.009782644000000004 0.014400001462321597
v 0.025696937999999996 0.010302964000000001 0.014400001462321597
v 0.026217258 0.011081524000000002 0.014400001462321597
v 0.018399898000000005 0.012000000000000002 0.012800001462321598
v 0.018217258 0.01291848 0.012800001462321598
v 0.018217258 0.01291848 0.014400001462321598
v 0.018399898000000005 0.012000000000000002 0.014400001462321598
v 0.017696938000000006 0.013697040000000002 0.012800001462321598
v 0.017696938000000006 0.013697040000000002 0.014400001462321598
v 0.016918378000000005 0.014217359999999998 0.012800001462321598
v 0.016918378000000005 0.014217359999999998 0.014400001462321598
v 0.015999898000000002 0.0144 0.012800001462321598
v 0.015999898000000002 0.0144 0.014400001462321598
v 0.015081418000000003 0.014217359999999998 0.012800001462321598
v 0.015081418000000003 0.014217359999999998 0.014400001462321598
v 0.014302858000000002 0.013697040000000002 0.012800001462321598
v 0.014302858000000002 0.013697040000000002 0.014400001462321598
v 0.013782538000000002 0.01291848 0.012800001462321598
v 0.013782538000000002 0.01291848 0.014400001462321598
v 0.013599898000000001 0.012000000000000002 0.012800001462321598
v 0.013599898000000001 0.012000000000000002 0.014400001462321598
v 0.013782538000000002 0.011081520000000003 0.012800001462321598
v 0.013782538000000002 0.011081520000000003 0.014400001462321598
v 0.014302858000000002 0.010302960000000002 0.012800001462321598
v 0.014302858000000002 0.010302960000000002 0.014400001462321598
v 0.015081418000000003 0.009782640000000002 0.012800001462321598
v 0.015081418000000003 0.009782640000000002 0.014400001462321598
v 0.015999898000000002 0.009600000000000003 0.012800001462321598
v 0.015999898000000002 0.009600000000000003 0.014400001462321598
v 0.016918378000000005 0.009782640000000002 0.012800001462321598
v 0.016918378000000005 0.009782640000000002 0.014400001462321598
v 0.017696938000000006 0.010302960000000002 0.012800001462321598
v 0.017696938000000006 0.010302960000000002 0.014400001462321598
v 0.018217258 0.011081520000000003 0.012800001462321598
v 0.018217258 0.011081520000000003 0.014400001462321598
v 0.018217258 0.01291848 0.014400001462321598
v 0.018399898000000005 0.012000000000000002 0.014400001462321598
v 0.015999898000000002 0.012000000000000002 0.014400001462321598
v 0.017696938000000006 0.013697040000000002 0.014400001462321598
v 0.016918378000000005 0.014217359999999998 0.014400001462321598
v 0.015999898000000002 0.0144 0.014400001462321598
v 0.015081418000000003 0.014217359999999998 0.014400001462321598
v 0.014302858000000002 0.013697040000000002 0.014400001462321598
v 0.013782538000000002 0.01291848 0.014400001462321598
v 0.013599898000000001 0.012000000000000002 0.014400001462321598
v 0.013782538000000002 0.011081520000000003 0.014400001462321598
v 0.014302858000000002 0.010302960000000002 0.014400001462321598
v 0.015081418000000003 0.009782640000000002 0.014400001462321598
v 0.015999898000000002 0.009600000000000003 0.014400001462321598
v 0.016918378000000005 0.009782640000000002 0.014400001462321598
v 0.017696938000000006 0.010302960000000002 0.014400001462321598
v 0.018217258 0.011081520000000003 0.014400001462321598
v 0.010399898000000001 0.012000000000000002 0.012800001462321598
v 0.010217258 0.01291848 0.012800001462321598
v 0.010217258 0.01291848 0.014400001462321598
v 0.010399898000000001 0.012000000000000002 0.014400001462321598
v 0.009696938000000004 0.013697040000000002 0.012800001462321598
v 0.009696938000000004 0.013697040000000002 0.014400001462321598
v 0.008918378000000001 0.014217359999999998 0.012800001462321598
v 0.008918378000000001 0.014217359999999998 0.014400001462321598
v 0.007999898000000002 0.0144 0.012800001462321598
v 0.007999898000000002 0.0144 0.014400001462321598
v 0.007081418000000002 0.014217359999999998 0.0128000014623216
v 0.007081418000000002 0.014217359999999998 0.014400001462321598
v 0.006302858000000002 0.013697040000000002 0.0128000014623216
v 0.006302858000000002 0.013697040000000002 0.014400001462321598
v 0.005782538000000003 0.01291848 0.0128000014623216
v 0.005782538000000003 0.01291848 0.014400001462321598
v 0.005599898000000001 0.012 0.0128000014623216
v 0.005599898000000001 0.012 0.014400001462321598
v 0.005782538000000003 0.011081520000000001 0.0128000014623216
v 0.005782538000000003 0.011081520000000001 0.014400001462321598
v 0.006302858000000002 0.010302960000000002 0.0128000014623216
v 0.006302858000000002 0.010302960000000002 0.014400001462321598
v 0.007081418000000002 0.009782640000000002 0.0128000014623216
v 0.007081418000000002 0.009782640000000002 0.014400001462321598
v 0.007999898000000002 0.009600000000000003 0.012800001462321598
v 0.007999898000000002 0.009600000000000003 0.014400001462321598
v 0.008918378000000001 0.009782640000000002 0.012800001462321598
v 0.008918378000000001 0.009782640000000002 0.014400001462321598
v 0.009696938000000004 0.010302960000000002 0.012800001462321598
v 0.009696938000000004 0.010302960000000002 0.014400001462321598
v 0.010217258 0.011081520000000003 0.012800001462321598
v 0.010217258 0.011081520000000003 0.014400001462321598
v 0.010217258 0.01291848 0.014400001462321598
v 0.010399898000000001 0.012000000000000002 0.014400001462321598
v 0.007999898000000002 0.012000000000000002 0.014400001462321598
v 0.009696938000000004 0.013697040000000002 0.014400001462321598
v 0.008918378000000001 0.014217359999999998 0.014400001462321598
v 0.007999898000000002 0.0144 0.014400001462321598
v 0.007081418000000002 0.014217359999999998 0.014400001462321598
v 0.006302858000000002 0.013697040000000002 0.014400001462321598
v 0.005782538000000003 0.01291848 0.014400001462321598
v 0.005599898000000001 0.012 0.014400001462321598
v 0.005782538000000003 0.011081520000000001 0.014400001462321598
v 0.006302858000000002 0.010302960000000002 0.014400001462321598
v 0.007081418000000002 0.009782640000000002 0.014400001462321598
v 0.007999898000000002 0.009600000000000003 0.014400001462321598
v 0.008918378000000001 0.009782640000000002 0.014400001462321598
v 0.009696938000000004 0.010302960000000002 0.014400001462321598
v 0.010217258 0.011081520000000003 0.014400001462321598
v 0.0023998980000000014 0.012 0.0128000014623216
v 0.002217258000000002 0.01291848 0.0128000014623216
v 0.002217258000000002 0.01291848 0.014400001462321598
v 0.0023998980000000014 0.012 0.014400001462321598
v 0.0016969380000000011 0.013697040000000002 0.0128000014623216
v 0.0016969380000000011 0.013697040000000002 0.014400001462321598
v 0.0009183780000000019 0.014217359999999998 0.0128000014623216
v 0.0009183780000000019 0.014217359999999998 0.014400001462321598
v -1.0199999999849219e-07 0.0144 0.0128000014623216
v -1.0199999999849219e-07 0.0144 0.014400001462321598
v -0.0009185815999999986 0.014217356 0.0128000014623216
v -0.0009185815999999986 0.014217356 0.014400001462321598
v -0.0016971415999999986 0.013697036000000001 0.0128000014623216
v -0.0016971415999999986 0.013697036000000001 0.014400001462321598
v -0.0022174611999999988 0.012918476000000002 0.0128000014623216
v -0.0022174615999999985 0.012918476000000002 0.014400001462321598
v -0.0024001011999999987 0.011999995999999999 0.0128000014623216
v -0.002400101599999999 0.011999995999999999 0.014400001462321598
v -0.0022174607999999986 0.011081516 0.0128000014623216
v -0.0022174611999999983 0.011081516 0.014400001462321598
v -0.0016971407999999987 0.010302956 0.0128000014623216
v -0.0016971407999999983 0.010302956 0.014400001462321598
v -0.0009185807999999984 0.009782636 0.0128000014623216
v -0.0009185807999999984 0.009782636 0.014400001462321598
v -1.0199999999849219e-07 0.009599996000000001 0.0128000014623216
v -1.0199999999849219e-07 0.009599996000000001 0.014400001462321598
v 0.0009183780000000019 0.009782636 0.0128000014623216
v 0.0009183780000000019 0.009782636 0.014400001462321598
v 0.0016969380000000011 0.010302956 0.0128000014623216
v 0.0016969380000000011 0.010302956 0.014400001462321598
v 0.002217258000000002 0.011081520000000001 0.0128000014623216
v 0.002217258000000002 0.011081520000000001 0.014400001462321598
v 0.002217258000000002 0.01291848 0.014400001462321598
v 0.0023998980000000014 0.012 0.014400001462321598
v -1.0199999999849219e-07 0.011999995999999999 0.014400001462321598
v 0.0016969380000000011 0.013697040000000002 0.014400001462321598
v 0.0009183780000000019 0.014217359999999998 0.014400001462321598
v -1.0199999999849219e-07 0.0144 0.014400001462321598
v -0.0009185815999999986 0.014217356 0.014400001462321598
v -0.0016971415999999986 0.013697036000000001 0.014400001462321598
v -0.0022174615999999985 0.012918476000000002 0.014400001462321598
v -0.002400101599999999 0.011999995999999999 0.014400001462321598
v -0.0022174611999999983 0.011081516 0.014400001462321598
v -0.0016971407999999983 0.010302956 0.014400001462321598
v -0.0009185807999999984 0.009782636 0.014400001462321598
v -1.0199999999849219e-07 0.009599996000000001 0.014400001462321598
v 0.0009183780000000019 0.009782636 0.014400001462321598
v 0.0016969380000000011 0.010302956 0.014400001462321598
v 0.002217258000000002 0.011081520000000001 0.014400001462321598
v -0.005600101199999998 0.011999995999999999 0.0128000014623216
v -0.0057827415999999986 0.012918476000000002 0.0128000014623216
v -0.0057827415999999986 0.012918476000000002 0.014400001462321598
v -0.005600101599999998 0.011999995999999999 0.014400001462321598
v -0.006303061999999999 0.013697036000000001 0.0128000014623216
v -0.006303061999999999 0.013697036000000001 0.014400001462321598
v -0.007081621599999999 0.014217356 0.0128000014623216
v -0.007081621999999998 0.014217356 0.014400001462321598
v -0.0080001016 0.014399996 0.0128000014623216
v -0.008000101999999999 0.014399996 0.014400001462321598
v -0.008918582 0.014217356 0.0128000014623216
v -0.008918582 0.014217356 0.014400001462321598
v -0.009697141999999999 0.013697036000000001 0.0128000014623216
v -0.009697141999999999 0.013697036000000001 0.014400001462321598
v -0.010217462 0.012918476000000002 0.0128000014623216
v -0.010217462 0.012918476000000002 0.014400001462321598
v -0.010400101999999998 0.011999995999999999 0.0128000014623216
v -0.010400101999999998 0.011999995999999999 0.014400001462321598
v -0.010217462 0.011081516 0.0128000014623216
v -0.010217462 0.011081516 0.014400001462321598
v -0.009697141999999999 0.010302956 0.0128000014623216
v -0.009697141999999999 0.010302956 0.014400001462321598
v -0.008918582 0.009782636 0.0128000014623216
v -0.008918582 0.009782636 0.014400001462321598
v -0.008000100799999998 0.009599996000000001 0.0128000014623216
v -0.008000100799999998 0.009599996000000001 0.014400001462321598
v -0.0070816208 0.009782636 0.0128000014623216
v -0.007081621199999999 0.009782636 0.014400001462321598
v -0.006303061199999999 0.010302956 0.0128000014623216
v -0.006303061199999999 0.010302956 0.014400001462321598
v -0.005782741199999999 0.011081516 0.0128000014623216
v -0.005782741199999999 0.011081516 0.014400001462321598
v -0.0057827415999999986 0.012918476000000002 0.014400001462321598
v -0.005600101599999998 0.011999995999999999 0.014400001462321598
v -0.008000101199999998 0.011999995999999999 0.014400001462321598
v -0.006303061999999999 0.013697036000000001 0.014400001462321598
v -0.007081621999999998 0.014217356 0.014400001462321598
v -0.008000101999999999 0.014399996 0.014400001462321598
v -0.008918582 0.014217356 0.014400001462321598
v -0.009697141999999999 0.013697036000000001 0.014400001462321598
v -0.010217462 0.012918476000000002 0.014400001462321598
v -0.010400101999999998 0.011999995999999999 0.014400001462321598
v -0.010217462 0.011081516 0.014400001462321598
v -0.009697141999999999 0.010302956 0.014400001462321598
v -0.008918582 0.009782636 0.014400001462321598
v -0.008000100799999998 0.009599996000000001 0.014400001462321598
v -0.007081621199999999 0.009782636 0.014400001462321598
v -0.006303061199999999 0.010302956 0.014400001462321598
v -0.005782741199999999 0.011081516 0.014400001462321598
v -0.013600102 0.011999995999999999 0.0128000014623216
v -0.013782741999999999 0.012918476000000002 0.0128000014623216
v -0.013782741999999999 0.012918476000000002 0.014400001462321598
v -0.013600102 0.011999995999999999 0.014400001462321598
v -0.014303062 0.013697036000000001 0.0128000014623216
v -0.014303062 0.013697036000000001 0.014400001462321598
v -0.015081622 0.014217356 0.0128000014623216
v -0.015081622 0.014217356 0.014400001462321598
v -0.016000102 0.014399996 0.0128000014623216
v -0.016000102 0.014399996 0.014400001462321598
v -0.016918581999999998 0.014217356 0.0128000014623216
v -0.016918581999999998 0.014217356 0.014400001462321598
v -0.017697142000000003 0.013697036000000001 0.0128000014623216
v -0.017697142000000003 0.013697036000000001 0.014400001462321598
v -0.018217461999999997 0.012918472 0.012799997462321602
v -0.018217461999999997 0.012918472 0.014400001462321598
v -0.018400101999999998 0.011999995999999999 0.012799997462321602
v -0.018400101999999998 0.011999995999999999 0.014400001462321598
v -0.018217461999999997 0.011081516 0.012799997462321602
v -0.018217461999999997 0.011081516 0.014400001462321598
v -0.017697142000000003 0.010302955999999999 0.0128000014623216
v -0.017697142000000003 0.010302955999999999 0.014400001462321598
v -0.016918581999999998 0.009782635999999997 0.0128000014623216
v -0.016918581999999998 0.009782635999999997 0.014400001462321598
v -0.016000102 0.009599995999999998 0.0128000014623216
v -0.016000102 0.009599995999999998 0.014400001462321598
v -0.015081622 0.009782636 0.0128000014623216
v -0.015081622 0.009782636 0.014400001462321598
v -0.014303062 0.010302956 0.0128000014623216
v -0.014303062 0.010302956 0.014400001462321598
v -0.013782741999999999 0.011081516 0.0128000014623216
v -0.013782741999999999 0.011081516 0.014400001462321598
v -0.013782741999999999 0.012918476000000002 0.014400001462321598
v -0.013600102 0.011999995999999999 0.014400001462321598
v -0.016000102 0.011999995999999999 0.014400001462321598
v -0.014303062 0.013697036000000001 0.014400001462321598
v -0.015081622 0.014217356 0.014400001462321598
v -0.016000102 0.014399996 0.014400001462321598
v -0.016918581999999998 0.014217356 0.014400001462321598
v -0.017697142000000003 0.013697036000000001 0.014400001462321598
v -0.018217461999999997 0.012918472 0.014400001462321598
v -0.018400101999999998 0.011999995999999999 0.014400001462321598
v -0.018217461999999997 0.011081516 0.014400001462321598
v -0.017697142000000003 0.010302955999999999 0.014400001462321598
v -0.016918581999999998 0.009782635999999997 0.014400001462321598
v -0.016000102 0.009599995999999998 0.014400001462321598
v -0.015081622 0.009782636 0.014400001462321598
v -0.014303062 0.010302956 0.014400001462321598
v -0.013782741999999999 0.011081516 0.014400001462321598
v -0.012000101999999999 0.018399996 0.0128000014623216
v -0.012918581999999998 0.018217356000000004 0.0128000014623216
v -0.012918581999999998 0.018217356000000004 0.0208000014623216
v -0.012000101999999999 0.018399996 0.0208000014623216
v -0.013697141999999997 0.017697036 0.0128000014623216
v -0.013697141999999997 0.017697036 0.0208000014623216
v -0.014217461999999998 0.016918476000000002 0.0128000014623216
v -0.014217461999999998 0.016918476000000002 0.0208000014623216
v -0.014400102 0.015999996 0.0128000014623216
v -0.014400102 0.015999996 0.0208000014623216
v -0.014217461999999998 0.015081516 0.0128000014623216
v -0.014217461999999998 0.015081516 0.0208000014623216
v -0.013697141999999997 0.014302956 0.0128000014623216
v -0.013697141999999997 0.014302956 0.0208000014623216
v -0.012918581999999998 0.013782636 0.0128000014623216
v -0.012918581999999998 0.013782636 0.0208000014623216
v -0.012000101999999999 0.013599996 0.0128000014623216
v -0.012000101999999999 0.013599996 0.0208000014623216
v -0.011081621999999998 0.013782636 0.0128000014623216
v -0.011081621999999998 0.013782636 0.0208000014623216
v -0.010303062 0.014302956 0.0128000014623216
v -0.010303061999999998 0.014302956 0.0208000014623216
v -0.009782741999999999 0.015081516 0.0128000014623216
v -0.009782741999999999 0.015081516 0.0208000014623216
v -0.009600102 0.015999996 0.0128000014623216
v -0.009600102 0.015999996 0.0208000014623216
v -0.009782741999999999 0.016918476000000002 0.0128000014623216
v -0.009782741999999999 0.016918476000000002 0.0208000014623216
v -0.010303062 0.017697036 0.0128000014623216
v -0.010303062 0.017697036 0.0208000014623216
v -0.011081621999999998 0.018217356000000004 0.0128000014623216
v -0.011081621999999998 0.018217356000000004 0.0208000014623216
v -0.012000101999999999 0.019199996 0.0128000014623216
v -0.013224741999999998 0.018956476000000003 0.0128000014623216
v -0.013224741999999998 0.018956476000000003 0.0208000014623216
v -0.012000101999999999 0.019199996 0.0208000014623216
v -0.014262822 0.018262716000000002 0.0128000014623216
v -0.014262822 0.018262716000000002 0.0208000014623216
v -0.014956582000000001 0.017224636 0.0128000014623216
v -0.014956582000000001 0.017224636 0.0208000014623216
v -0.015200102 0.015999996 0.0128000014623216
v -0.015200102 0.015999996 0.0208000014623216
v -0.014956582000000001 0.014775356 0.0128000014623216
v -0.014956582000000001 0.014775356 0.0208000014623216
v -0.014262822 0.013737276000000001 0.0128000014623216
v -0.014262822 0.013737276000000001 0.0208000014623216
v -0.013224741999999998 0.013043516 0.0128000014623216
v -0.013224741999999998 0.013043516 0.0208000014623216
v -0.012000101999999999 0.012799996000000001 0.0128000014623216
v -0.012000101999999999 0.012799996000000001 0.0208000014623216
v -0.010775462 0.013043516 0.0128000014623216
v -0.010775462 0.013043516 0.0208000014623216
v -0.009737382 0.013737276000000001 0.0128000014623216
v -0.009737381999999998 0.013737276000000001 0.0208000014623216
v -0.009043622 0.014775356 0.0128000014623216
v -0.009043621999999998 0.014775356 0.0208000014623216
v -0.008800101999999999 0.015999996 0.0128000014623216
v -0.008800101999999999 0.015999996 0.0208000014623216
v -0.009043622 0.017224636 0.0128000014623216
v -0.009043622 0.017224636 0.0208000014623216
v -0.009737382 0.018262716000000002 0.0128000014623216
v -0.009737382 0.018262716000000002 0.0208000014623216
v -0.010775462 0.018956476000000003 0.0128000014623216
v -0.010775462 0.018956476000000003 0.0208000014623216
v -0.015200102 0.015999996 0.0128000014623216
v -0.014400102 0.015999996 0.0128000014623216
v -0.014217461999999998 0.015081516 0.0128000014623216
v -0.014956582000000001 0.014775356 0.0128000014623216
v -0.013697141999999997 0.014302956 0.0128000014623216
v -0.014262822 0.013737276000000001 0.0128000014623216
v -0.012918581999999998 0.013782636 0.0128000014623216
v -0.013224741999999998 0.013043516 0.0128000014623216
v -0.012000101999999999 0.013599996 0.0128000014623216
v -0.012000101999999999 0.012799996000000001 0.0128000014623216
v -0.011081621999999998 0.013782636 0.0128000014623216
v -0.010775462 0.013043516 0.0128000014623216
v -0.010303062 0.014302956 0.0128000014623216
v -0.009737382 0.013737276000000001 0.0128000014623216
v -0.009782741999999999 0.015081516 0.0128000014623216
v -0.009043622 0.014775356 0.0128000014623216
v -0.009600102 0.015999996 0.0128000014623216
v -0.008800101999999999 0.015999996 0.0128000014623216
v -0.009782741999999999 0.016918476000000002 0.0128000014623216
v -0.009043622 0.017224636 0.0128000014623216
v -0.010303062 0.017697036 0.0128000014623216
v -0.009737382 0.018262716000000002 0.0128000014623216
v -0.011081621999999998 0.018217356000000004 0.0128000014623216
v -0.010775462 0.018956476000000003 0.0128000014623216
v -0.012000101999999999 0.018399996 0.0128000014623216
v -0.012000101999999999 0.019199996 0.0128000014623216
v -0.012918581999999998 0.018217356000000004 0.0128000014623216
v -0.013224741999999998 0.018956476000000003 0.0128000014623216
v -0.013697141999999997 0.017697036 0.0128000014623216
v -0.014262822 0.018262716000000002 0.0128000014623216
v -0.014217461999999998 0.016918476000000002 0.0128000014623216
v -0.014956582000000001 0.017224636 0.0128000014623216
v -0.0056001023999999976 0.009599996000000001 0.0208000014623216
v -0.005600102399999999 0.022399996000000002 0.0208000014623216
v -0.018400101999999998 0.022399996000000002 0.0208000014623216
v -0.018400101999999998 0.009599995999999998 0.0208000014623216
v -0.018400101999999998 0.022399996000000002 0.0208000014623216
v -0.018400101999999998 0.022399996000000002 0.0128000014623216
v -0.018400101999999998 0.009599995999999998 0.0128000014623216
v -0.018400101999999998 0.009599995999999998 0.0208000014623216
v -0.018400101999999998 0.009599995999999998 0.0208000014623216
v -0.018400101999999998 0.009599995999999998 0.0128000014623216
v -0.005600101999999998 0.009599996000000001 0.0128000014623216
v -0.0056001023999999976 0.009599996000000001 0.0208000014623216
v -0.0056001023999999976 0.009599996000000001 0.0208000014623216
v -0.005600101999999998 0.009599996000000001 0.0128000014623216
v -0.005600102 0.022399996000000002 0.0128000014623216
v -0.005600102399999999 0.022399996000000002 0.0208000014623216
v -0.005600102399999999 0.022399996000000002 0.0208000014623216
v -0.005600102 0.022399996000000002 0.0128000014623216
v -0.018400101999999998 0.022399996000000002 0.0128000014623216
v -0.018400101999999998 0.022399996000000002 0.0208000014623216
v -0.020000102000000002 0.007999995999999999 0.0128000014623216
v -0.018400101999999998 0.009599995999999998 0.0128000014623216
v -0.018400101999999998 0.022399996000000002 0.0128000014623216
v -0.020000102000000002 0.023999996000000003 0.0128000014623216
v -0.004000101923680798 0.007999996 0.0128000014623216
v -0.005600101999999998 0.009599996000000001 0.0128000014623216
v -0.004000101923680799 0.023999996000000003 0.0128000014623216
v -0.005600102 0.022399996000000002 0.0128000014623216
v -0.004000102762939598 0.007999996 0.0224000014623216
v -0.004000102762939599 0.023999996000000003 0.0224000014623216
v -0.020000102000000002 0.023999996000000003 0.0224000014623216
v -0.020000102000000002 0.007999995999999999 0.0224000014623216
v -0.020000102000000002 0.023999996000000003 0.0224000014623216
v -0.020000102000000002 0.023999996000000003 0.0128000014623216
v -0.020000102000000002 0.007999995999999999 0.0128000014623216
v -0.020000102000000002 0.007999995999999999 0.0224000014623216
v -0.020000102000000002 0.007999995999999999 0.0224000014623216
v -0.020000102000000002 0.007999995999999999 0.0128000014623216
v -0.004000101923680798 0.007999996 0.0128000014623216
v -0.004000102762939598 0.007999996 0.0224000014623216
v -0.004000102762939598 0.007999996 0.0224000014623216
v -0.004000101923680798 0.007999996 0.0128000014623216
v -0.004000101923680799 0.023999996000000003 0.0128000014623216
v -0.004000102762939599 0.023999996000000003 0.0224000014623216
v -0.004000102762939599 0.023999996000000003 0.0224000014623216
v -0.004000101923680799 0.023999996000000003 0.0128000014623216
v -0.020000102000000002 0.023999996000000003 0.0128000014623216
v -0.020000102000000002 0.023999996000000003 0.0224000014623216
v -0.016000102 0.022399996000000002 0.0224000014623216
v -0.016918581999999998 0.022217356 0.0224000014623216
v -0.016918581999999998 0.022217356 0.024000001462321598
v -0.016000102 0.022399996000000002 0.024000001462321598
v -0.017697142000000003 0.021697036 0.0224000014623216
v -0.017697142000000003 0.021697036 0.024000001462321598
v -0.018217461999999997 0.020918476000000005 0.0224000014623216
v -0.018217461999999997 0.020918476000000005 0.024000001462321598
v -0.018400101999999998 0.019999996 0.0224000014623216
v -0.018400101999999998 0.019999996 0.024000001462321598
v -0.018217461999999997 0.019081516 0.0224000014623216
v -0.018217461999999997 0.019081516 0.024000001462321598
v -0.017697142000000003 0.018302956000000002 0.0224000014623216
v -0.017697142000000003 0.018302956000000002 0.024000001462321598
v -0.016918581999999998 0.017782636 0.0224000014623216
v -0.016918581999999998 0.017782636 0.024000001462321598
v -0.016000102 0.017599996 0.0224000014623216
v -0.016000102 0.017599996 0.024000001462321598
v -0.015081622 0.017782636 0.0224000014623216
v -0.015081622 0.017782636 0.024000001462321598
v -0.014303062 0.018302956000000002 0.0224000014623216
v -0.014303062 0.018302956000000002 0.024000001462321598
v -0.013782741999999999 0.019081516 0.0224000014623216
v -0.013782741999999999 0.019081516 0.024000001462321598
v -0.013600102 0.019999996 0.0224000014623216
v -0.013600102 0.019999996 0.024000001462321598
v -0.013782741999999999 0.020918476000000005 0.0224000014623216
v -0.013782741999999999 0.020918476000000005 0.024000001462321598
v -0.014303062 0.021697036 0.0224000014623216
v -0.014303062 0.021697036 0.024000001462321598
v -0.015081622 0.022217356 0.0224000014623216
v -0.015081622 0.022217356 0.024000001462321598
v -0.016918581999999998 0.022217356 0.024000001462321598
v -0.016000102 0.022399996000000002 0.024000001462321598
v -0.016000102 0.019999996 0.024000001462321598
v -0.017697142000000003 0.021697036 0.024000001462321598
v -0.018217461999999997 0.020918476000000005 0.024000001462321598
v -0.018400101999999998 0.019999996 0.024000001462321598
v -0.018217461999999997 0.019081516 0.024000001462321598
v -0.017697142000000003 0.018302956000000002 0.024000001462321598
v -0.016918581999999998 0.017782636 0.024000001462321598
v -0.016000102 0.017599996 0.024000001462321598
v -0.015081622 0.017782636 0.024000001462321598
v -0.014303062 0.018302956000000002 0.024000001462321598
v -0.013782741999999999 0.019081516 0.024000001462321598
v -0.013600102 0.019999996 0.024000001462321598
v -0.013782741999999999 0.020918476000000005 0.024000001462321598
v -0.014303062 0.021697036 0.024000001462321598
v -0.015081622 0.022217356 0.024000001462321598
v -0.016000102 0.014399996 0.0224000014623216
v -0.016918581999999998 0.014217356 0.0224000014623216
v -0.016918581999999998 0.014217356 0.024000001462321598
v -0.016000102 0.014399996 0.024000001462321598
v -0.017697142000000003 0.013697036000000001 0.0224000014623216
v -0.017697142000000003 0.013697036000000001 0.024000001462321598
v -0.018217461999999997 0.012918476000000002 0.0224000014623216
v -0.018217461999999997 0.012918476000000002 0.024000001462321598
v -0.018400101999999998 0.011999995999999999 0.0224000014623216
v -0.018400101999999998 0.011999995999999999 0.024000001462321598
v -0.018217461999999997 0.011081516 0.0224000014623216
v -0.018217461999999997 0.011081516 0.024000001462321598
v -0.017697142000000003 0.010302955999999999 0.0224000014623216
v -0.017697142000000003 0.010302955999999999 0.024000001462321598
v -0.016918581999999998 0.009782635999999997 0.0224000014623216
v -0.016918581999999998 0.009782635999999997 0.024000001462321598
v -0.016000102 0.009599995999999998 0.0224000014623216
v -0.016000102 0.009599995999999998 0.024000001462321598
v -0.015081622 0.009782636 0.0224000014623216
v -0.015081622 0.009782636 0.024000001462321598
v -0.014303061999999998 0.010302956 0.0224000014623216
v -0.014303061999999998 0.010302956 0.024000001462321598
v -0.013782741999999999 0.011081516 0.0224000014623216
v -0.013782741999999999 0.011081516 0.024000001462321598
v -0.013600102 0.011999995999999999 0.0224000014623216
v -0.013600101999999996 0.011999995999999999 0.024000001462321598
v -0.013782741999999999 0.012918476000000002 0.0224000014623216
v -0.013782741999999999 0.012918476000000002 0.024000001462321598
v -0.014303062 0.013697036000000001 0.0224000014623216
v -0.014303062 0.013697036000000001 0.024000001462321598
v -0.015081622 0.014217356 0.0224000014623216
v -0.015081622 0.014217356 0.024000001462321598
v -0.016918581999999998 0.014217356 0.024000001462321598
v -0.016000102 0.014399996 0.024000001462321598
v -0.016000102 0.011999995999999999 0.024000001462321598
v -0.017697142000000003 0.013697036000000001 0.024000001462321598
v -0.018217461999999997 0.012918476000000002 0.024000001462321598
v -0.018400101999999998 0.011999995999999999 0.024000001462321598
v -0.018217461999999997 0.011081516 0.024000001462321598
v -0.017697142000000003 0.010302955999999999 0.024000001462321598
v -0.016918581999999998 0.009782635999999997 0.024000001462321598
v -0.016000102 0.009599995999999998 0.024000001462321598
v -0.015081622 0.009782636 0.024000001462321598
v -0.014303061999999998 0.010302956 0.024000001462321598
v -0.013782741999999999 0.011081516 0.024000001462321598
v -0.013600101999999996 0.011999995999999999 0.024000001462321598
v -0.013782741999999999 0.012918476000000002 0.024000001462321598
v -0.014303062 0.013697036000000001 0.024000001462321598
v -0.015081622 0.014217356 0.024000001462321598
v -0.008000101999999999 0.022399996000000002 0.0224000014623216
v -0.008918582 0.022217356 0.0224000014623216
v -0.008918582 0.022217356 0.024000001462321598
v -0.008000101999999999 0.022399996000000002 0.024000001462321598
v -0.009697141999999999 0.021697036 0.0224000014623216
v -0.009697141999999999 0.021697036 0.024000001462321598
v -0.010217462 0.020918476000000005 0.0224000014623216
v -0.010217462 0.020918476000000005 0.024000001462321598
v -0.010400101999999998 0.019999996 0.0224000014623216
v -0.010400101999999998 0.019999996 0.024000001462321598
v -0.010217462 0.019081516 0.0224000014623216
v -0.010217462 0.019081516 0.024000001462321598
v -0.009697141999999999 0.018302956000000002 0.0224000014623216
v -0.009697141999999999 0.018302956000000002 0.024000001462321598
v -0.008918582 0.017782636 0.0224000014623216
v -0.008918581999999998 0.017782636 0.024000001462321598
v -0.008000101999999999 0.017599996 0.0224000014623216
v -0.008000101999999999 0.017599996 0.024000001462321598
v -0.007081622799999999 0.017782636 0.0224000014623216
v -0.007081623199999998 0.017782636 0.024000001462321598
v -0.006303062799999999 0.018302956000000002 0.0224000014623216
v -0.006303063199999999 0.018302956000000002 0.024000001462321598
v -0.005782742799999998 0.019081516 0.0224000014623216
v -0.005782743199999998 0.019081516 0.024000001462321598
v -0.005600102799999999 0.019999996 0.0224000014623216
v -0.005600102799999999 0.019999996 0.024000001462321598
v -0.005782742799999999 0.020918476000000005 0.0224000014623216
v -0.005782743199999998 0.020918476000000005 0.024000001462321598
v -0.006303062799999999 0.021697036 0.0224000014623216
v -0.006303063199999999 0.021697036 0.024000001462321598
v -0.007081622799999999 0.022217356 0.0224000014623216
v -0.007081623199999998 0.022217356 0.024000001462321598
v -0.008918582 0.022217356 0.024000001462321598
v -0.008000101999999999 0.022399996000000002 0.024000001462321598
v -0.008000101999999999 0.019999996 0.024000001462321598
v -0.009697141999999999 0.021697036 0.024000001462321598
v -0.010217462 0.020918476000000005 0.024000001462321598
v -0.010400101999999998 0.019999996 0.024000001462321598
v -0.010217462 0.019081516 0.024000001462321598
v -0.009697141999999999 0.018302956000000002 0.024000001462321598
v -0.008918581999999998 0.017782636 0.024000001462321598
v -0.008000101999999999 0.017599996 0.024000001462321598
v -0.007081623199999998 0.017782636 0.024000001462321598
v -0.006303063199999999 0.018302956000000002 0.024000001462321598
v -0.005782743199999998 0.019081516 0.024000001462321598
v -0.005600102799999999 0.019999996 0.024000001462321598
v -0.005782743199999998 0.020918476000000005 0.024000001462321598
v -0.006303063199999999 0.021697036 0.024000001462321598
v -0.007081623199999998 0.022217356 0.024000001462321598
v -0.008000101999999999 0.014399996 0.0224000014623216
v -0.008918581999999998 0.014217356 0.0224000014623216
v -0.008918581999999998 0.014217356 0.024000001462321598
v -0.008000101999999999 0.014399996 0.024000001462321598
v -0.009697141999999997 0.013697036000000001 0.0224000014623216
v -0.009697141999999997 0.013697036000000001 0.024000001462321598
v -0.010217462 0.012918476000000002 0.0224000014623216
v -0.010217462 0.012918476000000002 0.024000001462321598
v -0.010400101999999998 0.011999995999999999 0.0224000014623216
v -0.010400101999999998 0.011999995999999999 0.024000001462321598
v -0.010217462 0.011081516 0.0224000014623216
v -0.010217462 0.011081516 0.024000001462321598
v -0.009697141999999997 0.010302956 0.0224000014623216
v -0.009697141999999997 0.010302956 0.024000001462321598
v -0.008918581999999998 0.009782636 0.0224000014623216
v -0.008918581999999998 0.009782636 0.024000001462321598
v -0.008000101999999999 0.009599996000000001 0.0224000014623216
v -0.008000101999999999 0.009599996000000001 0.024000001462321598
v -0.007081622799999999 0.009782636 0.0224000014623216
v -0.007081623199999998 0.009782636 0.024000001462321598
v -0.006303062799999998 0.010302956 0.0224000014623216
v -0.006303063199999999 0.010302956 0.024000001462321598
v -0.005782742799999998 0.011081516 0.0224000014623216
v -0.005782743199999998 0.011081516 0.024000001462321598
v -0.005600102799999998 0.011999995999999999 0.0224000014623216
v -0.005600102799999998 0.011999995999999999 0.024000001462321598
v -0.005782742799999998 0.012918476000000002 0.0224000014623216
v -0.005782743199999998 0.012918476000000002 0.024000001462321598
v -0.006303062799999999 0.013697036000000001 0.0224000014623216
v -0.006303063199999999 0.013697036000000001 0.024000001462321598
v -0.007081622799999999 0.014217356 0.0224000014623216
v -0.007081623199999998 0.014217356 0.024000001462321598
v -0.008918581999999998 0.014217356 0.024000001462321598
v -0.008000101999999999 0.014399996 0.024000001462321598
v -0.008000101999999999 0.011999995999999999 0.024000001462321598
v -0.009697141999999997 0.013697036000000001 0.024000001462321598
v -0.010217462 0.012918476000000002 0.024000001462321598
v -0.010400101999999998 0.011999995999999999 0.024000001462321598
v -0.010217462 0.011081516 0.024000001462321598
v -0.009697141999999997 0.010302956 0.024000001462321598
v -0.008918581999999998 0.009782636 0.024000001462321598
v -0.008000101999999999 0.009599996000000001 0.024000001462321598
v -0.007081623199999998 0.009782636 0.024000001462321598
v -0.006303063199999999 0.010302956 0.024000001462321598
v -0.005782743199999998 0.011081516 0.024000001462321598
v -0.005600102799999998 0.011999995999999999 0.024000001462321598
v -0.005782743199999998 0.012918476000000002 0.024000001462321598
v -0.006303063199999999 0.013697036000000001 0.024000001462321598
v -0.007081623199999998 0.014217356 0.024000001462321598
v -0.009478341999999999 0.023387676000000003 0.0224000014623216
v -0.009600102 0.023999996000000003 0.0224000014623216
v -0.008000101999999999 0.023999996000000003 0.0224000014623216
v -0.009131462 0.022868636 0.0224000014623216
v -0.008612421999999998 0.022521756 0.0224000014623216
v -0.008000101999999999 0.022399996000000002 0.0224000014623216
v -0.0073877831999999985 0.022521756 0.0224000014623216
v -0.006868743199999998 0.022868636 0.0224000014623216
v -0.0065218631999999985 0.023387676000000003 0.0224000014623216
v -0.006400103199999999 0.023999996000000003 0.0224000014623216
v -0.006521863599999999 0.024612316000000002 0.0224000014623216
v -0.006868743599999999 0.025131356 0.0224000014623216
v -0.007387783599999999 0.025478236 0.0224000014623216
v -0.008000101999999999 0.025599996 0.0224000014623216
v -0.008612421999999998 0.025478236 0.0224000014623216
v -0.009131462 0.025131356 0.0224000014623216
v -0.009478341999999999 0.024612316000000002 0.0224000014623216
v -0.009600102 0.023999996000000003 0.0224000014623216
v -0.009478341999999999 0.023387676000000003 0.0224000014623216
v -0.009478341999999999 0.023387676000000003 0.024000001462321598
v -0.009600102 0.023999996000000003 0.024000001462321598
v -0.009131462 0.022868636 0.0224000014623216
v -0.009131462 0.022868636 0.024000001462321598
v -0.008612421999999998 0.022521756 0.0224000014623216
v -0.008612421999999998 0.022521756 0.024000001462321598
v -0.008000101999999999 0.022399996000000002 0.0224000014623216
v -0.008000101999999999 0.022399996000000002 0.024000001462321598
v -0.0073877831999999985 0.022521756 0.0224000014623216
v -0.007387783599999999 0.022521756 0.024000001462321598
v -0.006868743199999998 0.022868636 0.0224000014623216
v -0.006868743599999999 0.022868636 0.024000001462321598
v -0.0065218631999999985 0.023387676000000003 0.0224000014623216
v -0.006521863599999999 0.023387676000000003 0.024000001462321598
v -0.006400103199999999 0.023999996000000003 0.0224000014623216
v -0.006400103599999999 0.023999996000000003 0.024000001462321598
v -0.006521863599999999 0.024612316000000002 0.0224000014623216
v -0.006521863599999999 0.024612316000000002 0.024000001462321598
v -0.006868743599999999 0.025131356 0.0224000014623216
v -0.006868743599999999 0.025131356 0.024000001462321598
v -0.007387783599999999 0.025478236 0.0224000014623216
v -0.007387784 0.025478236 0.024000001462321598
v -0.008000101999999999 0.025599996 0.0224000014623216
v -0.008000101999999999 0.025599996 0.024000001462321598
v -0.008612421999999998 0.025478236 0.0224000014623216
v -0.008612421999999998 0.025478236 0.024000001462321598
v -0.009131462 0.025131356 0.0224000014623216
v -0.009131462 0.025131356 0.024000001462321598
v -0.009478341999999999 0.024612316000000002 0.0224000014623216
v -0.009478345999999999 0.024612316000000002 0.024000001462321598
v -0.008000105999999998 0.025599996 0.028800001462321596
v -0.008612426 0.025478236 0.028800001462321596
v -0.008612426 0.025478236 0.0289217614623216
v -0.009131466 0.025131356 0.028800001462321596
v -0.009131466 0.025131356 0.0292686414623216
v -0.009478345999999999 0.024612316000000002 0.028800001462321596
v -0.009478345999999999 0.024612316000000002 0.029787681462321598
v -0.009600105999999999 0.023999996000000003 0.028800001462321596
v -0.009600105999999999 0.023999996000000003 0.030400001462321597
v -0.0073877844 0.025478236 0.028800001462321596
v -0.0073877844 0.025478236 0.0289217614623216
v -0.006868744399999998 0.025131356 0.028800001462321596
v -0.006868744399999998 0.025131356 0.0292686414623216
v -0.006521863999999999 0.024612316000000002 0.028800001462321596
v -0.006521863999999999 0.024612316000000002 0.029787681462321598
v -0.0064001039999999985 0.023999996000000003 0.028800001462321596
v -0.0064001039999999985 0.023999996000000003 0.030400001462321597
v -0.009478345999999999 0.023387676000000003 0.030400001462321597
v -0.009131465999999998 0.022868636 0.030400001462321597
v -0.008612426 0.022521756 0.030400001462321597
v -0.008000101999999999 0.022399996000000002 0.030400001462321597
v -0.007387783999999999 0.022521756 0.030400001462321597
v -0.006868743999999998 0.022868636 0.030400001462321597
v -0.006521863999999999 0.023387676000000003 0.030400001462321597
v -0.0040001021144156785 0.015999996 0.0224000014623216
v -0.005600102399999999 0.017599996 0.0224000014623216
v -0.010400101999999998 0.017599996 0.0224000014623216
v -0.012000101999999999 0.015999996 0.0224000014623216
v -0.004000104021764399 0.032 0.0224000014623216
v -0.005600103999999999 0.0304 0.0224000014623216
v -0.012000106 0.031999996 0.0224000014623216
v -0.010400106000000001 0.030399996 0.0224000014623216
v -0.005600103199999999 0.017599996 0.030400001462321597
v -0.005600103999999998 0.023999996000000003 0.030400001462321597
v -0.010400106000000001 0.023999996000000003 0.030400001462321597
v -0.010400101999999998 0.017599996 0.030400001462321597
v -0.004000103907348798 0.024 0.0320000014623216
v -0.0040001029536743974 0.015999996 0.0320000014623216
v -0.012000101999999997 0.015999996 0.0320000014623216
v -0.012000106 0.023999996000000003 0.0320000014623216
v -0.012000101999999999 0.015999996 0.0224000014623216
v -0.012000101999999997 0.015999996 0.0320000014623216
v -0.0040001029536743974 0.015999996 0.0320000014623216
v -0.0040001021144156785 0.015999996 0.0224000014623216
v -0.005600102399999999 0.017599996 0.0224000014623216
v -0.005600103199999999 0.017599996 0.030400001462321597
v -0.010400101999999998 0.017599996 0.030400001462321597
v -0.010400101999999998 0.017599996 0.0224000014623216
v -0.005600103999999999 0.0304 0.024000001462321598
v -0.005600103999999999 0.0304 0.0224000014623216
v -0.010400106000000001 0.030399996 0.0224000014623216
v -0.010400106000000001 0.030399996 0.024000001462321598
v -0.004000104021764399 0.032 0.0224000014623216
v -0.004000104161640799 0.032 0.024000001462321598
v -0.012000106 0.031999996 0.024000001462321598
v -0.012000106 0.031999996 0.0224000014623216
v -0.012000106 0.031999996 0.0224000014623216
v -0.012000106 0.031999996 0.024000001462321598
v -0.012000101999999997 0.015999996 0.0320000014623216
v -0.012000101999999999 0.015999996 0.0224000014623216
v -0.012000106 0.023999996000000003 0.0320000014623216
v -0.010400106000000001 0.030399996 0.0224000014623216
v -0.010400101999999998 0.017599996 0.0224000014623216
v -0.010400101999999998 0.017599996 0.030400001462321597
v -0.010400106000000001 0.030399996 0.024000001462321598
v -0.010400106000000001 0.023999996000000003 0.030400001462321597
v -0.005600103999999999 0.0304 0.0224000014623216
v -0.005600103999999999 0.0304 0.024000001462321598
v -0.005600103199999999 0.017599996 0.030400001462321597
v -0.005600102399999999 0.017599996 0.0224000014623216
v -0.005600103999999998 0.023999996000000003 0.030400001462321597
v -0.004000104021764399 0.032 0.0224000014623216
v -0.0040001021144156785 0.015999996 0.0224000014623216
v -0.0040001029536743974 0.015999996 0.0320000014623216
v -0.004000104161640799 0.032 0.024000001462321598
v -0.004000103907348798 0.024 0.0320000014623216
v -0.005600103999999999 0.0304 0.024000001462321598
v -0.010400106000000001 0.030399996 0.024000001462321598
v -0.010400106000000001 0.023999996000000003 0.030400001462321597
v -0.005600103999999998 0.023999996000000003 0.030400001462321597
v -0.010400105999999996 0.019999996 0.0320000014623216
v -0.010217462 0.019081516 0.0320000014623216
v -0.010217465999999998 0.019081516 0.033600001462321595
v -0.010400105999999996 0.019999996 0.033600001462321595
v -0.009697145999999999 0.018302956000000002 0.0320000014623216
v -0.009697145999999999 0.018302956000000002 0.033600001462321595
v -0.008918581999999998 0.017782636 0.0320000014623216
v -0.008918581999999998 0.017782636 0.033600001462321595
v -0.008000101999999999 0.017599996 0.0320000014623216
v -0.008000101999999999 0.017599996 0.033600001462321595
v -0.007081623599999998 0.017782636 0.0320000014623216
v -0.007081623599999998 0.017782636 0.033600001462321595
v -0.006303063599999999 0.018302956000000002 0.0320000014623216
v -0.006303063599999999 0.018302956000000002 0.033600001462321595
v -0.0057827435999999975 0.019081516 0.0320000014623216
v -0.0057827435999999975 0.019081516 0.033600001462321595
v -0.005600103599999998 0.019999996 0.0320000014623216
v -0.005600103599999998 0.019999996 0.033600001462321595
v -0.0057827435999999975 0.020918476000000005 0.0320000014623216
v -0.005782743999999998 0.020918476000000005 0.033600001462321595
v -0.006303063999999998 0.021697036 0.0320000014623216
v -0.006303063999999998 0.021697036 0.033600001462321595
v -0.007081623999999997 0.022217356 0.0320000014623216
v -0.007081623999999997 0.022217356 0.033600001462321595
v -0.008000105999999998 0.022399996000000002 0.0320000014623216
v -0.008000105999999998 0.022399996000000002 0.033600001462321595
v -0.008918586 0.022217356 0.0320000014623216
v -0.008918586 0.022217356 0.033600001462321595
v -0.009697145999999999 0.021697036 0.0320000014623216
v -0.009697145999999999 0.021697036 0.033600001462321595
v -0.010217465999999998 0.020918476000000005 0.0320000014623216
v -0.010217465999999998 0.020918476000000005 0.033600001462321595
v -0.010217465999999998 0.019081516 0.033600001462321595
v -0.010400105999999996 0.019999996 0.033600001462321595
v -0.008000101999999999 0.019999996 0.033600001462321595
v -0.009697145999999999 0.018302956000000002 0.033600001462321595
v -0.008918581999999998 0.017782636 0.033600001462321595
v -0.008000101999999999 0.017599996 0.033600001462321595
v -0.007081623599999998 0.017782636 0.033600001462321595
v -0.006303063599999999 0.018302956000000002 0.033600001462321595
v -0.0057827435999999975 0.019081516 0.033600001462321595
v -0.005600103599999998 0.019999996 0.033600001462321595
v -0.005782743999999998 0.020918476000000005 0.033600001462321595
v -0.006303063999999998 0.021697036 0.033600001462321595
v -0.007081623999999997 0.022217356 0.033600001462321595
v -0.008000105999999998 0.022399996000000002 0.033600001462321595
v -0.008918586 0.022217356 0.033600001462321595
v -0.009697145999999999 0.021697036 0.033600001462321595
v -0.010217465999999998 0.020918476000000005 0.033600001462321595
v -0.004000104161640799 0.032 0.024000001462321598
v -0.004000103907348798 0.024 0.0320000014623216
v -0.012000106 0.023999996000000003 0.0320000014623216
v -0.012000106 0.031999996 0.024000001462321598
v -0.017478341999999997 0.023387676000000003 0.0224000014623216
v -0.017600102 0.023999996000000003 0.0224000014623216
v -0.016000102 0.023999996000000003 0.0224000014623216
v -0.017131462 0.022868636 0.0224000014623216
v -0.016612421999999998 0.022521756 0.0224000014623216
v -0.016000102 0.022399996000000002 0.0224000014623216
v -0.015387782 0.022521756 0.0224000014623216
v -0.014868741999999999 0.022868636 0.0224000014623216
v -0.014521861999999998 0.023387676000000003 0.0224000014623216
v -0.014400102 0.023999996000000003 0.0224000014623216
v -0.014521861999999998 0.024612316000000002 0.0224000014623216
v -0.014868741999999999 0.025131356 0.0224000014623216
v -0.015387782 0.025478236 0.0224000014623216
v -0.016000102 0.025599996 0.0224000014623216
v -0.016612421999999998 0.025478236 0.0224000014623216
v -0.017131462 0.025131356 0.0224000014623216
v -0.017478341999999997 0.024612316000000002 0.0224000014623216
v -0.017600102 0.023999996000000003 0.0224000014623216
v -0.017478341999999997 0.023387676000000003 0.0224000014623216
v -0.017478341999999997 0.023387676000000003 0.024000001462321598
v -0.017600102 0.023999996000000003 0.024000001462321598
v -0.017131462 0.022868636 0.0224000014623216
v -0.017131462 0.022868636 0.024000001462321598
v -0.016612421999999998 0.022521756 0.0224000014623216
v -0.016612421999999998 0.022521756 0.024000001462321598
v -0.016000102 0.022399996000000002 0.0224000014623216
v -0.016000102 0.022399996000000002 0.024000001462321598
v -0.015387782 0.022521756 0.0224000014623216
v -0.015387782 0.022521756 0.024000001462321598
v -0.014868741999999999 0.022868636 0.0224000014623216
v -0.014868741999999999 0.022868636 0.024000001462321598
v -0.014521861999999998 0.023387676000000003 0.0224000014623216
v -0.014521861999999998 0.023387676000000003 0.024000001462321598
v -0.014400102 0.023999996000000003 0.0224000014623216
v -0.014400102 0.023999996000000003 0.024000001462321598
v -0.014521861999999998 0.024612316000000002 0.0224000014623216
v -0.014521861999999998 0.024612316000000002 0.024000001462321598
v -0.014868741999999999 0.025131356 0.0224000014623216
v -0.014868741999999999 0.025131356 0.024000001462321598
v -0.015387782 0.025478236 0.0224000014623216
v -0.015387782 0.025478236 0.024000001462321598
v -0.016000102 0.025599996 0.0224000014623216
v -0.016000102 0.025599996 0.024000001462321598
v -0.016612421999999998 0.025478236 0.0224000014623216
v -0.016612421999999998 0.025478236 0.024000001462321598
v -0.017131462 0.025131356 0.0224000014623216
v -0.017131462 0.025131356 0.024000001462321598
v -0.017478341999999997 0.024612316000000002 0.0224000014623216
v -0.017478341999999997 0.024612316000000002 0.024000001462321598
v -0.016000102 0.025599996 0.028800001462321596
v -0.016612421999999998 0.025478236 0.028800001462321596
v -0.016612421999999998 0.025478236 0.0289217614623216
v -0.017131462 0.025131356 0.028800001462321596
v -0.017131462 0.025131356 0.0292686414623216
v -0.017478341999999997 0.024612316000000002 0.028800001462321596
v -0.017478341999999997 0.024612316000000002 0.029787681462321598
v -0.017600102 0.023999996000000003 0.028800001462321596
v -0.017600102 0.023999996000000003 0.030400001462321597
v -0.015387782 0.025478236 0.028800001462321596
v -0.015387782 0.025478236 0.0289217614623216
v -0.014868741999999999 0.025131356 0.028800001462321596
v -0.014868741999999999 0.025131356 0.0292686414623216
v -0.014521861999999998 0.024612316000000002 0.028800001462321596
v -0.014521861999999998 0.024612316000000002 0.029787681462321598
v -0.014400102 0.023999996000000003 0.028800001462321596
v -0.014400102 0.023999996000000003 0.030400001462321597
v -0.017478341999999997 0.023387676000000003 0.030400001462321597
v -0.017131462 0.022868636 0.030400001462321597
v -0.016612421999999998 0.022521756 0.030400001462321597
v -0.016000102 0.022399996000000002 0.030400001462321597
v -0.015387782 0.022521756 0.030400001462321597
v -0.014868741999999999 0.022868636 0.030400001462321597
v -0.014521861999999998 0.023387676000000003 0.030400001462321597
v -0.012000101999999999 0.015999996 0.0224000014623216
v -0.013600102 0.017599996 0.0224000014623216
v -0.018400101999999998 0.017599996 0.0224000014623216
v -0.020000102000000002 0.015999996 0.0224000014623216
v -0.012000101999999999 0.032 0.0224000014623216
v -0.013600102 0.0304 0.0224000014623216
v -0.020000102000000002 0.031999996 0.0224000014623216
v -0.018400101999999998 0.030399996 0.0224000014623216
v -0.013600101999999996 0.017599996 0.030400001462321597
v -0.013600102 0.024 0.030400001462321597
v -0.018400101999999998 0.023999996000000003 0.030400001462321597
v -0.018400101999999998 0.017599996 0.030400001462321597
v -0.012000101999999999 0.024 0.0320000014623216
v -0.012000101999999997 0.015999996 0.0320000014623216
v -0.020000102000000002 0.015999996 0.0320000014623216
v -0.020000102000000002 0.023999996000000003 0.0320000014623216
v -0.020000102000000002 0.015999996 0.0224000014623216
v -0.020000102000000002 0.015999996 0.0320000014623216
v -0.012000101999999997 0.015999996 0.0320000014623216
v -0.012000101999999999 0.015999996 0.0224000014623216
v -0.013600102 0.017599996 0.0224000014623216
v -0.013600101999999996 0.017599996 0.030400001462321597
v -0.018400101999999998 0.017599996 0.030400001462321597
v -0.018400101999999998 0.017599996 0.0224000014623216
v -0.013600102 0.0304 0.024000001462321598
v -0.013600102 0.0304 0.0224000014623216
v -0.018400101999999998 0.030399996 0.0224000014623216
v -0.018400101999999998 0.030399996 0.024000001462321598
v -0.012000101999999999 0.032 0.0224000014623216
v -0.012000101999999999 0.032 0.024000001462321598
v -0.020000102000000002 0.031999996 0.024000001462321598
v -0.020000102000000002 0.031999996 0.0224000014623216
v -0.020000102000000002 0.031999996 0.0224000014623216
v -0.020000102000000002 0.031999996 0.024000001462321598
v -0.020000102000000002 0.015999996 0.0320000014623216
v -0.020000102000000002 0.015999996 0.0224000014623216
v -0.020000102000000002 0.023999996000000003 0.0320000014623216
v -0.018400101999999998 0.030399996 0.0224000014623216
v -0.018400101999999998 0.017599996 0.0224000014623216
v -0.018400101999999998 0.017599996 0.030400001462321597
v -0.018400101999999998 0.030399996 0.024000001462321598
v -0.018400101999999998 0.023999996000000003 0.030400001462321597
v -0.013600102 0.0304 0.0224000014623216
v -0.013600102 0.0304 0.024000001462321598
v -0.013600101999999996 0.017599996 0.030400001462321597
v -0.013600102 0.017599996 0.0224000014623216
v -0.013600102 0.024 0.030400001462321597
v -0.012000101999999999 0.032 0.0224000014623216
v -0.012000101999999999 0.015999996 0.0224000014623216
v -0.012000101999999997 0.015999996 0.0320000014623216
v -0.012000101999999999 0.032 0.024000001462321598
v -0.012000101999999999 0.024 0.0320000014623216
v -0.013600102 0.0304 0.024000001462321598
v -0.018400101999999998 0.030399996 0.024000001462321598
v -0.018400101999999998 0.023999996000000003 0.030400001462321597
v -0.013600102 0.024 0.030400001462321597
v -0.018400101999999998 0.019999996 0.0320000014623216
v -0.018217461999999997 0.019081516 0.0320000014623216
v -0.018217461999999997 0.019081516 0.033600001462321595
v -0.018400101999999998 0.019999996 0.033600001462321595
v -0.017697142000000003 0.018302956000000002 0.0320000014623216
v -0.017697142000000003 0.018302956000000002 0.033600001462321595
v -0.016918581999999998 0.017782636 0.0320000014623216
v -0.016918581999999998 0.017782636 0.033600001462321595
v -0.016000102 0.017599996 0.0320000014623216
v -0.016000102 0.017599996 0.033600001462321595
v -0.015081622 0.017782636 0.0320000014623216
v -0.015081622 0.017782636 0.033600001462321595
v -0.014303061999999998 0.018302956000000002 0.0320000014623216
v -0.014303061999999998 0.018302956000000002 0.033600001462321595
v -0.013782741999999999 0.019081516 0.0320000014623216
v -0.013782741999999999 0.019081516 0.033600001462321595
v -0.013600101999999996 0.019999996 0.0320000014623216
v -0.013600101999999996 0.019999996 0.033600001462321595
v -0.013782741999999999 0.020918476000000005 0.0320000014623216
v -0.013782741999999999 0.020918476000000005 0.033600001462321595
v -0.014303062 0.021697036 0.0320000014623216
v -0.014303061999999998 0.021697036 0.033600001462321595
v -0.015081622 0.022217356 0.0320000014623216
v -0.015081622 0.022217356 0.033600001462321595
v -0.016000102 0.022399996000000002 0.0320000014623216
v -0.016000102 0.022399996000000002 0.033600001462321595
v -0.016918581999999998 0.022217356 0.0320000014623216
v -0.016918581999999998 0.022217356 0.033600001462321595
v -0.017697142000000003 0.021697036 0.0320000014623216
v -0.017697142000000003 0.021697036 0.033600001462321595
v -0.018217461999999997 0.020918476000000005 0.0320000014623216
v -0.018217461999999997 0.020918476000000005 0.033600001462321595
v -0.018217461999999997 0.019081516 0.033600001462321595
v -0.018400101999999998 0.019999996 0.033600001462321595
v -0.016000102 0.019999996 0.033600001462321595
v -0.017697142000000003 0.018302956000000002 0.033600001462321595
v -0.016918581999999998 0.017782636 0.033600001462321595
v -0.016000102 0.017599996 0.033600001462321595
v -0.015081622 0.017782636 0.033600001462321595
v -0.014303061999999998 0.018302956000000002 0.033600001462321595
v -0.013782741999999999 0.019081516 0.033600001462321595
v -0.013600101999999996 0.019999996 0.033600001462321595
v -0.013782741999999999 0.020918476000000005 0.033600001462321595
v -0.014303061999999998 0.021697036 0.033600001462321595
v -0.015081622 0.022217356 0.033600001462321595
v -0.016000102 0.022399996000000002 0.033600001462321595
v -0.016918581999999998 0.022217356 0.033600001462321595
v -0.017697142000000003 0.021697036 0.033600001462321595
v -0.018217461999999997 0.020918476000000005 0.033600001462321595
v -0.012000101999999999 0.032 0.024000001462321598
v -0.012000101999999999 0.024 0.0320000014623216
v -0.020000102000000002 0.023999996000000003 0.0320000014623216
v -0.020000102000000002 0.031999996 0.024000001462321598
v -0.018521862 0.012612315999999998 0.0224000014623216
v -0.018400101999999998 0.011999995999999999 0.0224000014623216
v -0.020000102000000002 0.011999995999999999 0.0224000014623216
v -0.018868741999999997 0.013131356 0.0224000014623216
v -0.019387782 0.013478236000000001 0.0224000014623216
v -0.020000102000000002 0.013599996 0.0224000014623216
v -0.020612422 0.013478236000000001 0.0224000014623216
v -0.021131462 0.013131356 0.0224000014623216
v -0.021478342 0.012612315999999998 0.0224000014623216
v -0.021600102 0.011999995999999999 0.0224000014623216
v -0.021478342 0.011387676 0.0224000014623216
v -0.021131462 0.010868636 0.0224000014623216
v -0.020612422 0.010521756 0.0224000014623216
v -0.020000102000000002 0.010399995999999998 0.0224000014623216
v -0.019387782 0.010521756 0.0224000014623216
v -0.018868741999999997 0.010868636 0.0224000014623216
v -0.018521862 0.011387676 0.0224000014623216
v -0.018400101999999998 0.011999995999999999 0.0224000014623216
v -0.018521862 0.012612315999999998 0.0224000014623216
v -0.018521865999999998 0.012612315999999998 0.030400001462321597
v -0.018400101999999998 0.011999995999999999 0.030400001462321597
v -0.018868741999999997 0.013131356 0.0224000014623216
v -0.018868741999999997 0.013131356 0.030400001462321597
v -0.019387782 0.013478236000000001 0.0224000014623216
v -0.019387782 0.013478236000000001 0.030400001462321597
v -0.020000102000000002 0.013599996 0.0224000014623216
v -0.020000102000000002 0.013599996 0.030400001462321597
v -0.020612422 0.013478236000000001 0.0224000014623216
v -0.020612422 0.013478236000000001 0.030400001462321597
v -0.021131462 0.013131356 0.0224000014623216
v -0.021131462 0.013131356 0.030400001462321597
v -0.021478342 0.012612315999999998 0.0224000014623216
v -0.021478342 0.012612315999999998 0.030400001462321597
v -0.021600102 0.011999995999999999 0.0224000014623216
v -0.021600102 0.011999995999999999 0.030400001462321597
v -0.021478342 0.011387676 0.0224000014623216
v -0.021478342 0.011387676 0.030400001462321597
v -0.021131462 0.010868636 0.0224000014623216
v -0.021131462 0.010868636 0.030400001462321597
v -0.020612422 0.010521756 0.0224000014623216
v -0.020612422 0.010521756 0.030400001462321597
v -0.020000102000000002 0.010399995999999998 0.0224000014623216
v -0.020000102000000002 0.010399995999999998 0.030400001462321597
v -0.019387782 0.010521756 0.0224000014623216
v -0.019387782 0.010521756 0.030400001462321597
v -0.018868741999999997 0.010868636 0.0224000014623216
v -0.018868741999999997 0.010868636 0.030400001462321597
v -0.018521862 0.011387676 0.0224000014623216
v -0.018521862 0.011387676 0.030400001462321597
v -0.026400101999999998 0.009599992 0.030400001462321597
v -0.013600101999999996 0.009599996000000001 0.030400001462321597
v -0.013600105999999999 0.014399996 0.030400001462321597
v -0.026400101999999998 0.014399992000000002 0.030400001462321597
v -0.013600105999999999 0.014399996 0.030400001462321597
v -0.013600105999999999 0.014399996 0.0224000014623216
v -0.026400101999999998 0.014399992000000002 0.0224000014623216
v -0.026400101999999998 0.014399992000000002 0.030400001462321597
v -0.026400101999999998 0.014399992000000002 0.030400001462321597
v -0.026400101999999998 0.014399992000000002 0.0224000014623216
v -0.026400101999999998 0.009599992 0.0224000014623216
v -0.026400101999999998 0.009599992 0.030400001462321597
v -0.026400101999999998 0.009599992 0.030400001462321597
v -0.026400101999999998 0.009599992 0.0224000014623216
v -0.013600101999999996 0.009599996000000001 0.0224000014623216
v -0.013600101999999996 0.009599996000000001 0.030400001462321597
v -0.013600101999999996 0.009599996000000001 0.030400001462321597
v -0.013600101999999996 0.009599996000000001 0.0224000014623216
v -0.013600105999999999 0.014399996 0.0224000014623216
v -0.013600105999999999 0.014399996 0.030400001462321597
v -0.028000102 0.015999991999999998 0.0224000014623216
v -0.026400101999999998 0.014399992000000002 0.0224000014623216
v -0.013600105999999999 0.014399996 0.0224000014623216
v -0.012000106 0.016 0.0224000014623216
v -0.028000102 0.007999992 0.0224000014623216
v -0.026400101999999998 0.009599992 0.0224000014623216
v -0.012000101999999997 0.008 0.0224000014623216
v -0.013600101999999996 0.009599996000000001 0.0224000014623216
v -0.028000102 0.007999992 0.0320000014623216
v -0.012000101999999997 0.008 0.0320000014623216
v -0.012000105999999996 0.016 0.0320000014623216
v -0.028000106000000004 0.015999991999999998 0.0320000014623216
v -0.012000105999999996 0.016 0.0320000014623216
v -0.012000106 0.016 0.0224000014623216
v -0.028000102 0.015999991999999998 0.0224000014623216
v -0.028000106000000004 0.015999991999999998 0.0320000014623216
v -0.028000106000000004 0.015999991999999998 0.0320000014623216
v -0.028000102 0.015999991999999998 0.0224000014623216
v -0.028000102 0.007999992 0.0224000014623216
v -0.028000102 0.007999992 0.0320000014623216
v -0.028000102 0.007999992 0.0320000014623216
v -0.028000102 0.007999992 0.0224000014623216
v -0.012000101999999997 0.008 0.0224000014623216
v -0.012000101999999997 0.008 0.0320000014623216
v -0.012000101999999997 0.008 0.0320000014623216
v -0.012000101999999997 0.008 0.0224000014623216
v -0.012000106 0.016 0.0224000014623216
v -0.012000105999999996 0.016 0.0320000014623216
v -0.013600101999999996 0.011999995999999999 0.0320000014623216
v -0.013782745999999997 0.012918476000000002 0.0320000014623216
v -0.013782745999999997 0.012918476000000002 0.033600001462321595
v -0.013600105999999999 0.011999995999999999 0.033600001462321595
v -0.014303065999999998 0.013697036000000001 0.0320000014623216
v -0.014303065999999998 0.013697036000000001 0.033600001462321595
v -0.015081625999999997 0.014217356 0.0320000014623216
v -0.015081625999999997 0.014217356 0.033600001462321595
v -0.016000106 0.014399996 0.0320000014623216
v -0.016000106 0.014399996 0.033600001462321595
v -0.016918586 0.014217356 0.0320000014623216
v -0.016918586 0.014217356 0.033600001462321595
v -0.017697146 0.013697036000000001 0.0320000014623216
v -0.017697146 0.013697036000000001 0.033600001462321595
v -0.018217461999999997 0.012918476000000002 0.0320000014623216
v -0.018217461999999997 0.012918476000000002 0.033600001462321595
v -0.018400101999999998 0.011999995999999999 0.0320000014623216
v -0.018400101999999998 0.011999995999999999 0.033600001462321595
v -0.018217461999999997 0.011081516 0.0320000014623216
v -0.018217461999999997 0.011081516 0.033600001462321595
v -0.017697142000000003 0.010302955999999999 0.0320000014623216
v -0.017697141999999996 0.010302955999999999 0.033600001462321595
v -0.016918581999999998 0.009782635999999997 0.0320000014623216
v -0.016918581999999995 0.009782635999999997 0.033600001462321595
v -0.016000102 0.009599995999999998 0.0320000014623216
v -0.016000102 0.009599995999999998 0.033600001462321595
v -0.015081622 0.009782636 0.0320000014623216
v -0.015081622 0.009782636 0.033600001462321595
v -0.014303061999999998 0.010302956 0.0320000014623216
v -0.014303061999999998 0.010302956 0.033600001462321595
v -0.013782741999999999 0.011081516 0.0320000014623216
v -0.013782741999999999 0.011081516 0.033600001462321595
v -0.013782745999999997 0.012918476000000002 0.033600001462321595
v -0.013600105999999999 0.011999995999999999 0.033600001462321595
v -0.016000102 0.011999995999999999 0.033600001462321595
v -0.014303065999999998 0.013697036000000001 0.033600001462321595
v -0.015081625999999997 0.014217356 0.033600001462321595
v -0.016000106 0.014399996 0.033600001462321595
v -0.016918586 0.014217356 0.033600001462321595
v -0.017697146 0.013697036000000001 0.033600001462321595
v -0.018217461999999997 0.012918476000000002 0.033600001462321595
v -0.018400101999999998 0.011999995999999999 0.033600001462321595
v -0.018217461999999997 0.011081516 0.033600001462321595
v -0.017697141999999996 0.010302955999999999 0.033600001462321595
v -0.016918581999999995 0.009782635999999997 0.033600001462321595
v -0.016000102 0.009599995999999998 0.033600001462321595
v -0.015081622 0.009782636 0.033600001462321595
v -0.014303061999999998 0.010302956 0.033600001462321595
v -0.013782741999999999 0.011081516 0.033600001462321595
v -0.021600102 0.011999995999999999 0.0320000014623216
v -0.021782741999999997 0.012918476000000002 0.0320000014623216
v -0.021782741999999997 0.012918476000000002 0.033600001462321595
v -0.021600102 0.011999995999999999 0.033600001462321595
v -0.022303062 0.013697036000000001 0.0320000014623216
v -0.022303062 0.013697036000000001 0.033600001462321595
v -0.023081622 0.014217352 0.0320000014623216
v -0.023081622 0.014217352 0.033600001462321595
v -0.024000101999999995 0.014399992000000002 0.0320000014623216
v -0.024000101999999995 0.014399992000000002 0.033600001462321595
v -0.024918582 0.014217352 0.0320000014623216
v -0.024918582 0.014217352 0.033600001462321595
v -0.025697142 0.013697031999999998 0.0320000014623216
v -0.025697142 0.013697031999999998 0.033600001462321595
v -0.026217461999999997 0.012918472 0.0320000014623216
v -0.026217461999999997 0.012918472 0.033600001462321595
v -0.026400101999999998 0.011999992 0.0320000014623216
v -0.026400101999999998 0.011999992 0.033600001462321595
v -0.026217461999999997 0.011081511999999998 0.0320000014623216
v -0.026217461999999997 0.011081511999999998 0.033600001462321595
v -0.025697142 0.010302951999999999 0.0320000014623216
v -0.025697142 0.010302951999999999 0.033600001462321595
v -0.024918582 0.009782632 0.0320000014623216
v -0.024918581999999995 0.009782632 0.033600001462321595
v -0.024000101999999995 0.009599992 0.0320000014623216
v -0.024000101999999995 0.009599992 0.033600001462321595
v -0.023081622 0.009782635999999997 0.0320000014623216
v -0.023081622 0.009782635999999997 0.033600001462321595
v -0.022303062 0.010302955999999999 0.0320000014623216
v -0.022303061999999995 0.010302955999999999 0.033600001462321595
v -0.021782741999999997 0.011081516 0.0320000014623216
v -0.021782741999999997 0.011081516 0.033600001462321595
v -0.021782741999999997 0.012918476000000002 0.033600001462321595
v -0.021600102 0.011999995999999999 0.033600001462321595
v -0.024000101999999995 0.011999992 0.033600001462321595
v -0.022303062 0.013697036000000001 0.033600001462321595
v -0.023081622 0.014217352 0.033600001462321595
v -0.024000101999999995 0.014399992000000002 0.033600001462321595
v -0.024918582 0.014217352 0.033600001462321595
v -0.025697142 0.013697031999999998 0.033600001462321595
v -0.026217461999999997 0.012918472 0.033600001462321595
v -0.026400101999999998 0.011999992 0.033600001462321595
v -0.026217461999999997 0.011081511999999998 0.033600001462321595
v -0.025697142 0.010302951999999999 0.033600001462321595
v -0.024918581999999995 0.009782632 0.033600001462321595
v -0.024000101999999995 0.009599992 0.033600001462321595
v -0.023081622 0.009782635999999997 0.033600001462321595
v -0.022303061999999995 0.010302955999999999 0.033600001462321595
v -0.021782741999999997 0.011081516 0.033600001462321595
v -0.0025218615999999983 0.01261232 0.0224000014623216
v -0.002400101599999998 0.012 0.0224000014623216
v -0.004000101380277998 0.012 0.0224000014623216
v -0.0028687419999999988 0.013131360000000002 0.0224000014623216
v -0.003387781999999998 0.013478239999999999 0.0224000014623216
v -0.004000101952482758 0.013600000000000001 0.0224000014623216
v -0.004612421999999998 0.013478239999999999 0.0224000014623216
v -0.005131461599999998 0.013131360000000002 0.0224000014623216
v -0.005478341599999999 0.01261232 0.0224000014623216
v -0.005600101599999998 0.012 0.0224000014623216
v -0.005478341199999999 0.01138768 0.0224000014623216
v -0.0051314607999999986 0.01086864 0.0224000014623216
v -0.0046124207999999976 0.01052176 0.0224000014623216
v -0.004000100808073598 0.010400000000000001 0.0224000014623216
v -0.003387780799999998 0.01052176 0.0224000014623216
v -0.002868740799999998 0.01086864 0.0224000014623216
v -0.002521861199999998 0.01138768 0.0224000014623216
v -0.002400101599999998 0.012 0.0224000014623216
v -0.0025218615999999983 0.01261232 0.0224000014623216
v -0.0025218623999999977 0.01261232 0.030400001462321597
v -0.0024001019999999977 0.012 0.030400001462321597
v -0.0028687419999999988 0.013131360000000002 0.0224000014623216
v -0.002868742399999997 0.013131360000000002 0.030400001462321597
v -0.003387781999999998 0.013478239999999999 0.0224000014623216
v -0.003387782799999998 0.013478239999999999 0.030400001462321597
v -0.004000101952482758 0.013600000000000001 0.0224000014623216
v -0.0040001026518647976 0.013600000000000001 0.030400001462321597
v -0.004612421999999998 0.013478239999999999 0.0224000014623216
v -0.004612422799999998 0.013478239999999999 0.030400001462321597
v -0.005131461599999998 0.013131360000000002 0.0224000014623216
v -0.005131462399999997 0.013131360000000002 0.030400001462321597
v -0.005478341599999999 0.01261232 0.0224000014623216
v -0.005478342399999998 0.01261232 0.030400001462321597
v -0.005600101599999998 0.012 0.0224000014623216
v -0.005600101999999998 0.012 0.030400001462321597
v -0.005478341199999999 0.01138768 0.0224000014623216
v -0.005478341999999998 0.01138768 0.030400001462321597
v -0.0051314607999999986 0.01086864 0.0224000014623216
v -0.005131461599999998 0.01086864 0.030400001462321597
v -0.0046124207999999976 0.01052176 0.0224000014623216
v -0.004612421599999998 0.01052176 0.030400001462321597
v -0.004000100808073598 0.010400000000000001 0.0224000014623216
v -0.004000101507455597 0.010400000000000001 0.030400001462321597
v -0.003387780799999998 0.01052176 0.0224000014623216
v -0.003387781599999997 0.01052176 0.030400001462321597
v -0.002868740799999998 0.01086864 0.0224000014623216
v -0.0028687415999999978 0.01086864 0.030400001462321597
v -0.002521861199999998 0.01138768 0.0224000014623216
v -0.002521861999999997 0.01138768 0.030400001462321597
v -0.010400101999999998 0.009599996000000001 0.030400001462321597
v 0.0023998980000000027 0.0096 0.030400001462321597
v 0.0023998980000000027 0.0144 0.030400001462321597
v -0.010400101999999998 0.014399996 0.030400001462321597
v 0.0023998980000000027 0.0144 0.030400001462321597
v 0.0023998980000000014 0.0144 0.0224000014623216
v -0.010400101999999998 0.014399996 0.0224000014623216
v -0.010400101999999998 0.014399996 0.030400001462321597
v -0.010400101999999998 0.014399996 0.030400001462321597
v -0.010400101999999998 0.014399996 0.0224000014623216
v -0.010400101999999998 0.009599996000000001 0.0224000014623216
v -0.010400101999999998 0.009599996000000001 0.030400001462321597
v -0.010400101999999998 0.009599996000000001 0.030400001462321597
v -0.010400101999999998 0.009599996000000001 0.0224000014623216
v 0.0023998980000000027 0.0096 0.0224000014623216
v 0.0023998980000000027 0.0096 0.030400001462321597
v 0.0023998980000000027 0.0096 0.030400001462321597
v 0.0023998980000000027 0.0096 0.0224000014623216
v 0.0023998980000000014 0.0144 0.0224000014623216
v 0.0023998980000000027 0.0144 0.030400001462321597
v -0.012000101999999999 0.015999996 0.0224000014623216
v -0.010400101999999998 0.014399996 0.0224000014623216
v 0.0023998980000000014 0.0144 0.0224000014623216
v 0.003999898000000002 0.016 0.0224000014623216
v -0.012000097999999997 0.007999996 0.0224000014623216
v -0.010400101999999998 0.009599996000000001 0.0224000014623216
v 0.003999902000000003 0.008000004000000002 0.0224000014623216
v 0.0023998980000000027 0.0096 0.0224000014623216
v -0.012000101999999997 0.007999996 0.0320000014623216
v 0.003999898000000003 0.008000004000000002 0.0320000014623216
v 0.003999898000000003 0.016 0.0320000014623216
v -0.012000101999999997 0.015999996 0.0320000014623216
v 0.003999898000000003 0.016 0.0320000014623216
v 0.003999898000000002 0.016 0.0224000014623216
v -0.012000101999999999 0.015999996 0.0224000014623216
v -0.012000101999999997 0.015999996 0.0320000014623216
v -0.012000101999999997 0.015999996 0.0320000014623216
v -0.012000101999999999 0.015999996 0.0224000014623216
v -0.012000097999999997 0.007999996 0.0224000014623216
v -0.012000101999999997 0.007999996 0.0320000014623216
v -0.012000101999999997 0.007999996 0.0320000014623216
v -0.012000097999999997 0.007999996 0.0224000014623216
v 0.003999902000000003 0.008000004000000002 0.0224000014623216
v 0.003999898000000003 0.008000004000000002 0.0320000014623216
v 0.003999898000000003 0.008000004000000002 0.0320000014623216
v 0.003999902000000003 0.008000004000000002 0.0224000014623216
v 0.003999898000000002 0.016 0.0224000014623216
v 0.003999898000000003 0.016 0.0320000014623216
v 0.0023998980000000027 0.012 0.0320000014623216
v 0.002217258000000003 0.01291848 0.0320000014623216
v 0.002217258000000003 0.01291848 0.033600001462321595
v 0.0023998980000000027 0.012 0.033600001462321595
v 0.0016969380000000022 0.013697040000000002 0.0320000014623216
v 0.0016969380000000022 0.013697040000000002 0.033600001462321595
v 0.000918378000000003 0.014217359999999998 0.0320000014623216
v 0.000918378000000003 0.014217359999999998 0.033600001462321595
v -1.0319999999675034e-07 0.0144 0.0320000014623216
v -1.0319999999675034e-07 0.0144 0.033600001462321595
v -0.0009185827999999974 0.014217359999999998 0.0320000014623216
v -0.0009185831999999977 0.014217359999999998 0.033600001462321595
v -0.0016971427999999975 0.013697040000000002 0.0320000014623216
v -0.0016971427999999975 0.013697040000000002 0.033600001462321595
v -0.002217462399999998 0.01291848 0.0320000014623216
v -0.0022174627999999976 0.01291848 0.033600001462321595
v -0.0024001019999999977 0.012 0.0320000014623216
v -0.0024001023999999974 0.012 0.033600001462321595
v -0.002217461599999997 0.011081520000000001 0.0320000014623216
v -0.0022174619999999973 0.011081520000000001 0.033600001462321595
v -0.0016971415999999973 0.010302960000000002 0.0320000014623216
v -0.0016971415999999973 0.010302960000000002 0.033600001462321595
v -0.0009185811999999977 0.009782640000000002 0.0320000014623216
v -0.0009185815999999969 0.009782640000000002 0.033600001462321595
v -1.0199999999738197e-07 0.0096 0.0320000014623216
v -1.0199999999738197e-07 0.0096 0.033600001462321595
v 0.000918378000000003 0.009782640000000002 0.0320000014623216
v 0.000918378000000003 0.009782640000000002 0.033600001462321595
v 0.0016969380000000022 0.010302960000000002 0.0320000014623216
v 0.0016969380000000022 0.010302960000000002 0.033600001462321595
v 0.002217258000000003 0.011081520000000001 0.0320000014623216
v 0.002217258000000003 0.011081520000000001 0.033600001462321595
v 0.002217258000000003 0.01291848 0.033600001462321595
v 0.0023998980000000027 0.012 0.033600001462321595
v -1.0239999999717142e-07 0.012 0.033600001462321595
v 0.0016969380000000022 0.013697040000000002 0.033600001462321595
v 0.000918378000000003 0.014217359999999998 0.033600001462321595
v -1.0319999999675034e-07 0.0144 0.033600001462321595
v -0.0009185831999999977 0.014217359999999998 0.033600001462321595
v -0.0016971427999999975 0.013697040000000002 0.033600001462321595
v -0.0022174627999999976 0.01291848 0.033600001462321595
v -0.0024001023999999974 0.012 0.033600001462321595
v -0.0022174619999999973 0.011081520000000001 0.033600001462321595
v -0.0016971415999999973 0.010302960000000002 0.033600001462321595
v -0.0009185815999999969 0.009782640000000002 0.033600001462321595
v -1.0199999999738197e-07 0.0096 0.033600001462321595
v 0.000918378000000003 0.009782640000000002 0.033600001462321595
v 0.0016969380000000022 0.010302960000000002 0.033600001462321595
v 0.002217258000000003 0.011081520000000001 0.033600001462321595
v -0.005600101999999998 0.012 0.0320000014623216
v -0.005782742799999998 0.01291848 0.0320000014623216
v -0.005782742799999998 0.01291848 0.033600001462321595
v -0.0056001023999999976 0.012 0.033600001462321595
v -0.006303062799999998 0.013697040000000002 0.0320000014623216
v -0.006303062799999998 0.013697040000000002 0.033600001462321595
v -0.007081623199999998 0.014217359999999998 0.0320000014623216
v -0.007081623199999998 0.014217359999999998 0.033600001462321595
v -0.008000101999999999 0.0144 0.0320000014623216
v -0.008000101999999999 0.0144 0.033600001462321595
v -0.008918581999999998 0.014217356 0.0320000014623216
v -0.008918581999999998 0.014217356 0.033600001462321595
v -0.009697141999999997 0.013697036000000001 0.0320000014623216
v -0.009697141999999997 0.013697036000000001 0.033600001462321595
v -0.010217461999999997 0.012918476000000002 0.0320000014623216
v -0.010217461999999997 0.012918476000000002 0.033600001462321595
v -0.010400101999999998 0.011999995999999999 0.0320000014623216
v -0.010400101999999998 0.011999995999999999 0.033600001462321595
v -0.010217461999999997 0.011081516 0.0320000014623216
v -0.010217461999999997 0.011081516 0.033600001462321595
v -0.009697141999999997 0.010302956 0.0320000014623216
v -0.009697141999999997 0.010302956 0.033600001462321595
v -0.008918581999999998 0.009782636 0.0320000014623216
v -0.008918581999999998 0.009782636 0.033600001462321595
v -0.008000101199999997 0.009599996000000001 0.0320000014623216
v -0.008000101599999998 0.009599996000000001 0.033600001462321595
v -0.007081621599999997 0.009782640000000002 0.0320000014623216
v -0.007081621599999997 0.009782640000000002 0.033600001462321595
v -0.006303061599999997 0.010302960000000002 0.0320000014623216
v -0.006303061999999997 0.010302960000000002 0.033600001462321595
v -0.005782741999999998 0.011081520000000001 0.0320000014623216
v -0.005782741999999998 0.011081520000000001 0.033600001462321595
v -0.005782742799999998 0.01291848 0.033600001462321595
v -0.0056001023999999976 0.012 0.033600001462321595
v -0.008000101999999999 0.011999995999999999 0.033600001462321595
v -0.006303062799999998 0.013697040000000002 0.033600001462321595
v -0.007081623199999998 0.014217359999999998 0.033600001462321595
v -0.008000101999999999 0.0144 0.033600001462321595
v -0.008918581999999998 0.014217356 0.033600001462321595
v -0.009697141999999997 0.013697036000000001 0.033600001462321595
v -0.010217461999999997 0.012918476000000002 0.033600001462321595
v -0.010400101999999998 0.011999995999999999 0.033600001462321595
v -0.010217461999999997 0.011081516 0.033600001462321595
v -0.009697141999999997 0.010302956 0.033600001462321595
v -0.008918581999999998 0.009782636 0.033600001462321595
v -0.008000101599999998 0.009599996000000001 0.033600001462321595
v -0.007081621599999997 0.009782640000000002 0.033600001462321595
v -0.006303061999999997 0.010302960000000002 0.033600001462321595
v -0.005782741999999998 0.011081520000000001 0.033600001462321595
v 0.019999906000000005 -0.013599999999999998 0.012800001462321598
v 0.019081422000000008 -0.013782640000000002 0.012800001462321598
v 0.019081422000000008 -0.013782640000000002 0.014400001462321598
v 0.019999902000000007 -0.013599999999999998 0.014400001462321597
v 0.018302862000000003 -0.01430296 0.012800001462321598
v 0.018302862000000003 -0.01430296 0.014400001462321598
v 0.017782546000000007 -0.015081520000000003 0.012800001462321598
v 0.017782542000000005 -0.015081520000000003 0.014400001462321598
v 0.017599906000000002 -0.016 0.012800001462321598
v 0.017599902000000004 -0.016 0.014400001462321598
v 0.017782546000000007 -0.01691848 0.012800001462321598
v 0.017782542000000005 -0.01691848 0.014400001462321598
v 0.018302862000000003 -0.01769704 0.012800001462321598
v 0.018302862000000003 -0.01769704 0.014400001462321598
v 0.019081422000000008 -0.018217360000000002 0.012800001462321598
v 0.019081422000000008 -0.018217360000000002 0.014400001462321598
v 0.019999906000000005 -0.0184 0.012800001462321598
v 0.019999902000000007 -0.0184 0.014400001462321597
v 0.020918386 -0.018217359999999995 0.012800001462321598
v 0.020918386 -0.018217359999999995 0.014400001462321597
v 0.021696942000000004 -0.01769704 0.012800001462321598
v 0.021696942000000004 -0.01769704 0.014400001462321597
v 0.022217262 -0.01691848 0.012800001462321598
v 0.022217262 -0.01691848 0.014400001462321597
v 0.022399906000000004 -0.015999999999999997 0.012800001462321598
v 0.022399906000000004 -0.015999999999999997 0.014400001462321597
v 0.022217262 -0.015081519999999998 0.012800001462321598
v 0.022217262 -0.015081519999999998 0.014400001462321597
v 0.021696942000000004 -0.014302959999999997 0.012800001462321598
v 0.021696942000000004 -0.014302959999999997 0.014400001462321597
v 0.020918386 -0.013782639999999997 0.012800001462321598
v 0.020918386 -0.013782639999999997 0.014400001462321597
v 0.019999906000000005 -0.012799999999999999 0.012800001462321598
v 0.018775262000000004 -0.013043520000000003 0.012800001462321598
v 0.018775262000000004 -0.013043520000000003 0.014400001462321598
v 0.019999902000000007 -0.012799999999999999 0.014400001462321597
v 0.017737182000000004 -0.013737280000000001 0.012800001462321598
v 0.017737182000000004 -0.013737280000000001 0.014400001462321598
v 0.017043422000000003 -0.014775360000000001 0.012800001462321598
v 0.017043422000000003 -0.014775360000000001 0.014400001462321598
v 0.016799906000000003 -0.016 0.012800001462321598
v 0.016799902000000005 -0.016 0.014400001462321598
v 0.017043422000000003 -0.01722464 0.012800001462321598
v 0.017043422000000003 -0.01722464 0.014400001462321598
v 0.017737182000000004 -0.01826272 0.012800001462321598
v 0.017737182000000004 -0.01826272 0.014400001462321598
v 0.018775262000000004 -0.01895648 0.012800001462321598
v 0.018775262000000004 -0.01895648 0.014400001462321598
v 0.019999906000000005 -0.0192 0.012800001462321598
v 0.019999902000000007 -0.0192 0.014400001462321597
v 0.02122454200000001 -0.018956479999999994 0.012800001462321598
v 0.02122454200000001 -0.018956479999999994 0.014400001462321597
v 0.022262622 -0.018262719999999996 0.012800001462321598
v 0.022262622 -0.018262719999999996 0.014400001462321597
v 0.022956382 -0.01722464 0.012800001462321598
v 0.022956382 -0.01722464 0.014400001462321597
v 0.023199906000000006 -0.015999999999999997 0.012800001462321598
v 0.023199906000000006 -0.015999999999999997 0.014400001462321597
v 0.022956382 -0.014775359999999998 0.012800001462321598
v 0.022956382 -0.014775359999999998 0.014400001462321597
v 0.022262622 -0.01373728 0.012800001462321598
v 0.022262622 -0.01373728 0.014400001462321597
v 0.02122454200000001 -0.013043519999999998 0.012800001462321598
v 0.02122454200000001 -0.013043519999999998 0.014400001462321597
v 0.016799906000000003 -0.016 0.012800001462321598
v 0.017599906000000002 -0.016 0.012800001462321598
v 0.017782546000000007 -0.01691848 0.012800001462321598
v 0.017043422000000003 -0.01722464 0.012800001462321598
v 0.018302862000000003 -0.01769704 0.012800001462321598
v 0.017737182000000004 -0.01826272 0.012800001462321598
v 0.019081422000000008 -0.018217360000000002 0.012800001462321598
v 0.018775262000000004 -0.01895648 0.012800001462321598
v 0.019999906000000005 -0.0184 0.012800001462321598
v 0.019999906000000005 -0.0192 0.012800001462321598
v 0.020918386 -0.018217359999999995 0.012800001462321598
v 0.02122454200000001 -0.018956479999999994 0.012800001462321598
v 0.021696942000000004 -0.01769704 0.012800001462321598
v 0.022262622 -0.018262719999999996 0.012800001462321598
v 0.022217262 -0.01691848 0.012800001462321598
v 0.022956382 -0.01722464 0.012800001462321598
v 0.022399906000000004 -0.015999999999999997 0.012800001462321598
v 0.023199906000000006 -0.015999999999999997 0.012800001462321598
v 0.022217262 -0.015081519999999998 0.012800001462321598
v 0.022956382 -0.014775359999999998 0.012800001462321598
v 0.021696942000000004 -0.014302959999999997 0.012800001462321598
v 0.022262622 -0.01373728 0.012800001462321598
v 0.020918386 -0.013782639999999997 0.012800001462321598
v 0.02122454200000001 -0.013043519999999998 0.012800001462321598
v 0.019999906000000005 -0.013599999999999998 0.012800001462321598
v 0.019999906000000005 -0.012799999999999999 0.012800001462321598
v 0.019081422000000008 -0.013782640000000002 0.012800001462321598
v 0.018775262000000004 -0.013043520000000003 0.012800001462321598
v 0.018302862000000003 -0.01430296 0.012800001462321598
v 0.017737182000000004 -0.013737280000000001 0.012800001462321598
v 0.017782546000000007 -0.015081520000000003 0.012800001462321598
v 0.017043422000000003 -0.014775360000000001 0.012800001462321598
v 0.019999902000000007 -0.012799999999999999 0.020800001462321593
v 0.018775262000000004 -0.013043520000000003 0.0208000014623216
v 0.017737182000000004 -0.013737280000000001 0.0208000014623216
v 0.017043422000000003 -0.014775360000000001 0.0208000014623216
v 0.016799902000000005 -0.016 0.0208000014623216
v 0.017043422000000003 -0.01722464 0.0208000014623216
v 0.017737182000000004 -0.01826272 0.0208000014623216
v 0.018775262000000004 -0.01895648 0.0208000014623216
v 0.019999902000000007 -0.0192 0.020800001462321593
v 0.02122454200000001 -0.018956479999999994 0.020800001462321593
v 0.022262622 -0.018262719999999996 0.020800001462321593
v 0.022956382 -0.01722464 0.020800001462321593
v 0.023199906000000006 -0.015999999999999997 0.020800001462321593
v 0.022956382 -0.014775359999999998 0.020800001462321593
v 0.022262622 -0.01373728 0.020800001462321593
v 0.02122454200000001 -0.013043519999999998 0.020800001462321593
v 0.017782614000000006 -0.015081567999999998 0.0224000014623216
v 0.018302790000000006 -0.014302912000000001 0.0224000014623216
v 0.019081462000000007 -0.013782688 0.0224000014623216
v 0.019081470000000003 -0.018217288 0.0224000014623216
v 0.018302814000000004 -0.017697112 0.0224000014623216
v 0.017782590000000004 -0.016918440000000003 0.0224000014623216
v 0.022217194000000006 -0.016918432 0.022400001462321597
v 0.021697014 -0.017697087999999996 0.022400001462321597
v 0.020918342000000003 -0.018217312 0.022400001462321597
v 0.020918334000000007 -0.013782711999999999 0.022400001462321597
v 0.021696989999999996 -0.014302887999999996 0.022400001462321597
v 0.022217214 -0.015081559999999996 0.022400001462321597
v 0.018999902000000006 -0.015 0.0224000014623216
v 0.01919990200000001 -0.013759080000000002 0.0224000014623216
v 0.01919990200000001 -0.0144 0.0224000014623216
v 0.017758982000000006 -0.0152 0.0224000014623216
v 0.018399902000000006 -0.0152 0.0224000014623216
v 0.018999902000000006 -0.017 0.0224000014623216
v 0.017758982000000006 -0.0168 0.0224000014623216
v 0.018399902000000006 -0.0168 0.0224000014623216
v 0.01919990200000001 -0.0176 0.0224000014623216
v 0.01919990200000001 -0.01824092 0.0224000014623216
v 0.020999902000000008 -0.016999999999999998 0.022400001462321597
v 0.02079990200000001 -0.018240919999999997 0.022400001462321597
v 0.02079990200000001 -0.017599999999999998 0.022400001462321597
v 0.021599906000000006 -0.0168 0.022400001462321597
v 0.022240822000000007 -0.0168 0.022400001462321597
v 0.020999902000000008 -0.014999999999999998 0.022400001462321597
v 0.021599906000000006 -0.015199999999999998 0.022400001462321597
v 0.022240822000000007 -0.015199999999999998 0.022400001462321597
v 0.02079990200000001 -0.013759079999999996 0.022400001462321597
v 0.02079990200000001 -0.014399999999999998 0.022400001462321597
v 0.022217194000000006 -0.015081567999999997 0.014400001462321597
v 0.021697014 -0.014302912 0.014400001462321597
v 0.020918342000000003 -0.013782687999999996 0.014400001462321597
v 0.020918334000000007 -0.018217287999999995 0.014400001462321597
v 0.021696989999999996 -0.017697112 0.014400001462321597
v 0.022217218 -0.01691844 0.014400001462321597
v 0.017782614000000006 -0.016918432 0.014400001462321598
v 0.018302790000000006 -0.017697088 0.014400001462321598
v 0.019081462000000007 -0.018217312000000003 0.014400001462321598
v 0.019081470000000003 -0.013782712000000003 0.014400001462321598
v 0.018302814000000004 -0.014302887999999998 0.014400001462321598
v 0.017782590000000004 -0.015081559999999999 0.014400001462321598
v 0.020999902000000008 -0.014999999999999998 0.014400001462321597
v 0.02079990200000001 -0.013759079999999996 0.014400001462321597
v 0.02079990200000001 -0.014399999999999998 0.014400001462321597
v 0.022240822000000007 -0.015199999999999998 0.014400001462321597
v 0.021599906000000006 -0.015199999999999998 0.014400001462321597
v 0.020999902000000008 -0.016999999999999998 0.014400001462321597
v 0.022240822000000007 -0.0168 0.014400001462321597
v 0.021599906000000006 -0.0168 0.014400001462321597
v 0.02079990200000001 -0.017599999999999998 0.014400001462321597
v 0.02079990200000001 -0.018240919999999997 0.014400001462321597
v 0.018999902000000006 -0.017 0.014400001462321598
v 0.01919990200000001 -0.01824092 0.014400001462321598
v 0.01919990200000001 -0.0176 0.014400001462321598
v 0.018399902000000006 -0.0168 0.014400001462321598
v 0.017758982000000006 -0.0168 0.014400001462321598
v 0.018999902000000006 -0.015 0.014400001462321598
v 0.018399902000000006 -0.0152 0.014400001462321598
v 0.017758982000000006 -0.0152 0.014400001462321598
v 0.01919990200000001 -0.013759080000000002 0.014400001462321598
v 0.01919990200000001 -0.0144 0.014400001462321598
v 0.01919990200000001 -0.013759080000000002 0.014400001462321598
v 0.01919990200000001 -0.013759080000000002 0.0224000014623216
v 0.019999902000000007 -0.013599999999999998 0.022400001462321597
v 0.01919990200000001 -0.0144 0.0224000014623216
v 0.01919990200000001 -0.013759080000000002 0.0224000014623216
v 0.01919990200000001 -0.013759080000000002 0.014400001462321598
v 0.01919990200000001 -0.0144 0.014400001462321598
v 0.018999902000000006 -0.015 0.014400001462321598
v 0.018999902000000006 -0.015 0.0224000014623216
v 0.018399902000000006 -0.0152 0.014400001462321598
v 0.018399902000000006 -0.0152 0.0224000014623216
v 0.018999902000000006 -0.015 0.0224000014623216
v 0.018999902000000006 -0.015 0.014400001462321598
v 0.017758982000000006 -0.0152 0.014400001462321598
v 0.017758982000000006 -0.0152 0.0224000014623216
v 0.017758982000000006 -0.0152 0.014400001462321598
v 0.017599902000000004 -0.016 0.0224000014623216
v 0.017758982000000006 -0.0152 0.0224000014623216
v 0.017758982000000006 -0.0168 0.014400001462321598
v 0.017758982000000006 -0.0168 0.0224000014623216
v 0.018399902000000006 -0.0168 0.0224000014623216
v 0.017758982000000006 -0.0168 0.0224000014623216
v 0.017758982000000006 -0.0168 0.014400001462321598
v 0.018399902000000006 -0.0168 0.014400001462321598
v 0.018999902000000006 -0.017 0.014400001462321598
v 0.018999902000000006 -0.017 0.0224000014623216
v 0.01919990200000001 -0.0176 0.014400001462321598
v 0.01919990200000001 -0.0176 0.0224000014623216
v 0.018999902000000006 -0.017 0.0224000014623216
v 0.018999902000000006 -0.017 0.014400001462321598
v 0.01919990200000001 -0.01824092 0.014400001462321598
v 0.01919990200000001 -0.01824092 0.0224000014623216
v 0.019999902000000007 -0.0184 0.022400001462321597
v 0.01919990200000001 -0.01824092 0.0224000014623216
v 0.01919990200000001 -0.01824092 0.014400001462321598
v 0.02079990200000001 -0.018240919999999997 0.014400001462321597
v 0.02079990200000001 -0.018240919999999997 0.022400001462321597
v 0.02079990200000001 -0.017599999999999998 0.014400001462321597
v 0.02079990200000001 -0.017599999999999998 0.022400001462321597
v 0.02079990200000001 -0.018240919999999997 0.022400001462321597
v 0.02079990200000001 -0.018240919999999997 0.014400001462321597
v 0.020999902000000008 -0.016999999999999998 0.014400001462321597
v 0.020999902000000008 -0.016999999999999998 0.022400001462321597
v 0.021599906000000006 -0.0168 0.014400001462321597
v 0.021599906000000006 -0.0168 0.022400001462321597
v 0.020999902000000008 -0.016999999999999998 0.022400001462321597
v 0.020999902000000008 -0.016999999999999998 0.014400001462321597
v 0.022240822000000007 -0.0168 0.014400001462321597
v 0.022240822000000007 -0.0168 0.022400001462321597
v 0.022240822000000007 -0.0168 0.014400001462321597
v 0.022399906000000004 -0.015999999999999997 0.022400001462321597
v 0.022240822000000007 -0.0168 0.022400001462321597
v 0.022240822000000007 -0.015199999999999998 0.014400001462321597
v 0.022240822000000007 -0.015199999999999998 0.022400001462321597
v 0.021599906000000006 -0.015199999999999998 0.014400001462321597
v 0.021599906000000006 -0.015199999999999998 0.022400001462321597
v 0.022240822000000007 -0.015199999999999998 0.022400001462321597
v 0.022240822000000007 -0.015199999999999998 0.014400001462321597
v 0.020999902000000008 -0.014999999999999998 0.014400001462321597
v 0.020999902000000008 -0.014999999999999998 0.022400001462321597
v 0.02079990200000001 -0.014399999999999998 0.014400001462321597
v 0.02079990200000001 -0.014399999999999998 0.022400001462321597
v 0.020999902000000008 -0.014999999999999998 0.022400001462321597
v 0.020999902000000008 -0.014999999999999998 0.014400001462321597
v 0.02079990200000001 -0.013759079999999996 0.014400001462321597
v 0.02079990200000001 -0.013759079999999996 0.022400001462321597
v 0.02079990200000001 -0.013759079999999996 0.022400001462321597
v 0.02079990200000001 -0.013759079999999996 0.014400001462321597
v 0.023061374 -0.008608963999999998 0.012800001462321598
v 0.023061374 -0.008608963999999998 0.014400001462321597
v 0.019999846 -0.007999796 0.014400001462321597
v 0.019999846 -0.007999796 0.012800001462321598
v 0.016938466000000003 -0.008609035999999999 0.014400001462321598
v 0.016938466000000003 -0.008609035999999999 0.012800001462321598
v 0.016938466000000003 -0.008609035999999999 0.012800001462321598
v 0.019999846 -0.007999796 0.012800001462321598
v 0.023061374 -0.008608963999999998 0.012800001462321598
v 0.027390942 -0.019061467999999998 0.012800001462321598
v 0.027390938 -0.019061467999999998 0.014400001462321597
v 0.028000106000000004 -0.01599994 0.014400001462321597
v 0.028000106000000004 -0.01599994 0.012800001462321598
v 0.027390866000000003 -0.012938563999999998 0.014400001462321597
v 0.027390866000000003 -0.012938563999999998 0.012800001462321598
v 0.027390866000000003 -0.012938563999999998 0.012800001462321598
v 0.028000106000000004 -0.01599994 0.012800001462321598
v 0.027390942 -0.019061467999999998 0.012800001462321598
v 0.016938434000000002 -0.023391036 0.012800001462321598
v 0.016938434000000002 -0.023391036 0.014400001462321598
v 0.019999962000000007 -0.0240002 0.014400001462321597
v 0.019999962000000007 -0.0240002 0.012800001462321598
v 0.023061342 -0.023390964 0.014400001462321597
v 0.023061342 -0.023390964 0.012800001462321598
v 0.023061342 -0.023390964 0.012800001462321598
v 0.019999962000000007 -0.0240002 0.012800001462321598
v 0.016938434000000002 -0.023391036 0.012800001462321598
v 0.012608866000000003 -0.012938532 0.012800001462321598
v 0.012608866000000003 -0.012938532 0.014400001462321598
v 0.011999702000000006 -0.01600006 0.014400001462321598
v 0.011999702000000006 -0.01600006 0.012800001462321598
v 0.012608938000000004 -0.019061436 0.014400001462321598
v 0.012608938000000004 -0.019061436 0.012800001462321598
v 0.012608938000000004 -0.019061436 0.012800001462321598
v 0.011999702000000006 -0.01600006 0.012800001462321598
v 0.012608866000000003 -0.012938532 0.012800001462321598
v 0.015455902000000004 -0.0096 0.014400001462321598
v 0.024543906 -0.0096 0.014400001462321597
v 0.024543906 -0.0096 0.012800001462321598
v 0.015455902000000002 -0.0096 0.012800001462321598
v 0.026399906000000008 -0.011456 0.014400001462321597
v 0.026399906000000008 -0.020544 0.014400001462321597
v 0.026399906000000008 -0.020544 0.012800001462321598
v 0.026399906000000008 -0.011456 0.012800001462321598
v 0.024543906 -0.0224 0.014400001462321597
v 0.015455902000000004 -0.022400000000000003 0.014400001462321598
v 0.015455902000000004 -0.022400000000000003 0.012800001462321598
v 0.024543906 -0.0224 0.012800001462321598
v 0.013599902000000006 -0.020544000000000003 0.014400001462321598
v 0.013599902000000006 -0.011456 0.014400001462321598
v 0.013599906000000004 -0.011456 0.012800001462321598
v 0.013599906000000004 -0.020544000000000003 0.012800001462321598
v 0.012607906000000007 -0.01294 0.012800001462321598
v 0.012607906000000007 -0.01906 0.012800001462321598
v 0.013599906000000004 -0.020544000000000003 0.012800001462321598
v 0.013599906000000004 -0.011456 0.012800001462321598
v 0.016939902000000003 -0.023392 0.012800001462321598
v 0.023059906000000005 -0.023391999999999996 0.012800001462321598
v 0.024543906 -0.0224 0.012800001462321598
v 0.015455902000000004 -0.022400000000000003 0.012800001462321598
v 0.027391902000000003 -0.019059999999999997 0.012800001462321598
v 0.027391902000000003 -0.012939999999999998 0.012800001462321598
v 0.026399906000000008 -0.011456 0.012800001462321598
v 0.026399906000000008 -0.020544 0.012800001462321598
v 0.023059906000000005 -0.008608 0.012800001462321598
v 0.016939902000000003 -0.008608 0.012800001462321598
v 0.015455902000000002 -0.0096 0.012800001462321598
v 0.024543906 -0.0096 0.012800001462321598
v 0.015455902000000002 -0.0096 0.012800001462321598
v 0.016939902000000003 -0.008608 0.012800001462321598
v 0.016939902000000003 -0.008608 0.014400001462321598
v 0.015455902000000004 -0.0096 0.014400001462321598
v 0.012607906000000007 -0.01294 0.012800001462321598
v 0.013599906000000004 -0.011456 0.012800001462321598
v 0.013599902000000006 -0.011456 0.014400001462321598
v 0.012607902000000004 -0.01294 0.014400001462321598
v 0.016939902000000003 -0.023392 0.012800001462321598
v 0.015455902000000004 -0.022400000000000003 0.012800001462321598
v 0.015455902000000004 -0.022400000000000003 0.014400001462321598
v 0.016939902000000003 -0.023392 0.014400001462321598
v 0.013599906000000004 -0.020544000000000003 0.012800001462321598
v 0.012607906000000007 -0.01906 0.012800001462321598
v 0.012607902000000004 -0.01906 0.014400001462321598
v 0.013599902000000006 -0.020544000000000003 0.014400001462321598
v 0.023059906000000005 -0.008608 0.012800001462321598
v 0.024543906 -0.0096 0.012800001462321598
v 0.024543906 -0.0096 0.014400001462321597
v 0.023059906000000005 -0.008608 0.014400001462321597
v 0.026399906000000008 -0.011456 0.012800001462321598
v 0.027391902000000003 -0.012939999999999998 0.012800001462321598
v 0.027391902000000003 -0.012939999999999998 0.014400001462321597
v 0.026399906000000008 -0.011456 0.014400001462321597
v 0.024543906 -0.0224 0.012800001462321598
v 0.023059906000000005 -0.023391999999999996 0.012800001462321598
v 0.023059906000000005 -0.023391999999999996 0.014400001462321597
v 0.024543906 -0.0224 0.014400001462321597
v 0.027391902000000003 -0.019059999999999997 0.012800001462321598
v 0.026399906000000008 -0.020544 0.012800001462321598
v 0.026399906000000008 -0.020544 0.014400001462321597
v 0.027391902000000003 -0.019059999999999997 0.014400001462321597
v 0.013599902000000006 -0.016 0.0208000014623216
v 0.016799902000000005 -0.016 0.0208000014623216
v 0.017043422000000003 -0.01722464 0.0208000014623216
v 0.014086942000000005 -0.01844928 0.0208000014623216
v 0.017737182000000004 -0.01826272 0.0208000014623216
v 0.015474462000000005 -0.020525440000000002 0.0208000014623216
v 0.018775262000000004 -0.01895648 0.0208000014623216
v 0.017550622000000005 -0.021912960000000006 0.0208000014623216
v 0.019999902000000007 -0.0192 0.020800001462321593
v 0.019999902000000007 -0.0224 0.020800001462321593
v 0.02122454200000001 -0.018956479999999994 0.020800001462321593
v 0.022449181999999998 -0.02191296 0.020800001462321593
v 0.022262622 -0.018262719999999996 0.020800001462321593
v 0.024525342 -0.02052544 0.020800001462321593
v 0.022956382 -0.01722464 0.020800001462321593
v 0.025912862 -0.01844928 0.020800001462321593
v 0.023199906000000006 -0.015999999999999997 0.020800001462321593
v 0.026399906000000008 -0.015999999999999997 0.020800001462321593
v 0.022956382 -0.014775359999999998 0.020800001462321593
v 0.025912862 -0.013550719999999999 0.020800001462321593
v 0.022262622 -0.01373728 0.020800001462321593
v 0.024525342 -0.011474559999999998 0.020800001462321593
v 0.02122454200000001 -0.013043519999999998 0.020800001462321593
v 0.022449181999999998 -0.010087039999999999 0.020800001462321593
v 0.019999902000000007 -0.012799999999999999 0.020800001462321593
v 0.019999902000000007 -0.0096 0.020800001462321593
v 0.018775262000000004 -0.013043520000000003 0.0208000014623216
v 0.017550622000000005 -0.010087039999999999 0.0208000014623216
v 0.017737182000000004 -0.013737280000000001 0.0208000014623216
v 0.015474462000000005 -0.011474559999999998 0.0208000014623216
v 0.017043422000000003 -0.014775360000000001 0.0208000014623216
v 0.014086942000000005 -0.01355072 0.0208000014623216
v 0.019999902000000007 -0.0096 0.020800001462321593
v 0.017550622000000005 -0.010087039999999999 0.0208000014623216
v 0.017550622000000005 -0.010087039999999999 0.014400001462321598
v 0.019999902000000007 -0.0096 0.014400001462321597
v 0.015474462000000005 -0.011474559999999998 0.0208000014623216
v 0.015474462000000005 -0.011474559999999998 0.014400001462321598
v 0.014086942000000005 -0.01355072 0.0208000014623216
v 0.014086942000000005 -0.01355072 0.014400001462321598
v 0.013599902000000006 -0.016 0.0208000014623216
v 0.013599902000000006 -0.016 0.014400001462321598
v 0.014086942000000005 -0.01844928 0.0208000014623216
v 0.014086942000000005 -0.01844928 0.014400001462321598
v 0.015474462000000005 -0.020525440000000002 0.0208000014623216
v 0.015474462000000005 -0.020525440000000002 0.014400001462321598
v 0.017550622000000005 -0.021912960000000006 0.0208000014623216
v 0.017550622000000005 -0.021912960000000006 0.014400001462321598
v 0.019999902000000007 -0.0224 0.020800001462321593
v 0.019999902000000007 -0.0224 0.014400001462321597
v 0.022449181999999998 -0.02191296 0.020800001462321593
v 0.022449181999999998 -0.02191296 0.014400001462321597
v 0.024525342 -0.02052544 0.020800001462321593
v 0.024525342 -0.02052544 0.014400001462321597
v 0.025912862 -0.01844928 0.020800001462321593
v 0.025912862 -0.01844928 0.014400001462321597
v 0.026399906000000008 -0.015999999999999997 0.020800001462321593
v 0.026399906000000008 -0.015999999999999997 0.014400001462321597
v 0.025912862 -0.013550719999999999 0.020800001462321593
v 0.025912862 -0.013550719999999999 0.014400001462321597
v 0.024525342 -0.011474559999999998 0.020800001462321593
v 0.024525342 -0.011474559999999998 0.014400001462321597
v 0.022449181999999998 -0.010087039999999999 0.020800001462321593
v 0.022449181999999998 -0.010087039999999999 0.014400001462321597
v 0.015455902000000004 -0.0096 0.014400001462321598
v 0.017551902000000005 -0.010088 0.014400001462321598
v 0.019999902000000007 -0.0096 0.014400001462321597
v 0.014343902000000006 -0.010343999999999997 0.014400001462321598
v 0.015475902000000007 -0.011476 0.014400001462321598
v 0.013599902000000006 -0.011456 0.014400001462321598
v 0.014087902000000006 -0.013552000000000002 0.014400001462321598
v 0.013599902000000006 -0.016 0.014400001462321598
v 0.017551902000000005 -0.021912000000000004 0.014400001462321598
v 0.015455902000000004 -0.022400000000000003 0.014400001462321598
v 0.019999902000000007 -0.0224 0.014400001462321597
v 0.015475902000000007 -0.020524 0.014400001462321598
v 0.014343902000000006 -0.021656 0.014400001462321598
v 0.013599902000000006 -0.020544000000000003 0.014400001462321598
v 0.014087902000000006 -0.018448 0.014400001462321598
v 0.022447902 -0.010088 0.014400001462321597
v 0.024543906 -0.0096 0.014400001462321597
v 0.024523902 -0.011476 0.014400001462321597
v 0.025655902 -0.010343999999999997 0.014400001462321597
v 0.026399906000000008 -0.011456 0.014400001462321597
v 0.025911902000000007 -0.013551999999999998 0.014400001462321597
v 0.026399906000000008 -0.015999999999999997 0.014400001462321597
v 0.024543906 -0.0224 0.014400001462321597
v 0.022447902 -0.021911999999999997 0.014400001462321597
v 0.025655902 -0.021656 0.014400001462321597
v 0.024523902 -0.020524 0.014400001462321597
v 0.026399906000000008 -0.020544 0.014400001462321597
v 0.025911902000000007 -0.018447999999999996 0.014400001462321597
v 0.016605790000000006 -0.016 0.0224000014623216
v 0.017599926000000005 -0.016 0.0224000014623216
v 0.019999902000000007 -0.019394111999999998 0.022400001462321597
v 0.019999902000000007 -0.018399976 0.022400001462321597
v 0.023394014000000008 -0.015999999999999997 0.022400001462321597
v 0.022399877999999998 -0.015999999999999997 0.022400001462321597
v 0.019999902000000007 -0.012605887999999999 0.022400001462321597
v 0.019999902000000007 -0.013600023999999997 0.022400001462321597
v 0.019999902000000007 -0.007999999999999998 0.022400001462321597
v 0.011999902000000007 -0.016 0.0224000014623216
v 0.012608702000000005 -0.0129384 0.0224000014623216
v 0.016938302000000006 -0.008608799999999998 0.0224000014623216
v 0.014343102000000005 -0.010343199999999999 0.0224000014623216
v 0.019999902000000007 -0.024 0.022400001462321597
v 0.012608702000000005 -0.0190616 0.0224000014623216
v 0.016938302000000006 -0.023391200000000004 0.0224000014623216
v 0.014343102000000005 -0.0216568 0.0224000014623216
v 0.027999906 -0.015999999999999997 0.022400001462321597
v 0.027391102 -0.019061599999999998 0.022400001462321597
v 0.023061502000000005 -0.0233912 0.022400001462321597
v 0.025656702000000003 -0.0216568 0.022400001462321597
v 0.027391102 -0.012938399999999997 0.022400001462321597
v 0.023061502000000005 -0.008608799999999998 0.022400001462321597
v 0.025656702000000003 -0.010343199999999999 0.022400001462321597
v 0.013599902000000006 -0.012 0.0224000014623216
v 0.013599902000000006 -0.012 0.024000001462321598
v 0.013782542000000005 -0.01291848 0.024000001462321598
v 0.013782542000000005 -0.01291848 0.0224000014623216
v 0.014302862000000005 -0.013697040000000002 0.024000001462321598
v 0.014302862000000005 -0.013697040000000002 0.0224000014623216
v 0.015081422000000004 -0.014217359999999998 0.024000001462321598
v 0.015081422000000004 -0.014217359999999998 0.0224000014623216
v 0.015999902000000003 -0.0144 0.024000001462321598
v 0.015999902000000003 -0.0144 0.0224000014623216
v 0.016918382000000006 -0.014217359999999998 0.024000001462321598
v 0.016918382000000006 -0.014217359999999998 0.0224000014623216
v 0.017696942000000004 -0.013697040000000002 0.024000001462321598
v 0.017696942000000004 -0.013697040000000002 0.0224000014623216
v 0.01821726200000001 -0.01291848 0.024000001462321598
v 0.01821726200000001 -0.01291848 0.0224000014623216
v 0.018399902000000006 -0.012 0.024000001462321598
v 0.018399902000000006 -0.012 0.0224000014623216
v 0.01821726200000001 -0.011081520000000001 0.024000001462321598
v 0.01821726200000001 -0.011081520000000001 0.0224000014623216
v 0.017696942000000004 -0.010302959999999998 0.024000001462321598
v 0.017696942000000004 -0.010302959999999998 0.0224000014623216
v 0.016918382000000006 -0.009782639999999999 0.024000001462321598
v 0.016918382000000006 -0.009782639999999999 0.0224000014623216
v 0.015999902000000003 -0.0096 0.024000001462321598
v 0.015999902000000003 -0.0096 0.0224000014623216
v 0.013782542000000005 -0.01291848 0.024000001462321598
v 0.013599902000000006 -0.012 0.024000001462321598
v 0.015999902000000003 -0.012 0.024000001462321598
v 0.014302862000000005 -0.013697040000000002 0.024000001462321598
v 0.015081422000000004 -0.014217359999999998 0.024000001462321598
v 0.015999902000000003 -0.0144 0.024000001462321598
v 0.016918382000000006 -0.014217359999999998 0.024000001462321598
v 0.017696942000000004 -0.013697040000000002 0.024000001462321598
v 0.01821726200000001 -0.01291848 0.024000001462321598
v 0.018399902000000006 -0.012 0.024000001462321598
v 0.01821726200000001 -0.011081520000000001 0.024000001462321598
v 0.017696942000000004 -0.010302959999999998 0.024000001462321598
v 0.016918382000000006 -0.009782639999999999 0.024000001462321598
v 0.015999902000000003 -0.0096 0.024000001462321598
v 0.015223902000000004 -0.009753999999999999 0.024000001462321598
v 0.014343102000000005 -0.010343199999999999 0.024000001462321598
v 0.013753902000000005 -0.011223999999999998 0.024000001462321598
v 0.015224022000000005 -0.0097542 0.024000001462321598
v 0.015224022000000005 -0.0097542 0.0224000014623216
v 0.014343102000000005 -0.010343199999999999 0.024000001462321598
v 0.014343102000000005 -0.010343199999999999 0.0224000014623216
v 0.013754102000000004 -0.011224519999999998 0.024000001462321598
v 0.013754102000000004 -0.011224519999999998 0.0224000014623216
v 0.015999902000000003 -0.022400000000000003 0.0224000014623216
v 0.015999902000000003 -0.022400000000000003 0.024000001462321598
v 0.016918382000000006 -0.02221736 0.024000001462321598
v 0.016918382000000006 -0.02221736 0.0224000014623216
v 0.017696942000000004 -0.021697040000000004 0.024000001462321598
v 0.017696942000000004 -0.021697040000000004 0.0224000014623216
v 0.01821726200000001 -0.020918480000000003 0.024000001462321598
v 0.01821726200000001 -0.020918480000000003 0.0224000014623216
v 0.018399902000000006 -0.02 0.024000001462321598
v 0.018399902000000006 -0.02 0.0224000014623216
v 0.01821726200000001 -0.01908152 0.024000001462321598
v 0.01821726200000001 -0.01908152 0.0224000014623216
v 0.017696942000000004 -0.01830296 0.024000001462321598
v 0.017696942000000004 -0.01830296 0.0224000014623216
v 0.016918382000000006 -0.017782640000000002 0.024000001462321598
v 0.016918382000000006 -0.017782640000000002 0.0224000014623216
v 0.015999902000000003 -0.0176 0.024000001462321598
v 0.015999902000000003 -0.0176 0.0224000014623216
v 0.015081422000000004 -0.017782640000000002 0.024000001462321598
v 0.015081422000000004 -0.017782640000000002 0.0224000014623216
v 0.014302862000000005 -0.01830296 0.024000001462321598
v 0.014302862000000005 -0.01830296 0.0224000014623216
v 0.013782542000000005 -0.01908152 0.024000001462321598
v 0.013782542000000005 -0.01908152 0.0224000014623216
v 0.013599902000000006 -0.02 0.024000001462321598
v 0.013599902000000006 -0.02 0.0224000014623216
v 0.016918382000000006 -0.02221736 0.024000001462321598
v 0.015999902000000003 -0.022400000000000003 0.024000001462321598
v 0.015999902000000003 -0.02 0.024000001462321598
v 0.017696942000000004 -0.021697040000000004 0.024000001462321598
v 0.01821726200000001 -0.020918480000000003 0.024000001462321598
v 0.018399902000000006 -0.02 0.024000001462321598
v 0.01821726200000001 -0.01908152 0.024000001462321598
v 0.017696942000000004 -0.01830296 0.024000001462321598
v 0.016918382000000006 -0.017782640000000002 0.024000001462321598
v 0.015999902000000003 -0.0176 0.024000001462321598
v 0.015081422000000004 -0.017782640000000002 0.024000001462321598
v 0.014302862000000005 -0.01830296 0.024000001462321598
v 0.013782542000000005 -0.01908152 0.024000001462321598
v 0.013599902000000006 -0.02 0.024000001462321598
v 0.013753902000000005 -0.020776 0.024000001462321598
v 0.014343102000000005 -0.0216568 0.024000001462321598
v 0.015223902000000004 -0.022246000000000002 0.024000001462321598
v 0.013754102000000004 -0.02077588 0.024000001462321598
v 0.013754102000000004 -0.02077588 0.0224000014623216
v 0.014343102000000005 -0.0216568 0.024000001462321598
v 0.014343102000000005 -0.0216568 0.0224000014623216
v 0.015224422000000005 -0.0222458 0.024000001462321598
v 0.015224422000000005 -0.0222458 0.0224000014623216
v 0.02399990600000001 -0.0096 0.022400001462321597
v 0.023999902000000004 -0.0096 0.024000001462321598
v 0.023081422000000008 -0.009782639999999999 0.024000001462321598
v 0.023081422000000008 -0.009782639999999999 0.022400001462321597
v 0.022302862000000003 -0.010302959999999998 0.024000001462321598
v 0.022302862000000003 -0.010302959999999998 0.022400001462321597
v 0.021782542000000005 -0.011081520000000001 0.024000001462321598
v 0.021782542000000005 -0.011081520000000001 0.022400001462321597
v 0.021599902 -0.012 0.024000001462321598
v 0.021599906000000006 -0.012 0.022400001462321597
v 0.021782542000000005 -0.012918479999999996 0.024000001462321598
v 0.021782542000000005 -0.012918479999999996 0.022400001462321597
v 0.022302862000000003 -0.013697039999999999 0.024000001462321598
v 0.022302862000000003 -0.013697039999999999 0.022400001462321597
v 0.023081422000000008 -0.014217359999999997 0.024000001462321598
v 0.023081422000000008 -0.014217359999999997 0.022400001462321597
v 0.023999902000000004 -0.014399999999999998 0.024000001462321598
v 0.02399990600000001 -0.014399999999999998 0.022400001462321597
v 0.024918382000000003 -0.014217359999999997 0.024000001462321598
v 0.024918382000000003 -0.014217359999999997 0.022400001462321597
v 0.025696942 -0.013697039999999999 0.024000001462321598
v 0.025696942 -0.013697039999999999 0.022400001462321597
v 0.026217262000000005 -0.012918479999999996 0.024000001462321598
v 0.026217262000000005 -0.012918479999999996 0.022400001462321597
v 0.026399902000000006 -0.012 0.024000001462321598
v 0.026399906000000008 -0.012 0.022400001462321597
v 0.023081422000000008 -0.009782639999999999 0.024000001462321598
v 0.023999902000000004 -0.0096 0.024000001462321598
v 0.023999902000000004 -0.012 0.024000001462321598
v 0.022302862000000003 -0.010302959999999998 0.024000001462321598
v 0.021782542000000005 -0.011081520000000001 0.024000001462321598
v 0.021599902 -0.012 0.024000001462321598
v 0.021782542000000005 -0.012918479999999996 0.024000001462321598
v 0.022302862000000003 -0.013697039999999999 0.024000001462321598
v 0.023081422000000008 -0.014217359999999997 0.024000001462321598
v 0.023999902000000004 -0.014399999999999998 0.024000001462321598
v 0.024918382000000003 -0.014217359999999997 0.024000001462321598
v 0.025696942 -0.013697039999999999 0.024000001462321598
v 0.026217262000000005 -0.012918479999999996 0.024000001462321598
v 0.026399902000000006 -0.012 0.024000001462321598
v 0.026245902 -0.011223999999999998 0.024000001462321598
v 0.025656702000000003 -0.010343199999999999 0.024000001462321598
v 0.024775902 -0.009753999999999999 0.024000001462321598
v 0.026245702 -0.01122412 0.024000001462321598
v 0.026245702 -0.01122412 0.022400001462321597
v 0.025656702000000003 -0.010343199999999999 0.024000001462321598
v 0.025656702000000003 -0.010343199999999999 0.022400001462321597
v 0.024775382000000006 -0.0097542 0.024000001462321598
v 0.024775382000000006 -0.0097542 0.022400001462321597
v 0.026399906000000008 -0.019999999999999997 0.022400001462321597
v 0.026399902000000006 -0.019999999999999997 0.024000001462321598
v 0.026217262000000005 -0.019081519999999998 0.024000001462321598
v 0.026217262000000005 -0.019081519999999998 0.022400001462321597
v 0.025696942 -0.018302959999999997 0.024000001462321598
v 0.025696942 -0.018302959999999997 0.022400001462321597
v 0.024918382000000003 -0.01778264 0.024000001462321598
v 0.024918382000000003 -0.01778264 0.022400001462321597
v 0.023999902000000004 -0.017599999999999998 0.024000001462321598
v 0.02399990600000001 -0.017599999999999998 0.022400001462321597
v 0.023081422000000008 -0.01778264 0.024000001462321598
v 0.023081422000000008 -0.01778264 0.022400001462321597
v 0.022302862000000003 -0.018302959999999997 0.024000001462321598
v 0.022302862000000003 -0.018302959999999997 0.022400001462321597
v 0.021782542000000005 -0.019081519999999998 0.024000001462321598
v 0.021782542000000005 -0.019081519999999998 0.022400001462321597
v 0.021599902 -0.019999999999999997 0.024000001462321598
v 0.021599906000000006 -0.019999999999999997 0.022400001462321597
v 0.021782542000000005 -0.020918479999999996 0.024000001462321598
v 0.021782542000000005 -0.020918479999999996 0.022400001462321597
v 0.022302862000000003 -0.021697039999999997 0.024000001462321598
v 0.022302862000000003 -0.021697039999999997 0.022400001462321597
v 0.023081422000000008 -0.022217359999999995 0.024000001462321598
v 0.023081422000000008 -0.022217359999999995 0.022400001462321597
v 0.023999902000000004 -0.0224 0.024000001462321598
v 0.02399990600000001 -0.0224 0.022400001462321597
v 0.026217262000000005 -0.019081519999999998 0.024000001462321598
v 0.026399902000000006 -0.019999999999999997 0.024000001462321598
v 0.023999902000000004 -0.019999999999999997 0.024000001462321598
v 0.025696942 -0.018302959999999997 0.024000001462321598
v 0.024918382000000003 -0.01778264 0.024000001462321598
v 0.023999902000000004 -0.017599999999999998 0.024000001462321598
v 0.023081422000000008 -0.01778264 0.024000001462321598
v 0.022302862000000003 -0.018302959999999997 0.024000001462321598
v 0.021782542000000005 -0.019081519999999998 0.024000001462321598
v 0.021599902 -0.019999999999999997 0.024000001462321598
v 0.021782542000000005 -0.020918479999999996 0.024000001462321598
v 0.022302862000000003 -0.021697039999999997 0.024000001462321598
v 0.023081422000000008 -0.022217359999999995 0.024000001462321598
v 0.023999902000000004 -0.0224 0.024000001462321598
v 0.024775902 -0.022246 0.024000001462321598
v 0.025656702000000003 -0.0216568 0.024000001462321598
v 0.026245902 -0.020775999999999996 0.024000001462321598
v 0.024775782 -0.022245799999999996 0.024000001462321598
v 0.024775782 -0.022245799999999996 0.022400001462321597
v 0.025656702000000003 -0.0216568 0.024000001462321598
v 0.025656702000000003 -0.0216568 0.022400001462321597
v 0.026245702 -0.02077548 0.024000001462321598
v 0.026245702 -0.02077548 0.022400001462321597
v 0.019999902000000007 -0.007999999999999998 0.022400001462321597
v 0.016938302000000006 -0.008608799999999998 0.0224000014623216
v 0.016938302000000002 -0.008608799999999998 0.014400001462321598
v 0.019999902000000003 -0.007999999999999998 0.014400001462321597
v 0.014343102000000005 -0.010343199999999999 0.014400001462321598
v 0.012608702000000005 -0.0129384 0.0224000014623216
v 0.011999902000000007 -0.016 0.0224000014623216
v 0.011999902000000007 -0.016 0.014400001462321598
v 0.012608702000000005 -0.0190616 0.0224000014623216
v 0.012608702000000005 -0.0190616 0.014400001462321598
v 0.014343102000000005 -0.0216568 0.014400001462321598
v 0.016938302000000006 -0.023391200000000004 0.0224000014623216
v 0.019999902000000007 -0.024 0.022400001462321597
v 0.019999902000000007 -0.024 0.014400001462321597
v 0.023061502000000005 -0.0233912 0.022400001462321597
v 0.023061502000000005 -0.0233912 0.014400001462321597
v 0.025656702000000003 -0.0216568 0.014400001462321597
v 0.027391102 -0.019061599999999998 0.022400001462321597
v 0.027999906 -0.015999999999999997 0.022400001462321597
v 0.027999906 -0.015999999999999997 0.014400001462321597
v 0.027391102 -0.012938399999999997 0.022400001462321597
v 0.027391102 -0.012938399999999997 0.014400001462321597
v 0.025656702000000003 -0.010343199999999999 0.014400001462321597
v 0.023061502000000005 -0.008608799999999998 0.022400001462321597
f 3 2 1
f 1 4 3
f 6 5 2
f 2 3 6
f 8 7 5
f 5 6 8
f 10 9 7
f 7 8 10
f 12 11 9
f 9 10 12
f 14 13 11
f 11 12 14
f 16 15 13
f 13 14 16
f 18 17 15
f 15 16 18
f 20 19 17
f 17 18 20
f 22 21 19
f 19 20 22
f 24 23 21
f 21 22 24
f 26 25 23
f 23 24 26
f 28 27 25
f 25 26 28
f 30 29 27
f 27 28 30
f 32 31 29
f 29 30 32
f 4 1 31
f 31 32 4
f 33 34 35
f 35 36 33
f 34 37 38
f 38 35 34
f 37 39 40
f 40 38 37
f 39 41 42
f 42 40 39
f 41 43 44
f 44 42 41
f 43 45 46
f 46 44 43
f 45 47 48
f 48 46 45
f 47 49 50
f 50 48 47
f 49 51 52
f 52 50 49
f 51 53 54
f 54 52 51
f 53 55 56
f 56 54 53
f 55 57 58
f 58 56 55
f 57 59 60
f 60 58 57
f 59 61 62
f 62 60 59
f 61 63 64
f 64 62 61
f 63 33 36
f 36 64 63
f 65 66 67
f 67 68 65
f 68 67 69
f 69 70 68
f 70 69 71
f 71 72 70
f 72 71 73
f 73 74 72
f 74 73 75
f 75 76 74
f 76 75 77
f 77 78 76
f 78 77 79
f 79 80 78
f 80 79 81
f 81 82 80
f 82 81 83
f 83 84 82
f 84 83 85
f 85 86 84
f 86 85 87
f 87 88 86
f 88 87 89
f 89 90 88
f 90 89 91
f 91 92 90
f 92 91 93
f 93 94 92
f 94 93 95
f 95 96 94
f 96 95 66
f 66 65 96
f 99 98 97
f 97 100 99
f 102 101 98
f 98 99 102
f 104 103 101
f 101 102 104
f 106 105 103
f 103 104 106
f 108 107 105
f 105 106 108
f 110 109 107
f 107 108 110
f 112 111 109
f 109 110 112
f 114 113 111
f 111 112 114
f 116 115 113
f 113 114 116
f 118 117 115
f 115 116 118
f 120 119 117
f 117 118 120
f 122 121 119
f 119 120 122
f 124 123 121
f 121 122 124
f 126 125 123
f 123 124 126
f 128 127 125
f 125 126 128
f 100 97 127
f 127 128 100
f 129 130 131
f 131 132 129
f 130 133 134
f 134 131 130
f 133 135 136
f 136 134 133
f 135 137 138
f 138 136 135
f 137 139 140
f 140 138 137
f 139 141 142
f 142 140 139
f 141 143 144
f 144 142 141
f 143 145 146
f 146 144 143
f 145 147 148
f 148 146 145
f 147 149 150
f 150 148 147
f 149 151 152
f 152 150 149
f 151 153 154
f 154 152 151
f 153 155 156
f 156 154 153
f 155 157 158
f 158 156 155
f 157 159 160
f 160 158 157
f 159 129 132
f 132 160 159
f 161 162 163
f 163 164 161
f 164 163 165
f 165 166 164
f 166 165 167
f 167 168 166
f 168 167 169
f 169 170 168
f 170 169 171
f 171 172 170
f 172 171 173
f 173 174 172
f 174 173 175
f 175 176 174
f 176 175 177
f 177 178 176
f 178 177 179
f 179 180 178
f 180 179 181
f 181 182 180
f 182 181 183
f 183 184 182
f 184 183 185
f 185 186 184
f 186 185 187
f 187 188 186
f 188 187 189
f 189 190 188
f 190 189 191
f 191 192 190
f 192 191 162
f 162 161 192
f 195 194 193
f 193 196 195
f 198 197 194
f 194 195 198
f 200 199 197
f 197 198 200
f 202 201 199
f 199 200 202
f 204 203 201
f 201 202 204
f 206 205 203
f 203 204 206
f 208 207 205
f 205 206 208
f 210 209 207
f 207 208 210
f 212 211 209
f 209 210 212
f 214 213 211
f 211 212 214
f 216 215 213
f 213 214 216
f 218 217 215
f 215 216 218
f 220 219 217
f 217 218 220
f 222 221 219
f 219 220 222
f 224 223 221
f 221 222 224
f 196 193 223
f 223 224 196
f 225 226 227
f 227 228 225
f 226 229 230
f 230 227 226
f 229 231 232
f 232 230 229
f 231 233 234
f 234 232 231
f 233 235 236
f 236 234 233
f 235 237 238
f 238 236 235
f 237 239 240
f 240 238 237
f 239 241 242
f 242 240 239
f 241 243 244
f 244 242 241
f 243 245 246
f 246 244 243
f 245 247 248
f 248 246 245
f 247 249 250
f 250 248 247
f 249 251 252
f 252 250 249
f 251 253 254
f 254 252 251
f 253 255 256
f 256 254 253
f 255 225 228
f 228 256 255
f 257 258 259
f 259 260 257
f 260 259 261
f 261 262 260
f 262 261 263
f 263 264 262
f 264 263 265
f 265 266 264
f 266 265 267
f 267 268 266
f 268 267 269
f 269 270 268
f 270 269 271
f 271 272 270
f 272 271 273
f 273 274 272
f 274 273 275
f 275 276 274
f 276 275 277
f 277 278 276
f 278 277 279
f 279 280 278
f 280 279 281
f 281 282 280
f 282 281 283
f 283 284 282
f 284 283 285
f 285 286 284
f 286 285 287
f 287 288 286
f 288 287 258
f 258 257 288
f 291 290 289
f 289 292 291
f 295 294 293
f 293 296 295
f 299 298 297
f 297 300 299
f 303 302 301
f 301 304 303
f 307 306 305
f 305 308 307
f 311 310 309
f 309 312 311
f 310 314 313
f 313 309 310
f 314 316 315
f 315 313 314
f 316 311 312
f 312 315 316
f 317 318 319
f 319 320 317
f 321 322 323
f 323 324 321
f 325 326 327
f 327 328 325
f 329 330 331
f 331 332 329
f 330 333 334
f 334 331 330
f 333 335 336
f 336 334 333
f 335 337 338
f 338 336 335
f 337 339 340
f 340 338 337
f 339 341 342
f 342 340 339
f 341 343 344
f 344 342 341
f 343 345 346
f 346 344 343
f 345 347 348
f 348 346 345
f 347 349 350
f 350 348 347
f 349 351 352
f 352 350 349
f 351 353 354
f 354 352 351
f 353 355 356
f 356 354 353
f 355 357 358
f 358 356 355
f 357 359 360
f 360 358 357
f 359 329 332
f 332 360 359
f 363 362 361
f 363 361 364
f 363 364 365
f 363 365 366
f 363 366 367
f 363 367 368
f 363 368 369
f 363 369 370
f 363 370 371
f 363 371 372
f 363 372 373
f 363 373 374
f 363 374 375
f 363 375 376
f 363 376 377
f 363 377 362
f 378 379 380
f 380 381 378
f 379 382 383
f 383 380 379
f 382 384 385
f 385 383 382
f 384 386 387
f 387 385 384
f 386 388 389
f 389 387 386
f 388 390 391
f 391 389 388
f 390 392 393
f 393 391 390
f 392 394 395
f 395 393 392
f 394 396 397
f 397 395 394
f 396 398 399
f 399 397 396
f 398 400 401
f 401 399 398
f 400 402 403
f 403 401 400
f 402 404 405
f 405 403 402
f 404 406 407
f 407 405 404
f 406 408 409
f 409 407 406
f 408 378 381
f 381 409 408
f 412 411 410
f 412 410 413
f 412 413 414
f 412 414 415
f 412 415 416
f 412 416 417
f 412 417 418
f 412 418 419
f 412 419 420
f 412 420 421
f 412 421 422
f 412 422 423
f 412 423 424
f 412 424 425
f 412 425 426
f 412 426 411
f 427 428 429
f 429 430 427
f 428 431 432
f 432 429 428
f 431 433 434
f 434 432 431
f 433 435 436
f 436 434 433
f 435 437 438
f 438 436 435
f 437 439 440
f 440 438 437
f 439 441 442
f 442 440 439
f 441 443 444
f 444 442 441
f 443 445 446
f 446 444 443
f 445 447 448
f 448 446 445
f 447 449 450
f 450 448 447
f 449 451 452
f 452 450 449
f 451 453 454
f 454 452 451
f 453 455 456
f 456 454 453
f 455 457 458
f 458 456 455
f 457 427 430
f 430 458 457
f 461 460 459
f 461 459 462
f 461 462 463
f 461 463 464
f 461 464 465
f 461 465 466
f 461 466 467
f 461 467 468
f 461 468 469
f 461 469 470
f 461 470 471
f 461 471 472
f 461 472 473
f 461 473 474
f 461 474 475
f 461 475 460
f 476 477 478
f 478 479 476
f 477 480 481
f 481 478 477
f 480 482 483
f 483 481 480
f 482 484 485
f 485 483 482
f 484 486 487
f 487 485 484
f 486 488 489
f 489 487 486
f 488 490 491
f 491 489 488
f 490 492 493
f 493 491 490
f 492 494 495
f 495 493 492
f 494 496 497
f 497 495 494
f 496 498 499
f 499 497 496
f 498 500 501
f 501 499 498
f 500 502 503
f 503 501 500
f 502 504 505
f 505 503 502
f 504 506 507
f 507 505 504
f 506 476 479
f 479 507 506
f 510 509 508
f 510 508 511
f 510 511 512
f 510 512 513
f 510 513 514
f 510 514 515
f 510 515 516
f 510 516 517
f 510 517 518
f 510 518 519
f 510 519 520
f 510 520 521
f 510 521 522
f 510 522 523
f 510 523 524
f 510 524 509
f 525 526 527
f 527 528 525
f 526 529 530
f 530 527 526
f 529 531 532
f 532 530 529
f 531 533 534
f 534 532 531
f 533 535 536
f 536 534 533
f 535 537 538
f 538 536 535
f 537 539 540
f 540 538 537
f 539 541 542
f 542 540 539
f 541 543 544
f 544 542 541
f 543 545 546
f 546 544 543
f 545 547 548
f 548 546 545
f 547 549 550
f 550 548 547
f 549 551 552
f 552 550 549
f 551 553 554
f 554 552 551
f 553 555 556
f 556 554 553
f 555 525 528
f 528 556 555
f 559 558 557
f 559 557 560
f 559 560 561
f 559 561 562
f 559 562 563
f 559 563 564
f 559 564 565
f 559 565 566
f 559 566 567
f 559 567 568
f 559 568 569
f 559 569 570
f 559 570 571
f 559 571 572
f 559 572 573
f 559 573 558
f 574 575 576
f 576 577 574
f 575 578 579
f 579 576 575
f 578 580 581
f 581 579 578
f 580 582 583
f 583 581 580
f 582 584 585
f 585 583 582
f 584 586 587
f 587 585 584
f 586 588 589
f 589 587 586
f 588 590 591
f 591 589 588
f 590 592 593
f 593 591 590
f 592 594 595
f 595 593 592
f 594 596 597
f 597 595 594
f 596 598 599
f 599 597 596
f 598 600 601
f 601 599 598
f 600 602 603
f 603 601 600
f 602 604 605
f 605 603 602
f 604 574 577
f 577 605 604
f 608 607 606
f 608 606 609
f 608 609 610
f 608 610 611
f 608 611 612
f 608 612 613
f 608 613 614
f 608 614 615
f 608 615 616
f 608 616 617
f 608 617 618
f 608 618 619
f 608 619 620
f 608 620 621
f 608 621 622
f 608 622 607
f 623 624 625
f 625 626 623
f 624 627 628
f 628 625 624
f 627 629 630
f 630 628 627
f 629 631 632
f 632 630 629
f 631 633 634
f 634 632 631
f 633 635 636
f 636 634 633
f 635 637 638
f 638 636 635
f 637 639 640
f 640 638 637
f 639 641 642
f 642 640 639
f 641 643 644
f 644 642 641
f 643 645 646
f 646 644 643
f 645 647 648
f 648 646 645
f 647 649 650
f 650 648 647
f 649 651 652
f 652 650 649
f 651 653 654
f 654 652 651
f 653 623 626
f 626 654 653
f 657 656 655
f 657 655 658
f 657 658 659
f 657 659 660
f 657 660 661
f 657 661 662
f 657 662 663
f 657 663 664
f 657 664 665
f 657 665 666
f 657 666 667
f 657 667 668
f 657 668 669
f 657 669 670
f 657 670 671
f 657 671 656
f 672 673 674
f 674 675 672
f 673 676 677
f 677 674 673
f 676 678 679
f 679 677 676
f 678 680 681
f 681 679 678
f 680 682 683
f 683 681 680
f 682 684 685
f 685 683 682
f 684 686 687
f 687 685 684
f 686 688 689
f 689 687 686
f 688 690 691
f 691 689 688
f 690 692 693
f 693 691 690
f 692 694 695
f 695 693 692
f 694 696 697
f 697 695 694
f 696 698 699
f 699 697 696
f 698 700 701
f 701 699 698
f 700 702 703
f 703 701 700
f 702 672 675
f 675 703 702
f 706 705 704
f 706 704 707
f 706 707 708
f 706 708 709
f 706 709 710
f 706 710 711
f 706 711 712
f 706 712 713
f 706 713 714
f 706 714 715
f 706 715 716
f 706 716 717
f 706 717 718
f 706 718 719
f 706 719 720
f 706 720 705
f 723 722 721
f 721 724 723
f 727 726 725
f 725 728 727
f 731 730 729
f 729 732 731
f 734 733 730
f 730 731 734
f 736 735 733
f 733 734 736
f 738 737 735
f 735 736 738
f 740 739 737
f 737 738 740
f 742 741 739
f 739 740 742
f 744 743 741
f 741 742 744
f 746 745 743
f 743 744 746
f 748 747 745
f 745 746 748
f 750 749 747
f 747 748 750
f 752 751 749
f 749 750 752
f 754 753 751
f 751 752 754
f 756 755 753
f 753 754 756
f 758 757 755
f 755 756 758
f 760 759 757
f 757 758 760
f 732 729 759
f 759 760 732
f 761 762 763
f 763 764 761
f 762 765 766
f 766 763 762
f 765 767 768
f 768 766 765
f 767 769 770
f 770 768 767
f 769 771 772
f 772 770 769
f 771 773 774
f 774 772 771
f 773 775 776
f 776 774 773
f 775 777 778
f 778 776 775
f 777 779 780
f 780 778 777
f 779 781 782
f 782 780 779
f 781 783 784
f 784 782 781
f 783 785 786
f 786 784 783
f 785 787 788
f 788 786 785
f 787 789 790
f 790 788 787
f 789 791 792
f 792 790 789
f 791 761 764
f 764 792 791
f 793 794 795
f 795 796 793
f 796 795 797
f 797 798 796
f 798 797 799
f 799 800 798
f 800 799 801
f 801 802 800
f 802 801 803
f 803 804 802
f 804 803 805
f 805 806 804
f 806 805 807
f 807 808 806
f 808 807 809
f 809 810 808
f 810 809 811
f 811 812 810
f 812 811 813
f 813 814 812
f 814 813 815
f 815 816 814
f 816 815 817
f 817 818 816
f 818 817 819
f 819 820 818
f 820 819 821
f 821 822 820
f 822 821 823
f 823 824 822
f 824 823 794
f 794 793 824
f 827 826 825
f 825 828 827
f 830 829 826
f 826 827 830
f 832 831 829
f 829 830 832
f 834 833 831
f 831 832 834
f 836 835 833
f 833 834 836
f 838 837 835
f 835 836 838
f 840 839 837
f 837 838 840
f 842 841 839
f 839 840 842
f 844 843 841
f 841 842 844
f 846 845 843
f 843 844 846
f 848 847 845
f 845 846 848
f 850 849 847
f 847 848 850
f 852 851 849
f 849 850 852
f 854 853 851
f 851 852 854
f 856 855 853
f 853 854 856
f 828 825 855
f 855 856 828
f 857 858 859
f 859 860 857
f 858 861 862
f 862 859 858
f 861 863 864
f 864 862 861
f 863 865 866
f 866 864 863
f 865 867 868
f 868 866 865
f 867 869 870
f 870 868 867
f 869 871 872
f 872 870 869
f 871 873 874
f 874 872 871
f 873 875 876
f 876 874 873
f 875 877 878
f 878 876 875
f 877 879 880
f 880 878 877
f 879 881 882
f 882 880 879
f 881 883 884
f 884 882 881
f 883 885 886
f 886 884 883
f 885 887 888
f 888 886 885
f 887 857 860
f 860 888 887
f 889 890 891
f 891 892 889
f 892 891 893
f 893 894 892
f 894 893 895
f 895 896 894
f 896 895 897
f 897 898 896
f 898 897 899
f 899 900 898
f 900 899 901
f 901 902 900
f 902 901 903
f 903 904 902
f 904 903 905
f 905 906 904
f 906 905 907
f 907 908 906
f 908 907 909
f 909 910 908
f 910 909 911
f 911 912 910
f 912 911 913
f 913 914 912
f 914 913 915
f 915 916 914
f 916 915 917
f 917 918 916
f 918 917 919
f 919 920 918
f 920 919 890
f 890 889 920
f 923 922 921
f 921 924 923
f 926 925 922
f 922 923 926
f 928 927 925
f 925 926 928
f 930 929 927
f 927 928 930
f 932 931 929
f 929 930 932
f 934 933 931
f 931 932 934
f 936 935 933
f 933 934 936
f 938 937 935
f 935 936 938
f 940 939 937
f 937 938 940
f 942 941 939
f 939 940 942
f 944 943 941
f 941 942 944
f 946 945 943
f 943 944 946
f 948 947 945
f 945 946 948
f 950 949 947
f 947 948 950
f 952 951 949
f 949 950 952
f 924 921 951
f 951 952 924
f 953 954 955
f 955 956 953
f 954 957 958
f 958 955 954
f 957 959 960
f 960 958 957
f 959 961 962
f 962 960 959
f 961 963 964
f 964 962 961
f 963 965 966
f 966 964 963
f 965 967 968
f 968 966 965
f 967 969 970
f 970 968 967
f 969 971 972
f 972 970 969
f 971 973 974
f 974 972 971
f 973 975 976
f 976 974 973
f 975 977 978
f 978 976 975
f 977 979 980
f 980 978 977
f 979 981 982
f 982 980 979
f 981 983 984
f 984 982 981
f 983 953 956
f 956 984 983
f 985 986 987
f 987 988 985
f 988 987 989
f 989 990 988
f 990 989 991
f 991 992 990
f 992 991 993
f 993 994 992
f 994 993 995
f 995 996 994
f 996 995 997
f 997 998 996
f 998 997 999
f 999 1000 998
f 1000 999 1001
f 1001 1002 1000
f 1002 1001 1003
f 1003 1004 1002
f 1004 1003 1005
f 1005 1006 1004
f 1006 1005 1007
f 1007 1008 1006
f 1008 1007 1009
f 1009 1010 1008
f 1010 1009 1011
f 1011 1012 1010
f 1012 1011 1013
f 1013 1014 1012
f 1014 1013 1015
f 1015 1016 1014
f 1016 1015 986
f 986 985 1016
f 1019 1018 1017
f 1017 1020 1019
f 1023 1022 1021
f 1021 1024 1023
f 1027 1026 1025
f 1025 1028 1027
f 1031 1030 1029
f 1029 1032 1031
f 1035 1034 1033
f 1033 1036 1035
f 1039 1038 1037
f 1037 1040 1039
f 1038 1042 1041
f 1041 1037 1038
f 1042 1044 1043
f 1043 1041 1042
f 1044 1039 1040
f 1040 1043 1044
f 1045 1046 1047
f 1047 1048 1045
f 1049 1050 1051
f 1051 1052 1049
f 1053 1054 1055
f 1055 1056 1053
f 1057 1058 1059
f 1059 1060 1057
f 1058 1061 1062
f 1062 1059 1058
f 1061 1063 1064
f 1064 1062 1061
f 1063 1065 1066
f 1066 1064 1063
f 1065 1067 1068
f 1068 1066 1065
f 1067 1069 1070
f 1070 1068 1067
f 1069 1071 1072
f 1072 1070 1069
f 1071 1073 1074
f 1074 1072 1071
f 1073 1075 1076
f 1076 1074 1073
f 1075 1077 1078
f 1078 1076 1075
f 1077 1079 1080
f 1080 1078 1077
f 1079 1081 1082
f 1082 1080 1079
f 1081 1083 1084
f 1084 1082 1081
f 1083 1085 1086
f 1086 1084 1083
f 1085 1087 1088
f 1088 1086 1085
f 1087 1057 1060
f 1060 1088 1087
f 1091 1090 1089
f 1091 1089 1092
f 1091 1092 1093
f 1091 1093 1094
f 1091 1094 1095
f 1091 1095 1096
f 1091 1096 1097
f 1091 1097 1098
f 1091 1098 1099
f 1091 1099 1100
f 1091 1100 1101
f 1091 1101 1102
f 1091 1102 1103
f 1091 1103 1104
f 1091 1104 1105
f 1091 1105 1090
f 1106 1107 1108
f 1108 1109 1106
f 1107 1110 1111
f 1111 1108 1107
f 1110 1112 1113
f 1113 1111 1110
f 1112 1114 1115
f 1115 1113 1112
f 1114 1116 1117
f 1117 1115 1114
f 1116 1118 1119
f 1119 1117 1116
f 1118 1120 1121
f 1121 1119 1118
f 1120 1122 1123
f 1123 1121 1120
f 1122 1124 1125
f 1125 1123 1122
f 1124 1126 1127
f 1127 1125 1124
f 1126 1128 1129
f 1129 1127 1126
f 1128 1130 1131
f 1131 1129 1128
f 1130 1132 1133
f 1133 1131 1130
f 1132 1134 1135
f 1135 1133 1132
f 1134 1136 1137
f 1137 1135 1134
f 1136 1106 1109
f 1109 1137 1136
f 1140 1139 1138
f 1140 1138 1141
f 1140 1141 1142
f 1140 1142 1143
f 1140 1143 1144
f 1140 1144 1145
f 1140 1145 1146
f 1140 1146 1147
f 1140 1147 1148
f 1140 1148 1149
f 1140 1149 1150
f 1140 1150 1151
f 1140 1151 1152
f 1140 1152 1153
f 1140 1153 1154
f 1140 1154 1139
f 1155 1156 1157
f 1157 1158 1155
f 1156 1159 1160
f 1160 1157 1156
f 1159 1161 1162
f 1162 1160 1159
f 1161 1163 1164
f 1164 1162 1161
f 1163 1165 1166
f 1166 1164 1163
f 1165 1167 1168
f 1168 1166 1165
f 1167 1169 1170
f 1170 1168 1167
f 1169 1171 1172
f 1172 1170 1169
f 1171 1173 1174
f 1174 1172 1171
f 1173 1175 1176
f 1176 1174 1173
f 1175 1177 1178
f 1178 1176 1175
f 1177 1179 1180
f 1180 1178 1177
f 1179 1181 1182
f 1182 1180 1179
f 1181 1183 1184
f 1184 1182 1181
f 1183 1185 1186
f 1186 1184 1183
f 1185 1155 1158
f 1158 1186 1185
f 1189 1188 1187
f 1189 1187 1190
f 1189 1190 1191
f 1189 1191 1192
f 1189 1192 1193
f 1189 1193 1194
f 1189 1194 1195
f 1189 1195 1196
f 1189 1196 1197
f 1189 1197 1198
f 1189 1198 1199
f 1189 1199 1200
f 1189 1200 1201
f 1189 1201 1202
f 1189 1202 1203
f 1189 1203 1188
f 1204 1205 1206
f 1206 1207 1204
f 1205 1208 1209
f 1209 1206 1205
f 1208 1210 1211
f 1211 1209 1208
f 1210 1212 1213
f 1213 1211 1210
f 1212 1214 1215
f 1215 1213 1212
f 1214 1216 1217
f 1217 1215 1214
f 1216 1218 1219
f 1219 1217 1216
f 1218 1220 1221
f 1221 1219 1218
f 1220 1222 1223
f 1223 1221 1220
f 1222 1224 1225
f 1225 1223 1222
f 1224 1226 1227
f 1227 1225 1224
f 1226 1228 1229
f 1229 1227 1226
f 1228 1230 1231
f 1231 1229 1228
f 1230 1232 1233
f 1233 1231 1230
f 1232 1234 1235
f 1235 1233 1232
f 1234 1204 1207
f 1207 1235 1234
f 1238 1237 1236
f 1238 1236 1239
f 1238 1239 1240
f 1238 1240 1241
f 1238 1241 1242
f 1238 1242 1243
f 1238 1243 1244
f 1238 1244 1245
f 1238 1245 1246
f 1238 1246 1247
f 1238 1247 1248
f 1238 1248 1249
f 1238 1249 1250
f 1238 1250 1251
f 1238 1251 1252
f 1238 1252 1237
f 1253 1254 1255
f 1255 1256 1253
f 1254 1257 1258
f 1258 1255 1254
f 1257 1259 1260
f 1260 1258 1257
f 1259 1261 1262
f 1262 1260 1259
f 1261 1263 1264
f 1264 1262 1261
f 1263 1265 1266
f 1266 1264 1263
f 1265 1267 1268
f 1268 1266 1265
f 1267 1269 1270
f 1270 1268 1267
f 1269 1271 1272
f 1272 1270 1269
f 1271 1273 1274
f 1274 1272 1271
f 1273 1275 1276
f 1276 1274 1273
f 1275 1277 1278
f 1278 1276 1275
f 1277 1279 1280
f 1280 1278 1277
f 1279 1281 1282
f 1282 1280 1279
f 1281 1283 1284
f 1284 1282 1281
f 1283 1253 1256
f 1256 1284 1283
f 1287 1286 1285
f 1287 1285 1288
f 1287 1288 1289
f 1287 1289 1290
f 1287 1290 1291
f 1287 1291 1292
f 1287 1292 1293
f 1287 1293 1294
f 1287 1294 1295
f 1287 1295 1296
f 1287 1296 1297
f 1287 1297 1298
f 1287 1298 1299
f 1287 1299 1300
f 1287 1300 1301
f 1287 1301 1286
f 1302 1303 1304
f 1304 1305 1302
f 1303 1306 1307
f 1307 1304 1303
f 1306 1308 1309
f 1309 1307 1306
f 1308 1310 1311
f 1311 1309 1308
f 1310 1312 1313
f 1313 1311 1310
f 1312 1314 1315
f 1315 1313 1312
f 1314 1316 1317
f 1317 1315 1314
f 1316 1318 1319
f 1319 1317 1316
f 1318 1320 1321
f 1321 1319 1318
f 1320 1322 1323
f 1323 1321 1320
f 1322 1324 1325
f 1325 1323 1322
f 1324 1326 1327
f 1327 1325 1324
f 1326 1328 1329
f 1329 1327 1326
f 1328 1330 1331
f 1331 1329 1328
f 1330 1332 1333
f 1333 1331 1330
f 1332 1302 1305
f 1305 1333 1332
f 1336 1335 1334
f 1336 1334 1337
f 1336 1337 1338
f 1336 1338 1339
f 1336 1339 1340
f 1336 1340 1341
f 1336 1341 1342
f 1336 1342 1343
f 1336 1343 1344
f 1336 1344 1345
f 1336 1345 1346
f 1336 1346 1347
f 1336 1347 1348
f 1336 1348 1349
f 1336 1349 1350
f 1336 1350 1335
f 1351 1352 1353
f 1353 1354 1351
f 1352 1355 1356
f 1356 1353 1352
f 1355 1357 1358
f 1358 1356 1355
f 1357 1359 1360
f 1360 1358 1357
f 1359 1361 1362
f 1362 1360 1359
f 1361 1363 1364
f 1364 1362 1361
f 1363 1365 1366
f 1366 1364 1363
f 1365 1367 1368
f 1368 1366 1365
f 1367 1369 1370
f 1370 1368 1367
f 1369 1371 1372
f 1372 1370 1369
f 1371 1373 1374
f 1374 1372 1371
f 1373 1375 1376
f 1376 1374 1373
f 1375 1377 1378
f 1378 1376 1375
f 1377 1379 1380
f 1380 1378 1377
f 1379 1381 1382
f 1382 1380 1379
f 1381 1351 1354
f 1354 1382 1381
f 1385 1384 1383
f 1385 1383 1386
f 1385 1386 1387
f 1385 1387 1388
f 1385 1388 1389
f 1385 1389 1390
f 1385 1390 1391
f 1385 1391 1392
f 1385 1392 1393
f 1385 1393 1394
f 1385 1394 1395
f 1385 1395 1396
f 1385 1396 1397
f 1385 1397 1398
f 1385 1398 1399
f 1385 1399 1384
f 1400 1401 1402
f 1402 1403 1400
f 1401 1404 1405
f 1405 1402 1401
f 1404 1406 1407
f 1407 1405 1404
f 1406 1408 1409
f 1409 1407 1406
f 1408 1410 1411
f 1411 1409 1408
f 1410 1412 1413
f 1413 1411 1410
f 1412 1414 1415
f 1415 1413 1412
f 1414 1416 1417
f 1417 1415 1414
f 1416 1418 1419
f 1419 1417 1416
f 1418 1420 1421
f 1421 1419 1418
f 1420 1422 1423
f 1423 1421 1420
f 1422 1424 1425
f 1425 1423 1422
f 1424 1426 1427
f 1427 1425 1424
f 1426 1428 1429
f 1429 1427 1426
f 1428 1430 1431
f 1431 1429 1428
f 1430 1400 1403
f 1403 1431 1430
f 1434 1433 1432
f 1434 1432 1435
f 1434 1435 1436
f 1434 1436 1437
f 1434 1437 1438
f 1434 1438 1439
f 1434 1439 1440
f 1434 1440 1441
f 1434 1441 1442
f 1434 1442 1443
f 1434 1443 1444
f 1434 1444 1445
f 1434 1445 1446
f 1434 1446 1447
f 1434 1447 1448
f 1434 1448 1433
f 1451 1450 1449
f 1449 1452 1451
f 1455 1454 1453
f 1453 1456 1455
f 1459 1458 1457
f 1457 1460 1459
f 1462 1461 1458
f 1458 1459 1462
f 1464 1463 1461
f 1461 1462 1464
f 1466 1465 1463
f 1463 1464 1466
f 1468 1467 1465
f 1465 1466 1468
f 1470 1469 1467
f 1467 1468 1470
f 1472 1471 1469
f 1469 1470 1472
f 1474 1473 1471
f 1471 1472 1474
f 1476 1475 1473
f 1473 1474 1476
f 1478 1477 1475
f 1475 1476 1478
f 1480 1479 1477
f 1477 1478 1480
f 1482 1481 1479
f 1479 1480 1482
f 1484 1483 1481
f 1481 1482 1484
f 1486 1485 1483
f 1483 1484 1486
f 1488 1487 1485
f 1485 1486 1488
f 1460 1457 1487
f 1487 1488 1460
f 1489 1490 1491
f 1491 1492 1489
f 1490 1493 1494
f 1494 1491 1490
f 1493 1495 1496
f 1496 1494 1493
f 1495 1497 1498
f 1498 1496 1495
f 1497 1499 1500
f 1500 1498 1497
f 1499 1501 1502
f 1502 1500 1499
f 1501 1503 1504
f 1504 1502 1501
f 1503 1505 1506
f 1506 1504 1503
f 1505 1507 1508
f 1508 1506 1505
f 1507 1509 1510
f 1510 1508 1507
f 1509 1511 1512
f 1512 1510 1509
f 1511 1513 1514
f 1514 1512 1511
f 1513 1515 1516
f 1516 1514 1513
f 1515 1517 1518
f 1518 1516 1515
f 1517 1519 1520
f 1520 1518 1517
f 1519 1489 1492
f 1492 1520 1519
f 1521 1522 1523
f 1523 1524 1521
f 1524 1523 1525
f 1525 1526 1524
f 1526 1525 1527
f 1527 1528 1526
f 1528 1527 1529
f 1529 1530 1528
f 1530 1529 1531
f 1531 1532 1530
f 1532 1531 1533
f 1533 1534 1532
f 1534 1533 1535
f 1535 1536 1534
f 1536 1535 1537
f 1537 1538 1536
f 1538 1537 1539
f 1539 1540 1538
f 1540 1539 1541
f 1541 1542 1540
f 1542 1541 1543
f 1543 1544 1542
f 1544 1543 1545
f 1545 1546 1544
f 1546 1545 1547
f 1547 1548 1546
f 1548 1547 1549
f 1549 1550 1548
f 1550 1549 1551
f 1551 1552 1550
f 1552 1551 1522
f 1522 1521 1552
f 1555 1554 1553
f 1553 1556 1555
f 1558 1557 1554
f 1554 1555 1558
f 1560 1559 1557
f 1557 1558 1560
f 1562 1561 1559
f 1559 1560 1562
f 1564 1563 1561
f 1561 1562 1564
f 1566 1565 1563
f 1563 1564 1566
f 1568 1567 1565
f 1565 1566 1568
f 1570 1569 1567
f 1567 1568 1570
f 1572 1571 1569
f 1569 1570 1572
f 1574 1573 1571
f 1571 1572 1574
f 1576 1575 1573
f 1573 1574 1576
f 1578 1577 1575
f 1575 1576 1578
f 1580 1579 1577
f 1577 1578 1580
f 1582 1581 1579
f 1579 1580 1582
f 1584 1583 1581
f 1581 1582 1584
f 1556 1553 1583
f 1583 1584 1556
f 1585 1586 1587
f 1587 1588 1585
f 1586 1589 1590
f 1590 1587 1586
f 1589 1591 1592
f 1592 1590 1589
f 1591 1593 1594
f 1594 1592 1591
f 1593 1595 1596
f 1596 1594 1593
f 1595 1597 1598
f 1598 1596 1595
f 1597 1599 1600
f 1600 1598 1597
f 1599 1601 1602
f 1602 1600 1599
f 1601 1603 1604
f 1604 1602 1601
f 1603 1605 1606
f 1606 1604 1603
f 1605 1607 1608
f 1608 1606 1605
f 1607 1609 1610
f 1610 1608 1607
f 1609 1611 1612
f 1612 1610 1609
f 1611 1613 1614
f 1614 1612 1611
f 1613 1615 1616
f 1616 1614 1613
f 1615 1585 1588
f 1588 1616 1615
f 1617 1618 1619
f 1619 1620 1617
f 1620 1619 1621
f 1621 1622 1620
f 1622 1621 1623
f 1623 1624 1622
f 1624 1623 1625
f 1625 1626 1624
f 1626 1625 1627
f 1627 1628 1626
f 1628 1627 1629
f 1629 1630 1628
f 1630 1629 1631
f 1631 1632 1630
f 1632 1631 1633
f 1633 1634 1632
f 1634 1633 1635
f 1635 1636 1634
f 1636 1635 1637
f 1637 1638 1636
f 1638 1637 1639
f 1639 1640 1638
f 1640 1639 1641
f 1641 1642 1640
f 1642 1641 1643
f 1643 1644 1642
f 1644 1643 1645
f 1645 1646 1644
f 1646 1645 1647
f 1647 1648 1646
f 1648 1647 1618
f 1618 1617 1648
f 1651 1650 1649
f 1649 1652 1651
f 1654 1653 1650
f 1650 1651 1654
f 1656 1655 1653
f 1653 1654 1656
f 1658 1657 1655
f 1655 1656 1658
f 1660 1659 1657
f 1657 1658 1660
f 1662 1661 1659
f 1659 1660 1662
f 1664 1663 1661
f 1661 1662 1664
f 1666 1665 1663
f 1663 1664 1666
f 1668 1667 1665
f 1665 1666 1668
f 1670 1669 1667
f 1667 1668 1670
f 1672 1671 1669
f 1669 1670 1672
f 1674 1673 1671
f 1671 1672 1674
f 1676 1675 1673
f 1673 1674 1676
f 1678 1677 1675
f 1675 1676 1678
f 1680 1679 1677
f 1677 1678 1680
f 1652 1649 1679
f 1679 1680 1652
f 1681 1682 1683
f 1683 1684 1681
f 1682 1685 1686
f 1686 1683 1682
f 1685 1687 1688
f 1688 1686 1685
f 1687 1689 1690
f 1690 1688 1687
f 1689 1691 1692
f 1692 1690 1689
f 1691 1693 1694
f 1694 1692 1691
f 1693 1695 1696
f 1696 1694 1693
f 1695 1697 1698
f 1698 1696 1695
f 1697 1699 1700
f 1700 1698 1697
f 1699 1701 1702
f 1702 1700 1699
f 1701 1703 1704
f 1704 1702 1701
f 1703 1705 1706
f 1706 1704 1703
f 1705 1707 1708
f 1708 1706 1705
f 1707 1709 1710
f 1710 1708 1707
f 1709 1711 1712
f 1712 1710 1709
f 1711 1681 1684
f 1684 1712 1711
f 1713 1714 1715
f 1715 1716 1713
f 1716 1715 1717
f 1717 1718 1716
f 1718 1717 1719
f 1719 1720 1718
f 1720 1719 1721
f 1721 1722 1720
f 1722 1721 1723
f 1723 1724 1722
f 1724 1723 1725
f 1725 1726 1724
f 1726 1725 1727
f 1727 1728 1726
f 1728 1727 1729
f 1729 1730 1728
f 1730 1729 1731
f 1731 1732 1730
f 1732 1731 1733
f 1733 1734 1732
f 1734 1733 1735
f 1735 1736 1734
f 1736 1735 1737
f 1737 1738 1736
f 1738 1737 1739
f 1739 1740 1738
f 1740 1739 1741
f 1741 1742 1740
f 1742 1741 1743
f 1743 1744 1742
f 1744 1743 1714
f 1714 1713 1744
f 1747 1746 1745
f 1745 1748 1747
f 1751 1750 1749
f 1749 1752 1751
f 1755 1754 1753
f 1753 1756 1755
f 1759 1758 1757
f 1757 1760 1759
f 1763 1762 1761
f 1761 1764 1763
f 1767 1766 1765
f 1765 1768 1767
f 1766 1770 1769
f 1769 1765 1766
f 1770 1772 1771
f 1771 1769 1770
f 1772 1767 1768
f 1768 1771 1772
f 1773 1774 1775
f 1775 1776 1773
f 1777 1778 1779
f 1779 1780 1777
f 1781 1782 1783
f 1783 1784 1781
f 1785 1786 1787
f 1787 1788 1785
f 1786 1789 1790
f 1790 1787 1786
f 1789 1791 1792
f 1792 1790 1789
f 1791 1793 1794
f 1794 1792 1791
f 1793 1795 1796
f 1796 1794 1793
f 1795 1797 1798
f 1798 1796 1795
f 1797 1799 1800
f 1800 1798 1797
f 1799 1801 1802
f 1802 1800 1799
f 1801 1803 1804
f 1804 1802 1801
f 1803 1805 1806
f 1806 1804 1803
f 1805 1807 1808
f 1808 1806 1805
f 1807 1809 1810
f 1810 1808 1807
f 1809 1811 1812
f 1812 1810 1809
f 1811 1813 1814
f 1814 1812 1811
f 1813 1815 1816
f 1816 1814 1813
f 1815 1785 1788
f 1788 1816 1815
f 1819 1818 1817
f 1819 1817 1820
f 1819 1820 1821
f 1819 1821 1822
f 1819 1822 1823
f 1819 1823 1824
f 1819 1824 1825
f 1819 1825 1826
f 1819 1826 1827
f 1819 1827 1828
f 1819 1828 1829
f 1819 1829 1830
f 1819 1830 1831
f 1819 1831 1832
f 1819 1832 1833
f 1819 1833 1818
f 1834 1835 1836
f 1836 1837 1834
f 1835 1838 1839
f 1839 1836 1835
f 1838 1840 1841
f 1841 1839 1838
f 1840 1842 1843
f 1843 1841 1840
f 1842 1844 1845
f 1845 1843 1842
f 1844 1846 1847
f 1847 1845 1844
f 1846 1848 1849
f 1849 1847 1846
f 1848 1850 1851
f 1851 1849 1848
f 1850 1852 1853
f 1853 1851 1850
f 1852 1854 1855
f 1855 1853 1852
f 1854 1856 1857
f 1857 1855 1854
f 1856 1858 1859
f 1859 1857 1856
f 1858 1860 1861
f 1861 1859 1858
f 1860 1862 1863
f 1863 1861 1860
f 1862 1864 1865
f 1865 1863 1862
f 1864 1834 1837
f 1837 1865 1864
f 1868 1867 1866
f 1868 1866 1869
f 1868 1869 1870
f 1868 1870 1871
f 1868 1871 1872
f 1868 1872 1873
f 1868 1873 1874
f 1868 1874 1875
f 1868 1875 1876
f 1868 1876 1877
f 1868 1877 1878
f 1868 1878 1879
f 1868 1879 1880
f 1868 1880 1881
f 1868 1881 1882
f 1868 1882 1867
f 1883 1884 1885
f 1885 1886 1883
f 1884 1887 1888
f 1888 1885 1884
f 1887 1889 1890
f 1890 1888 1887
f 1889 1891 1892
f 1892 1890 1889
f 1891 1893 1894
f 1894 1892 1891
f 1893 1895 1896
f 1896 1894 1893
f 1895 1897 1898
f 1898 1896 1895
f 1897 1899 1900
f 1900 1898 1897
f 1899 1901 1902
f 1902 1900 1899
f 1901 1903 1904
f 1904 1902 1901
f 1903 1905 1906
f 1906 1904 1903
f 1905 1907 1908
f 1908 1906 1905
f 1907 1909 1910
f 1910 1908 1907
f 1909 1911 1912
f 1912 1910 1909
f 1911 1913 1914
f 1914 1912 1911
f 1913 1883 1886
f 1886 1914 1913
f 1917 1916 1915
f 1917 1915 1918
f 1917 1918 1919
f 1917 1919 1920
f 1917 1920 1921
f 1917 1921 1922
f 1917 1922 1923
f 1917 1923 1924
f 1917 1924 1925
f 1917 1925 1926
f 1917 1926 1927
f 1917 1927 1928
f 1917 1928 1929
f 1917 1929 1930
f 1917 1930 1931
f 1917 1931 1916
f 1932 1933 1934
f 1934 1935 1932
f 1933 1936 1937
f 1937 1934 1933
f 1936 1938 1939
f 1939 1937 1936
f 1938 1940 1941
f 1941 1939 1938
f 1940 1942 1943
f 1943 1941 1940
f 1942 1944 1945
f 1945 1943 1942
f 1944 1946 1947
f 1947 1945 1944
f 1946 1948 1949
f 1949 1947 1946
f 1948 1950 1951
f 1951 1949 1948
f 1950 1952 1953
f 1953 1951 1950
f 1952 1954 1955
f 1955 1953 1952
f 1954 1956 1957
f 1957 1955 1954
f 1956 1958 1959
f 1959 1957 1956
f 1958 1960 1961
f 1961 1959 1958
f 1960 1962 1963
f 1963 1961 1960
f 1962 1932 1935
f 1935 1963 1962
f 1966 1965 1964
f 1966 1964 1967
f 1966 1967 1968
f 1966 1968 1969
f 1966 1969 1970
f 1966 1970 1971
f 1966 1971 1972
f 1966 1972 1973
f 1966 1973 1974
f 1966 1974 1975
f 1966 1975 1976
f 1966 1976 1977
f 1966 1977 1978
f 1966 1978 1979
f 1966 1979 1980
f 1966 1980 1965
f 1981 1982 1983
f 1983 1984 1981
f 1982 1985 1986
f 1986 1983 1982
f 1985 1987 1988
f 1988 1986 1985
f 1987 1989 1990
f 1990 1988 1987
f 1989 1991 1992
f 1992 1990 1989
f 1991 1993 1994
f 1994 1992 1991
f 1993 1995 1996
f 1996 1994 1993
f 1995 1997 1998
f 1998 1996 1995
f 1997 1999 2000
f 2000 1998 1997
f 1999 2001 2002
f 2002 2000 1999
f 2001 2003 2004
f 2004 2002 2001
f 2003 2005 2006
f 2006 2004 2003
f 2005 2007 2008
f 2008 2006 2005
f 2007 2009 2010
f 2010 2008 2007
f 2009 2011 2012
f 2012 2010 2009
f 2011 1981 1984
f 1984 2012 2011
f 2015 2014 2013
f 2015 2013 2016
f 2015 2016 2017
f 2015 2017 2018
f 2015 2018 2019
f 2015 2019 2020
f 2015 2020 2021
f 2015 2021 2022
f 2015 2022 2023
f 2015 2023 2024
f 2015 2024 2025
f 2015 2025 2026
f 2015 2026 2027
f 2015 2027 2028
f 2015 2028 2029
f 2015 2029 2014
f 2030 2031 2032
f 2032 2033 2030
f 2031 2034 2035
f 2035 2032 2031
f 2034 2036 2037
f 2037 2035 2034
f 2036 2038 2039
f 2039 2037 2036
f 2038 2040 2041
f 2041 2039 2038
f 2040 2042 2043
f 2043 2041 2040
f 2042 2044 2045
f 2045 2043 2042
f 2044 2046 2047
f 2047 2045 2044
f 2046 2048 2049
f 2049 2047 2046
f 2048 2050 2051
f 2051 2049 2048
f 2050 2052 2053
f 2053 2051 2050
f 2052 2054 2055
f 2055 2053 2052
f 2054 2056 2057
f 2057 2055 2054
f 2056 2058 2059
f 2059 2057 2056
f 2058 2060 2061
f 2061 2059 2058
f 2060 2030 2033
f 2033 2061 2060
f 2064 2063 2062
f 2064 2062 2065
f 2064 2065 2066
f 2064 2066 2067
f 2064 2067 2068
f 2064 2068 2069
f 2064 2069 2070
f 2064 2070 2071
f 2064 2071 2072
f 2064 2072 2073
f 2064 2073 2074
f 2064 2074 2075
f 2064 2075 2076
f 2064 2076 2077
f 2064 2077 2078
f 2064 2078 2063
f 2079 2080 2081
f 2081 2082 2079
f 2080 2083 2084
f 2084 2081 2080
f 2083 2085 2086
f 2086 2084 2083
f 2085 2087 2088
f 2088 2086 2085
f 2087 2089 2090
f 2090 2088 2087
f 2089 2091 2092
f 2092 2090 2089
f 2091 2093 2094
f 2094 2092 2091
f 2093 2095 2096
f 2096 2094 2093
f 2095 2097 2098
f 2098 2096 2095
f 2097 2099 2100
f 2100 2098 2097
f 2099 2101 2102
f 2102 2100 2099
f 2101 2103 2104
f 2104 2102 2101
f 2103 2105 2106
f 2106 2104 2103
f 2105 2107 2108
f 2108 2106 2105
f 2107 2109 2110
f 2110 2108 2107
f 2109 2079 2082
f 2082 2110 2109
f 2113 2112 2111
f 2113 2111 2114
f 2113 2114 2115
f 2113 2115 2116
f 2113 2116 2117
f 2113 2117 2118
f 2113 2118 2119
f 2113 2119 2120
f 2113 2120 2121
f 2113 2121 2122
f 2113 2122 2123
f 2113 2123 2124
f 2113 2124 2125
f 2113 2125 2126
f 2113 2126 2127
f 2113 2127 2112
f 2128 2129 2130
f 2130 2131 2128
f 2129 2132 2133
f 2133 2130 2129
f 2132 2134 2135
f 2135 2133 2132
f 2134 2136 2137
f 2137 2135 2134
f 2136 2138 2139
f 2139 2137 2136
f 2138 2140 2141
f 2141 2139 2138
f 2140 2142 2143
f 2143 2141 2140
f 2142 2144 2145
f 2145 2143 2142
f 2144 2146 2147
f 2147 2145 2144
f 2146 2148 2149
f 2149 2147 2146
f 2148 2150 2151
f 2151 2149 2148
f 2150 2152 2153
f 2153 2151 2150
f 2152 2154 2155
f 2155 2153 2152
f 2154 2156 2157
f 2157 2155 2154
f 2156 2158 2159
f 2159 2157 2156
f 2158 2128 2131
f 2131 2159 2158
f 2162 2161 2160
f 2162 2160 2163
f 2162 2163 2164
f 2162 2164 2165
f 2162 2165 2166
f 2162 2166 2167
f 2162 2167 2168
f 2162 2168 2169
f 2162 2169 2170
f 2162 2170 2171
f 2162 2171 2172
f 2162 2172 2173
f 2162 2173 2174
f 2162 2174 2175
f 2162 2175 2176
f 2162 2176 2161
f 2179 2178 2177
f 2177 2180 2179
f 2183 2182 2181
f 2181 2184 2183
f 2187 2186 2185
f 2185 2188 2187
f 2190 2189 2186
f 2186 2187 2190
f 2192 2191 2189
f 2189 2190 2192
f 2194 2193 2191
f 2191 2192 2194
f 2196 2195 2193
f 2193 2194 2196
f 2198 2197 2195
f 2195 2196 2198
f 2200 2199 2197
f 2197 2198 2200
f 2202 2201 2199
f 2199 2200 2202
f 2204 2203 2201
f 2201 2202 2204
f 2206 2205 2203
f 2203 2204 2206
f 2208 2207 2205
f 2205 2206 2208
f 2210 2209 2207
f 2207 2208 2210
f 2212 2211 2209
f 2209 2210 2212
f 2214 2213 2211
f 2211 2212 2214
f 2216 2215 2213
f 2213 2214 2216
f 2188 2185 2215
f 2215 2216 2188
f 2217 2218 2219
f 2219 2220 2217
f 2218 2221 2222
f 2222 2219 2218
f 2221 2223 2224
f 2224 2222 2221
f 2223 2225 2226
f 2226 2224 2223
f 2225 2227 2228
f 2228 2226 2225
f 2227 2229 2230
f 2230 2228 2227
f 2229 2231 2232
f 2232 2230 2229
f 2231 2233 2234
f 2234 2232 2231
f 2233 2235 2236
f 2236 2234 2233
f 2235 2237 2238
f 2238 2236 2235
f 2237 2239 2240
f 2240 2238 2237
f 2239 2241 2242
f 2242 2240 2239
f 2241 2243 2244
f 2244 2242 2241
f 2243 2245 2246
f 2246 2244 2243
f 2245 2247 2248
f 2248 2246 2245
f 2247 2217 2220
f 2220 2248 2247
f 2249 2250 2251
f 2251 2252 2249
f 2252 2251 2253
f 2253 2254 2252
f 2254 2253 2255
f 2255 2256 2254
f 2256 2255 2257
f 2257 2258 2256
f 2258 2257 2259
f 2259 2260 2258
f 2260 2259 2261
f 2261 2262 2260
f 2262 2261 2263
f 2263 2264 2262
f 2264 2263 2265
f 2265 2266 2264
f 2266 2265 2267
f 2267 2268 2266
f 2268 2267 2269
f 2269 2270 2268
f 2270 2269 2271
f 2271 2272 2270
f 2272 2271 2273
f 2273 2274 2272
f 2274 2273 2275
f 2275 2276 2274
f 2276 2275 2277
f 2277 2278 2276
f 2278 2277 2279
f 2279 2280 2278
f 2280 2279 2250
f 2250 2249 2280
f 2283 2282 2281
f 2281 2284 2283
f 2286 2285 2282
f 2282 2283 2286
f 2288 2287 2285
f 2285 2286 2288
f 2290 2289 2287
f 2287 2288 2290
f 2292 2291 2289
f 2289 2290 2292
f 2294 2293 2291
f 2291 2292 2294
f 2296 2295 2293
f 2293 2294 2296
f 2298 2297 2295
f 2295 2296 2298
f 2300 2299 2297
f 2297 2298 2300
f 2302 2301 2299
f 2299 2300 2302
f 2304 2303 2301
f 2301 2302 2304
f 2306 2305 2303
f 2303 2304 2306
f 2308 2307 2305
f 2305 2306 2308
f 2310 2309 2307
f 2307 2308 2310
f 2312 2311 2309
f 2309 2310 2312
f 2284 2281 2311
f 2311 2312 2284
f 2313 2314 2315
f 2315 2316 2313
f 2314 2317 2318
f 2318 2315 2314
f 2317 2319 2320
f 2320 2318 2317
f 2319 2321 2322
f 2322 2320 2319
f 2321 2323 2324
f 2324 2322 2321
f 2323 2325 2326
f 2326 2324 2323
f 2325 2327 2328
f 2328 2326 2325
f 2327 2329 2330
f 2330 2328 2327
f 2329 2331 2332
f 2332 2330 2329
f 2331 2333 2334
f 2334 2332 2331
f 2333 2335 2336
f 2336 2334 2333
f 2335 2337 2338
f 2338 2336 2335
f 2337 2339 2340
f 2340 2338 2337
f 2339 2341 2342
f 2342 2340 2339
f 2341 2343 2344
f 2344 2342 2341
f 2343 2313 2316
f 2316 2344 2343
f 2345 2346 2347
f 2347 2348 2345
f 2348 2347 2349
f 2349 2350 2348
f 2350 2349 2351
f 2351 2352 2350
f 2352 2351 2353
f 2353 2354 2352
f 2354 2353 2355
f 2355 2356 2354
f 2356 2355 2357
f 2357 2358 2356
f 2358 2357 2359
f 2359 2360 2358
f 2360 2359 2361
f 2361 2362 2360
f 2362 2361 2363
f 2363 2364 2362
f 2364 2363 2365
f 2365 2366 2364
f 2366 2365 2367
f 2367 2368 2366
f 2368 2367 2369
f 2369 2370 2368
f 2370 2369 2371
f 2371 2372 2370
f 2372 2371 2373
f 2373 2374 2372
f 2374 2373 2375
f 2375 2376 2374
f 2376 2375 2346
f 2346 2345 2376
f 2379 2378 2377
f 2377 2380 2379
f 2382 2381 2378
f 2378 2379 2382
f 2384 2383 2381
f 2381 2382 2384
f 2386 2385 2383
f 2383 2384 2386
f 2388 2387 2385
f 2385 2386 2388
f 2390 2389 2387
f 2387 2388 2390
f 2392 2391 2389
f 2389 2390 2392
f 2394 2393 2391
f 2391 2392 2394
f 2396 2395 2393
f 2393 2394 2396
f 2398 2397 2395
f 2395 2396 2398
f 2400 2399 2397
f 2397 2398 2400
f 2402 2401 2399
f 2399 2400 2402
f 2404 2403 2401
f 2401 2402 2404
f 2406 2405 2403
f 2403 2404 2406
f 2408 2407 2405
f 2405 2406 2408
f 2380 2377 2407
f 2407 2408 2380
f 2409 2410 2411
f 2411 2412 2409
f 2410 2413 2414
f 2414 2411 2410
f 2413 2415 2416
f 2416 2414 2413
f 2415 2417 2418
f 2418 2416 2415
f 2417 2419 2420
f 2420 2418 2417
f 2419 2421 2422
f 2422 2420 2419
f 2421 2423 2424
f 2424 2422 2421
f 2423 2425 2426
f 2426 2424 2423
f 2425 2427 2428
f 2428 2426 2425
f 2427 2429 2430
f 2430 2428 2427
f 2429 2431 2432
f 2432 2430 2429
f 2431 2433 2434
f 2434 2432 2431
f 2433 2435 2436
f 2436 2434 2433
f 2435 2437 2438
f 2438 2436 2435
f 2437 2439 2440
f 2440 2438 2437
f 2439 2409 2412
f 2412 2440 2439
f 2441 2442 2443
f 2443 2444 2441
f 2444 2443 2445
f 2445 2446 2444
f 2446 2445 2447
f 2447 2448 2446
f 2448 2447 2449
f 2449 2450 2448
f 2450 2449 2451
f 2451 2452 2450
f 2452 2451 2453
f 2453 2454 2452
f 2454 2453 2455
f 2455 2456 2454
f 2456 2455 2457
f 2457 2458 2456
f 2458 2457 2459
f 2459 2460 2458
f 2460 2459 2461
f 2461 2462 2460
f 2462 2461 2463
f 2463 2464 2462
f 2464 2463 2465
f 2465 2466 2464
f 2466 2465 2467
f 2467 2468 2466
f 2468 2467 2469
f 2469 2470 2468
f 2470 2469 2471
f 2471 2472 2470
f 2472 2471 2442
f 2442 2441 2472
f 2475 2474 2473
f 2473 2476 2475
f 2479 2478 2477
f 2477 2480 2479
f 2483 2482 2481
f 2481 2484 2483
f 2487 2486 2485
f 2485 2488 2487
f 2491 2490 2489
f 2489 2492 2491
f 2495 2494 2493
f 2493 2496 2495
f 2494 2498 2497
f 2497 2493 2494
f 2498 2500 2499
f 2499 2497 2498
f 2500 2495 2496
f 2496 2499 2500
f 2501 2502 2503
f 2503 2504 2501
f 2505 2506 2507
f 2507 2508 2505
f 2509 2510 2511
f 2511 2512 2509
f 2513 2514 2515
f 2515 2516 2513
f 2514 2517 2518
f 2518 2515 2514
f 2517 2519 2520
f 2520 2518 2517
f 2519 2521 2522
f 2522 2520 2519
f 2521 2523 2524
f 2524 2522 2521
f 2523 2525 2526
f 2526 2524 2523
f 2525 2527 2528
f 2528 2526 2525
f 2527 2529 2530
f 2530 2528 2527
f 2529 2531 2532
f 2532 2530 2529
f 2531 2533 2534
f 2534 2532 2531
f 2533 2535 2536
f 2536 2534 2533
f 2535 2537 2538
f 2538 2536 2535
f 2537 2539 2540
f 2540 2538 2537
f 2539 2541 2542
f 2542 2540 2539
f 2541 2543 2544
f 2544 2542 2541
f 2543 2513 2516
f 2516 2544 2543
f 2547 2546 2545
f 2547 2545 2548
f 2547 2548 2549
f 2547 2549 2550
f 2547 2550 2551
f 2547 2551 2552
f 2547 2552 2553
f 2547 2553 2554
f 2547 2554 2555
f 2547 2555 2556
f 2547 2556 2557
f 2547 2557 2558
f 2547 2558 2559
f 2547 2559 2560
f 2547 2560 2561
f 2547 2561 2546
f 2562 2563 2564
f 2564 2565 2562
f 2563 2566 2567
f 2567 2564 2563
f 2566 2568 2569
f 2569 2567 2566
f 2568 2570 2571
f 2571 2569 2568
f 2570 2572 2573
f 2573 2571 2570
f 2572 2574 2575
f 2575 2573 2572
f 2574 2576 2577
f 2577 2575 2574
f 2576 2578 2579
f 2579 2577 2576
f 2578 2580 2581
f 2581 2579 2578
f 2580 2582 2583
f 2583 2581 2580
f 2582 2584 2585
f 2585 2583 2582
f 2584 2586 2587
f 2587 2585 2584
f 2586 2588 2589
f 2589 2587 2586
f 2588 2590 2591
f 2591 2589 2588
f 2590 2592 2593
f 2593 2591 2590
f 2592 2562 2565
f 2565 2593 2592
f 2596 2595 2594
f 2596 2594 2597
f 2596 2597 2598
f 2596 2598 2599
f 2596 2599 2600
f 2596 2600 2601
f 2596 2601 2602
f 2596 2602 2603
f 2596 2603 2604
f 2596 2604 2605
f 2596 2605 2606
f 2596 2606 2607
f 2596 2607 2608
f 2596 2608 2609
f 2596 2609 2610
f 2596 2610 2595
f 2611 2612 2613
f 2613 2614 2611
f 2612 2615 2616
f 2616 2613 2612
f 2615 2617 2618
f 2618 2616 2615
f 2617 2619 2620
f 2620 2618 2617
f 2619 2621 2622
f 2622 2620 2619
f 2621 2623 2624
f 2624 2622 2621
f 2623 2625 2626
f 2626 2624 2623
f 2625 2627 2628
f 2628 2626 2625
f 2627 2629 2630
f 2630 2628 2627
f 2629 2631 2632
f 2632 2630 2629
f 2631 2633 2634
f 2634 2632 2631
f 2633 2635 2636
f 2636 2634 2633
f 2635 2637 2638
f 2638 2636 2635
f 2637 2639 2640
f 2640 2638 2637
f 2639 2641 2642
f 2642 2640 2639
f 2641 2611 2614
f 2614 2642 2641
f 2645 2644 2643
f 2645 2643 2646
f 2645 2646 2647
f 2645 2647 2648
f 2645 2648 2649
f 2645 2649 2650
f 2645 2650 2651
f 2645 2651 2652
f 2645 2652 2653
f 2645 2653 2654
f 2645 2654 2655
f 2645 2655 2656
f 2645 2656 2657
f 2645 2657 2658
f 2645 2658 2659
f 2645 2659 2644
f 2660 2661 2662
f 2662 2663 2660
f 2661 2664 2665
f 2665 2662 2661
f 2664 2666 2667
f 2667 2665 2664
f 2666 2668 2669
f 2669 2667 2666
f 2668 2670 2671
f 2671 2669 2668
f 2670 2672 2673
f 2673 2671 2670
f 2672 2674 2675
f 2675 2673 2672
f 2674 2676 2677
f 2677 2675 2674
f 2676 2678 2679
f 2679 2677 2676
f 2678 2680 2681
f 2681 2679 2678
f 2680 2682 2683
f 2683 2681 2680
f 2682 2684 2685
f 2685 2683 2682
f 2684 2686 2687
f 2687 2685 2684
f 2686 2688 2689
f 2689 2687 2686
f 2688 2690 2691
f 2691 2689 2688
f 2690 2660 2663
f 2663 2691 2690
f 2694 2693 2692
f 2694 2692 2695
f 2694 2695 2696
f 2694 2696 2697
f 2694 2697 2698
f 2694 2698 2699
f 2694 2699 2700
f 2694 2700 2701
f 2694 2701 2702
f 2694 2702 2703
f 2694 2703 2704
f 2694 2704 2705
f 2694 2705 2706
f 2694 2706 2707
f 2694 2707 2708
f 2694 2708 2693
f 2709 2710 2711
f 2711 2712 2709
f 2710 2713 2714
f 2714 2711 2710
f 2713 2715 2716
f 2716 2714 2713
f 2715 2717 2718
f 2718 2716 2715
f 2717 2719 2720
f 2720 2718 2717
f 2719 2721 2722
f 2722 2720 2719
f 2721 2723 2724
f 2724 2722 2721
f 2723 2725 2726
f 2726 2724 2723
f 2725 2727 2728
f 2728 2726 2725
f 2727 2729 2730
f 2730 2728 2727
f 2729 2731 2732
f 2732 2730 2729
f 2731 2733 2734
f 2734 2732 2731
f 2733 2735 2736
f 2736 2734 2733
f 2735 2737 2738
f 2738 2736 2735
f 2737 2739 2740
f 2740 2738 2737
f 2739 2709 2712
f 2712 2740 2739
f 2743 2742 2741
f 2743 2741 2744
f 2743 2744 2745
f 2743 2745 2746
f 2743 2746 2747
f 2743 2747 2748
f 2743 2748 2749
f 2743 2749 2750
f 2743 2750 2751
f 2743 2751 2752
f 2743 2752 2753
f 2743 2753 2754
f 2743 2754 2755
f 2743 2755 2756
f 2743 2756 2757
f 2743 2757 2742
f 2758 2759 2760
f 2760 2761 2758
f 2759 2762 2763
f 2763 2760 2759
f 2762 2764 2765
f 2765 2763 2762
f 2764 2766 2767
f 2767 2765 2764
f 2766 2768 2769
f 2769 2767 2766
f 2768 2770 2771
f 2771 2769 2768
f 2770 2772 2773
f 2773 2771 2770
f 2772 2774 2775
f 2775 2773 2772
f 2774 2776 2777
f 2777 2775 2774
f 2776 2778 2779
f 2779 2777 2776
f 2778 2780 2781
f 2781 2779 2778
f 2780 2782 2783
f 2783 2781 2780
f 2782 2784 2785
f 2785 2783 2782
f 2784 2786 2787
f 2787 2785 2784
f 2786 2788 2789
f 2789 2787 2786
f 2788 2758 2761
f 2761 2789 2788
f 2792 2791 2790
f 2792 2790 2793
f 2792 2793 2794
f 2792 2794 2795
f 2792 2795 2796
f 2792 2796 2797
f 2792 2797 2798
f 2792 2798 2799
f 2792 2799 2800
f 2792 2800 2801
f 2792 2801 2802
f 2792 2802 2803
f 2792 2803 2804
f 2792 2804 2805
f 2792 2805 2806
f 2792 2806 2791
f 2807 2808 2809
f 2809 2810 2807
f 2808 2811 2812
f 2812 2809 2808
f 2811 2813 2814
f 2814 2812 2811
f 2813 2815 2816
f 2816 2814 2813
f 2815 2817 2818
f 2818 2816 2815
f 2817 2819 2820
f 2820 2818 2817
f 2819 2821 2822
f 2822 2820 2819
f 2821 2823 2824
f 2824 2822 2821
f 2823 2825 2826
f 2826 2824 2823
f 2825 2827 2828
f 2828 2826 2825
f 2827 2829 2830
f 2830 2828 2827
f 2829 2831 2832
f 2832 2830 2829
f 2831 2833 2834
f 2834 2832 2831
f 2833 2835 2836
f 2836 2834 2833
f 2835 2837 2838
f 2838 2836 2835
f 2837 2807 2810
f 2810 2838 2837
f 2841 2840 2839
f 2841 2839 2842
f 2841 2842 2843
f 2841 2843 2844
f 2841 2844 2845
f 2841 2845 2846
f 2841 2846 2847
f 2841 2847 2848
f 2841 2848 2849
f 2841 2849 2850
f 2841 2850 2851
f 2841 2851 2852
f 2841 2852 2853
f 2841 2853 2854
f 2841 2854 2855
f 2841 2855 2840
f 2856 2857 2858
f 2858 2859 2856
f 2857 2860 2861
f 2861 2858 2857
f 2860 2862 2863
f 2863 2861 2860
f 2862 2864 2865
f 2865 2863 2862
f 2864 2866 2867
f 2867 2865 2864
f 2866 2868 2869
f 2869 2867 2866
f 2868 2870 2871
f 2871 2869 2868
f 2870 2872 2873
f 2873 2871 2870
f 2872 2874 2875
f 2875 2873 2872
f 2874 2876 2877
f 2877 2875 2874
f 2876 2878 2879
f 2879 2877 2876
f 2878 2880 2881
f 2881 2879 2878
f 2880 2882 2883
f 2883 2881 2880
f 2882 2884 2885
f 2885 2883 2882
f 2884 2886 2887
f 2887 2885 2884
f 2886 2856 2859
f 2859 2887 2886
f 2890 2889 2888
f 2890 2888 2891
f 2890 2891 2892
f 2890 2892 2893
f 2890 2893 2894
f 2890 2894 2895
f 2890 2895 2896
f 2890 2896 2897
f 2890 2897 2898
f 2890 2898 2899
f 2890 2899 2900
f 2890 2900 2901
f 2890 2901 2902
f 2890 2902 2903
f 2890 2903 2904
f 2890 2904 2889
f 2907 2906 2905
f 2905 2908 2907
f 2911 2910 2909
f 2909 2912 2911
f 2915 2914 2913
f 2913 2916 2915
f 2918 2917 2914
f 2914 2915 2918
f 2920 2919 2917
f 2917 2918 2920
f 2922 2921 2919
f 2919 2920 2922
f 2924 2923 2921
f 2921 2922 2924
f 2926 2925 2923
f 2923 2924 2926
f 2928 2927 2925
f 2925 2926 2928
f 2930 2929 2927
f 2927 2928 2930
f 2932 2931 2929
f 2929 2930 2932
f 2934 2933 2931
f 2931 2932 2934
f 2936 2935 2933
f 2933 2934 2936
f 2938 2937 2935
f 2935 2936 2938
f 2940 2939 2937
f 2937 2938 2940
f 2942 2941 2939
f 2939 2940 2942
f 2944 2943 2941
f 2941 2942 2944
f 2916 2913 2943
f 2943 2944 2916
f 2945 2946 2947
f 2947 2948 2945
f 2946 2949 2950
f 2950 2947 2946
f 2949 2951 2952
f 2952 2950 2949
f 2951 2953 2954
f 2954 2952 2951
f 2953 2955 2956
f 2956 2954 2953
f 2955 2957 2958
f 2958 2956 2955
f 2957 2959 2960
f 2960 2958 2957
f 2959 2961 2962
f 2962 2960 2959
f 2961 2963 2964
f 2964 2962 2961
f 2963 2965 2966
f 2966 2964 2963
f 2965 2967 2968
f 2968 2966 2965
f 2967 2969 2970
f 2970 2968 2967
f 2969 2971 2972
f 2972 2970 2969
f 2971 2973 2974
f 2974 2972 2971
f 2973 2975 2976
f 2976 2974 2973
f 2975 2945 2948
f 2948 2976 2975
f 2977 2978 2979
f 2979 2980 2977
f 2980 2979 2981
f 2981 2982 2980
f 2982 2981 2983
f 2983 2984 2982
f 2984 2983 2985
f 2985 2986 2984
f 2986 2985 2987
f 2987 2988 2986
f 2988 2987 2989
f 2989 2990 2988
f 2990 2989 2991
f 2991 2992 2990
f 2992 2991 2993
f 2993 2994 2992
f 2994 2993 2995
f 2995 2996 2994
f 2996 2995 2997
f 2997 2998 2996
f 2998 2997 2999
f 2999 3000 2998
f 3000 2999 3001
f 3001 3002 3000
f 3002 3001 3003
f 3003 3004 3002
f 3004 3003 3005
f 3005 3006 3004
f 3006 3005 3007
f 3007 3008 3006
f 3008 3007 2978
f 2978 2977 3008
f 3011 3010 3009
f 3009 3012 3011
f 3014 3013 3010
f 3010 3011 3014
f 3016 3015 3013
f 3013 3014 3016
f 3018 3017 3015
f 3015 3016 3018
f 3020 3019 3017
f 3017 3018 3020
f 3022 3021 3019
f 3019 3020 3022
f 3024 3023 3021
f 3021 3022 3024
f 3026 3025 3023
f 3023 3024 3026
f 3028 3027 3025
f 3025 3026 3028
f 3030 3029 3027
f 3027 3028 3030
f 3032 3031 3029
f 3029 3030 3032
f 3034 3033 3031
f 3031 3032 3034
f 3036 3035 3033
f 3033 3034 3036
f 3038 3037 3035
f 3035 3036 3038
f 3040 3039 3037
f 3037 3038 3040
f 3012 3009 3039
f 3039 3040 3012
f 3041 3042 3043
f 3043 3044 3041
f 3042 3045 3046
f 3046 3043 3042
f 3045 3047 3048
f 3048 3046 3045
f 3047 3049 3050
f 3050 3048 3047
f 3049 3051 3052
f 3052 3050 3049
f 3051 3053 3054
f 3054 3052 3051
f 3053 3055 3056
f 3056 3054 3053
f 3055 3057 3058
f 3058 3056 3055
f 3057 3059 3060
f 3060 3058 3057
f 3059 3061 3062
f 3062 3060 3059
f 3061 3063 3064
f 3064 3062 3061
f 3063 3065 3066
f 3066 3064 3063
f 3065 3067 3068
f 3068 3066 3065
f 3067 3069 3070
f 3070 3068 3067
f 3069 3071 3072
f 3072 3070 3069
f 3071 3041 3044
f 3044 3072 3071
f 3073 3074 3075
f 3075 3076 3073
f 3076 3075 3077
f 3077 3078 3076
f 3078 3077 3079
f 3079 3080 3078
f 3080 3079 3081
f 3081 3082 3080
f 3082 3081 3083
f 3083 3084 3082
f 3084 3083 3085
f 3085 3086 3084
f 3086 3085 3087
f 3087 3088 3086
f 3088 3087 3089
f 3089 3090 3088
f 3090 3089 3091
f 3091 3092 3090
f 3092 3091 3093
f 3093 3094 3092
f 3094 3093 3095
f 3095 3096 3094
f 3096 3095 3097
f 3097 3098 3096
f 3098 3097 3099
f 3099 3100 3098
f 3100 3099 3101
f 3101 3102 3100
f 3102 3101 3103
f 3103 3104 3102
f 3104 3103 3074
f 3074 3073 3104
f 3107 3106 3105
f 3105 3108 3107
f 3110 3109 3106
f 3106 3107 3110
f 3112 3111 3109
f 3109 3110 3112
f 3114 3113 3111
f 3111 3112 3114
f 3116 3115 3113
f 3113 3114 3116
f 3118 3117 3115
f 3115 3116 3118
f 3120 3119 3117
f 3117 3118 3120
f 3122 3121 3119
f 3119 3120 3122
f 3124 3123 3121
f 3121 3122 3124
f 3126 3125 3123
f 3123 3124 3126
f 3128 3127 3125
f 3125 3126 3128
f 3130 3129 3127
f 3127 3128 3130
f 3132 3131 3129
f 3129 3130 3132
f 3134 3133 3131
f 3131 3132 3134
f 3136 3135 3133
f 3133 3134 3136
f 3108 3105 3135
f 3135 3136 3108
f 3137 3138 3139
f 3139 3140 3137
f 3138 3141 3142
f 3142 3139 3138
f 3141 3143 3144
f 3144 3142 3141
f 3143 3145 3146
f 3146 3144 3143
f 3145 3147 3148
f 3148 3146 3145
f 3147 3149 3150
f 3150 3148 3147
f 3149 3151 3152
f 3152 3150 3149
f 3151 3153 3154
f 3154 3152 3151
f 3153 3155 3156
f 3156 3154 3153
f 3155 3157 3158
f 3158 3156 3155
f 3157 3159 3160
f 3160 3158 3157
f 3159 3161 3162
f 3162 3160 3159
f 3161 3163 3164
f 3164 3162 3161
f 3163 3165 3166
f 3166 3164 3163
f 3165 3167 3168
f 3168 3166 3165
f 3167 3137 3140
f 3140 3168 3167
f 3169 3170 3171
f 3171 3172 3169
f 3172 3171 3173
f 3173 3174 3172
f 3174 3173 3175
f 3175 3176 3174
f 3176 3175 3177
f 3177 3178 3176
f 3178 3177 3179
f 3179 3180 3178
f 3180 3179 3181
f 3181 3182 3180
f 3182 3181 3183
f 3183 3184 3182
f 3184 3183 3185
f 3185 3186 3184
f 3186 3185 3187
f 3187 3188 3186
f 3188 3187 3189
f 3189 3190 3188
f 3190 3189 3191
f 3191 3192 3190
f 3192 3191 3193
f 3193 3194 3192
f 3194 3193 3195
f 3195 3196 3194
f 3196 3195 3197
f 3197 3198 3196
f 3198 3197 3199
f 3199 3200 3198
f 3200 3199 3170
f 3170 3169 3200
f 3203 3202 3201
f 3201 3204 3203
f 3206 3205 3202
f 3202 3203 3206
f 3208 3207 3205
f 3205 3206 3208
f 3210 3209 3207
f 3207 3208 3210
f 3212 3211 3209
f 3209 3210 3212
f 3214 3213 3211
f 3211 3212 3214
f 3216 3215 3213
f 3213 3214 3216
f 3218 3217 3215
f 3215 3216 3218
f 3220 3219 3217
f 3217 3218 3220
f 3222 3221 3219
f 3219 3220 3222
f 3224 3223 3221
f 3221 3222 3224
f 3226 3225 3223
f 3223 3224 3226
f 3228 3227 3225
f 3225 3226 3228
f 3230 3229 3227
f 3227 3228 3230
f 3232 3231 3229
f 3229 3230 3232
f 3204 3201 3231
f 3231 3232 3204
f 3233 3234 3235
f 3235 3236 3233
f 3234 3237 3238
f 3238 3235 3234
f 3237 3239 3240
f 3240 3238 3237
f 3239 3241 3242
f 3242 3240 3239
f 3241 3243 3244
f 3244 3242 3241
f 3243 3245 3246
f 3246 3244 3243
f 3245 3247 3248
f 3248 3246 3245
f 3247 3249 3250
f 3250 3248 3247
f 3249 3251 3252
f 3252 3250 3249
f 3251 3253 3254
f 3254 3252 3251
f 3253 3255 3256
f 3256 3254 3253
f 3255 3257 3258
f 3258 3256 3255
f 3257 3259 3260
f 3260 3258 3257
f 3259 3261 3262
f 3262 3260 3259
f 3261 3263 3264
f 3264 3262 3261
f 3263 3233 3236
f 3236 3264 3263
f 3265 3266 3267
f 3267 3268 3265
f 3268 3267 3269
f 3269 3270 3268
f 3270 3269 3271
f 3271 3272 3270
f 3272 3271 3273
f 3273 3274 3272
f 3274 3273 3275
f 3275 3276 3274
f 3276 3275 3277
f 3277 3278 3276
f 3278 3277 3279
f 3279 3280 3278
f 3280 3279 3281
f 3281 3282 3280
f 3282 3281 3283
f 3283 3284 3282
f 3284 3283 3285
f 3285 3286 3284
f 3286 3285 3287
f 3287 3288 3286
f 3288 3287 3289
f 3289 3290 3288
f 3290 3289 3291
f 3291 3292 3290
f 3292 3291 3293
f 3293 3294 3292
f 3294 3293 3295
f 3295 3296 3294
f 3296 3295 3266
f 3266 3265 3296
f 3299 3298 3297
f 3297 3300 3299
f 3302 3301 3298
f 3298 3299 3302
f 3304 3303 3301
f 3301 3302 3304
f 3306 3305 3303
f 3303 3304 3306
f 3308 3307 3305
f 3305 3306 3308
f 3310 3309 3307
f 3307 3308 3310
f 3312 3311 3309
f 3309 3310 3312
f 3314 3313 3311
f 3311 3312 3314
f 3316 3315 3313
f 3313 3314 3316
f 3318 3317 3315
f 3315 3316 3318
f 3320 3319 3317
f 3317 3318 3320
f 3322 3321 3319
f 3319 3320 3322
f 3324 3323 3321
f 3321 3322 3324
f 3326 3325 3323
f 3323 3324 3326
f 3328 3327 3325
f 3325 3326 3328
f 3300 3297 3327
f 3327 3328 3300
f 3329 3330 3331
f 3331 3332 3329
f 3330 3333 3334
f 3334 3331 3330
f 3333 3335 3336
f 3336 3334 3333
f 3335 3337 3338
f 3338 3336 3335
f 3337 3339 3340
f 3340 3338 3337
f 3339 3341 3342
f 3342 3340 3339
f 3341 3343 3344
f 3344 3342 3341
f 3343 3345 3346
f 3346 3344 3343
f 3345 3347 3348
f 3348 3346 3345
f 3347 3349 3350
f 3350 3348 3347
f 3349 3351 3352
f 3352 3350 3349
f 3351 3353 3354
f 3354 3352 3351
f 3353 3355 3356
f 3356 3354 3353
f 3355 3357 3358
f 3358 3356 3355
f 3357 3359 3360
f 3360 3358 3357
f 3359 3329 3332
f 3332 3360 3359
f 3361 3362 3363
f 3363 3364 3361
f 3364 3363 3365
f 3365 3366 3364
f 3366 3365 3367
f 3367 3368 3366
f 3368 3367 3369
f 3369 3370 3368
f 3370 3369 3371
f 3371 3372 3370
f 3372 3371 3373
f 3373 3374 3372
f 3374 3373 3375
f 3375 3376 3374
f 3376 3375 3377
f 3377 3378 3376
f 3378 3377 3379
f 3379 3380 3378
f 3380 3379 3381
f 3381 3382 3380
f 3382 3381 3383
f 3383 3384 3382
f 3384 3383 3385
f 3385 3386 3384
f 3386 3385 3387
f 3387 3388 3386
f 3388 3387 3389
f 3389 3390 3388
f 3390 3389 3391
f 3391 3392 3390
f 3392 3391 3362
f 3362 3361 3392
f 3395 3394 3393
f 3393 3396 3395
f 3398 3397 3394
f 3394 3395 3398
f 3400 3399 3397
f 3397 3398 3400
f 3402 3401 3399
f 3399 3400 3402
f 3404 3403 3401
f 3401 3402 3404
f 3406 3405 3403
f 3403 3404 3406
f 3408 3407 3405
f 3405 3406 3408
f 3410 3409 3407
f 3407 3408 3410
f 3412 3411 3409
f 3409 3410 3412
f 3414 3413 3411
f 3411 3412 3414
f 3416 3415 3413
f 3413 3414 3416
f 3418 3417 3415
f 3415 3416 3418
f 3420 3419 3417
f 3417 3418 3420
f 3422 3421 3419
f 3419 3420 3422
f 3424 3423 3421
f 3421 3422 3424
f 3396 3393 3423
f 3423 3424 3396
f 3425 3426 3427
f 3427 3428 3425
f 3426 3429 3430
f 3430 3427 3426
f 3429 3431 3432
f 3432 3430 3429
f 3431 3433 3434
f 3434 3432 3431
f 3433 3435 3436
f 3436 3434 3433
f 3435 3437 3438
f 3438 3436 3435
f 3437 3439 3440
f 3440 3438 3437
f 3439 3441 3442
f 3442 3440 3439
f 3441 3443 3444
f 3444 3442 3441
f 3443 3445 3446
f 3446 3444 3443
f 3445 3447 3448
f 3448 3446 3445
f 3447 3449 3450
f 3450 3448 3447
f 3449 3451 3452
f 3452 3450 3449
f 3451 3453 3454
f 3454 3452 3451
f 3453 3455 3456
f 3456 3454 3453
f 3455 3425 3428
f 3428 3456 3455
f 3457 3458 3459
f 3459 3460 3457
f 3460 3459 3461
f 3461 3462 3460
f 3462 3461 3463
f 3463 3464 3462
f 3464 3463 3465
f 3465 3466 3464
f 3466 3465 3467
f 3467 3468 3466
f 3468 3467 3469
f 3469 3470 3468
f 3470 3469 3471
f 3471 3472 3470
f 3472 3471 3473
f 3473 3474 3472
f 3474 3473 3475
f 3475 3476 3474
f 3476 3475 3477
f 3477 3478 3476
f 3478 3477 3479
f 3479 3480 3478
f 3480 3479 3481
f 3481 3482 3480
f 3482 3481 3483
f 3483 3484 3482
f 3484 3483 3485
f 3485 3486 3484
f 3486 3485 3487
f 3487 3488 3486
f 3488 3487 3458
f 3458 3457 3488
f 3491 3490 3489
f 3489 3492 3491
f 3494 3493 3490
f 3490 3491 3494
f 3496 3495 3493
f 3493 3494 3496
f 3498 3497 3495
f 3495 3496 3498
f 3500 3499 3497
f 3497 3498 3500
f 3502 3501 3499
f 3499 3500 3502
f 3504 3503 3501
f 3501 3502 3504
f 3506 3505 3503
f 3503 3504 3506
f 3508 3507 3505
f 3505 3506 3508
f 3510 3509 3507
f 3507 3508 3510
f 3512 3511 3509
f 3509 3510 3512
f 3514 3513 3511
f 3511 3512 3514
f 3516 3515 3513
f 3513 3514 3516
f 3518 3517 3515
f 3515 3516 3518
f 3520 3519 3517
f 3517 3518 3520
f 3492 3489 3519
f 3519 3520 3492
f 3521 3522 3523
f 3523 3524 3521
f 3522 3525 3526
f 3526 3523 3522
f 3525 3527 3528
f 3528 3526 3525
f 3527 3529 3530
f 3530 3528 3527
f 3529 3531 3532
f 3532 3530 3529
f 3531 3533 3534
f 3534 3532 3531
f 3533 3535 3536
f 3536 3534 3533
f 3535 3537 3538
f 3538 3536 3535
f 3537 3539 3540
f 3540 3538 3537
f 3539 3541 3542
f 3542 3540 3539
f 3541 3543 3544
f 3544 3542 3541
f 3543 3545 3546
f 3546 3544 3543
f 3545 3547 3548
f 3548 3546 3545
f 3547 3549 3550
f 3550 3548 3547
f 3549 3551 3552
f 3552 3550 3549
f 3551 3521 3524
f 3524 3552 3551
f 3553 3554 3555
f 3555 3556 3553
f 3556 3555 3557
f 3557 3558 3556
f 3558 3557 3559
f 3559 3560 3558
f 3560 3559 3561
f 3561 3562 3560
f 3562 3561 3563
f 3563 3564 3562
f 3564 3563 3565
f 3565 3566 3564
f 3566 3565 3567
f 3567 3568 3566
f 3568 3567 3569
f 3569 3570 3568
f 3570 3569 3571
f 3571 3572 3570
f 3572 3571 3573
f 3573 3574 3572
f 3574 3573 3575
f 3575 3576 3574
f 3576 3575 3577
f 3577 3578 3576
f 3578 3577 3579
f 3579 3580 3578
f 3580 3579 3581
f 3581 3582 3580
f 3582 3581 3583
f 3583 3584 3582
f 3584 3583 3554
f 3554 3553 3584
f 3587 3586 3585
f 3585 3588 3587
f 3590 3589 3586
f 3586 3587 3590
f 3592 3591 3589
f 3589 3590 3592
f 3594 3593 3591
f 3591 3592 3594
f 3596 3595 3593
f 3593 3594 3596
f 3598 3597 3595
f 3595 3596 3598
f 3600 3599 3597
f 3597 3598 3600
f 3602 3601 3599
f 3599 3600 3602
f 3604 3603 3601
f 3601 3602 3604
f 3606 3605 3603
f 3603 3604 3606
f 3608 3607 3605
f 3605 3606 3608
f 3610 3609 3607
f 3607 3608 3610
f 3612 3611 3609
f 3609 3610 3612
f 3614 3613 3611
f 3611 3612 3614
f 3616 3615 3613
f 3613 3614 3616
f 3588 3585 3615
f 3615 3616 3588
f 3617 3618 3619
f 3619 3620 3617
f 3618 3621 3622
f 3622 3619 3618
f 3621 3623 3624
f 3624 3622 3621
f 3623 3625 3626
f 3626 3624 3623
f 3625 3627 3628
f 3628 3626 3625
f 3627 3629 3630
f 3630 3628 3627
f 3629 3631 3632
f 3632 3630 3629
f 3631 3633 3634
f 3634 3632 3631
f 3633 3635 3636
f 3636 3634 3633
f 3635 3637 3638
f 3638 3636 3635
f 3637 3639 3640
f 3640 3638 3637
f 3639 3641 3642
f 3642 3640 3639
f 3641 3643 3644
f 3644 3642 3641
f 3643 3645 3646
f 3646 3644 3643
f 3645 3647 3648
f 3648 3646 3645
f 3647 3617 3620
f 3620 3648 3647
f 3649 3650 3651
f 3651 3652 3649
f 3652 3651 3653
f 3653 3654 3652
f 3654 3653 3655
f 3655 3656 3654
f 3656 3655 3657
f 3657 3658 3656
f 3658 3657 3659
f 3659 3660 3658
f 3660 3659 3661
f 3661 3662 3660
f 3662 3661 3663
f 3663 3664 3662
f 3664 3663 3665
f 3665 3666 3664
f 3666 3665 3667
f 3667 3668 3666
f 3668 3667 3669
f 3669 3670 3668
f 3670 3669 3671
f 3671 3672 3670
f 3672 3671 3673
f 3673 3674 3672
f 3674 3673 3675
f 3675 3676 3674
f 3676 3675 3677
f 3677 3678 3676
f 3678 3677 3679
f 3679 3680 3678
f 3680 3679 3650
f 3650 3649 3680
f 3683 3682 3681
f 3681 3684 3683
f 3686 3685 3682
f 3682 3683 3686
f 3688 3687 3685
f 3685 3686 3688
f 3690 3689 3687
f 3687 3688 3690
f 3692 3691 3689
f 3689 3690 3692
f 3694 3693 3691
f 3691 3692 3694
f 3696 3695 3693
f 3693 3694 3696
f 3698 3697 3695
f 3695 3696 3698
f 3700 3699 3697
f 3697 3698 3700
f 3702 3701 3699
f 3699 3700 3702
f 3704 3703 3701
f 3701 3702 3704
f 3706 3705 3703
f 3703 3704 3706
f 3708 3707 3705
f 3705 3706 3708
f 3710 3709 3707
f 3707 3708 3710
f 3712 3711 3709
f 3709 3710 3712
f 3684 3681 3711
f 3711 3712 3684
f 3713 3714 3715
f 3715 3716 3713
f 3714 3717 3718
f 3718 3715 3714
f 3717 3719 3720
f 3720 3718 3717
f 3719 3721 3722
f 3722 3720 3719
f 3721 3723 3724
f 3724 3722 3721
f 3723 3725 3726
f 3726 3724 3723
f 3725 3727 3728
f 3728 3726 3725
f 3727 3729 3730
f 3730 3728 3727
f 3729 3731 3732
f 3732 3730 3729
f 3731 3733 3734
f 3734 3732 3731
f 3733 3735 3736
f 3736 3734 3733
f 3735 3737 3738
f 3738 3736 3735
f 3737 3739 3740
f 3740 3738 3737
f 3739 3741 3742
f 3742 3740 3739
f 3741 3743 3744
f 3744 3742 3741
f 3743 3713 3716
f 3716 3744 3743
f 3745 3746 3747
f 3747 3748 3745
f 3748 3747 3749
f 3749 3750 3748
f 3750 3749 3751
f 3751 3752 3750
f 3752 3751 3753
f 3753 3754 3752
f 3754 3753 3755
f 3755 3756 3754
f 3756 3755 3757
f 3757 3758 3756
f 3758 3757 3759
f 3759 3760 3758
f 3760 3759 3761
f 3761 3762 3760
f 3762 3761 3763
f 3763 3764 3762
f 3764 3763 3765
f 3765 3766 3764
f 3766 3765 3767
f 3767 3768 3766
f 3768 3767 3769
f 3769 3770 3768
f 3770 3769 3771
f 3771 3772 3770
f 3772 3771 3773
f 3773 3774 3772
f 3774 3773 3775
f 3775 3776 3774
f 3776 3775 3746
f 3746 3745 3776
f 3779 3778 3777
f 3777 3780 3779
f 3782 3781 3778
f 3778 3779 3782
f 3784 3783 3781
f 3781 3782 3784
f 3786 3785 3783
f 3783 3784 3786
f 3788 3787 3785
f 3785 3786 3788
f 3790 3789 3787
f 3787 3788 3790
f 3792 3791 3789
f 3789 3790 3792
f 3794 3793 3791
f 3791 3792 3794
f 3796 3795 3793
f 3793 3794 3796
f 3798 3797 3795
f 3795 3796 3798
f 3800 3799 3797
f 3797 3798 3800
f 3802 3801 3799
f 3799 3800 3802
f 3804 3803 3801
f 3801 3802 3804
f 3806 3805 3803
f 3803 3804 3806
f 3808 3807 3805
f 3805 3806 3808
f 3780 3777 3807
f 3807 3808 3780
f 3809 3810 3811
f 3811 3812 3809
f 3810 3813 3814
f 3814 3811 3810
f 3813 3815 3816
f 3816 3814 3813
f 3815 3817 3818
f 3818 3816 3815
f 3817 3819 3820
f 3820 3818 3817
f 3819 3821 3822
f 3822 3820 3819
f 3821 3823 3824
f 3824 3822 3821
f 3823 3825 3826
f 3826 3824 3823
f 3825 3827 3828
f 3828 3826 3825
f 3827 3829 3830
f 3830 3828 3827
f 3829 3831 3832
f 3832 3830 3829
f 3831 3833 3834
f 3834 3832 3831
f 3833 3835 3836
f 3836 3834 3833
f 3835 3837 3838
f 3838 3836 3835
f 3837 3839 3840
f 3840 3838 3837
f 3839 3809 3812
f 3812 3840 3839
f 3841 3842 3843
f 3843 3844 3841
f 3844 3843 3845
f 3845 3846 3844
f 3846 3845 3847
f 3847 3848 3846
f 3848 3847 3849
f 3849 3850 3848
f 3850 3849 3851
f 3851 3852 3850
f 3852 3851 3853
f 3853 3854 3852
f 3854 3853 3855
f 3855 3856 3854
f 3856 3855 3857
f 3857 3858 3856
f 3858 3857 3859
f 3859 3860 3858
f 3860 3859 3861
f 3861 3862 3860
f 3862 3861 3863
f 3863 3864 3862
f 3864 3863 3865
f 3865 3866 3864
f 3866 3865 3867
f 3867 3868 3866
f 3868 3867 3869
f 3869 3870 3868
f 3870 3869 3871
f 3871 3872 3870
f 3872 3871 3842
f 3842 3841 3872
f 3875 3874 3873
f 3873 3876 3875
f 3878 3877 3874
f 3874 3875 3878
f 3880 3879 3877
f 3877 3878 3880
f 3882 3881 3879
f 3879 3880 3882
f 3884 3883 3881
f 3881 3882 3884
f 3886 3885 3883
f 3883 3884 3886
f 3888 3887 3885
f 3885 3886 3888
f 3890 3889 3887
f 3887 3888 3890
f 3892 3891 3889
f 3889 3890 3892
f 3894 3893 3891
f 3891 3892 3894
f 3896 3895 3893
f 3893 3894 3896
f 3898 3897 3895
f 3895 3896 3898
f 3900 3899 3897
f 3897 3898 3900
f 3902 3901 3899
f 3899 3900 3902
f 3904 3903 3901
f 3901 3902 3904
f 3876 3873 3903
f 3903 3904 3876
f 3905 3906 3907
f 3907 3908 3905
f 3906 3909 3910
f 3910 3907 3906
f 3909 3911 3912
f 3912 3910 3909
f 3911 3913 3914
f 3914 3912 3911
f 3913 3915 3916
f 3916 3914 3913
f 3915 3917 3918
f 3918 3916 3915
f 3917 3919 3920
f 3920 3918 3917
f 3919 3921 3922
f 3922 3920 3919
f 3921 3923 3924
f 3924 3922 3921
f 3923 3925 3926
f 3926 3924 3923
f 3925 3927 3928
f 3928 3926 3925
f 3927 3929 3930
f 3930 3928 3927
f 3929 3931 3932
f 3932 3930 3929
f 3931 3933 3934
f 3934 3932 3931
f 3933 3935 3936
f 3936 3934 3933
f 3935 3905 3908
f 3908 3936 3935
f 3937 3938 3939
f 3939 3940 3937
f 3940 3939 3941
f 3941 3942 3940
f 3942 3941 3943
f 3943 3944 3942
f 3944 3943 3945
f 3945 3946 3944
f 3946 3945 3947
f 3947 3948 3946
f 3948 3947 3949
f 3949 3950 3948
f 3950 3949 3951
f 3951 3952 3950
f 3952 3951 3953
f 3953 3954 3952
f 3954 3953 3955
f 3955 3956 3954
f 3956 3955 3957
f 3957 3958 3956
f 3958 3957 3959
f 3959 3960 3958
f 3960 3959 3961
f 3961 3962 3960
f 3962 3961 3963
f 3963 3964 3962
f 3964 3963 3965
f 3965 3966 3964
f 3966 3965 3967
f 3967 3968 3966
f 3968 3967 3938
f 3938 3937 3968
f 3971 3970 3969
f 3969 3972 3971
f 3974 3973 3970
f 3970 3971 3974
f 3976 3975 3973
f 3973 3974 3976
f 3978 3977 3975
f 3975 3976 3978
f 3980 3979 3977
f 3977 3978 3980
f 3982 3981 3979
f 3979 3980 3982
f 3984 3983 3981
f 3981 3982 3984
f 3986 3985 3983
f 3983 3984 3986
f 3988 3987 3985
f 3985 3986 3988
f 3990 3989 3987
f 3987 3988 3990
f 3992 3991 3989
f 3989 3990 3992
f 3994 3993 3991
f 3991 3992 3994
f 3996 3995 3993
f 3993 3994 3996
f 3998 3997 3995
f 3995 3996 3998
f 4000 3999 3997
f 3997 3998 4000
f 3972 3969 3999
f 3999 4000 3972
f 4001 4002 4003
f 4003 4004 4001
f 4002 4005 4006
f 4006 4003 4002
f 4005 4007 4008
f 4008 4006 4005
f 4007 4009 4010
f 4010 4008 4007
f 4009 4011 4012
f 4012 4010 4009
f 4011 4013 4014
f 4014 4012 4011
f 4013 4015 4016
f 4016 4014 4013
f 4015 4017 4018
f 4018 4016 4015
f 4017 4019 4020
f 4020 4018 4017
f 4019 4021 4022
f 4022 4020 4019
f 4021 4023 4024
f 4024 4022 4021
f 4023 4025 4026
f 4026 4024 4023
f 4025 4027 4028
f 4028 4026 4025
f 4027 4029 4030
f 4030 4028 4027
f 4029 4031 4032
f 4032 4030 4029
f 4031 4001 4004
f 4004 4032 4031
f 4033 4034 4035
f 4035 4036 4033
f 4036 4035 4037
f 4037 4038 4036
f 4038 4037 4039
f 4039 4040 4038
f 4040 4039 4041
f 4041 4042 4040
f 4042 4041 4043
f 4043 4044 4042
f 4044 4043 4045
f 4045 4046 4044
f 4046 4045 4047
f 4047 4048 4046
f 4048 4047 4049
f 4049 4050 4048
f 4050 4049 4051
f 4051 4052 4050
f 4052 4051 4053
f 4053 4054 4052
f 4054 4053 4055
f 4055 4056 4054
f 4056 4055 4057
f 4057 4058 4056
f 4058 4057 4059
f 4059 4060 4058
f 4060 4059 4061
f 4061 4062 4060
f 4062 4061 4063
f 4063 4064 4062
f 4064 4063 4034
f 4034 4033 4064
f 4067 4066 4065
f 4065 4068 4067
f 4070 4069 4066
f 4066 4067 4070
f 4072 4071 4069
f 4069 4070 4072
f 4074 4073 4071
f 4071 4072 4074
f 4076 4075 4073
f 4073 4074 4076
f 4078 4077 4075
f 4075 4076 4078
f 4080 4079 4077
f 4077 4078 4080
f 4082 4081 4079
f 4079 4080 4082
f 4084 4083 4081
f 4081 4082 4084
f 4086 4085 4083
f 4083 4084 4086
f 4088 4087 4085
f 4085 4086 4088
f 4090 4089 4087
f 4087 4088 4090
f 4092 4091 4089
f 4089 4090 4092
f 4094 4093 4091
f 4091 4092 4094
f 4096 4095 4093
f 4093 4094 4096
f 4068 4065 4095
f 4095 4096 4068
f 4097 4098 4099
f 4099 4100 4097
f 4098 4101 4102
f 4102 4099 4098
f 4101 4103 4104
f 4104 4102 4101
f 4103 4105 4106
f 4106 4104 4103
f 4105 4107 4108
f 4108 4106 4105
f 4107 4109 4110
f 4110 4108 4107
f 4109 4111 4112
f 4112 4110 4109
f 4111 4113 4114
f 4114 4112 4111
f 4113 4115 4116
f 4116 4114 4113
f 4115 4117 4118
f 4118 4116 4115
f 4117 4119 4120
f 4120 4118 4117
f 4119 4121 4122
f 4122 4120 4119
f 4121 4123 4124
f 4124 4122 4121
f 4123 4125 4126
f 4126 4124 4123
f 4125 4127 4128
f 4128 4126 4125
f 4127 4097 4100
f 4100 4128 4127
f 4129 4130 4131
f 4131 4132 4129
f 4132 4131 4133
f 4133 4134 4132
f 4134 4133 4135
f 4135 4136 4134
f 4136 4135 4137
f 4137 4138 4136
f 4138 4137 4139
f 4139 4140 4138
f 4140 4139 4141
f 4141 4142 4140
f 4142 4141 4143
f 4143 4144 4142
f 4144 4143 4145
f 4145 4146 4144
f 4146 4145 4147
f 4147 4148 4146
f 4148 4147 4149
f 4149 4150 4148
f 4150 4149 4151
f 4151 4152 4150
f 4152 4151 4153
f 4153 4154 4152
f 4154 4153 4155
f 4155 4156 4154
f 4156 4155 4157
f 4157 4158 4156
f 4158 4157 4159
f 4159 4160 4158
f 4160 4159 4130
f 4130 4129 4160
f 4163 4162 4161
f 4161 4164 4163
f 4166 4165 4162
f 4162 4163 4166
f 4168 4167 4165
f 4165 4166 4168
f 4170 4169 4167
f 4167 4168 4170
f 4172 4171 4169
f 4169 4170 4172
f 4174 4173 4171
f 4171 4172 4174
f 4176 4175 4173
f 4173 4174 4176
f 4178 4177 4175
f 4175 4176 4178
f 4180 4179 4177
f 4177 4178 4180
f 4182 4181 4179
f 4179 4180 4182
f 4184 4183 4181
f 4181 4182 4184
f 4186 4185 4183
f 4183 4184 4186
f 4188 4187 4185
f 4185 4186 4188
f 4190 4189 4187
f 4187 4188 4190
f 4192 4191 4189
f 4189 4190 4192
f 4164 4161 4191
f 4191 4192 4164
f 4193 4194 4195
f 4195 4196 4193
f 4194 4197 4198
f 4198 4195 4194
f 4197 4199 4200
f 4200 4198 4197
f 4199 4201 4202
f 4202 4200 4199
f 4201 4203 4204
f 4204 4202 4201
f 4203 4205 4206
f 4206 4204 4203
f 4205 4207 4208
f 4208 4206 4205
f 4207 4209 4210
f 4210 4208 4207
f 4209 4211 4212
f 4212 4210 4209
f 4211 4213 4214
f 4214 4212 4211
f 4213 4215 4216
f 4216 4214 4213
f 4215 4217 4218
f 4218 4216 4215
f 4217 4219 4220
f 4220 4218 4217
f 4219 4221 4222
f 4222 4220 4219
f 4221 4223 4224
f 4224 4222 4221
f 4223 4193 4196
f 4196 4224 4223
f 4225 4226 4227
f 4227 4228 4225
f 4228 4227 4229
f 4229 4230 4228
f 4230 4229 4231
f 4231 4232 4230
f 4232 4231 4233
f 4233 4234 4232
f 4234 4233 4235
f 4235 4236 4234
f 4236 4235 4237
f 4237 4238 4236
f 4238 4237 4239
f 4239 4240 4238
f 4240 4239 4241
f 4241 4242 4240
f 4242 4241 4243
f 4243 4244 4242
f 4244 4243 4245
f 4245 4246 4244
f 4246 4245 4247
f 4247 4248 4246
f 4248 4247 4249
f 4249 4250 4248
f 4250 4249 4251
f 4251 4252 4250
f 4252 4251 4253
f 4253 4254 4252
f 4254 4253 4255
f 4255 4256 4254
f 4256 4255 4226
f 4226 4225 4256
f 4259 4258 4257
f 4257 4260 4259
f 4262 4261 4258
f 4258 4259 4262
f 4264 4263 4261
f 4261 4262 4264
f 4266 4265 4263
f 4263 4264 4266
f 4268 4267 4265
f 4265 4266 4268
f 4270 4269 4267
f 4267 4268 4270
f 4272 4271 4269
f 4269 4270 4272
f 4274 4273 4271
f 4271 4272 4274
f 4276 4275 4273
f 4273 4274 4276
f 4278 4277 4275
f 4275 4276 4278
f 4280 4279 4277
f 4277 4278 4280
f 4282 4281 4279
f 4279 4280 4282
f 4284 4283 4281
f 4281 4282 4284
f 4286 4285 4283
f 4283 4284 4286
f 4288 4287 4285
f 4285 4286 4288
f 4260 4257 4287
f 4287 4288 4260
f 4289 4290 4291
f 4291 4292 4289
f 4290 4293 4294
f 4294 4291 4290
f 4293 4295 4296
f 4296 4294 4293
f 4295 4297 4298
f 4298 4296 4295
f 4297 4299 4300
f 4300 4298 4297
f 4299 4301 4302
f 4302 4300 4299
f 4301 4303 4304
f 4304 4302 4301
f 4303 4305 4306
f 4306 4304 4303
f 4305 4307 4308
f 4308 4306 4305
f 4307 4309 4310
f 4310 4308 4307
f 4309 4311 4312
f 4312 4310 4309
f 4311 4313 4314
f 4314 4312 4311
f 4313 4315 4316
f 4316 4314 4313
f 4315 4317 4318
f 4318 4316 4315
f 4317 4319 4320
f 4320 4318 4317
f 4319 4289 4292
f 4292 4320 4319
f 4321 4322 4323
f 4323 4324 4321
f 4324 4323 4325
f 4325 4326 4324
f 4326 4325 4327
f 4327 4328 4326
f 4328 4327 4329
f 4329 4330 4328
f 4330 4329 4331
f 4331 4332 4330
f 4332 4331 4333
f 4333 4334 4332
f 4334 4333 4335
f 4335 4336 4334
f 4336 4335 4337
f 4337 4338 4336
f 4338 4337 4339
f 4339 4340 4338
f 4340 4339 4341
f 4341 4342 4340
f 4342 4341 4343
f 4343 4344 4342
f 4344 4343 4345
f 4345 4346 4344
f 4346 4345 4347
f 4347 4348 4346
f 4348 4347 4349
f 4349 4350 4348
f 4350 4349 4351
f 4351 4352 4350
f 4352 4351 4322
f 4322 4321 4352
f 4355 4354 4353
f 4353 4356 4355
f 4359 4358 4357
f 4357 4360 4359
f 4363 4362 4361
f 4361 4364 4363
f 4367 4366 4365
f 4365 4368 4367
f 4371 4370 4369
f 4369 4372 4371
f 4375 4374 4373
f 4373 4376 4375
f 4379 4378 4377
f 4377 4380 4379
f 4378 4375 4376
f 4376 4377 4378
f 4374 4379 4380
f 4380 4373 4374
f 4381 4382 4383
f 4383 4384 4381
f 4385 4386 4387
f 4387 4388 4385
f 4389 4390 4391
f 4391 4392 4389
f 4393 4394 4395
f 4395 4396 4393
f 4397 4398 4399
f 4399 4400 4397
f 4401 4402 4403
f 4403 4404 4401
f 4402 4405 4406
f 4406 4403 4402
f 4405 4407 4408
f 4408 4406 4405
f 4407 4409 4410
f 4410 4408 4407
f 4409 4411 4412
f 4412 4410 4409
f 4411 4413 4414
f 4414 4412 4411
f 4413 4415 4416
f 4416 4414 4413
f 4415 4417 4418
f 4418 4416 4415
f 4417 4419 4420
f 4420 4418 4417
f 4419 4421 4422
f 4422 4420 4419
f 4421 4423 4424
f 4424 4422 4421
f 4423 4425 4426
f 4426 4424 4423
f 4425 4427 4428
f 4428 4426 4425
f 4427 4429 4430
f 4430 4428 4427
f 4429 4431 4432
f 4432 4430 4429
f 4431 4401 4404
f 4404 4432 4431
f 4435 4434 4433
f 4435 4433 4436
f 4435 4436 4437
f 4435 4437 4438
f 4435 4438 4439
f 4435 4439 4440
f 4435 4440 4441
f 4435 4441 4442
f 4435 4442 4443
f 4435 4443 4444
f 4435 4444 4445
f 4435 4445 4446
f 4435 4446 4447
f 4435 4447 4448
f 4435 4448 4449
f 4435 4449 4434
f 4450 4451 4452
f 4452 4453 4450
f 4451 4454 4455
f 4455 4452 4451
f 4454 4456 4457
f 4457 4455 4454
f 4456 4458 4459
f 4459 4457 4456
f 4458 4460 4461
f 4461 4459 4458
f 4460 4462 4463
f 4463 4461 4460
f 4462 4464 4465
f 4465 4463 4462
f 4464 4466 4467
f 4467 4465 4464
f 4466 4468 4469
f 4469 4467 4466
f 4468 4470 4471
f 4471 4469 4468
f 4470 4472 4473
f 4473 4471 4470
f 4472 4474 4475
f 4475 4473 4472
f 4474 4476 4477
f 4477 4475 4474
f 4476 4478 4479
f 4479 4477 4476
f 4478 4480 4481
f 4481 4479 4478
f 4480 4450 4453
f 4453 4481 4480
f 4484 4483 4482
f 4484 4482 4485
f 4484 4485 4486
f 4484 4486 4487
f 4484 4487 4488
f 4484 4488 4489
f 4484 4489 4490
f 4484 4490 4491
f 4484 4491 4492
f 4484 4492 4493
f 4484 4493 4494
f 4484 4494 4495
f 4484 4495 4496
f 4484 4496 4497
f 4484 4497 4498
f 4484 4498 4483
f 4499 4500 4501
f 4501 4502 4499
f 4500 4503 4504
f 4504 4501 4500
f 4503 4505 4506
f 4506 4504 4503
f 4505 4507 4508
f 4508 4506 4505
f 4507 4509 4510
f 4510 4508 4507
f 4509 4511 4512
f 4512 4510 4509
f 4511 4513 4514
f 4514 4512 4511
f 4513 4515 4516
f 4516 4514 4513
f 4515 4517 4518
f 4518 4516 4515
f 4517 4519 4520
f 4520 4518 4517
f 4519 4521 4522
f 4522 4520 4519
f 4521 4523 4524
f 4524 4522 4521
f 4523 4525 4526
f 4526 4524 4523
f 4525 4527 4528
f 4528 4526 4525
f 4527 4529 4530
f 4530 4528 4527
f 4529 4499 4502
f 4502 4530 4529
f 4533 4532 4531
f 4533 4531 4534
f 4533 4534 4535
f 4533 4535 4536
f 4533 4536 4537
f 4533 4537 4538
f 4533 4538 4539
f 4533 4539 4540
f 4533 4540 4541
f 4533 4541 4542
f 4533 4542 4543
f 4533 4543 4544
f 4533 4544 4545
f 4533 4545 4546
f 4533 4546 4547
f 4533 4547 4532
f 4548 4549 4550
f 4550 4551 4548
f 4549 4552 4553
f 4553 4550 4549
f 4552 4554 4555
f 4555 4553 4552
f 4554 4556 4557
f 4557 4555 4554
f 4556 4558 4559
f 4559 4557 4556
f 4558 4560 4561
f 4561 4559 4558
f 4560 4562 4563
f 4563 4561 4560
f 4562 4564 4565
f 4565 4563 4562
f 4564 4566 4567
f 4567 4565 4564
f 4566 4568 4569
f 4569 4567 4566
f 4568 4570 4571
f 4571 4569 4568
f 4570 4572 4573
f 4573 4571 4570
f 4572 4574 4575
f 4575 4573 4572
f 4574 4576 4577
f 4577 4575 4574
f 4576 4578 4579
f 4579 4577 4576
f 4578 4548 4551
f 4551 4579 4578
f 4582 4581 4580
f 4582 4580 4583
f 4582 4583 4584
f 4582 4584 4585
f 4582 4585 4586
f 4582 4586 4587
f 4582 4587 4588
f 4582 4588 4589
f 4582 4589 4590
f 4582 4590 4591
f 4582 4591 4592
f 4582 4592 4593
f 4582 4593 4594
f 4582 4594 4595
f 4582 4595 4596
f 4582 4596 4581
f 4597 4598 4599
f 4599 4600 4597
f 4598 4601 4602
f 4602 4599 4598
f 4601 4603 4604
f 4604 4602 4601
f 4603 4605 4606
f 4606 4604 4603
f 4605 4607 4608
f 4608 4606 4605
f 4607 4609 4610
f 4610 4608 4607
f 4609 4611 4612
f 4612 4610 4609
f 4611 4613 4614
f 4614 4612 4611
f 4613 4615 4616
f 4616 4614 4613
f 4615 4617 4618
f 4618 4616 4615
f 4617 4619 4620
f 4620 4618 4617
f 4619 4621 4622
f 4622 4620 4619
f 4621 4623 4624
f 4624 4622 4621
f 4623 4625 4626
f 4626 4624 4623
f 4625 4627 4628
f 4628 4626 4625
f 4627 4597 4600
f 4600 4628 4627
f 4631 4630 4629
f 4631 4629 4632
f 4631 4632 4633
f 4631 4633 4634
f 4631 4634 4635
f 4631 4635 4636
f 4631 4636 4637
f 4631 4637 4638
f 4631 4638 4639
f 4631 4639 4640
f 4631 4640 4641
f 4631 4641 4642
f 4631 4642 4643
f 4631 4643 4644
f 4631 4644 4645
f 4631 4645 4630
f 4646 4647 4648
f 4648 4649 4646
f 4647 4650 4651
f 4651 4648 4647
f 4650 4652 4653
f 4653 4651 4650
f 4652 4654 4655
f 4655 4653 4652
f 4654 4656 4657
f 4657 4655 4654
f 4656 4658 4659
f 4659 4657 4656
f 4658 4660 4661
f 4661 4659 4658
f 4660 4662 4663
f 4663 4661 4660
f 4662 4664 4665
f 4665 4663 4662
f 4664 4666 4667
f 4667 4665 4664
f 4666 4668 4669
f 4669 4667 4666
f 4668 4670 4671
f 4671 4669 4668
f 4670 4672 4673
f 4673 4671 4670
f 4672 4674 4675
f 4675 4673 4672
f 4674 4676 4677
f 4677 4675 4674
f 4676 4646 4649
f 4649 4677 4676
f 4680 4679 4678
f 4680 4678 4681
f 4680 4681 4682
f 4680 4682 4683
f 4680 4683 4684
f 4680 4684 4685
f 4680 4685 4686
f 4680 4686 4687
f 4680 4687 4688
f 4680 4688 4689
f 4680 4689 4690
f 4680 4690 4691
f 4680 4691 4692
f 4680 4692 4693
f 4680 4693 4694
f 4680 4694 4679
f 4695 4696 4697
f 4697 4698 4695
f 4696 4699 4700
f 4700 4697 4696
f 4699 4701 4702
f 4702 4700 4699
f 4701 4703 4704
f 4704 4702 4701
f 4703 4705 4706
f 4706 4704 4703
f 4705 4707 4708
f 4708 4706 4705
f 4707 4709 4710
f 4710 4708 4707
f 4709 4711 4712
f 4712 4710 4709
f 4711 4713 4714
f 4714 4712 4711
f 4713 4715 4716
f 4716 4714 4713
f 4715 4717 4718
f 4718 4716 4715
f 4717 4719 4720
f 4720 4718 4717
f 4719 4721 4722
f 4722 4720 4719
f 4721 4723 4724
f 4724 4722 4721
f 4723 4725 4726
f 4726 4724 4723
f 4725 4695 4698
f 4698 4726 4725
f 4729 4728 4727
f 4729 4727 4730
f 4729 4730 4731
f 4729 4731 4732
f 4729 4732 4733
f 4729 4733 4734
f 4729 4734 4735
f 4729 4735 4736
f 4729 4736 4737
f 4729 4737 4738
f 4729 4738 4739
f 4729 4739 4740
f 4729 4740 4741
f 4729 4741 4742
f 4729 4742 4743
f 4729 4743 4728
f 4744 4745 4746
f 4746 4747 4744
f 4745 4748 4749
f 4749 4746 4745
f 4748 4750 4751
f 4751 4749 4748
f 4750 4752 4753
f 4753 4751 4750
f 4752 4754 4755
f 4755 4753 4752
f 4754 4756 4757
f 4757 4755 4754
f 4756 4758 4759
f 4759 4757 4756
f 4758 4760 4761
f 4761 4759 4758
f 4760 4762 4763
f 4763 4761 4760
f 4762 4764 4765
f 4765 4763 4762
f 4764 4766 4767
f 4767 4765 4764
f 4766 4768 4769
f 4769 4767 4766
f 4768 4770 4771
f 4771 4769 4768
f 4770 4772 4773
f 4773 4771 4770
f 4772 4774 4775
f 4775 4773 4772
f 4774 4744 4747
f 4747 4775 4774
f 4778 4777 4776
f 4778 4776 4779
f 4778 4779 4780
f 4778 4780 4781
f 4778 4781 4782
f 4778 4782 4783
f 4778 4783 4784
f 4778 4784 4785
f 4778 4785 4786
f 4778 4786 4787
f 4778 4787 4788
f 4778 4788 4789
f 4778 4789 4790
f 4778 4790 4791
f 4778 4791 4792
f 4778 4792 4777
f 4793 4794 4795
f 4795 4796 4793
f 4794 4797 4798
f 4798 4795 4794
f 4797 4799 4800
f 4800 4798 4797
f 4799 4801 4802
f 4802 4800 4799
f 4801 4803 4804
f 4804 4802 4801
f 4803 4805 4806
f 4806 4804 4803
f 4805 4807 4808
f 4808 4806 4805
f 4807 4809 4810
f 4810 4808 4807
f 4809 4811 4812
f 4812 4810 4809
f 4811 4813 4814
f 4814 4812 4811
f 4813 4815 4816
f 4816 4814 4813
f 4815 4817 4818
f 4818 4816 4815
f 4817 4819 4820
f 4820 4818 4817
f 4819 4821 4822
f 4822 4820 4819
f 4821 4823 4824
f 4824 4822 4821
f 4823 4793 4796
f 4796 4824 4823
f 4827 4826 4825
f 4827 4825 4828
f 4827 4828 4829
f 4827 4829 4830
f 4827 4830 4831
f 4827 4831 4832
f 4827 4832 4833
f 4827 4833 4834
f 4827 4834 4835
f 4827 4835 4836
f 4827 4836 4837
f 4827 4837 4838
f 4827 4838 4839
f 4827 4839 4840
f 4827 4840 4841
f 4827 4841 4826
f 4842 4843 4844
f 4844 4845 4842
f 4843 4846 4847
f 4847 4844 4843
f 4846 4848 4849
f 4849 4847 4846
f 4848 4850 4851
f 4851 4849 4848
f 4850 4852 4853
f 4853 4851 4850
f 4852 4854 4855
f 4855 4853 4852
f 4854 4856 4857
f 4857 4855 4854
f 4856 4858 4859
f 4859 4857 4856
f 4858 4860 4861
f 4861 4859 4858
f 4860 4862 4863
f 4863 4861 4860
f 4862 4864 4865
f 4865 4863 4862
f 4864 4866 4867
f 4867 4865 4864
f 4866 4868 4869
f 4869 4867 4866
f 4868 4870 4871
f 4871 4869 4868
f 4870 4872 4873
f 4873 4871 4870
f 4872 4842 4845
f 4845 4873 4872
f 4876 4875 4874
f 4876 4874 4877
f 4876 4877 4878
f 4876 4878 4879
f 4876 4879 4880
f 4876 4880 4881
f 4876 4881 4882
f 4876 4882 4883
f 4876 4883 4884
f 4876 4884 4885
f 4876 4885 4886
f 4876 4886 4887
f 4876 4887 4888
f 4876 4888 4889
f 4876 4889 4890
f 4876 4890 4875
f 4891 4892 4893
f 4893 4894 4891
f 4892 4895 4896
f 4896 4893 4892
f 4895 4897 4898
f 4898 4896 4895
f 4897 4899 4900
f 4900 4898 4897
f 4899 4901 4902
f 4902 4900 4899
f 4901 4903 4904
f 4904 4902 4901
f 4903 4905 4906
f 4906 4904 4903
f 4905 4907 4908
f 4908 4906 4905
f 4907 4909 4910
f 4910 4908 4907
f 4909 4911 4912
f 4912 4910 4909
f 4911 4913 4914
f 4914 4912 4911
f 4913 4915 4916
f 4916 4914 4913
f 4915 4917 4918
f 4918 4916 4915
f 4917 4919 4920
f 4920 4918 4917
f 4919 4921 4922
f 4922 4920 4919
f 4921 4891 4894
f 4894 4922 4921
f 4925 4924 4923
f 4925 4923 4926
f 4925 4926 4927
f 4925 4927 4928
f 4925 4928 4929
f 4925 4929 4930
f 4925 4930 4931
f 4925 4931 4932
f 4925 4932 4933
f 4925 4933 4934
f 4925 4934 4935
f 4925 4935 4936
f 4925 4936 4937
f 4925 4937 4938
f 4925 4938 4939
f 4925 4939 4924
f 4940 4941 4942
f 4942 4943 4940
f 4941 4944 4945
f 4945 4942 4941
f 4944 4946 4947
f 4947 4945 4944
f 4946 4948 4949
f 4949 4947 4946
f 4948 4950 4951
f 4951 4949 4948
f 4950 4952 4953
f 4953 4951 4950
f 4952 4954 4955
f 4955 4953 4952
f 4954 4956 4957
f 4957 4955 4954
f 4956 4958 4959
f 4959 4957 4956
f 4958 4960 4961
f 4961 4959 4958
f 4960 4962 4963
f 4963 4961 4960
f 4962 4964 4965
f 4965 4963 4962
f 4964 4966 4967
f 4967 4965 4964
f 4966 4968 4969
f 4969 4967 4966
f 4968 4970 4971
f 4971 4969 4968
f 4970 4940 4943
f 4943 4971 4970
f 4974 4973 4972
f 4974 4972 4975
f 4974 4975 4976
f 4974 4976 4977
f 4974 4977 4978
f 4974 4978 4979
f 4974 4979 4980
f 4974 4980 4981
f 4974 4981 4982
f 4974 4982 4983
f 4974 4983 4984
f 4974 4984 4985
f 4974 4985 4986
f 4974 4986 4987
f 4974 4987 4988
f 4974 4988 4973
f 4989 4990 4991
f 4991 4992 4989
f 4990 4993 4994
f 4994 4991 4990
f 4993 4995 4996
f 4996 4994 4993
f 4995 4997 4998
f 4998 4996 4995
f 4997 4999 5000
f 5000 4998 4997
f 4999 5001 5002
f 5002 5000 4999
f 5001 5003 5004
f 5004 5002 5001
f 5003 5005 5006
f 5006 5004 5003
f 5005 5007 5008
f 5008 5006 5005
f 5007 5009 5010
f 5010 5008 5007
f 5009 5011 5012
f 5012 5010 5009
f 5011 5013 5014
f 5014 5012 5011
f 5013 5015 5016
f 5016 5014 5013
f 5015 5017 5018
f 5018 5016 5015
f 5017 5019 5020
f 5020 5018 5017
f 5019 4989 4992
f 4992 5020 5019
f 5023 5022 5021
f 5023 5021 5024
f 5023 5024 5025
f 5023 5025 5026
f 5023 5026 5027
f 5023 5027 5028
f 5023 5028 5029
f 5023 5029 5030
f 5023 5030 5031
f 5023 5031 5032
f 5023 5032 5033
f 5023 5033 5034
f 5023 5034 5035
f 5023 5035 5036
f 5023 5036 5037
f 5023 5037 5022
f 5038 5039 5040
f 5040 5041 5038
f 5039 5042 5043
f 5043 5040 5039
f 5042 5044 5045
f 5045 5043 5042
f 5044 5046 5047
f 5047 5045 5044
f 5046 5048 5049
f 5049 5047 5046
f 5048 5050 5051
f 5051 5049 5048
f 5050 5052 5053
f 5053 5051 5050
f 5052 5054 5055
f 5055 5053 5052
f 5054 5056 5057
f 5057 5055 5054
f 5056 5058 5059
f 5059 5057 5056
f 5058 5060 5061
f 5061 5059 5058
f 5060 5062 5063
f 5063 5061 5060
f 5062 5064 5065
f 5065 5063 5062
f 5064 5066 5067
f 5067 5065 5064
f 5066 5068 5069
f 5069 5067 5066
f 5068 5038 5041
f 5041 5069 5068
f 5072 5071 5070
f 5072 5070 5073
f 5072 5073 5074
f 5072 5074 5075
f 5072 5075 5076
f 5072 5076 5077
f 5072 5077 5078
f 5072 5078 5079
f 5072 5079 5080
f 5072 5080 5081
f 5072 5081 5082
f 5072 5082 5083
f 5072 5083 5084
f 5072 5084 5085
f 5072 5085 5086
f 5072 5086 5071
f 5087 5088 5089
f 5089 5090 5087
f 5088 5091 5092
f 5092 5089 5088
f 5091 5093 5094
f 5094 5092 5091
f 5093 5095 5096
f 5096 5094 5093
f 5095 5097 5098
f 5098 5096 5095
f 5097 5099 5100
f 5100 5098 5097
f 5099 5101 5102
f 5102 5100 5099
f 5101 5103 5104
f 5104 5102 5101
f 5103 5105 5106
f 5106 5104 5103
f 5105 5107 5108
f 5108 5106 5105
f 5107 5109 5110
f 5110 5108 5107
f 5109 5111 5112
f 5112 5110 5109
f 5111 5113 5114
f 5114 5112 5111
f 5113 5115 5116
f 5116 5114 5113
f 5115 5117 5118
f 5118 5116 5115
f 5117 5087 5090
f 5090 5118 5117
f 5121 5120 5119
f 5121 5119 5122
f 5121 5122 5123
f 5121 5123 5124
f 5121 5124 5125
f 5121 5125 5126
f 5121 5126 5127
f 5121 5127 5128
f 5121 5128 5129
f 5121 5129 5130
f 5121 5130 5131
f 5121 5131 5132
f 5121 5132 5133
f 5121 5133 5134
f 5121 5134 5135
f 5121 5135 5120
f 5136 5137 5138
f 5138 5139 5136
f 5137 5140 5141
f 5141 5138 5137
f 5140 5142 5143
f 5143 5141 5140
f 5142 5144 5145
f 5145 5143 5142
f 5144 5146 5147
f 5147 5145 5144
f 5146 5148 5149
f 5149 5147 5146
f 5148 5150 5151
f 5151 5149 5148
f 5150 5152 5153
f 5153 5151 5150
f 5152 5154 5155
f 5155 5153 5152
f 5154 5156 5157
f 5157 5155 5154
f 5156 5158 5159
f 5159 5157 5156
f 5158 5160 5161
f 5161 5159 5158
f 5160 5162 5163
f 5163 5161 5160
f 5162 5164 5165
f 5165 5163 5162
f 5164 5166 5167
f 5167 5165 5164
f 5166 5136 5139
f 5139 5167 5166
f 5170 5169 5168
f 5170 5168 5171
f 5170 5171 5172
f 5170 5172 5173
f 5170 5173 5174
f 5170 5174 5175
f 5170 5175 5176
f 5170 5176 5177
f 5170 5177 5178
f 5170 5178 5179
f 5170 5179 5180
f 5170 5180 5181
f 5170 5181 5182
f 5170 5182 5183
f 5170 5183 5184
f 5170 5184 5169
f 5185 5186 5187
f 5187 5188 5185
f 5186 5189 5190
f 5190 5187 5186
f 5189 5191 5192
f 5192 5190 5189
f 5191 5193 5194
f 5194 5192 5191
f 5193 5195 5196
f 5196 5194 5193
f 5195 5197 5198
f 5198 5196 5195
f 5197 5199 5200
f 5200 5198 5197
f 5199 5201 5202
f 5202 5200 5199
f 5201 5203 5204
f 5204 5202 5201
f 5203 5205 5206
f 5206 5204 5203
f 5205 5207 5208
f 5208 5206 5205
f 5207 5209 5210
f 5210 5208 5207
f 5209 5211 5212
f 5212 5210 5209
f 5211 5213 5214
f 5214 5212 5211
f 5213 5215 5216
f 5216 5214 5213
f 5215 5185 5188
f 5188 5216 5215
f 5219 5218 5217
f 5219 5217 5220
f 5219 5220 5221
f 5219 5221 5222
f 5219 5222 5223
f 5219 5223 5224
f 5219 5224 5225
f 5219 5225 5226
f 5219 5226 5227
f 5219 5227 5228
f 5219 5228 5229
f 5219 5229 5230
f 5219 5230 5231
f 5219 5231 5232
f 5219 5232 5233
f 5219 5233 5218
f 5234 5235 5236
f 5236 5237 5234
f 5235 5238 5239
f 5239 5236 5235
f 5238 5240 5241
f 5241 5239 5238
f 5240 5242 5243
f 5243 5241 5240
f 5242 5244 5245
f 5245 5243 5242
f 5244 5246 5247
f 5247 5245 5244
f 5246 5248 5249
f 5249 5247 5246
f 5248 5250 5251
f 5251 5249 5248
f 5250 5252 5253
f 5253 5251 5250
f 5252 5254 5255
f 5255 5253 5252
f 5254 5256 5257
f 5257 5255 5254
f 5256 5258 5259
f 5259 5257 5256
f 5258 5260 5261
f 5261 5259 5258
f 5260 5262 5263
f 5263 5261 5260
f 5262 5264 5265
f 5265 5263 5262
f 5264 5234 5237
f 5237 5265 5264
f 5268 5267 5266
f 5268 5266 5269
f 5268 5269 5270
f 5268 5270 5271
f 5268 5271 5272
f 5268 5272 5273
f 5268 5273 5274
f 5268 5274 5275
f 5268 5275 5276
f 5268 5276 5277
f 5268 5277 5278
f 5268 5278 5279
f 5268 5279 5280
f 5268 5280 5281
f 5268 5281 5282
f 5268 5282 5267
f 5283 5284 5285
f 5285 5286 5283
f 5284 5287 5288
f 5288 5285 5284
f 5287 5289 5290
f 5290 5288 5287
f 5289 5291 5292
f 5292 5290 5289
f 5291 5293 5294
f 5294 5292 5291
f 5293 5295 5296
f 5296 5294 5293
f 5295 5297 5298
f 5298 5296 5295
f 5297 5299 5300
f 5300 5298 5297
f 5299 5301 5302
f 5302 5300 5299
f 5301 5303 5304
f 5304 5302 5301
f 5303 5305 5306
f 5306 5304 5303
f 5305 5307 5308
f 5308 5306 5305
f 5307 5309 5310
f 5310 5308 5307
f 5309 5311 5312
f 5312 5310 5309
f 5311 5313 5314
f 5314 5312 5311
f 5313 5283 5286
f 5286 5314 5313
f 5317 5316 5315
f 5317 5315 5318
f 5317 5318 5319
f 5317 5319 5320
f 5317 5320 5321
f 5317 5321 5322
f 5317 5322 5323
f 5317 5323 5324
f 5317 5324 5325
f 5317 5325 5326
f 5317 5326 5327
f 5317 5327 5328
f 5317 5328 5329
f 5317 5329 5330
f 5317 5330 5331
f 5317 5331 5316
f 5332 5333 5334
f 5334 5335 5332
f 5333 5336 5337
f 5337 5334 5333
f 5336 5338 5339
f 5339 5337 5336
f 5338 5340 5341
f 5341 5339 5338
f 5340 5342 5343
f 5343 5341 5340
f 5342 5344 5345
f 5345 5343 5342
f 5344 5346 5347
f 5347 5345 5344
f 5346 5348 5349
f 5349 5347 5346
f 5348 5350 5351
f 5351 5349 5348
f 5350 5352 5353
f 5353 5351 5350
f 5352 5354 5355
f 5355 5353 5352
f 5354 5356 5357
f 5357 5355 5354
f 5356 5358 5359
f 5359 5357 5356
f 5358 5360 5361
f 5361 5359 5358
f 5360 5362 5363
f 5363 5361 5360
f 5362 5332 5335
f 5335 5363 5362
f 5366 5365 5364
f 5366 5364 5367
f 5366 5367 5368
f 5366 5368 5369
f 5366 5369 5370
f 5366 5370 5371
f 5366 5371 5372
f 5366 5372 5373
f 5366 5373 5374
f 5366 5374 5375
f 5366 5375 5376
f 5366 5376 5377
f 5366 5377 5378
f 5366 5378 5379
f 5366 5379 5380
f 5366 5380 5365
f 5381 5382 5383
f 5383 5384 5381
f 5382 5385 5386
f 5386 5383 5382
f 5385 5387 5388
f 5388 5386 5385
f 5387 5389 5390
f 5390 5388 5387
f 5389 5391 5392
f 5392 5390 5389
f 5391 5393 5394
f 5394 5392 5391
f 5393 5395 5396
f 5396 5394 5393
f 5395 5397 5398
f 5398 5396 5395
f 5397 5399 5400
f 5400 5398 5397
f 5399 5401 5402
f 5402 5400 5399
f 5401 5403 5404
f 5404 5402 5401
f 5403 5405 5406
f 5406 5404 5403
f 5405 5407 5408
f 5408 5406 5405
f 5407 5409 5410
f 5410 5408 5407
f 5409 5411 5412
f 5412 5410 5409
f 5411 5381 5384
f 5384 5412 5411
f 5415 5414 5413
f 5415 5413 5416
f 5415 5416 5417
f 5415 5417 5418
f 5415 5418 5419
f 5415 5419 5420
f 5415 5420 5421
f 5415 5421 5422
f 5415 5422 5423
f 5415 5423 5424
f 5415 5424 5425
f 5415 5425 5426
f 5415 5426 5427
f 5415 5427 5428
f 5415 5428 5429
f 5415 5429 5414
f 5430 5431 5432
f 5432 5433 5430
f 5431 5434 5435
f 5435 5432 5431
f 5434 5436 5437
f 5437 5435 5434
f 5436 5438 5439
f 5439 5437 5436
f 5438 5440 5441
f 5441 5439 5438
f 5440 5442 5443
f 5443 5441 5440
f 5442 5444 5445
f 5445 5443 5442
f 5444 5446 5447
f 5447 5445 5444
f 5446 5448 5449
f 5449 5447 5446
f 5448 5450 5451
f 5451 5449 5448
f 5450 5452 5453
f 5453 5451 5450
f 5452 5454 5455
f 5455 5453 5452
f 5454 5456 5457
f 5457 5455 5454
f 5456 5458 5459
f 5459 5457 5456
f 5458 5460 5461
f 5461 5459 5458
f 5460 5430 5433
f 5433 5461 5460
f 5464 5463 5462
f 5464 5462 5465
f 5464 5465 5466
f 5464 5466 5467
f 5464 5467 5468
f 5464 5468 5469
f 5464 5469 5470
f 5464 5470 5471
f 5464 5471 5472
f 5464 5472 5473
f 5464 5473 5474
f 5464 5474 5475
f 5464 5475 5476
f 5464 5476 5477
f 5464 5477 5478
f 5464 5478 5463
f 5479 5480 5481
f 5481 5482 5479
f 5480 5483 5484
f 5484 5481 5480
f 5483 5485 5486
f 5486 5484 5483
f 5485 5487 5488
f 5488 5486 5485
f 5487 5489 5490
f 5490 5488 5487
f 5489 5491 5492
f 5492 5490 5489
f 5491 5493 5494
f 5494 5492 5491
f 5493 5495 5496
f 5496 5494 5493
f 5495 5497 5498
f 5498 5496 5495
f 5497 5499 5500
f 5500 5498 5497
f 5499 5501 5502
f 5502 5500 5499
f 5501 5503 5504
f 5504 5502 5501
f 5503 5505 5506
f 5506 5504 5503
f 5505 5507 5508
f 5508 5506 5505
f 5507 5509 5510
f 5510 5508 5507
f 5509 5479 5482
f 5482 5510 5509
f 5513 5512 5511
f 5513 5511 5514
f 5513 5514 5515
f 5513 5515 5516
f 5513 5516 5517
f 5513 5517 5518
f 5513 5518 5519
f 5513 5519 5520
f 5513 5520 5521
f 5513 5521 5522
f 5513 5522 5523
f 5513 5523 5524
f 5513 5524 5525
f 5513 5525 5526
f 5513 5526 5527
f 5513 5527 5512
f 5528 5529 5530
f 5530 5531 5528
f 5529 5532 5533
f 5533 5530 5529
f 5532 5534 5535
f 5535 5533 5532
f 5534 5536 5537
f 5537 5535 5534
f 5536 5538 5539
f 5539 5537 5536
f 5538 5540 5541
f 5541 5539 5538
f 5540 5542 5543
f 5543 5541 5540
f 5542 5544 5545
f 5545 5543 5542
f 5544 5546 5547
f 5547 5545 5544
f 5546 5548 5549
f 5549 5547 5546
f 5548 5550 5551
f 5551 5549 5548
f 5550 5552 5553
f 5553 5551 5550
f 5552 5554 5555
f 5555 5553 5552
f 5554 5556 5557
f 5557 5555 5554
f 5556 5558 5559
f 5559 5557 5556
f 5558 5528 5531
f 5531 5559 5558
f 5562 5561 5560
f 5562 5560 5563
f 5562 5563 5564
f 5562 5564 5565
f 5562 5565 5566
f 5562 5566 5567
f 5562 5567 5568
f 5562 5568 5569
f 5562 5569 5570
f 5562 5570 5571
f 5562 5571 5572
f 5562 5572 5573
f 5562 5573 5574
f 5562 5574 5575
f 5562 5575 5576
f 5562 5576 5561
f 5579 5578 5577
f 5577 5580 5579
f 5582 5581 5578
f 5578 5579 5582
f 5584 5583 5581
f 5581 5582 5584
f 5586 5585 5583
f 5583 5584 5586
f 5588 5587 5585
f 5585 5586 5588
f 5590 5589 5587
f 5587 5588 5590
f 5592 5591 5589
f 5589 5590 5592
f 5594 5593 5591
f 5591 5592 5594
f 5596 5595 5593
f 5593 5594 5596
f 5598 5597 5595
f 5595 5596 5598
f 5600 5599 5597
f 5597 5598 5600
f 5602 5601 5599
f 5599 5600 5602
f 5604 5603 5601
f 5601 5602 5604
f 5606 5605 5603
f 5603 5604 5606
f 5608 5607 5605
f 5605 5606 5608
f 5580 5577 5607
f 5607 5608 5580
f 5609 5610 5611
f 5611 5612 5609
f 5610 5613 5614
f 5614 5611 5610
f 5613 5615 5616
f 5616 5614 5613
f 5615 5617 5618
f 5618 5616 5615
f 5617 5619 5620
f 5620 5618 5617
f 5619 5621 5622
f 5622 5620 5619
f 5621 5623 5624
f 5624 5622 5621
f 5623 5625 5626
f 5626 5624 5623
f 5625 5627 5628
f 5628 5626 5625
f 5627 5629 5630
f 5630 5628 5627
f 5629 5631 5632
f 5632 5630 5629
f 5631 5633 5634
f 5634 5632 5631
f 5633 5635 5636
f 5636 5634 5633
f 5635 5637 5638
f 5638 5636 5635
f 5637 5639 5640
f 5640 5638 5637
f 5639 5609 5612
f 5612 5640 5639
f 5641 5642 5643
f 5643 5644 5641
f 5644 5643 5645
f 5645 5646 5644
f 5646 5645 5647
f 5647 5648 5646
f 5648 5647 5649
f 5649 5650 5648
f 5650 5649 5651
f 5651 5652 5650
f 5652 5651 5653
f 5653 5654 5652
f 5654 5653 5655
f 5655 5656 5654
f 5656 5655 5657
f 5657 5658 5656
f 5658 5657 5659
f 5659 5660 5658
f 5660 5659 5661
f 5661 5662 5660
f 5662 5661 5663
f 5663 5664 5662
f 5664 5663 5665
f 5665 5666 5664
f 5666 5665 5667
f 5667 5668 5666
f 5668 5667 5669
f 5669 5670 5668
f 5670 5669 5671
f 5671 5672 5670
f 5672 5671 5642
f 5642 5641 5672
f 5675 5674 5673
f 5673 5676 5675
f 5678 5677 5674
f 5674 5675 5678
f 5680 5679 5677
f 5677 5678 5680
f 5682 5681 5679
f 5679 5680 5682
f 5684 5683 5681
f 5681 5682 5684
f 5686 5685 5683
f 5683 5684 5686
f 5688 5687 5685
f 5685 5686 5688
f 5690 5689 5687
f 5687 5688 5690
f 5692 5691 5689
f 5689 5690 5692
f 5694 5693 5691
f 5691 5692 5694
f 5696 5695 5693
f 5693 5694 5696
f 5698 5697 5695
f 5695 5696 5698
f 5700 5699 5697
f 5697 5698 5700
f 5702 5701 5699
f 5699 5700 5702
f 5704 5703 5701
f 5701 5702 5704
f 5676 5673 5703
f 5703 5704 5676
f 5705 5706 5707
f 5707 5708 5705
f 5706 5709 5710
f 5710 5707 5706
f 5709 5711 5712
f 5712 5710 5709
f 5711 5713 5714
f 5714 5712 5711
f 5713 5715 5716
f 5716 5714 5713
f 5715 5717 5718
f 5718 5716 5715
f 5717 5719 5720
f 5720 5718 5717
f 5719 5721 5722
f 5722 5720 5719
f 5721 5723 5724
f 5724 5722 5721
f 5723 5725 5726
f 5726 5724 5723
f 5725 5727 5728
f 5728 5726 5725
f 5727 5729 5730
f 5730 5728 5727
f 5729 5731 5732
f 5732 5730 5729
f 5731 5733 5734
f 5734 5732 5731
f 5733 5735 5736
f 5736 5734 5733
f 5735 5705 5708
f 5708 5736 5735
f 5737 5738 5739
f 5739 5740 5737
f 5740 5739 5741
f 5741 5742 5740
f 5742 5741 5743
f 5743 5744 5742
f 5744 5743 5745
f 5745 5746 5744
f 5746 5745 5747
f 5747 5748 5746
f 5748 5747 5749
f 5749 5750 5748
f 5750 5749 5751
f 5751 5752 5750
f 5752 5751 5753
f 5753 5754 5752
f 5754 5753 5755
f 5755 5756 5754
f 5756 5755 5757
f 5757 5758 5756
f 5758 5757 5759
f 5759 5760 5758
f 5760 5759 5761
f 5761 5762 5760
f 5762 5761 5763
f 5763 5764 5762
f 5764 5763 5765
f 5765 5766 5764
f 5766 5765 5767
f 5767 5768 5766
f 5768 5767 5738
f 5738 5737 5768
f 5771 5770 5769
f 5769 5772 5771
f 5774 5773 5770
f 5770 5771 5774
f 5776 5775 5773
f 5773 5774 5776
f 5778 5777 5775
f 5775 5776 5778
f 5780 5779 5777
f 5777 5778 5780
f 5782 5781 5779
f 5779 5780 5782
f 5784 5783 5781
f 5781 5782 5784
f 5786 5785 5783
f 5783 5784 5786
f 5788 5787 5785
f 5785 5786 5788
f 5790 5789 5787
f 5787 5788 5790
f 5792 5791 5789
f 5789 5790 5792
f 5794 5793 5791
f 5791 5792 5794
f 5796 5795 5793
f 5793 5794 5796
f 5798 5797 5795
f 5795 5796 5798
f 5800 5799 5797
f 5797 5798 5800
f 5772 5769 5799
f 5799 5800 5772
f 5801 5802 5803
f 5803 5804 5801
f 5802 5805 5806
f 5806 5803 5802
f 5805 5807 5808
f 5808 5806 5805
f 5807 5809 5810
f 5810 5808 5807
f 5809 5811 5812
f 5812 5810 5809
f 5811 5813 5814
f 5814 5812 5811
f 5813 5815 5816
f 5816 5814 5813
f 5815 5817 5818
f 5818 5816 5815
f 5817 5819 5820
f 5820 5818 5817
f 5819 5821 5822
f 5822 5820 5819
f 5821 5823 5824
f 5824 5822 5821
f 5823 5825 5826
f 5826 5824 5823
f 5825 5827 5828
f 5828 5826 5825
f 5827 5829 5830
f 5830 5828 5827
f 5829 5831 5832
f 5832 5830 5829
f 5831 5801 5804
f 5804 5832 5831
f 5833 5834 5835
f 5835 5836 5833
f 5836 5835 5837
f 5837 5838 5836
f 5838 5837 5839
f 5839 5840 5838
f 5840 5839 5841
f 5841 5842 5840
f 5842 5841 5843
f 5843 5844 5842
f 5844 5843 5845
f 5845 5846 5844
f 5846 5845 5847
f 5847 5848 5846
f 5848 5847 5849
f 5849 5850 5848
f 5850 5849 5851
f 5851 5852 5850
f 5852 5851 5853
f 5853 5854 5852
f 5854 5853 5855
f 5855 5856 5854
f 5856 5855 5857
f 5857 5858 5856
f 5858 5857 5859
f 5859 5860 5858
f 5860 5859 5861
f 5861 5862 5860
f 5862 5861 5863
f 5863 5864 5862
f 5864 5863 5834
f 5834 5833 5864
f 5867 5866 5865
f 5865 5868 5867
f 5870 5869 5866
f 5866 5867 5870
f 5872 5871 5869
f 5869 5870 5872
f 5874 5873 5871
f 5871 5872 5874
f 5876 5875 5873
f 5873 5874 5876
f 5878 5877 5875
f 5875 5876 5878
f 5880 5879 5877
f 5877 5878 5880
f 5882 5881 5879
f 5879 5880 5882
f 5884 5883 5881
f 5881 5882 5884
f 5886 5885 5883
f 5883 5884 5886
f 5888 5887 5885
f 5885 5886 5888
f 5890 5889 5887
f 5887 5888 5890
f 5892 5891 5889
f 5889 5890 5892
f 5894 5893 5891
f 5891 5892 5894
f 5896 5895 5893
f 5893 5894 5896
f 5868 5865 5895
f 5895 5896 5868
f 5897 5898 5899
f 5899 5900 5897
f 5898 5901 5902
f 5902 5899 5898
f 5901 5903 5904
f 5904 5902 5901
f 5903 5905 5906
f 5906 5904 5903
f 5905 5907 5908
f 5908 5906 5905
f 5907 5909 5910
f 5910 5908 5907
f 5909 5911 5912
f 5912 5910 5909
f 5911 5913 5914
f 5914 5912 5911
f 5913 5915 5916
f 5916 5914 5913
f 5915 5917 5918
f 5918 5916 5915
f 5917 5919 5920
f 5920 5918 5917
f 5919 5921 5922
f 5922 5920 5919
f 5921 5923 5924
f 5924 5922 5921
f 5923 5925 5926
f 5926 5924 5923
f 5925 5927 5928
f 5928 5926 5925
f 5927 5897 5900
f 5900 5928 5927
f 5929 5930 5931
f 5931 5932 5929
f 5932 5931 5933
f 5933 5934 5932
f 5934 5933 5935
f 5935 5936 5934
f 5936 5935 5937
f 5937 5938 5936
f 5938 5937 5939
f 5939 5940 5938
f 5940 5939 5941
f 5941 5942 5940
f 5942 5941 5943
f 5943 5944 5942
f 5944 5943 5945
f 5945 5946 5944
f 5946 5945 5947
f 5947 5948 5946
f 5948 5947 5949
f 5949 5950 5948
f 5950 5949 5951
f 5951 5952 5950
f 5952 5951 5953
f 5953 5954 5952
f 5954 5953 5955
f 5955 5956 5954
f 5956 5955 5957
f 5957 5958 5956
f 5958 5957 5959
f 5959 5960 5958
f 5960 5959 5930
f 5930 5929 5960
f 5963 5962 5961
f 5961 5964 5963
f 5966 5965 5962
f 5962 5963 5966
f 5968 5967 5965
f 5965 5966 5968
f 5970 5969 5967
f 5967 5968 5970
f 5972 5971 5969
f 5969 5970 5972
f 5974 5973 5971
f 5971 5972 5974
f 5976 5975 5973
f 5973 5974 5976
f 5978 5977 5975
f 5975 5976 5978
f 5980 5979 5977
f 5977 5978 5980
f 5982 5981 5979
f 5979 5980 5982
f 5984 5983 5981
f 5981 5982 5984
f 5986 5985 5983
f 5983 5984 5986
f 5988 5987 5985
f 5985 5986 5988
f 5990 5989 5987
f 5987 5988 5990
f 5992 5991 5989
f 5989 5990 5992
f 5964 5961 5991
f 5991 5992 5964
f 5993 5994 5995
f 5995 5996 5993
f 5994 5997 5998
f 5998 5995 5994
f 5997 5999 6000
f 6000 5998 5997
f 5999 6001 6002
f 6002 6000 5999
f 6001 6003 6004
f 6004 6002 6001
f 6003 6005 6006
f 6006 6004 6003
f 6005 6007 6008
f 6008 6006 6005
f 6007 6009 6010
f 6010 6008 6007
f 6009 6011 6012
f 6012 6010 6009
f 6011 6013 6014
f 6014 6012 6011
f 6013 6015 6016
f 6016 6014 6013
f 6015 6017 6018
f 6018 6016 6015
f 6017 6019 6020
f 6020 6018 6017
f 6019 6021 6022
f 6022 6020 6019
f 6021 6023 6024
f 6024 6022 6021
f 6023 5993 5996
f 5996 6024 6023
f 6025 6026 6027
f 6027 6028 6025
f 6028 6027 6029
f 6029 6030 6028
f 6030 6029 6031
f 6031 6032 6030
f 6032 6031 6033
f 6033 6034 6032
f 6034 6033 6035
f 6035 6036 6034
f 6036 6035 6037
f 6037 6038 6036
f 6038 6037 6039
f 6039 6040 6038
f 6040 6039 6041
f 6041 6042 6040
f 6042 6041 6043
f 6043 6044 6042
f 6044 6043 6045
f 6045 6046 6044
f 6046 6045 6047
f 6047 6048 6046
f 6048 6047 6049
f 6049 6050 6048
f 6050 6049 6051
f 6051 6052 6050
f 6052 6051 6053
f 6053 6054 6052
f 6054 6053 6055
f 6055 6056 6054
f 6056 6055 6026
f 6026 6025 6056
f 6059 6058 6057
f 6057 6060 6059
f 6063 6062 6061
f 6061 6064 6063
f 6067 6066 6065
f 6065 6068 6067
f 6071 6070 6069
f 6069 6072 6071
f 6075 6074 6073
f 6073 6076 6075
f 6079 6078 6077
f 6077 6080 6079
f 6083 6082 6081
f 6081 6084 6083
f 6082 6079 6080
f 6080 6081 6082
f 6078 6083 6084
f 6084 6077 6078
f 6085 6086 6087
f 6087 6088 6085
f 6089 6090 6091
f 6091 6092 6089
f 6093 6094 6095
f 6095 6096 6093
f 6097 6098 6099
f 6099 6100 6097
f 6101 6102 6103
f 6103 6104 6101
f 6105 6106 6107
f 6107 6108 6105
f 6106 6109 6110
f 6110 6107 6106
f 6109 6111 6112
f 6112 6110 6109
f 6111 6113 6114
f 6114 6112 6111
f 6113 6115 6116
f 6116 6114 6113
f 6115 6117 6118
f 6118 6116 6115
f 6117 6119 6120
f 6120 6118 6117
f 6119 6121 6122
f 6122 6120 6119
f 6121 6123 6124
f 6124 6122 6121
f 6123 6125 6126
f 6126 6124 6123
f 6125 6127 6128
f 6128 6126 6125
f 6127 6129 6130
f 6130 6128 6127
f 6129 6131 6132
f 6132 6130 6129
f 6131 6133 6134
f 6134 6132 6131
f 6133 6135 6136
f 6136 6134 6133
f 6135 6105 6108
f 6108 6136 6135
f 6139 6138 6137
f 6139 6137 6140
f 6139 6140 6141
f 6139 6141 6142
f 6139 6142 6143
f 6139 6143 6144
f 6139 6144 6145
f 6139 6145 6146
f 6139 6146 6147
f 6139 6147 6148
f 6139 6148 6149
f 6139 6149 6150
f 6139 6150 6151
f 6139 6151 6152
f 6139 6152 6153
f 6139 6153 6138
f 6154 6155 6156
f 6156 6157 6154
f 6155 6158 6159
f 6159 6156 6155
f 6158 6160 6161
f 6161 6159 6158
f 6160 6162 6163
f 6163 6161 6160
f 6162 6164 6165
f 6165 6163 6162
f 6164 6166 6167
f 6167 6165 6164
f 6166 6168 6169
f 6169 6167 6166
f 6168 6170 6171
f 6171 6169 6168
f 6170 6172 6173
f 6173 6171 6170
f 6172 6174 6175
f 6175 6173 6172
f 6174 6176 6177
f 6177 6175 6174
f 6176 6178 6179
f 6179 6177 6176
f 6178 6180 6181
f 6181 6179 6178
f 6180 6182 6183
f 6183 6181 6180
f 6182 6184 6185
f 6185 6183 6182
f 6184 6154 6157
f 6157 6185 6184
f 6188 6187 6186
f 6188 6186 6189
f 6188 6189 6190
f 6188 6190 6191
f 6188 6191 6192
f 6188 6192 6193
f 6188 6193 6194
f 6188 6194 6195
f 6188 6195 6196
f 6188 6196 6197
f 6188 6197 6198
f 6188 6198 6199
f 6188 6199 6200
f 6188 6200 6201
f 6188 6201 6202
f 6188 6202 6187
f 6203 6204 6205
f 6205 6206 6203
f 6204 6207 6208
f 6208 6205 6204
f 6207 6209 6210
f 6210 6208 6207
f 6209 6211 6212
f 6212 6210 6209
f 6211 6213 6214
f 6214 6212 6211
f 6213 6215 6216
f 6216 6214 6213
f 6215 6217 6218
f 6218 6216 6215
f 6217 6219 6220
f 6220 6218 6217
f 6219 6221 6222
f 6222 6220 6219
f 6221 6223 6224
f 6224 6222 6221
f 6223 6225 6226
f 6226 6224 6223
f 6225 6227 6228
f 6228 6226 6225
f 6227 6229 6230
f 6230 6228 6227
f 6229 6231 6232
f 6232 6230 6229
f 6231 6233 6234
f 6234 6232 6231
f 6233 6203 6206
f 6206 6234 6233
f 6237 6236 6235
f 6237 6235 6238
f 6237 6238 6239
f 6237 6239 6240
f 6237 6240 6241
f 6237 6241 6242
f 6237 6242 6243
f 6237 6243 6244
f 6237 6244 6245
f 6237 6245 6246
f 6237 6246 6247
f 6237 6247 6248
f 6237 6248 6249
f 6237 6249 6250
f 6237 6250 6251
f 6237 6251 6236
f 6252 6253 6254
f 6254 6255 6252
f 6253 6256 6257
f 6257 6254 6253
f 6256 6258 6259
f 6259 6257 6256
f 6258 6260 6261
f 6261 6259 6258
f 6260 6262 6263
f 6263 6261 6260
f 6262 6264 6265
f 6265 6263 6262
f 6264 6266 6267
f 6267 6265 6264
f 6266 6268 6269
f 6269 6267 6266
f 6268 6270 6271
f 6271 6269 6268
f 6270 6272 6273
f 6273 6271 6270
f 6272 6274 6275
f 6275 6273 6272
f 6274 6276 6277
f 6277 6275 6274
f 6276 6278 6279
f 6279 6277 6276
f 6278 6280 6281
f 6281 6279 6278
f 6280 6282 6283
f 6283 6281 6280
f 6282 6252 6255
f 6255 6283 6282
f 6286 6285 6284
f 6286 6284 6287
f 6286 6287 6288
f 6286 6288 6289
f 6286 6289 6290
f 6286 6290 6291
f 6286 6291 6292
f 6286 6292 6293
f 6286 6293 6294
f 6286 6294 6295
f 6286 6295 6296
f 6286 6296 6297
f 6286 6297 6298
f 6286 6298 6299
f 6286 6299 6300
f 6286 6300 6285
f 6301 6302 6303
f 6303 6304 6301
f 6302 6305 6306
f 6306 6303 6302
f 6305 6307 6308
f 6308 6306 6305
f 6307 6309 6310
f 6310 6308 6307
f 6309 6311 6312
f 6312 6310 6309
f 6311 6313 6314
f 6314 6312 6311
f 6313 6315 6316
f 6316 6314 6313
f 6315 6317 6318
f 6318 6316 6315
f 6317 6319 6320
f 6320 6318 6317
f 6319 6321 6322
f 6322 6320 6319
f 6321 6323 6324
f 6324 6322 6321
f 6323 6325 6326
f 6326 6324 6323
f 6325 6327 6328
f 6328 6326 6325
f 6327 6329 6330
f 6330 6328 6327
f 6329 6331 6332
f 6332 6330 6329
f 6331 6301 6304
f 6304 6332 6331
f 6335 6334 6333
f 6335 6333 6336
f 6335 6336 6337
f 6335 6337 6338
f 6335 6338 6339
f 6335 6339 6340
f 6335 6340 6341
f 6335 6341 6342
f 6335 6342 6343
f 6335 6343 6344
f 6335 6344 6345
f 6335 6345 6346
f 6335 6346 6347
f 6335 6347 6348
f 6335 6348 6349
f 6335 6349 6334
f 6350 6351 6352
f 6352 6353 6350
f 6351 6354 6355
f 6355 6352 6351
f 6354 6356 6357
f 6357 6355 6354
f 6356 6358 6359
f 6359 6357 6356
f 6358 6360 6361
f 6361 6359 6358
f 6360 6362 6363
f 6363 6361 6360
f 6362 6364 6365
f 6365 6363 6362
f 6364 6366 6367
f 6367 6365 6364
f 6366 6368 6369
f 6369 6367 6366
f 6368 6370 6371
f 6371 6369 6368
f 6370 6372 6373
f 6373 6371 6370
f 6372 6374 6375
f 6375 6373 6372
f 6374 6376 6377
f 6377 6375 6374
f 6376 6378 6379
f 6379 6377 6376
f 6378 6380 6381
f 6381 6379 6378
f 6380 6350 6353
f 6353 6381 6380
f 6384 6383 6382
f 6384 6382 6385
f 6384 6385 6386
f 6384 6386 6387
f 6384 6387 6388
f 6384 6388 6389
f 6384 6389 6390
f 6384 6390 6391
f 6384 6391 6392
f 6384 6392 6393
f 6384 6393 6394
f 6384 6394 6395
f 6384 6395 6396
f 6384 6396 6397
f 6384 6397 6398
f 6384 6398 6383
f 6399 6400 6401
f 6401 6402 6399
f 6400 6403 6404
f 6404 6401 6400
f 6403 6405 6406
f 6406 6404 6403
f 6405 6407 6408
f 6408 6406 6405
f 6407 6409 6410
f 6410 6408 6407
f 6409 6411 6412
f 6412 6410 6409
f 6411 6413 6414
f 6414 6412 6411
f 6413 6415 6416
f 6416 6414 6413
f 6415 6417 6418
f 6418 6416 6415
f 6417 6419 6420
f 6420 6418 6417
f 6419 6421 6422
f 6422 6420 6419
f 6421 6423 6424
f 6424 6422 6421
f 6423 6425 6426
f 6426 6424 6423
f 6425 6427 6428
f 6428 6426 6425
f 6427 6429 6430
f 6430 6428 6427
f 6429 6399 6402
f 6402 6430 6429
f 6433 6432 6431
f 6433 6431 6434
f 6433 6434 6435
f 6433 6435 6436
f 6433 6436 6437
f 6433 6437 6438
f 6433 6438 6439
f 6433 6439 6440
f 6433 6440 6441
f 6433 6441 6442
f 6433 6442 6443
f 6433 6443 6444
f 6433 6444 6445
f 6433 6445 6446
f 6433 6446 6447
f 6433 6447 6432
f 6448 6449 6450
f 6450 6451 6448
f 6449 6452 6453
f 6453 6450 6449
f 6452 6454 6455
f 6455 6453 6452
f 6454 6456 6457
f 6457 6455 6454
f 6456 6458 6459
f 6459 6457 6456
f 6458 6460 6461
f 6461 6459 6458
f 6460 6462 6463
f 6463 6461 6460
f 6462 6464 6465
f 6465 6463 6462
f 6464 6466 6467
f 6467 6465 6464
f 6466 6468 6469
f 6469 6467 6466
f 6468 6470 6471
f 6471 6469 6468
f 6470 6472 6473
f 6473 6471 6470
f 6472 6474 6475
f 6475 6473 6472
f 6474 6476 6477
f 6477 6475 6474
f 6476 6478 6479
f 6479 6477 6476
f 6478 6448 6451
f 6451 6479 6478
f 6482 6481 6480
f 6482 6480 6483
f 6482 6483 6484
f 6482 6484 6485
f 6482 6485 6486
f 6482 6486 6487
f 6482 6487 6488
f 6482 6488 6489
f 6482 6489 6490
f 6482 6490 6491
f 6482 6491 6492
f 6482 6492 6493
f 6482 6493 6494
f 6482 6494 6495
f 6482 6495 6496
f 6482 6496 6481
f 6497 6498 6499
f 6499 6500 6497
f 6498 6501 6502
f 6502 6499 6498
f 6501 6503 6504
f 6504 6502 6501
f 6503 6505 6506
f 6506 6504 6503
f 6505 6507 6508
f 6508 6506 6505
f 6507 6509 6510
f 6510 6508 6507
f 6509 6511 6512
f 6512 6510 6509
f 6511 6513 6514
f 6514 6512 6511
f 6513 6515 6516
f 6516 6514 6513
f 6515 6517 6518
f 6518 6516 6515
f 6517 6519 6520
f 6520 6518 6517
f 6519 6521 6522
f 6522 6520 6519
f 6521 6523 6524
f 6524 6522 6521
f 6523 6525 6526
f 6526 6524 6523
f 6525 6527 6528
f 6528 6526 6525
f 6527 6497 6500
f 6500 6528 6527
f 6531 6530 6529
f 6531 6529 6532
f 6531 6532 6533
f 6531 6533 6534
f 6531 6534 6535
f 6531 6535 6536
f 6531 6536 6537
f 6531 6537 6538
f 6531 6538 6539
f 6531 6539 6540
f 6531 6540 6541
f 6531 6541 6542
f 6531 6542 6543
f 6531 6543 6544
f 6531 6544 6545
f 6531 6545 6530
f 6546 6547 6548
f 6548 6549 6546
f 6547 6550 6551
f 6551 6548 6547
f 6550 6552 6553
f 6553 6551 6550
f 6552 6554 6555
f 6555 6553 6552
f 6554 6556 6557
f 6557 6555 6554
f 6556 6558 6559
f 6559 6557 6556
f 6558 6560 6561
f 6561 6559 6558
f 6560 6562 6563
f 6563 6561 6560
f 6562 6564 6565
f 6565 6563 6562
f 6564 6566 6567
f 6567 6565 6564
f 6566 6568 6569
f 6569 6567 6566
f 6568 6570 6571
f 6571 6569 6568
f 6570 6572 6573
f 6573 6571 6570
f 6572 6574 6575
f 6575 6573 6572
f 6574 6576 6577
f 6577 6575 6574
f 6576 6546 6549
f 6549 6577 6576
f 6580 6579 6578
f 6580 6578 6581
f 6580 6581 6582
f 6580 6582 6583
f 6580 6583 6584
f 6580 6584 6585
f 6580 6585 6586
f 6580 6586 6587
f 6580 6587 6588
f 6580 6588 6589
f 6580 6589 6590
f 6580 6590 6591
f 6580 6591 6592
f 6580 6592 6593
f 6580 6593 6594
f 6580 6594 6579
f 6595 6596 6597
f 6597 6598 6595
f 6596 6599 6600
f 6600 6597 6596
f 6599 6601 6602
f 6602 6600 6599
f 6601 6603 6604
f 6604 6602 6601
f 6603 6605 6606
f 6606 6604 6603
f 6605 6607 6608
f 6608 6606 6605
f 6607 6609 6610
f 6610 6608 6607
f 6609 6611 6612
f 6612 6610 6609
f 6611 6613 6614
f 6614 6612 6611
f 6613 6615 6616
f 6616 6614 6613
f 6615 6617 6618
f 6618 6616 6615
f 6617 6619 6620
f 6620 6618 6617
f 6619 6621 6622
f 6622 6620 6619
f 6621 6623 6624
f 6624 6622 6621
f 6623 6625 6626
f 6626 6624 6623
f 6625 6595 6598
f 6598 6626 6625
f 6629 6628 6627
f 6629 6627 6630
f 6629 6630 6631
f 6629 6631 6632
f 6629 6632 6633
f 6629 6633 6634
f 6629 6634 6635
f 6629 6635 6636
f 6629 6636 6637
f 6629 6637 6638
f 6629 6638 6639
f 6629 6639 6640
f 6629 6640 6641
f 6629 6641 6642
f 6629 6642 6643
f 6629 6643 6628
f 6644 6645 6646
f 6646 6647 6644
f 6645 6648 6649
f 6649 6646 6645
f 6648 6650 6651
f 6651 6649 6648
f 6650 6652 6653
f 6653 6651 6650
f 6652 6654 6655
f 6655 6653 6652
f 6654 6656 6657
f 6657 6655 6654
f 6656 6658 6659
f 6659 6657 6656
f 6658 6660 6661
f 6661 6659 6658
f 6660 6662 6663
f 6663 6661 6660
f 6662 6664 6665
f 6665 6663 6662
f 6664 6666 6667
f 6667 6665 6664
f 6666 6668 6669
f 6669 6667 6666
f 6668 6670 6671
f 6671 6669 6668
f 6670 6672 6673
f 6673 6671 6670
f 6672 6674 6675
f 6675 6673 6672
f 6674 6644 6647
f 6647 6675 6674
f 6678 6677 6676
f 6678 6676 6679
f 6678 6679 6680
f 6678 6680 6681
f 6678 6681 6682
f 6678 6682 6683
f 6678 6683 6684
f 6678 6684 6685
f 6678 6685 6686
f 6678 6686 6687
f 6678 6687 6688
f 6678 6688 6689
f 6678 6689 6690
f 6678 6690 6691
f 6678 6691 6692
f 6678 6692 6677
f 6695 6694 6693
f 6693 6696 6695
f 6698 6697 6694
f 6694 6695 6698
f 6700 6699 6697
f 6697 6698 6700
f 6702 6701 6699
f 6699 6700 6702
f 6704 6703 6701
f 6701 6702 6704
f 6706 6705 6703
f 6703 6704 6706
f 6708 6707 6705
f 6705 6706 6708
f 6710 6709 6707
f 6707 6708 6710
f 6712 6711 6709
f 6709 6710 6712
f 6714 6713 6711
f 6711 6712 6714
f 6716 6715 6713
f 6713 6714 6716
f 6718 6717 6715
f 6715 6716 6718
f 6720 6719 6717
f 6717 6718 6720
f 6722 6721 6719
f 6719 6720 6722
f 6724 6723 6721
f 6721 6722 6724
f 6696 6693 6723
f 6723 6724 6696
f 6725 6726 6727
f 6727 6728 6725
f 6726 6729 6730
f 6730 6727 6726
f 6729 6731 6732
f 6732 6730 6729
f 6731 6733 6734
f 6734 6732 6731
f 6733 6735 6736
f 6736 6734 6733
f 6735 6737 6738
f 6738 6736 6735
f 6737 6739 6740
f 6740 6738 6737
f 6739 6741 6742
f 6742 6740 6739
f 6741 6743 6744
f 6744 6742 6741
f 6743 6745 6746
f 6746 6744 6743
f 6745 6747 6748
f 6748 6746 6745
f 6747 6749 6750
f 6750 6748 6747
f 6749 6751 6752
f 6752 6750 6749
f 6751 6753 6754
f 6754 6752 6751
f 6753 6755 6756
f 6756 6754 6753
f 6755 6725 6728
f 6728 6756 6755
f 6757 6758 6759
f 6759 6760 6757
f 6760 6759 6761
f 6761 6762 6760
f 6762 6761 6763
f 6763 6764 6762
f 6764 6763 6765
f 6765 6766 6764
f 6766 6765 6767
f 6767 6768 6766
f 6768 6767 6769
f 6769 6770 6768
f 6770 6769 6771
f 6771 6772 6770
f 6772 6771 6773
f 6773 6774 6772
f 6774 6773 6775
f 6775 6776 6774
f 6776 6775 6777
f 6777 6778 6776
f 6778 6777 6779
f 6779 6780 6778
f 6780 6779 6781
f 6781 6782 6780
f 6782 6781 6783
f 6783 6784 6782
f 6784 6783 6785
f 6785 6786 6784
f 6786 6785 6787
f 6787 6788 6786
f 6788 6787 6758
f 6758 6757 6788
f 6791 6790 6789
f 6789 6792 6791
f 6795 6794 6793
f 6793 6796 6795
f 6799 6798 6797
f 6797 6800 6799
f 6803 6802 6801
f 6801 6804 6803
f 6807 6806 6805
f 6805 6808 6807
f 6811 6810 6809
f 6809 6812 6811
f 6810 6814 6813
f 6813 6809 6810
f 6814 6816 6815
f 6815 6813 6814
f 6816 6811 6812
f 6812 6815 6816
f 6817 6818 6819
f 6819 6820 6817
f 6821 6822 6823
f 6823 6824 6821
f 6825 6826 6827
f 6827 6828 6825
f 6829 6830 6831
f 6831 6832 6829
f 6833 6834 6835
f 6835 6836 6833
f 6837 6838 6839
f 6839 6840 6837
f 6838 6841 6842
f 6842 6839 6838
f 6841 6843 6844
f 6844 6842 6841
f 6843 6845 6846
f 6846 6844 6843
f 6845 6847 6848
f 6848 6846 6845
f 6847 6849 6850
f 6850 6848 6847
f 6849 6851 6852
f 6852 6850 6849
f 6851 6853 6854
f 6854 6852 6851
f 6853 6855 6856
f 6856 6854 6853
f 6855 6857 6858
f 6858 6856 6855
f 6857 6859 6860
f 6860 6858 6857
f 6859 6861 6862
f 6862 6860 6859
f 6861 6863 6864
f 6864 6862 6861
f 6863 6865 6866
f 6866 6864 6863
f 6865 6867 6868
f 6868 6866 6865
f 6867 6837 6840
f 6840 6868 6867
f 6871 6870 6869
f 6871 6869 6872
f 6871 6872 6873
f 6871 6873 6874
f 6871 6874 6875
f 6871 6875 6876
f 6871 6876 6877
f 6871 6877 6878
f 6871 6878 6879
f 6871 6879 6880
f 6871 6880 6881
f 6871 6881 6882
f 6871 6882 6883
f 6871 6883 6884
f 6871 6884 6885
f 6871 6885 6870
f 6886 6887 6888
f 6888 6889 6886
f 6887 6890 6891
f 6891 6888 6887
f 6890 6892 6893
f 6893 6891 6890
f 6892 6894 6895
f 6895 6893 6892
f 6894 6896 6897
f 6897 6895 6894
f 6896 6898 6899
f 6899 6897 6896
f 6898 6900 6901
f 6901 6899 6898
f 6900 6902 6903
f 6903 6901 6900
f 6902 6904 6905
f 6905 6903 6902
f 6904 6906 6907
f 6907 6905 6904
f 6906 6908 6909
f 6909 6907 6906
f 6908 6910 6911
f 6911 6909 6908
f 6910 6912 6913
f 6913 6911 6910
f 6912 6914 6915
f 6915 6913 6912
f 6914 6916 6917
f 6917 6915 6914
f 6916 6886 6889
f 6889 6917 6916
f 6920 6919 6918
f 6920 6918 6921
f 6920 6921 6922
f 6920 6922 6923
f 6920 6923 6924
f 6920 6924 6925
f 6920 6925 6926
f 6920 6926 6927
f 6920 6927 6928
f 6920 6928 6929
f 6920 6929 6930
f 6920 6930 6931
f 6920 6931 6932
f 6920 6932 6933
f 6920 6933 6934
f 6920 6934 6919
f 6935 6936 6937
f 6937 6938 6935
f 6936 6939 6940
f 6940 6937 6936
f 6939 6941 6942
f 6942 6940 6939
f 6941 6943 6944
f 6944 6942 6941
f 6943 6945 6946
f 6946 6944 6943
f 6945 6947 6948
f 6948 6946 6945
f 6947 6949 6950
f 6950 6948 6947
f 6949 6951 6952
f 6952 6950 6949
f 6951 6953 6954
f 6954 6952 6951
f 6953 6955 6956
f 6956 6954 6953
f 6955 6957 6958
f 6958 6956 6955
f 6957 6959 6960
f 6960 6958 6957
f 6959 6961 6962
f 6962 6960 6959
f 6961 6963 6964
f 6964 6962 6961
f 6963 6965 6966
f 6966 6964 6963
f 6965 6935 6938
f 6938 6966 6965
f 6969 6968 6967
f 6969 6967 6970
f 6969 6970 6971
f 6969 6971 6972
f 6969 6972 6973
f 6969 6973 6974
f 6969 6974 6975
f 6969 6975 6976
f 6969 6976 6977
f 6969 6977 6978
f 6969 6978 6979
f 6969 6979 6980
f 6969 6980 6981
f 6969 6981 6982
f 6969 6982 6983
f 6969 6983 6968
f 6984 6985 6986
f 6986 6987 6984
f 6985 6988 6989
f 6989 6986 6985
f 6988 6990 6991
f 6991 6989 6988
f 6990 6992 6993
f 6993 6991 6990
f 6992 6994 6995
f 6995 6993 6992
f 6994 6996 6997
f 6997 6995 6994
f 6996 6998 6999
f 6999 6997 6996
f 6998 7000 7001
f 7001 6999 6998
f 7000 7002 7003
f 7003 7001 7000
f 7002 7004 7005
f 7005 7003 7002
f 7004 7006 7007
f 7007 7005 7004
f 7006 7008 7009
f 7009 7007 7006
f 7008 7010 7011
f 7011 7009 7008
f 7010 7012 7013
f 7013 7011 7010
f 7012 7014 7015
f 7015 7013 7012
f 7014 6984 6987
f 6987 7015 7014
f 7018 7017 7016
f 7018 7016 7019
f 7018 7019 7020
f 7018 7020 7021
f 7018 7021 7022
f 7018 7022 7023
f 7018 7023 7024
f 7018 7024 7025
f 7018 7025 7026
f 7018 7026 7027
f 7018 7027 7028
f 7018 7028 7029
f 7018 7029 7030
f 7018 7030 7031
f 7018 7031 7032
f 7018 7032 7017
f 7033 7034 7035
f 7036 7033 7035
f 7037 7036 7035
f 7038 7037 7035
f 7039 7038 7035
f 7040 7039 7035
f 7041 7040 7035
f 7042 7041 7035
f 7043 7042 7035
f 7044 7043 7035
f 7045 7044 7035
f 7046 7045 7035
f 7047 7046 7035
f 7048 7047 7035
f 7049 7048 7035
f 7034 7049 7035
f 7050 7051 7052
f 7052 7053 7050
f 7051 7054 7055
f 7055 7052 7051
f 7054 7056 7057
f 7057 7055 7054
f 7056 7058 7059
f 7059 7057 7056
f 7058 7060 7061
f 7061 7059 7058
f 7060 7062 7063
f 7063 7061 7060
f 7062 7064 7065
f 7065 7063 7062
f 7064 7066 7067
f 7067 7065 7064
f 7066 7068 7069
f 7069 7067 7066
f 7068 7070 7071
f 7071 7069 7068
f 7070 7072 7073
f 7073 7071 7070
f 7072 7074 7075
f 7075 7073 7072
f 7074 7076 7077
f 7077 7075 7074
f 7076 7078 7079
f 7079 7077 7076
f 7078 7080 7081
f 7081 7079 7078
f 7080 7050 7053
f 7053 7081 7080
f 7082 7083 7084
f 7083 7085 7086
f 7086 7084 7083
f 7085 7087 7088
f 7088 7086 7085
f 7087 7089 7090
f 7090 7088 7087
f 7092 7091 7082
f 7094 7093 7091
f 7091 7092 7094
f 7096 7095 7093
f 7093 7094 7096
f 7098 7097 7095
f 7095 7096 7098
f 7099 7090 7053
f 7053 7052 7099
f 7100 7099 7052
f 7052 7055 7100
f 7101 7100 7055
f 7055 7057 7101
f 7102 7101 7057
f 7057 7059 7102
f 7103 7102 7059
f 7059 7061 7103
f 7104 7103 7061
f 7061 7063 7104
f 7105 7104 7063
f 7063 7065 7105
f 7098 7105 7065
f 7065 7067 7098
f 7053 7089 7087
f 7087 7081 7053
f 7081 7087 7085
f 7085 7079 7081
f 7079 7085 7083
f 7083 7077 7079
f 7077 7083 7082
f 7082 7075 7077
f 7075 7082 7091
f 7091 7073 7075
f 7073 7091 7093
f 7093 7071 7073
f 7071 7093 7095
f 7095 7069 7071
f 7069 7095 7097
f 7097 7067 7069
f 7108 7107 7106
f 7106 7109 7108
f 7107 7111 7110
f 7110 7106 7107
f 7111 7113 7112
f 7112 7110 7111
f 7113 7108 7109
f 7109 7112 7113
f 7116 7115 7114
f 7114 7117 7116
f 7120 7119 7118
f 7118 7121 7120
f 7124 7123 7122
f 7122 7125 7124
f 7128 7127 7126
f 7126 7129 7128
f 7132 7131 7130
f 7130 7133 7132
f 7136 7135 7134
f 7134 7137 7136
f 7140 7139 7138
f 7138 7141 7140
f 7140 7142 7139
f 7145 7144 7143
f 7143 7146 7145
f 7146 7147 7145
f 7150 7149 7148
f 7148 7151 7150
f 7150 7152 7149
f 7155 7154 7153
f 7153 7156 7155
f 7156 7157 7155
f 7160 7159 7158
f 7158 7161 7160
f 7162 7163 7164
f 7164 7165 7162
f 7163 7166 7167
f 7167 7164 7163
f 7166 7168 7169
f 7169 7167 7166
f 7168 7170 7171
f 7171 7169 7168
f 7170 7172 7173
f 7173 7171 7170
f 7172 7174 7175
f 7175 7173 7172
f 7174 7176 7177
f 7177 7175 7174
f 7176 7178 7179
f 7179 7177 7176
f 7178 7180 7181
f 7181 7179 7178
f 7180 7182 7183
f 7183 7181 7180
f 7182 7184 7185
f 7185 7183 7182
f 7184 7186 7187
f 7187 7185 7184
f 7186 7188 7189
f 7189 7187 7186
f 7188 7190 7191
f 7191 7189 7188
f 7190 7192 7193
f 7193 7191 7190
f 7192 7162 7165
f 7165 7193 7192
f 7196 7195 7194
f 7196 7194 7197
f 7196 7197 7198
f 7196 7198 7199
f 7196 7199 7200
f 7196 7200 7201
f 7196 7201 7202
f 7196 7202 7203
f 7196 7203 7204
f 7196 7204 7205
f 7196 7205 7206
f 7196 7206 7207
f 7196 7207 7208
f 7196 7208 7209
f 7196 7209 7210
f 7196 7210 7195
f 7213 7212 7211
f 7211 7214 7213
f 7215 7216 7217
f 7218 7215 7217
f 7219 7218 7217
f 7220 7219 7217
f 7221 7220 7217
f 7222 7221 7217
f 7223 7222 7217
f 7224 7223 7217
f 7225 7224 7217
f 7226 7225 7217
f 7227 7226 7217
f 7228 7227 7217
f 7229 7228 7217
f 7230 7229 7217
f 7231 7230 7217
f 7216 7231 7217
f 7232 7233 7234
f 7234 7235 7232
f 7233 7236 7237
f 7237 7234 7233
f 7236 7238 7239
f 7239 7237 7236
f 7238 7240 7241
f 7241 7239 7238
f 7240 7242 7243
f 7243 7241 7240
f 7242 7244 7245
f 7245 7243 7242
f 7244 7246 7247
f 7247 7245 7244
f 7246 7248 7249
f 7249 7247 7246
f 7248 7250 7251
f 7251 7249 7248
f 7250 7252 7253
f 7253 7251 7250
f 7252 7254 7255
f 7255 7253 7252
f 7254 7256 7257
f 7257 7255 7254
f 7256 7258 7259
f 7259 7257 7256
f 7258 7260 7261
f 7261 7259 7258
f 7260 7262 7263
f 7263 7261 7260
f 7262 7232 7235
f 7235 7263 7262
f 7264 7265 7266
f 7265 7267 7268
f 7268 7266 7265
f 7267 7269 7270
f 7270 7268 7267
f 7269 7271 7272
f 7272 7270 7269
f 7274 7273 7264
f 7276 7275 7273
f 7273 7274 7276
f 7278 7277 7275
f 7275 7276 7278
f 7280 7279 7277
f 7277 7278 7280
f 7281 7272 7235
f 7235 7234 7281
f 7282 7281 7234
f 7234 7237 7282
f 7283 7282 7237
f 7237 7239 7283
f 7284 7283 7239
f 7239 7241 7284
f 7285 7284 7241
f 7241 7243 7285
f 7286 7285 7243
f 7243 7245 7286
f 7287 7286 7245
f 7245 7247 7287
f 7280 7287 7247
f 7247 7249 7280
f 7235 7271 7269
f 7269 7263 7235
f 7263 7269 7267
f 7267 7261 7263
f 7261 7267 7265
f 7265 7259 7261
f 7259 7265 7264
f 7264 7257 7259
f 7257 7264 7273
f 7273 7255 7257
f 7255 7273 7275
f 7275 7253 7255
f 7253 7275 7277
f 7277 7251 7253
f 7251 7277 7279
f 7279 7249 7251
f 7290 7289 7288
f 7288 7291 7290
f 7289 7293 7292
f 7292 7288 7289
f 7293 7295 7294
f 7294 7292 7293
f 7295 7290 7291
f 7291 7294 7295
f 7298 7297 7296
f 7296 7299 7298
f 7302 7301 7300
f 7300 7303 7302
f 7306 7305 7304
f 7304 7307 7306
f 7310 7309 7308
f 7308 7311 7310
f 7314 7313 7312
f 7312 7315 7314
f 7318 7317 7316
f 7316 7319 7318
f 7322 7321 7320
f 7320 7323 7322
f 7322 7324 7321
f 7327 7326 7325
f 7325 7328 7327
f 7328 7329 7327
f 7332 7331 7330
f 7330 7333 7332
f 7332 7334 7331
f 7337 7336 7335
f 7335 7338 7337
f 7338 7339 7337
f 7342 7341 7340
f 7340 7343 7342
f 7344 7345 7346
f 7346 7347 7344
f 7345 7348 7349
f 7349 7346 7345
f 7348 7350 7351
f 7351 7349 7348
f 7350 7352 7353
f 7353 7351 7350
f 7352 7354 7355
f 7355 7353 7352
f 7354 7356 7357
f 7357 7355 7354
f 7356 7358 7359
f 7359 7357 7356
f 7358 7360 7361
f 7361 7359 7358
f 7360 7362 7363
f 7363 7361 7360
f 7362 7364 7365
f 7365 7363 7362
f 7364 7366 7367
f 7367 7365 7364
f 7366 7368 7369
f 7369 7367 7366
f 7368 7370 7371
f 7371 7369 7368
f 7370 7372 7373
f 7373 7371 7370
f 7372 7374 7375
f 7375 7373 7372
f 7374 7344 7347
f 7347 7375 7374
f 7378 7377 7376
f 7378 7376 7379
f 7378 7379 7380
f 7378 7380 7381
f 7378 7381 7382
f 7378 7382 7383
f 7378 7383 7384
f 7378 7384 7385
f 7378 7385 7386
f 7378 7386 7387
f 7378 7387 7388
f 7378 7388 7389
f 7378 7389 7390
f 7378 7390 7391
f 7378 7391 7392
f 7378 7392 7377
f 7395 7394 7393
f 7393 7396 7395
f 7397 7398 7399
f 7400 7397 7399
f 7401 7400 7399
f 7402 7401 7399
f 7403 7402 7399
f 7404 7403 7399
f 7405 7404 7399
f 7406 7405 7399
f 7407 7406 7399
f 7408 7407 7399
f 7409 7408 7399
f 7410 7409 7399
f 7411 7410 7399
f 7412 7411 7399
f 7413 7412 7399
f 7398 7413 7399
f 7414 7415 7416
f 7416 7417 7414
f 7415 7418 7419
f 7419 7416 7415
f 7418 7420 7421
f 7421 7419 7418
f 7420 7422 7423
f 7423 7421 7420
f 7422 7424 7425
f 7425 7423 7422
f 7424 7426 7427
f 7427 7425 7424
f 7426 7428 7429
f 7429 7427 7426
f 7428 7430 7431
f 7431 7429 7428
f 7430 7432 7433
f 7433 7431 7430
f 7432 7434 7435
f 7435 7433 7432
f 7434 7436 7437
f 7437 7435 7434
f 7436 7438 7439
f 7439 7437 7436
f 7438 7440 7441
f 7441 7439 7438
f 7440 7442 7443
f 7443 7441 7440
f 7442 7444 7445
f 7445 7443 7442
f 7444 7414 7417
f 7417 7445 7444
f 7448 7447 7446
f 7446 7449 7448
f 7452 7451 7450
f 7450 7453 7452
f 7456 7455 7454
f 7454 7457 7456
f 7460 7459 7458
f 7458 7461 7460
f 7464 7463 7462
f 7462 7465 7464
f 7468 7467 7466
f 7466 7469 7468
f 7467 7471 7470
f 7470 7466 7467
f 7471 7473 7472
f 7472 7470 7471
f 7473 7468 7469
f 7469 7472 7473
f 7474 7475 7476
f 7476 7477 7474
f 7478 7479 7480
f 7480 7481 7478
f 7482 7483 7484
f 7484 7485 7482
f 7486 7487 7488
f 7488 7489 7486
f 7490 7491 7492
f 7492 7493 7490
f 7494 7495 7496
f 7496 7497 7494
f 7495 7498 7499
f 7499 7496 7495
f 7498 7500 7501
f 7501 7499 7498
f 7500 7502 7503
f 7503 7501 7500
f 7502 7504 7505
f 7505 7503 7502
f 7504 7506 7507
f 7507 7505 7504
f 7506 7508 7509
f 7509 7507 7506
f 7508 7510 7511
f 7511 7509 7508
f 7510 7512 7513
f 7513 7511 7510
f 7512 7514 7515
f 7515 7513 7512
f 7514 7516 7517
f 7517 7515 7514
f 7516 7518 7519
f 7519 7517 7516
f 7518 7520 7521
f 7521 7519 7518
f 7520 7522 7523
f 7523 7521 7520
f 7522 7524 7525
f 7525 7523 7522
f 7524 7494 7497
f 7497 7525 7524
f 7528 7527 7526
f 7528 7526 7529
f 7528 7529 7530
f 7528 7530 7531
f 7528 7531 7532
f 7528 7532 7533
f 7528 7533 7534
f 7528 7534 7535
f 7528 7535 7536
f 7528 7536 7537
f 7528 7537 7538
f 7528 7538 7539
f 7528 7539 7540
f 7528 7540 7541
f 7528 7541 7542
f 7528 7542 7527
f 7543 7544 7545
f 7545 7546 7543
f 7544 7547 7548
f 7548 7545 7544
f 7547 7549 7550
f 7550 7548 7547
f 7549 7551 7552
f 7552 7550 7549
f 7551 7553 7554
f 7554 7552 7551
f 7553 7555 7556
f 7556 7554 7553
f 7555 7557 7558
f 7558 7556 7555
f 7557 7559 7560
f 7560 7558 7557
f 7559 7561 7562
f 7562 7560 7559
f 7561 7563 7564
f 7564 7562 7561
f 7563 7565 7566
f 7566 7564 7563
f 7565 7567 7568
f 7568 7566 7565
f 7567 7569 7570
f 7570 7568 7567
f 7569 7571 7572
f 7572 7570 7569
f 7571 7573 7574
f 7574 7572 7571
f 7573 7543 7546
f 7546 7574 7573
f 7577 7576 7575
f 7577 7575 7578
f 7577 7578 7579
f 7577 7579 7580
f 7577 7580 7581
f 7577 7581 7582
f 7577 7582 7583
f 7577 7583 7584
f 7577 7584 7585
f 7577 7585 7586
f 7577 7586 7587
f 7577 7587 7588
f 7577 7588 7589
f 7577 7589 7590
f 7577 7590 7591
f 7577 7591 7576
f 7592 7593 7594
f 7595 7592 7594
f 7596 7595 7594
f 7597 7596 7594
f 7598 7597 7594
f 7599 7598 7594
f 7600 7599 7594
f 7601 7600 7594
f 7602 7601 7594
f 7603 7602 7594
f 7604 7603 7594
f 7605 7604 7594
f 7606 7605 7594
f 7607 7606 7594
f 7608 7607 7594
f 7593 7608 7594
f 7609 7610 7611
f 7611 7612 7609
f 7610 7613 7614
f 7614 7611 7610
f 7613 7615 7616
f 7616 7614 7613
f 7615 7617 7618
f 7618 7616 7615
f 7617 7619 7620
f 7620 7618 7617
f 7619 7621 7622
f 7622 7620 7619
f 7621 7623 7624
f 7624 7622 7621
f 7623 7625 7626
f 7626 7624 7623
f 7625 7627 7628
f 7628 7626 7625
f 7627 7629 7630
f 7630 7628 7627
f 7629 7631 7632
f 7632 7630 7629
f 7631 7633 7634
f 7634 7632 7631
f 7633 7635 7636
f 7636 7634 7633
f 7635 7637 7638
f 7638 7636 7635
f 7637 7639 7640
f 7640 7638 7637
f 7639 7609 7612
f 7612 7640 7639
f 7643 7642 7641
f 7641 7644 7643
f 7647 7646 7645
f 7645 7648 7647
f 7651 7650 7649
f 7649 7652 7651
f 7655 7654 7653
f 7653 7656 7655
f 7659 7658 7657
f 7657 7660 7659
f 7663 7662 7661
f 7661 7664 7663
f 7662 7666 7665
f 7665 7661 7662
f 7666 7668 7667
f 7667 7665 7666
f 7668 7663 7664
f 7664 7667 7668
f 7669 7670 7671
f 7671 7672 7669
f 7673 7674 7675
f 7675 7676 7673
f 7677 7678 7679
f 7679 7680 7677
f 7681 7682 7683
f 7683 7684 7681
f 7685 7686 7687
f 7687 7688 7685
f 7689 7690 7691
f 7691 7692 7689
f 7690 7693 7694
f 7694 7691 7690
f 7693 7695 7696
f 7696 7694 7693
f 7695 7697 7698
f 7698 7696 7695
f 7697 7699 7700
f 7700 7698 7697
f 7699 7701 7702
f 7702 7700 7699
f 7701 7703 7704
f 7704 7702 7701
f 7703 7705 7706
f 7706 7704 7703
f 7705 7707 7708
f 7708 7706 7705
f 7707 7709 7710
f 7710 7708 7707
f 7709 7711 7712
f 7712 7710 7709
f 7711 7713 7714
f 7714 7712 7711
f 7713 7715 7716
f 7716 7714 7713
f 7715 7717 7718
f 7718 7716 7715
f 7717 7719 7720
f 7720 7718 7717
f 7719 7689 7692
f 7692 7720 7719
f 7723 7722 7721
f 7723 7721 7724
f 7723 7724 7725
f 7723 7725 7726
f 7723 7726 7727
f 7723 7727 7728
f 7723 7728 7729
f 7723 7729 7730
f 7723 7730 7731
f 7723 7731 7732
f 7723 7732 7733
f 7723 7733 7734
f 7723 7734 7735
f 7723 7735 7736
f 7723 7736 7737
f 7723 7737 7722
f 7738 7739 7740
f 7740 7741 7738
f 7739 7742 7743
f 7743 7740 7739
f 7742 7744 7745
f 7745 7743 7742
f 7744 7746 7747
f 7747 7745 7744
f 7746 7748 7749
f 7749 7747 7746
f 7748 7750 7751
f 7751 7749 7748
f 7750 7752 7753
f 7753 7751 7750
f 7752 7754 7755
f 7755 7753 7752
f 7754 7756 7757
f 7757 7755 7754
f 7756 7758 7759
f 7759 7757 7756
f 7758 7760 7761
f 7761 7759 7758
f 7760 7762 7763
f 7763 7761 7760
f 7762 7764 7765
f 7765 7763 7762
f 7764 7766 7767
f 7767 7765 7764
f 7766 7768 7769
f 7769 7767 7766
f 7768 7738 7741
f 7741 7769 7768
f 7772 7771 7770
f 7772 7770 7773
f 7772 7773 7774
f 7772 7774 7775
f 7772 7775 7776
f 7772 7776 7777
f 7772 7777 7778
f 7772 7778 7779
f 7772 7779 7780
f 7772 7780 7781
f 7772 7781 7782
f 7772 7782 7783
f 7772 7783 7784
f 7772 7784 7785
f 7772 7785 7786
f 7772 7786 7771
f 7789 7788 7787
f 7787 7790 7789
f 7792 7791 7788
f 7788 7789 7792
f 7794 7793 7791
f 7791 7792 7794
f 7796 7795 7793
f 7793 7794 7796
f 7798 7797 7795
f 7795 7796 7798
f 7800 7799 7797
f 7797 7798 7800
f 7802 7801 7799
f 7799 7800 7802
f 7804 7803 7801
f 7801 7802 7804
f 7806 7805 7803
f 7803 7804 7806
f 7808 7807 7805
f 7805 7806 7808
f 7810 7809 7807
f 7807 7808 7810
f 7812 7811 7809
f 7809 7810 7812
f 7814 7813 7811
f 7811 7812 7814
f 7816 7815 7813
f 7813 7814 7816
f 7818 7817 7815
f 7815 7816 7818
f 7790 7787 7817
f 7817 7818 7790
f 7819 7820 7821
f 7821 7822 7819
f 7820 7823 7824
f 7824 7821 7820
f 7823 7825 7826
f 7826 7824 7823
f 7825 7827 7828
f 7828 7826 7825
f 7827 7829 7830
f 7830 7828 7827
f 7829 7831 7832
f 7832 7830 7829
f 7831 7833 7834
f 7834 7832 7831
f 7833 7835 7836
f 7836 7834 7833
f 7835 7837 7838
f 7838 7836 7835
f 7837 7839 7840
f 7840 7838 7837
f 7839 7841 7842
f 7842 7840 7839
f 7841 7843 7844
f 7844 7842 7841
f 7843 7845 7846
f 7846 7844 7843
f 7845 7847 7848
f 7848 7846 7845
f 7847 7849 7850
f 7850 7848 7847
f 7849 7819 7822
f 7822 7850 7849
f 7851 7852 7853
f 7853 7854 7851
f 7854 7853 7855
f 7855 7856 7854
f 7856 7855 7857
f 7857 7858 7856
f 7858 7857 7859
f 7859 7860 7858
f 7860 7859 7861
f 7861 7862 7860
f 7862 7861 7863
f 7863 7864 7862
f 7864 7863 7865
f 7865 7866 7864
f 7866 7865 7867
f 7867 7868 7866
f 7868 7867 7869
f 7869 7870 7868
f 7870 7869 7871
f 7871 7872 7870
f 7872 7871 7873
f 7873 7874 7872
f 7874 7873 7875
f 7875 7876 7874
f 7876 7875 7877
f 7877 7878 7876
f 7878 7877 7879
f 7879 7880 7878
f 7880 7879 7881
f 7881 7882 7880
f 7882 7881 7852
f 7852 7851 7882
f 7821 7884 7883
f 7883 7822 7821
f 7824 7885 7884
f 7884 7821 7824
f 7826 7886 7885
f 7885 7824 7826
f 7828 7887 7886
f 7886 7826 7828
f 7830 7888 7887
f 7887 7828 7830
f 7832 7889 7888
f 7888 7830 7832
f 7834 7890 7889
f 7889 7832 7834
f 7836 7891 7890
f 7890 7834 7836
f 7838 7892 7891
f 7891 7836 7838
f 7840 7893 7892
f 7892 7838 7840
f 7842 7894 7893
f 7893 7840 7842
f 7844 7895 7894
f 7894 7842 7844
f 7846 7896 7895
f 7895 7844 7846
f 7848 7897 7896
f 7896 7846 7848
f 7850 7898 7897
f 7897 7848 7850
f 7822 7883 7898
f 7898 7850 7822
f 7901 7900 7899
f 7904 7903 7902
f 7907 7906 7905
f 7910 7909 7908
f 7901 7899 7911
f 7913 7912 7901
f 7901 7911 7913
f 7911 7899 7914
f 7914 7915 7911
f 7916 7904 7902
f 7918 7917 7904
f 7904 7916 7918
f 7919 7916 7902
f 7902 7920 7919
f 7922 7907 7921
f 7921 7923 7922
f 7907 7905 7921
f 7925 7924 7921
f 7921 7905 7925
f 7910 7908 7926
f 7910 7926 7927
f 7927 7928 7910
f 7926 7908 7929
f 7929 7930 7926
f 7933 7932 7931
f 7936 7935 7934
f 7939 7938 7937
f 7942 7941 7940
f 7933 7931 7943
f 7945 7944 7933
f 7933 7943 7945
f 7943 7931 7946
f 7946 7947 7943
f 7948 7936 7934
f 7950 7949 7936
f 7936 7948 7950
f 7951 7948 7934
f 7934 7952 7951
f 7954 7939 7953
f 7953 7955 7954
f 7939 7937 7953
f 7957 7956 7953
f 7953 7937 7957
f 7942 7940 7958
f 7942 7958 7959
f 7959 7960 7942
f 7958 7940 7961
f 7961 7962 7958
f 7965 7964 7963
f 7963 7790 7965
f 7968 7967 7966
f 7966 7969 7968
f 7966 7971 7970
f 7970 7969 7966
f 7974 7973 7972
f 7972 7975 7974
f 7973 7977 7976
f 7976 7972 7973
f 7979 7796 7978
f 7978 7980 7979
f 7979 7982 7981
f 7981 7796 7979
f 7985 7984 7983
f 7983 7986 7985
f 7983 7988 7987
f 7987 7986 7983
f 7991 7990 7989
f 7989 7992 7991
f 7990 7994 7993
f 7993 7989 7990
f 7996 7995 7804
f 7804 7997 7996
f 7995 7999 7998
f 7998 7804 7995
f 8002 8001 8000
f 8000 8003 8002
f 8001 8005 8004
f 8004 8000 8001
f 8008 8007 8006
f 8006 8009 8008
f 8007 8011 8010
f 8010 8006 8007
f 8013 7812 8012
f 8012 8014 8013
f 8013 8016 8015
f 8015 7812 8013
f 8019 8018 8017
f 8017 8020 8019
f 8018 8022 8021
f 8021 8017 8018
f 8025 8024 8023
f 8023 8026 8025
f 8024 8028 8027
f 8027 8023 8024
f 8029 7965 7790
f 7790 8030 8029
f 8033 8032 8031
f 8031 8034 8033
f 8035 8033 8034
f 8034 8036 8035
f 8037 8038 8039
f 8042 8041 8040
f 8040 8043 8042
f 8044 8042 8043
f 8043 8045 8044
f 8046 8047 8048
f 8051 8050 8049
f 8049 8052 8051
f 8053 8051 8052
f 8052 8054 8053
f 8055 8056 8057
f 8060 8059 8058
f 8058 8061 8060
f 8062 8060 8061
f 8061 8063 8062
f 8064 8065 8066
f 8069 8068 8067
f 8067 8070 8069
f 8073 8072 8071
f 8071 8074 8073
f 8077 8076 8075
f 8075 8078 8077
f 8081 8080 8079
f 8079 8082 8081
f 8085 8084 8083
f 8083 8086 8085
f 8089 8088 8087
f 8087 8090 8089
f 8093 8092 8091
f 8091 8094 8093
f 8097 8096 8095
f 8095 8098 8097
f 8101 8100 8099
f 8099 8102 8101
f 8105 8104 8103
f 8103 8106 8105
f 8109 8108 8107
f 8107 8110 8109
f 8113 8112 8111
f 8111 8114 8113
f 8117 8116 8115
f 8115 8118 8117
f 8121 8120 8119
f 8119 8122 8121
f 8125 8124 8123
f 8123 8126 8125
f 8129 8128 8127
f 8127 8130 8129
f 8131 8132 8133
f 8133 8134 8131
f 8134 8133 8135
f 8135 8136 8134
f 8136 8135 8137
f 8137 8138 8136
f 8138 8137 8139
f 8139 8140 8138
f 8140 8139 8141
f 8141 8142 8140
f 8142 8141 8143
f 8143 8144 8142
f 8144 8143 8145
f 8145 8146 8144
f 8146 8145 8147
f 8147 8148 8146
f 8148 8147 8149
f 8149 8150 8148
f 8150 8149 8151
f 8151 8152 8150
f 8152 8151 8153
f 8153 8154 8152
f 8154 8153 8155
f 8155 8156 8154
f 8156 8155 8157
f 8157 8158 8156
f 8158 8157 8159
f 8159 8160 8158
f 8160 8159 8161
f 8161 8162 8160
f 8162 8161 8132
f 8132 8131 8162
f 8163 8164 8165
f 8165 8166 8163
f 8164 8167 8168
f 8168 8165 8164
f 8167 8169 8170
f 8170 8168 8167
f 8169 8171 8172
f 8172 8170 8169
f 8171 8173 8174
f 8174 8172 8171
f 8173 8175 8176
f 8176 8174 8173
f 8175 8177 8178
f 8178 8176 8175
f 8177 8179 8180
f 8180 8178 8177
f 8179 8181 8182
f 8182 8180 8179
f 8181 8183 8184
f 8184 8182 8181
f 8183 8185 8186
f 8186 8184 8183
f 8185 8187 8188
f 8188 8186 8185
f 8187 8189 8190
f 8190 8188 8187
f 8189 8191 8192
f 8192 8190 8189
f 8191 8193 8194
f 8194 8192 8191
f 8193 8163 8166
f 8166 8194 8193
f 8197 8196 8195
f 8199 8198 8195
f 8195 8196 8199
f 8200 8198 8199
f 8199 8201 8200
f 8202 8200 8201
f 8205 8204 8203
f 8204 8207 8206
f 8206 8203 8204
f 8206 8207 8208
f 8208 8209 8206
f 8202 8209 8208
f 8197 8211 8210
f 8211 8213 8212
f 8212 8210 8211
f 8212 8213 8214
f 8214 8215 8212
f 8216 8215 8214
f 8205 8218 8217
f 8220 8219 8217
f 8217 8218 8220
f 8221 8219 8220
f 8220 8222 8221
f 8216 8221 8222
f 7899 7900 8223
f 8224 7899 8223
f 7904 8224 8223
f 7903 7904 8223
f 7902 7903 8225
f 8226 7902 8225
f 7907 8226 8225
f 7906 7907 8225
f 7905 7906 8227
f 8228 7905 8227
f 7910 8228 8227
f 7909 7910 8227
f 7908 7909 8229
f 8230 7908 8229
f 7901 8230 8229
f 7900 7901 8229
f 8233 8232 8231
f 8231 8234 8233
f 8235 8233 8234
f 8236 8232 8237
f 8237 8238 8236
f 8238 8237 8239
f 8241 8240 8236
f 8236 8242 8241
f 8243 8241 8242
f 8231 8240 8244
f 8244 8245 8231
f 8245 8244 8246
f 8227 8225 8236
f 8236 8240 8227
f 8236 8225 8223
f 8223 8232 8236
f 8232 8223 8229
f 8229 8231 8232
f 8231 8229 8227
f 8227 8240 8231
f 8249 8248 8247
f 8247 8250 8249
f 8251 8249 8250
f 8250 8252 8251
f 8253 8251 8252
f 8252 8254 8253
f 8255 8253 8254
f 8254 8256 8255
f 8257 8255 8256
f 8256 8258 8257
f 8259 8257 8258
f 8258 8260 8259
f 8261 8259 8260
f 8260 8262 8261
f 8263 8261 8262
f 8262 8264 8263
f 8265 8263 8264
f 8264 8266 8265
f 8267 8265 8266
f 8266 8268 8267
f 8269 8267 8268
f 8268 8270 8269
f 8271 8269 8270
f 8270 8272 8271
f 8275 8274 8273
f 8275 8273 8276
f 8275 8276 8277
f 8275 8277 8278
f 8275 8278 8279
f 8275 8279 8280
f 8275 8280 8281
f 8275 8281 8282
f 8275 8282 8283
f 8275 8283 8284
f 8275 8284 8285
f 8275 8285 8286
f 8286 8287 8275
f 8287 8288 8275
f 8288 8289 8275
f 8289 8274 8275
f 8291 8290 8271
f 8271 8272 8291
f 8293 8292 8290
f 8290 8291 8293
f 8295 8294 8292
f 8292 8293 8295
f 8247 8248 8294
f 8294 8295 8247
f 8298 8297 8296
f 8296 8299 8298
f 8300 8298 8299
f 8299 8301 8300
f 8302 8300 8301
f 8301 8303 8302
f 8304 8302 8303
f 8303 8305 8304
f 8306 8304 8305
f 8305 8307 8306
f 8308 8306 8307
f 8307 8309 8308
f 8310 8308 8309
f 8309 8311 8310
f 8312 8310 8311
f 8311 8313 8312
f 8314 8312 8313
f 8313 8315 8314
f 8316 8314 8315
f 8315 8317 8316
f 8318 8316 8317
f 8317 8319 8318
f 8320 8318 8319
f 8319 8321 8320
f 8324 8323 8322
f 8324 8322 8325
f 8324 8325 8326
f 8324 8326 8327
f 8324 8327 8328
f 8324 8328 8329
f 8324 8329 8330
f 8324 8330 8331
f 8324 8331 8332
f 8324 8332 8333
f 8324 8333 8334
f 8324 8334 8335
f 8335 8336 8324
f 8336 8337 8324
f 8337 8338 8324
f 8338 8323 8324
f 8340 8339 8320
f 8320 8321 8340
f 8342 8341 8339
f 8339 8340 8342
f 8344 8343 8341
f 8341 8342 8344
f 8296 8297 8343
f 8343 8344 8296
f 8347 8346 8345
f 8345 8348 8347
f 8349 8347 8348
f 8348 8350 8349
f 8351 8349 8350
f 8350 8352 8351
f 8353 8351 8352
f 8352 8354 8353
f 8355 8353 8354
f 8354 8356 8355
f 8357 8355 8356
f 8356 8358 8357
f 8359 8357 8358
f 8358 8360 8359
f 8361 8359 8360
f 8360 8362 8361
f 8363 8361 8362
f 8362 8364 8363
f 8365 8363 8364
f 8364 8366 8365
f 8367 8365 8366
f 8366 8368 8367
f 8369 8367 8368
f 8368 8370 8369
f 8373 8372 8371
f 8373 8371 8374
f 8373 8374 8375
f 8373 8375 8376
f 8373 8376 8377
f 8373 8377 8378
f 8373 8378 8379
f 8373 8379 8380
f 8373 8380 8381
f 8373 8381 8382
f 8373 8382 8383
f 8373 8383 8384
f 8384 8385 8373
f 8385 8386 8373
f 8386 8387 8373
f 8387 8372 8373
f 8389 8388 8369
f 8369 8370 8389
f 8391 8390 8388
f 8388 8389 8391
f 8393 8392 8390
f 8390 8391 8393
f 8345 8346 8392
f 8392 8393 8345
f 8396 8395 8394
f 8394 8397 8396
f 8398 8396 8397
f 8397 8399 8398
f 8400 8398 8399
f 8399 8401 8400
f 8402 8400 8401
f 8401 8403 8402
f 8404 8402 8403
f 8403 8405 8404
f 8406 8404 8405
f 8405 8407 8406
f 8408 8406 8407
f 8407 8409 8408
f 8410 8408 8409
f 8409 8411 8410
f 8412 8410 8411
f 8411 8413 8412
f 8414 8412 8413
f 8413 8415 8414
f 8416 8414 8415
f 8415 8417 8416
f 8418 8416 8417
f 8417 8419 8418
f 8422 8421 8420
f 8422 8420 8423
f 8422 8423 8424
f 8422 8424 8425
f 8422 8425 8426
f 8422 8426 8427
f 8422 8427 8428
f 8422 8428 8429
f 8422 8429 8430
f 8422 8430 8431
f 8422 8431 8432
f 8422 8432 8433
f 8433 8434 8422
f 8434 8435 8422
f 8435 8436 8422
f 8436 8421 8422
f 8438 8437 8418
f 8418 8419 8438
f 8440 8439 8437
f 8437 8438 8440
f 8442 8441 8439
f 8439 8440 8442
f 8394 8395 8441
f 8441 8442 8394
f 8445 8444 8443
f 8443 8446 8445
f 8447 8293 8444
f 8444 8445 8447
f 8059 8448 8293
f 8293 8447 8059
f 8450 8449 8448
f 8448 8059 8450
f 8452 8451 8449
f 8449 8450 8452
f 8453 8342 8451
f 8451 8452 8453
f 8050 8454 8342
f 8342 8453 8050
f 8456 8455 8454
f 8454 8050 8456
f 8458 8457 8455
f 8455 8456 8458
f 8459 8440 8457
f 8457 8458 8459
f 8041 8460 8440
f 8440 8459 8041
f 8462 8461 8460
f 8460 8041 8462
f 8464 8463 8461
f 8461 8462 8464
f 8465 8391 8463
f 8463 8464 8465
f 8032 8466 8391
f 8391 8465 8032
f 8446 8443 8466
f 8466 8032 8446
