v -0.012 0.0264 0.0
v -0.0129185 0.0262174 0.0
v -0.0129185 0.0262174 0.0016
v -0.012 0.0264 0.0016
v -0.013697 0.025697 0.0
v -0.013697 0.025697 0.0016
v -0.014217399999999998 0.0249185 0.0
v -0.014217399999999998 0.0249185 0.0016
v -0.0144 0.024 0.0
v -0.0144 0.024 0.0016
v -0.014217399999999998 0.0230815 0.0
v -0.014217399999999998 0.0230815 0.0016
v -0.013697 0.022303 0.0
v -0.013697 0.022303 0.0016
v -0.0129185 0.0217826 0.0
v -0.0129185 0.0217826 0.0016
v -0.012 0.0216 0.0
v -0.012 0.0216 0.0016
v -0.011081500000000001 0.0217826 0.0
v -0.011081500000000001 0.0217826 0.0016
v -0.010303 0.022303 0.0
v -0.010303 0.022303 0.0016
v -0.009782599999999999 0.0230815 0.0
v -0.009782599999999999 0.0230815 0.0016
v -0.009600000000000001 0.024 0.0
v -0.009600000000000001 0.024 0.0016
v -0.009782599999999999 0.0249185 0.0
v -0.009782599999999999 0.0249185 0.0016
v -0.010303 0.025697 0.0
v -0.010303 0.025697 0.0016
v -0.011081500000000001 0.0262174 0.0
v -0.011081500000000001 0.0262174 0.0016
v -0.012 0.0272 0.0
v -0.0132246 0.0269565 0.0
v -0.0132246 0.0269565 0.0016
v -0.012 0.0272 0.0016
v -0.0142627 0.0262627 0.0
v -0.0142627 0.0262627 0.0016
v -0.014956500000000001 0.0252246 0.0
v -0.014956500000000001 0.0252246 0.0016
v -0.015199999999999998 0.024 0.0
v -0.015199999999999998 0.024 0.0016
v -0.014956500000000001 0.0227754 0.0
v -0.014956500000000001 0.0227754 0.0016
v -0.0142627 0.0217373 0.0
v -0.0142627 0.0217373 0.0016
v -0.0132246 0.0210435 0.0
v -0.0132246 0.0210435 0.0016
v -0.012 0.0208 0.0
v -0.012 0.0208 0.0016
v -0.010775400000000001 0.0210435 0.0
v -0.010775400000000001 0.0210435 0.0016
v -0.0097373 0.0217373 0.0
v -0.0097373 0.0217373 0.0016
v -0.0090435 0.0227754 0.0
v -0.0090435 0.0227754 0.0016
v -0.008799999999999999 0.024 0.0
v -0.008799999999999999 0.024 0.0016
v -0.0090435 0.0252246 0.0
v -0.0090435 0.0252246 0.0016
v -0.0097373 0.0262627 0.0
v -0.0097373 0.0262627 0.0016
v -0.010775400000000001 0.0269565 0.0
v -0.010775400000000001 0.0269565 0.0016
v -0.015199999999999998 0.024 0.0
v -0.0144 0.024 0.0
v -0.014217399999999998 0.0230815 0.0
v -0.014956500000000001 0.0227754 0.0
v -0.013697 0.022303 0.0
v -0.0142627 0.0217373 0.0
v -0.0129185 0.0217826 0.0
v -0.0132246 0.0210435 0.0
v -0.012 0.0216 0.0
v -0.012 0.0208 0.0
v -0.011081500000000001 0.0217826 0.0
v -0.010775400000000001 0.0210435 0.0
v -0.010303 0.022303 0.0
v -0.0097373 0.0217373 0.0
v -0.009782599999999999 0.0230815 0.0
v -0.0090435 0.0227754 0.0
v -0.009600000000000001 0.024 0.0
v -0.008799999999999999 0.024 0.0
v -0.009782599999999999 0.0249185 0.0
v -0.0090435 0.0252246 0.0
v -0.010303 0.025697 0.0
v -0.0097373 0.0262627 0.0
v -0.011081500000000001 0.0262174 0.0
v -0.010775400000000001 0.0269565 0.0
v -0.012 0.0264 0.0
v -0.012 0.0272 0.0
v -0.0129185 0.0262174 0.0
v -0.0132246 0.0269565 0.0
v -0.013697 0.025697 0.0
v -0.0142627 0.0262627 0.0
v -0.014217399999999998 0.0249185 0.0
v -0.014956500000000001 0.0252246 0.0
v -0.012 0.0184 0.0
v -0.0129185 0.0182174 0.0
v -0.0129185 0.0182174 0.0016
v -0.012 0.0184 0.0016
v -0.013697 0.017697 0.0
v -0.013697 0.017697 0.0016
v -0.014217399999999998 0.0169185 0.0
v -0.014217399999999998 0.0169185 0.0016
v -0.0144 0.016 0.0
v -0.0144 0.016 0.0016
v -0.014217399999999998 0.0150815 0.0
v -0.014217399999999998 0.0150815 0.0016
v -0.013697 0.014303 0.0
v -0.013697 0.014303 0.0016
v -0.0129185 0.0137826 0.0
v -0.0129185 0.0137826 0.0016
v -0.012 0.0136 0.0
v -0.012 0.0136 0.0016
v -0.011081500000000001 0.0137826 0.0
v -0.011081500000000001 0.0137826 0.0016
v -0.010303 0.014303 0.0
v -0.010303 0.014303 0.0016
v -0.009782599999999999 0.0150815 0.0
v -0.009782599999999999 0.0150815 0.0016
v -0.009600000000000001 0.016 0.0
v -0.009600000000000001 0.016 0.0016
v -0.009782599999999999 0.0169185 0.0
v -0.009782599999999999 0.0169185 0.0016
v -0.010303 0.017697 0.0
v -0.010303 0.017697 0.0016
v -0.011081500000000001 0.0182174 0.0
v -0.011081500000000001 0.0182174 0.0016
v -0.012 0.0192 0.0
v -0.0132246 0.0189565 0.0
v -0.0132246 0.0189565 0.0016
v -0.012 0.0192 0.0016
v -0.0142627 0.0182627 0.0
v -0.0142627 0.0182627 0.0016
v -0.014956500000000001 0.0172246 0.0
v -0.014956500000000001 0.0172246 0.0016
v -0.015199999999999998 0.016 0.0
v -0.015199999999999998 0.016 0.0016
v -0.014956500000000001 0.0147754 0.0
v -0.014956500000000001 0.0147754 0.0016
v -0.0142627 0.0137373 0.0
v -0.0142627 0.0137373 0.0016
v -0.0132246 0.0130435 0.0
v -0.0132246 0.0130435 0.0016
v -0.012 0.0128 0.0
v -0.012 0.0128 0.0016
v -0.010775400000000001 0.0130435 0.0
v -0.010775400000000001 0.0130435 0.0016
v -0.0097373 0.0137373 0.0
v -0.0097373 0.0137373 0.0016
v -0.0090435 0.0147754 0.0
v -0.0090435 0.0147754 0.0016
v -0.008799999999999999 0.016 0.0
v -0.008799999999999999 0.016 0.0016
v -0.0090435 0.0172246 0.0
v -0.0090435 0.0172246 0.0016
v -0.0097373 0.0182627 0.0
v -0.0097373 0.0182627 0.0016
v -0.010775400000000001 0.0189565 0.0
v -0.010775400000000001 0.0189565 0.0016
v -0.015199999999999998 0.016 0.0
v -0.0144 0.016 0.0
v -0.014217399999999998 0.0150815 0.0
v -0.014956500000000001 0.0147754 0.0
v -0.013697 0.014303 0.0
v -0.0142627 0.0137373 0.0
v -0.0129185 0.0137826 0.0
v -0.0132246 0.0130435 0.0
v -0.012 0.0136 0.0
v -0.012 0.0128 0.0
v -0.011081500000000001 0.0137826 0.0
v -0.010775400000000001 0.0130435 0.0
v -0.010303 0.014303 0.0
v -0.0097373 0.0137373 0.0
v -0.009782599999999999 0.0150815 0.0
v -0.0090435 0.0147754 0.0
v -0.009600000000000001 0.016 0.0
v -0.008799999999999999 0.016 0.0
v -0.009782599999999999 0.0169185 0.0
v -0.0090435 0.0172246 0.0
v -0.010303 0.017697 0.0
v -0.0097373 0.0182627 0.0
v -0.011081500000000001 0.0182174 0.0
v -0.010775400000000001 0.0189565 0.0
v -0.012 0.0184 0.0
v -0.012 0.0192 0.0
v -0.0129185 0.0182174 0.0
v -0.0132246 0.0189565 0.0
v -0.013697 0.017697 0.0
v -0.0142627 0.0182627 0.0
v -0.014217399999999998 0.0169185 0.0
v -0.014956500000000001 0.0172246 0.0
v -0.012 0.0104 0.0
v -0.0129185 0.0102174 0.0
v -0.0129185 0.0102174 0.0016
v -0.012 0.0104 0.0016
v -0.013697 0.009697 0.0
v -0.013697 0.009697 0.0016
v -0.014217399999999998 0.0089185 0.0
v -0.014217399999999998 0.0089185 0.0016
v -0.0144 0.008 0.0
v -0.0144 0.008 0.0016
v -0.014217399999999998 0.0070815 0.0
v -0.014217399999999998 0.0070815 0.0016
v -0.013697 0.006303 0.0
v -0.013697 0.006303 0.0016
v -0.0129185 0.0057826 0.0
v -0.0129185 0.0057826 0.0016
v -0.012 0.0056 0.0
v -0.012 0.0056 0.0016
v -0.011081500000000001 0.0057826 0.0
v -0.011081500000000001 0.0057826 0.0016
v -0.010303 0.006303 0.0
v -0.010303 0.006303 0.0016
v -0.009782599999999999 0.0070815 0.0
v -0.009782599999999999 0.0070815 0.0016
v -0.009600000000000001 0.008 0.0
v -0.009600000000000001 0.008 0.0016
v -0.009782599999999999 0.0089185 0.0
v -0.009782599999999999 0.0089185 0.0016
v -0.010303 0.009697 0.0
v -0.010303 0.009697 0.0016
v -0.011081500000000001 0.0102174 0.0
v -0.011081500000000001 0.0102174 0.0016
v -0.012 0.0112 0.0
v -0.0132246 0.0109565 0.0
v -0.0132246 0.0109565 0.0016
v -0.012 0.0112 0.0016
v -0.0142627 0.0102627 0.0
v -0.0142627 0.0102627 0.0016
v -0.014956500000000001 0.0092246 0.0
v -0.014956500000000001 0.0092246 0.0016
v -0.015199999999999998 0.008 0.0
v -0.015199999999999998 0.008 0.0016
v -0.014956500000000001 0.0067754 0.0
v -0.014956500000000001 0.0067754 0.0016
v -0.0142627 0.0057373 0.0
v -0.0142627 0.0057373 0.0016
v -0.0132246 0.0050435 0.0
v -0.0132246 0.0050435 0.0016
v -0.012 0.0048 0.0
v -0.012 0.0048 0.0016
v -0.010775400000000001 0.0050435 0.0
v -0.010775400000000001 0.0050435 0.0016
v -0.0097373 0.0057373 0.0
v -0.0097373 0.0057373 0.0016
v -0.0090435 0.0067754 0.0
v -0.0090435 0.0067754 0.0016
v -0.008799999999999999 0.008 0.0
v -0.008799999999999999 0.008 0.0016
v -0.0090435 0.0092246 0.0
v -0.0090435 0.0092246 0.0016
v -0.0097373 0.0102627 0.0
v -0.0097373 0.0102627 0.0016
v -0.010775400000000001 0.0109565 0.0
v -0.010775400000000001 0.0109565 0.0016
v -0.015199999999999998 0.008 0.0
v -0.0144 0.008 0.0
v -0.014217399999999998 0.0070815 0.0
v -0.014956500000000001 0.0067754 0.0
v -0.013697 0.006303 0.0
v -0.0142627 0.0057373 0.0
v -0.0129185 0.0057826 0.0
v -0.0132246 0.0050435 0.0
v -0.012 0.0056 0.0
v -0.012 0.0048 0.0
v -0.011081500000000001 0.0057826 0.0
v -0.010775400000000001 0.0050435 0.0
v -0.010303 0.006303 0.0
v -0.0097373 0.0057373 0.0
v -0.009782599999999999 0.0070815 0.0
v -0.0090435 0.0067754 0.0
v -0.009600000000000001 0.008 0.0
v -0.008799999999999999 0.008 0.0
v -0.009782599999999999 0.0089185 0.0
v -0.0090435 0.0092246 0.0
v -0.010303 0.009697 0.0
v -0.0097373 0.0102627 0.0
v -0.011081500000000001 0.0102174 0.0
v -0.010775400000000001 0.0109565 0.0
v -0.012 0.0104 0.0
v -0.012 0.0112 0.0
v -0.0129185 0.0102174 0.0
v -0.0132246 0.0109565 0.0
v -0.013697 0.009697 0.0
v -0.0142627 0.0102627 0.0
v -0.014217399999999998 0.0089185 0.0
v -0.014956500000000001 0.0092246 0.0
v -0.012 0.0024 0.0
v -0.0129185 0.0022174 0.0
v -0.0129185 0.0022174 0.0016
v -0.012 0.0024 0.0016
v -0.013697 0.001697 0.0
v -0.013697 0.001697 0.0016
v -0.014217399999999998 0.0009185 0.0
v -0.014217399999999998 0.0009185 0.0016
v -0.0144 0.0 0.0
v -0.0144 0.0 0.0016
v -0.014217399999999998 -0.0009185 0.0
v -0.014217399999999998 -0.0009185 0.0016
v -0.013697 -0.001697 0.0
v -0.013697 -0.001697 0.0016
v -0.0129185 -0.0022174 0.0
v -0.0129185 -0.0022174 0.0016
v -0.012 -0.0024 0.0
v -0.012 -0.0024 0.0016
v -0.011081500000000001 -0.0022174 0.0
v -0.011081500000000001 -0.0022174 0.0016
v -0.010303 -0.001697 0.0
v -0.010303 -0.001697 0.0016
v -0.009782599999999999 -0.0009185 0.0
v -0.009782599999999999 -0.0009185 0.0016
v -0.009600000000000001 0.0 0.0
v -0.009600000000000001 0.0 0.0016
v -0.009782599999999999 0.0009185 0.0
v -0.009782599999999999 0.0009185 0.0016
v -0.010303 0.001697 0.0
v -0.010303 0.001697 0.0016
v -0.011081500000000001 0.0022174 0.0
v -0.011081500000000001 0.0022174 0.0016
v -0.012 0.0032 0.0
v -0.0132246 0.0029565 0.0
v -0.0132246 0.0029565 0.0016
v -0.012 0.0032 0.0016
v -0.0142627 0.0022627 0.0
v -0.0142627 0.0022627 0.0016
v -0.014956500000000001 0.0012246 0.0
v -0.014956500000000001 0.0012246 0.0016
v -0.015199999999999998 0.0 0.0
v -0.015199999999999998 0.0 0.0016
v -0.014956500000000001 -0.0012246 0.0
v -0.014956500000000001 -0.0012246 0.0016
v -0.0142627 -0.0022627 0.0
v -0.0142627 -0.0022627 0.0016
v -0.0132246 -0.0029565 0.0
v -0.0132246 -0.0029565 0.0016
v -0.012 -0.0032 0.0
v -0.012 -0.0032 0.0016
v -0.010775400000000001 -0.0029565 0.0
v -0.010775400000000001 -0.0029565 0.0016
v -0.0097373 -0.0022627 0.0
v -0.0097373 -0.0022627 0.0016
v -0.0090435 -0.0012246 0.0
v -0.0090435 -0.0012246 0.0016
v -0.008799999999999999 0.0 0.0
v -0.008799999999999999 0.0 0.0016
v -0.0090435 0.0012246 0.0
v -0.0090435 0.0012246 0.0016
v -0.0097373 0.0022627 0.0
v -0.0097373 0.0022627 0.0016
v -0.010775400000000001 0.0029565 0.0
v -0.010775400000000001 0.0029565 0.0016
v -0.015199999999999998 0.0 0.0
v -0.0144 0.0 0.0
v -0.014217399999999998 -0.0009185 0.0
v -0.014956500000000001 -0.0012246 0.0
v -0.013697 -0.001697 0.0
v -0.0142627 -0.0022627 0.0
v -0.0129185 -0.0022174 0.0
v -0.0132246 -0.0029565 0.0
v -0.012 -0.0024 0.0
v -0.012 -0.0032 0.0
v -0.011081500000000001 -0.0022174 0.0
v -0.010775400000000001 -0.0029565 0.0
v -0.010303 -0.001697 0.0
v -0.0097373 -0.0022627 0.0
v -0.009782599999999999 -0.0009185 0.0
v -0.0090435 -0.0012246 0.0
v -0.009600000000000001 0.0 0.0
v -0.008799999999999999 0.0 0.0
v -0.009782599999999999 0.0009185 0.0
v -0.0090435 0.0012246 0.0
v -0.010303 0.001697 0.0
v -0.0097373 0.0022627 0.0
v -0.011081500000000001 0.0022174 0.0
v -0.010775400000000001 0.0029565 0.0
v -0.012 0.0024 0.0
v -0.012 0.0032 0.0
v -0.0129185 0.0022174 0.0
v -0.0132246 0.0029565 0.0
v -0.013697 0.001697 0.0
v -0.0142627 0.0022627 0.0
v -0.014217399999999998 0.0009185 0.0
v -0.014956500000000001 0.0012246 0.0
v -0.012 -0.0056 0.0
v -0.0129185 -0.0057826 0.0
v -0.0129185 -0.0057826 0.0016
v -0.012 -0.0056 0.0016
v -0.013697 -0.006303 0.0
v -0.013697 -0.006303 0.0016
v -0.014217399999999998 -0.0070815 0.0
v -0.014217399999999998 -0.0070815 0.0016
v -0.0144 -0.008 0.0
v -0.0144 -0.008 0.0016
v -0.014217399999999998 -0.0089185 0.0
v -0.014217399999999998 -0.0089185 0.0016
v -0.013697 -0.009697 0.0
v -0.013697 -0.009697 0.0016
v -0.0129185 -0.0102174 0.0
v -0.0129185 -0.0102174 0.0016
v -0.012 -0.0104 0.0
v -0.012 -0.0104 0.0016
v -0.011081500000000001 -0.0102174 0.0
v -0.011081500000000001 -0.0102174 0.0016
v -0.010303 -0.009697 0.0
v -0.010303 -0.009697 0.0016
v -0.009782599999999999 -0.0089185 0.0
v -0.009782599999999999 -0.0089185 0.0016
v -0.009600000000000001 -0.008 0.0
v -0.009600000000000001 -0.008 0.0016
v -0.009782599999999999 -0.0070815 0.0
v -0.009782599999999999 -0.0070815 0.0016
v -0.010303 -0.006303 0.0
v -0.010303 -0.006303 0.0016
v -0.011081500000000001 -0.0057826 0.0
v -0.011081500000000001 -0.0057826 0.0016
v -0.012 -0.0048 0.0
v -0.0132246 -0.0050435 0.0
v -0.0132246 -0.0050435 0.0016
v -0.012 -0.0048 0.0016
v -0.0142627 -0.0057373 0.0
v -0.0142627 -0.0057373 0.0016
v -0.014956500000000001 -0.0067754 0.0
v -0.014956500000000001 -0.0067754 0.0016
v -0.015199999999999998 -0.008 0.0
v -0.015199999999999998 -0.008 0.0016
v -0.014956500000000001 -0.0092246 0.0
v -0.014956500000000001 -0.0092246 0.0016
v -0.0142627 -0.0102627 0.0
v -0.0142627 -0.0102627 0.0016
v -0.0132246 -0.0109565 0.0
v -0.0132246 -0.0109565 0.0016
v -0.012 -0.0112 0.0
v -0.012 -0.0112 0.0016
v -0.010775400000000001 -0.0109565 0.0
v -0.010775400000000001 -0.0109565 0.0016
v -0.0097373 -0.0102627 0.0
v -0.0097373 -0.0102627 0.0016
v -0.0090435 -0.0092246 0.0
v -0.0090435 -0.0092246 0.0016
v -0.008799999999999999 -0.008 0.0
v -0.008799999999999999 -0.008 0.0016
v -0.0090435 -0.0067754 0.0
v -0.0090435 -0.0067754 0.0016
v -0.0097373 -0.0057373 0.0
v -0.0097373 -0.0057373 0.0016
v -0.010775400000000001 -0.0050435 0.0
v -0.010775400000000001 -0.0050435 0.0016
v -0.015199999999999998 -0.008 0.0
v -0.0144 -0.008 0.0
v -0.014217399999999998 -0.0089185 0.0
v -0.014956500000000001 -0.0092246 0.0
v -0.013697 -0.009697 0.0
v -0.0142627 -0.0102627 0.0
v -0.0129185 -0.0102174 0.0
v -0.0132246 -0.0109565 0.0
v -0.012 -0.0104 0.0
v -0.012 -0.0112 0.0
v -0.011081500000000001 -0.0102174 0.0
v -0.010775400000000001 -0.0109565 0.0
v -0.010303 -0.009697 0.0
v -0.0097373 -0.0102627 0.0
v -0.009782599999999999 -0.0089185 0.0
v -0.0090435 -0.0092246 0.0
v -0.009600000000000001 -0.008 0.0
v -0.008799999999999999 -0.008 0.0
v -0.009782599999999999 -0.0070815 0.0
v -0.0090435 -0.0067754 0.0
v -0.010303 -0.006303 0.0
v -0.0097373 -0.0057373 0.0
v -0.011081500000000001 -0.0057826 0.0
v -0.010775400000000001 -0.0050435 0.0
v -0.012 -0.0056 0.0
v -0.012 -0.0048 0.0
v -0.0129185 -0.0057826 0.0
v -0.0132246 -0.0050435 0.0
v -0.013697 -0.006303 0.0
v -0.0142627 -0.0057373 0.0
v -0.014217399999999998 -0.0070815 0.0
v -0.014956500000000001 -0.0067754 0.0
v -0.012 -0.0136 0.0
v -0.0129185 -0.0137826 0.0
v -0.0129185 -0.0137826 0.0016
v -0.012 -0.0136 0.0016
v -0.013697 -0.014303 0.0
v -0.013697 -0.014303 0.0016
v -0.014217399999999998 -0.0150815 0.0
v -0.014217399999999998 -0.0150815 0.0016
v -0.0144 -0.016 0.0
v -0.0144 -0.016 0.0016
v -0.014217399999999998 -0.0169185 0.0
v -0.014217399999999998 -0.0169185 0.0016
v -0.013697 -0.017697 0.0
v -0.013697 -0.017697 0.0016
v -0.0129185 -0.0182174 0.0
v -0.0129185 -0.0182174 0.0016
v -0.012 -0.0184 0.0
v -0.012 -0.0184 0.0016
v -0.011081500000000001 -0.0182174 0.0
v -0.011081500000000001 -0.0182174 0.0016
v -0.010303 -0.017697 0.0
v -0.010303 -0.017697 0.0016
v -0.009782599999999999 -0.0169185 0.0
v -0.009782599999999999 -0.0169185 0.0016
v -0.009600000000000001 -0.016 0.0
v -0.009600000000000001 -0.016 0.0016
v -0.009782599999999999 -0.0150815 0.0
v -0.009782599999999999 -0.0150815 0.0016
v -0.010303 -0.014303 0.0
v -0.010303 -0.014303 0.0016
v -0.011081500000000001 -0.0137826 0.0
v -0.011081500000000001 -0.0137826 0.0016
v -0.012 -0.0128 0.0
v -0.0132246 -0.0130435 0.0
v -0.0132246 -0.0130435 0.0016
v -0.012 -0.0128 0.0016
v -0.0142627 -0.0137373 0.0
v -0.0142627 -0.0137373 0.0016
v -0.014956500000000001 -0.0147754 0.0
v -0.014956500000000001 -0.0147754 0.0016
v -0.015199999999999998 -0.016 0.0
v -0.015199999999999998 -0.016 0.0016
v -0.014956500000000001 -0.0172246 0.0
v -0.014956500000000001 -0.0172246 0.0016
v -0.0142627 -0.0182627 0.0
v -0.0142627 -0.0182627 0.0016
v -0.0132246 -0.0189565 0.0
v -0.0132246 -0.0189565 0.0016
v -0.012 -0.0192 0.0
v -0.012 -0.0192 0.0016
v -0.010775400000000001 -0.0189565 0.0
v -0.010775400000000001 -0.0189565 0.0016
v -0.0097373 -0.0182627 0.0
v -0.0097373 -0.0182627 0.0016
v -0.0090435 -0.0172246 0.0
v -0.0090435 -0.0172246 0.0016
v -0.008799999999999999 -0.016 0.0
v -0.008799999999999999 -0.016 0.0016
v -0.0090435 -0.0147754 0.0
v -0.0090435 -0.0147754 0.0016
v -0.0097373 -0.0137373 0.0
v -0.0097373 -0.0137373 0.0016
v -0.010775400000000001 -0.0130435 0.0
v -0.010775400000000001 -0.0130435 0.0016
v -0.015199999999999998 -0.016 0.0
v -0.0144 -0.016 0.0
v -0.014217399999999998 -0.0169185 0.0
v -0.014956500000000001 -0.0172246 0.0
v -0.013697 -0.017697 0.0
v -0.0142627 -0.0182627 0.0
v -0.0129185 -0.0182174 0.0
v -0.0132246 -0.0189565 0.0
v -0.012 -0.0184 0.0
v -0.012 -0.0192 0.0
v -0.011081500000000001 -0.0182174 0.0
v -0.010775400000000001 -0.0189565 0.0
v -0.010303 -0.017697 0.0
v -0.0097373 -0.0182627 0.0
v -0.009782599999999999 -0.0169185 0.0
v -0.0090435 -0.0172246 0.0
v -0.009600000000000001 -0.016 0.0
v -0.008799999999999999 -0.016 0.0
v -0.009782599999999999 -0.0150815 0.0
v -0.0090435 -0.0147754 0.0
v -0.010303 -0.014303 0.0
v -0.0097373 -0.0137373 0.0
v -0.011081500000000001 -0.0137826 0.0
v -0.010775400000000001 -0.0130435 0.0
v -0.012 -0.0136 0.0
v -0.012 -0.0128 0.0
v -0.0129185 -0.0137826 0.0
v -0.0132246 -0.0130435 0.0
v -0.013697 -0.014303 0.0
v -0.0142627 -0.0137373 0.0
v -0.014217399999999998 -0.0150815 0.0
v -0.014956500000000001 -0.0147754 0.0
v -0.012 -0.0216 0.0
v -0.0129185 -0.0217826 0.0
v -0.0129185 -0.0217826 0.0016
v -0.012 -0.0216 0.0016
v -0.013697 -0.022303 0.0
v -0.013697 -0.022303 0.0016
v -0.014217399999999998 -0.0230815 0.0
v -0.014217399999999998 -0.0230815 0.0016
v -0.0144 -0.024 0.0
v -0.0144 -0.024 0.0016
v -0.014217399999999998 -0.0249185 0.0
v -0.014217399999999998 -0.0249185 0.0016
v -0.013697 -0.025697 0.0
v -0.013697 -0.025697 0.0016
v -0.0129185 -0.0262174 0.0
v -0.0129185 -0.0262174 0.0016
v -0.012 -0.0264 0.0
v -0.012 -0.0264 0.0016
v -0.011081500000000001 -0.0262174 0.0
v -0.011081500000000001 -0.0262174 0.0016
v -0.010303 -0.025697 0.0
v -0.010303 -0.025697 0.0016
v -0.009782599999999999 -0.0249185 0.0
v -0.009782599999999999 -0.0249185 0.0016
v -0.009600000000000001 -0.024 0.0
v -0.009600000000000001 -0.024 0.0016
v -0.009782599999999999 -0.0230815 0.0
v -0.009782599999999999 -0.0230815 0.0016
v -0.010303 -0.022303 0.0
v -0.010303 -0.022303 0.0016
v -0.011081500000000001 -0.0217826 0.0
v -0.011081500000000001 -0.0217826 0.0016
v -0.012 -0.0208 0.0
v -0.0132246 -0.0210435 0.0
v -0.0132246 -0.0210435 0.0016
v -0.012 -0.0208 0.0016
v -0.0142627 -0.0217373 0.0
v -0.0142627 -0.0217373 0.0016
v -0.014956500000000001 -0.0227754 0.0
v -0.014956500000000001 -0.0227754 0.0016
v -0.015199999999999998 -0.024 0.0
v -0.015199999999999998 -0.024 0.0016
v -0.014956500000000001 -0.0252246 0.0
v -0.014956500000000001 -0.0252246 0.0016
v -0.0142627 -0.0262627 0.0
v -0.0142627 -0.0262627 0.0016
v -0.0132246 -0.0269565 0.0
v -0.0132246 -0.0269565 0.0016
v -0.012 -0.0272 0.0
v -0.012 -0.0272 0.0016
v -0.010775400000000001 -0.0269565 0.0
v -0.010775400000000001 -0.0269565 0.0016
v -0.0097373 -0.0262627 0.0
v -0.0097373 -0.0262627 0.0016
v -0.0090435 -0.0252246 0.0
v -0.0090435 -0.0252246 0.0016
v -0.008799999999999999 -0.024 0.0
v -0.008799999999999999 -0.024 0.0016
v -0.0090435 -0.0227754 0.0
v -0.0090435 -0.0227754 0.0016
v -0.0097373 -0.0217373 0.0
v -0.0097373 -0.0217373 0.0016
v -0.010775400000000001 -0.0210435 0.0
v -0.010775400000000001 -0.0210435 0.0016
v -0.015199999999999998 -0.024 0.0
v -0.0144 -0.024 0.0
v -0.014217399999999998 -0.0249185 0.0
v -0.014956500000000001 -0.0252246 0.0
v -0.013697 -0.025697 0.0
v -0.0142627 -0.0262627 0.0
v -0.0129185 -0.0262174 0.0
v -0.0132246 -0.0269565 0.0
v -0.012 -0.0264 0.0
v -0.012 -0.0272 0.0
v -0.011081500000000001 -0.0262174 0.0
v -0.010775400000000001 -0.0269565 0.0
v -0.010303 -0.025697 0.0
v -0.0097373 -0.0262627 0.0
v -0.009782599999999999 -0.0249185 0.0
v -0.0090435 -0.0252246 0.0
v -0.009600000000000001 -0.024 0.0
v -0.008799999999999999 -0.024 0.0
v -0.009782599999999999 -0.0230815 0.0
v -0.0090435 -0.0227754 0.0
v -0.010303 -0.022303 0.0
v -0.0097373 -0.0217373 0.0
v -0.011081500000000001 -0.0217826 0.0
v -0.010775400000000001 -0.0210435 0.0
v -0.012 -0.0216 0.0
v -0.012 -0.0208 0.0
v -0.0129185 -0.0217826 0.0
v -0.0132246 -0.0210435 0.0
v -0.013697 -0.022303 0.0
v -0.0142627 -0.0217373 0.0
v -0.014217399999999998 -0.0230815 0.0
v -0.014956500000000001 -0.0227754 0.0
v -0.004 0.0264 0.0
v -0.004918499999999999 0.0262174 0.0
v -0.004918499999999999 0.0262174 0.0016
v -0.004 0.0264 0.0016
v -0.005697000000000001 0.025697 0.0
v -0.005697000000000001 0.025697 0.0016
v -0.006217400000000001 0.0249185 0.0
v -0.006217400000000001 0.0249185 0.0016
v -0.0063999999999999994 0.024 0.0
v -0.0063999999999999994 0.024 0.0016
v -0.006217400000000001 0.0230815 0.0
v -0.006217400000000001 0.0230815 0.0016
v -0.005697000000000001 0.022303 0.0
v -0.005697000000000001 0.022303 0.0016
v -0.004918499999999999 0.0217826 0.0
v -0.004918499999999999 0.0217826 0.0016
v -0.004 0.0216 0.0
v -0.004 0.0216 0.0016
v -0.003081499999999999 0.0217826 0.0
v -0.003081499999999999 0.0217826 0.0016
v -0.0023029999999999995 0.022303 0.0
v -0.0023029999999999995 0.022303 0.0016
v -0.0017826000000000005 0.0230815 0.0
v -0.0017826000000000005 0.0230815 0.0016
v -0.001599999999999999 0.024 0.0
v -0.001599999999999999 0.024 0.0016
v -0.0017826000000000005 0.0249185 0.0
v -0.0017826000000000005 0.0249185 0.0016
v -0.0023029999999999995 0.025697 0.0
v -0.0023029999999999995 0.025697 0.0016
v -0.003081499999999999 0.0262174 0.0
v -0.003081499999999999 0.0262174 0.0016
v -0.004 0.0272 0.0
v -0.005224599999999999 0.0269565 0.0
v -0.005224599999999999 0.0269565 0.0016
v -0.004 0.0272 0.0016
v -0.0062626999999999995 0.0262627 0.0
v -0.0062626999999999995 0.0262627 0.0016
v -0.006956500000000001 0.0252246 0.0
v -0.006956500000000001 0.0252246 0.0016
v -0.007199999999999998 0.024 0.0
v -0.007199999999999998 0.024 0.0016
v -0.006956500000000001 0.0227754 0.0
v -0.006956500000000001 0.0227754 0.0016
v -0.0062626999999999995 0.0217373 0.0
v -0.0062626999999999995 0.0217373 0.0016
v -0.005224599999999999 0.0210435 0.0
v -0.005224599999999999 0.0210435 0.0016
v -0.004 0.0208 0.0
v -0.004 0.0208 0.0016
v -0.002775399999999999 0.0210435 0.0
v -0.002775399999999999 0.0210435 0.0016
v -0.001737299999999999 0.0217373 0.0
v -0.001737299999999999 0.0217373 0.0016
v -0.0010434999999999993 0.0227754 0.0
v -0.0010434999999999993 0.0227754 0.0016
v -0.0008000000000000004 0.024 0.0
v -0.0008000000000000004 0.024 0.0016
v -0.0010434999999999993 0.0252246 0.0
v -0.0010434999999999993 0.0252246 0.0016
v -0.001737299999999999 0.0262627 0.0
v -0.001737299999999999 0.0262627 0.0016
v -0.002775399999999999 0.0269565 0.0
v -0.002775399999999999 0.0269565 0.0016
v -0.007199999999999998 0.024 0.0
v -0.0063999999999999994 0.024 0.0
v -0.006217400000000001 0.0230815 0.0
v -0.006956500000000001 0.0227754 0.0
v -0.005697000000000001 0.022303 0.0
v -0.0062626999999999995 0.0217373 0.0
v -0.004918499999999999 0.0217826 0.0
v -0.005224599999999999 0.0210435 0.0
v -0.004 0.0216 0.0
v -0.004 0.0208 0.0
v -0.003081499999999999 0.0217826 0.0
v -0.002775399999999999 0.0210435 0.0
v -0.0023029999999999995 0.022303 0.0
v -0.001737299999999999 0.0217373 0.0
v -0.0017826000000000005 0.0230815 0.0
v -0.0010434999999999993 0.0227754 0.0
v -0.001599999999999999 0.024 0.0
v -0.0008000000000000004 0.024 0.0
v -0.0017826000000000005 0.0249185 0.0
v -0.0010434999999999993 0.0252246 0.0
v -0.0023029999999999995 0.025697 0.0
v -0.001737299999999999 0.0262627 0.0
v -0.003081499999999999 0.0262174 0.0
v -0.002775399999999999 0.0269565 0.0
v -0.004 0.0264 0.0
v -0.004 0.0272 0.0
v -0.004918499999999999 0.0262174 0.0
v -0.005224599999999999 0.0269565 0.0
v -0.005697000000000001 0.025697 0.0
v -0.0062626999999999995 0.0262627 0.0
v -0.006217400000000001 0.0249185 0.0
v -0.006956500000000001 0.0252246 0.0
v -0.004 0.0184 0.0
v -0.004918499999999999 0.0182174 0.0
v -0.004918499999999999 0.0182174 0.0016
v -0.004 0.0184 0.0016
v -0.005697000000000001 0.017697 0.0
v -0.005697000000000001 0.017697 0.0016
v -0.006217400000000001 0.0169185 0.0
v -0.006217400000000001 0.0169185 0.0016
v -0.0063999999999999994 0.016 0.0
v -0.0063999999999999994 0.016 0.0016
v -0.006217400000000001 0.0150815 0.0
v -0.006217400000000001 0.0150815 0.0016
v -0.005697000000000001 0.014303 0.0
v -0.005697000000000001 0.014303 0.0016
v -0.004918499999999999 0.0137826 0.0
v -0.004918499999999999 0.0137826 0.0016
v -0.004 0.0136 0.0
v -0.004 0.0136 0.0016
v -0.003081499999999999 0.0137826 0.0
v -0.003081499999999999 0.0137826 0.0016
v -0.0023029999999999995 0.014303 0.0
v -0.0023029999999999995 0.014303 0.0016
v -0.0017826000000000005 0.0150815 0.0
v -0.0017826000000000005 0.0150815 0.0016
v -0.001599999999999999 0.016 0.0
v -0.001599999999999999 0.016 0.0016
v -0.0017826000000000005 0.0169185 0.0
v -0.0017826000000000005 0.0169185 0.0016
v -0.0023029999999999995 0.017697 0.0
v -0.0023029999999999995 0.017697 0.0016
v -0.003081499999999999 0.0182174 0.0
v -0.003081499999999999 0.0182174 0.0016
v -0.004 0.0192 0.0
v -0.005224599999999999 0.0189565 0.0
v -0.005224599999999999 0.0189565 0.0016
v -0.004 0.0192 0.0016
v -0.0062626999999999995 0.0182627 0.0
v -0.0062626999999999995 0.0182627 0.0016
v -0.006956500000000001 0.0172246 0.0
v -0.006956500000000001 0.0172246 0.0016
v -0.007199999999999998 0.016 0.0
v -0.007199999999999998 0.016 0.0016
v -0.006956500000000001 0.0147754 0.0
v -0.006956500000000001 0.0147754 0.0016
v -0.0062626999999999995 0.0137373 0.0
v -0.0062626999999999995 0.0137373 0.0016
v -0.005224599999999999 0.0130435 0.0
v -0.005224599999999999 0.0130435 0.0016
v -0.004 0.0128 0.0
v -0.004 0.0128 0.0016
v -0.002775399999999999 0.0130435 0.0
v -0.002775399999999999 0.0130435 0.0016
v -0.001737299999999999 0.0137373 0.0
v -0.001737299999999999 0.0137373 0.0016
v -0.0010434999999999993 0.0147754 0.0
v -0.0010434999999999993 0.0147754 0.0016
v -0.0008000000000000004 0.016 0.0
v -0.0008000000000000004 0.016 0.0016
v -0.0010434999999999993 0.0172246 0.0
v -0.0010434999999999993 0.0172246 0.0016
v -0.001737299999999999 0.0182627 0.0
v -0.001737299999999999 0.0182627 0.0016
v -0.002775399999999999 0.0189565 0.0
v -0.002775399999999999 0.0189565 0.0016
v -0.007199999999999998 0.016 0.0
v -0.0063999999999999994 0.016 0.0
v -0.006217400000000001 0.0150815 0.0
v -0.006956500000000001 0.0147754 0.0
v -0.005697000000000001 0.014303 0.0
v -0.0062626999999999995 0.0137373 0.0
v -0.004918499999999999 0.0137826 0.0
v -0.005224599999999999 0.0130435 0.0
v -0.004 0.0136 0.0
v -0.004 0.0128 0.0
v -0.003081499999999999 0.0137826 0.0
v -0.002775399999999999 0.0130435 0.0
v -0.0023029999999999995 0.014303 0.0
v -0.001737299999999999 0.0137373 0.0
v -0.0017826000000000005 0.0150815 0.0
v -0.0010434999999999993 0.0147754 0.0
v -0.001599999999999999 0.016 0.0
v -0.0008000000000000004 0.016 0.0
v -0.0017826000000000005 0.0169185 0.0
v -0.0010434999999999993 0.0172246 0.0
v -0.0023029999999999995 0.017697 0.0
v -0.001737299999999999 0.0182627 0.0
v -0.003081499999999999 0.0182174 0.0
v -0.002775399999999999 0.0189565 0.0
v -0.004 0.0184 0.0
v -0.004 0.0192 0.0
v -0.004918499999999999 0.0182174 0.0
v -0.005224599999999999 0.0189565 0.0
v -0.005697000000000001 0.017697 0.0
v -0.0062626999999999995 0.0182627 0.0
v -0.006217400000000001 0.0169185 0.0
v -0.006956500000000001 0.0172246 0.0
v -0.004 0.0104 0.0
v -0.004918499999999999 0.0102174 0.0
v -0.004918499999999999 0.0102174 0.0016
v -0.004 0.0104 0.0016
v -0.005697000000000001 0.009697 0.0
v -0.005697000000000001 0.009697 0.0016
v -0.006217400000000001 0.0089185 0.0
v -0.006217400000000001 0.0089185 0.0016
v -0.0063999999999999994 0.008 0.0
v -0.0063999999999999994 0.008 0.0016
v -0.006217400000000001 0.0070815 0.0
v -0.006217400000000001 0.0070815 0.0016
v -0.005697000000000001 0.006303 0.0
v -0.005697000000000001 0.006303 0.0016
v -0.004918499999999999 0.0057826 0.0
v -0.004918499999999999 0.0057826 0.0016
v -0.004 0.0056 0.0
v -0.004 0.0056 0.0016
v -0.003081499999999999 0.0057826 0.0
v -0.003081499999999999 0.0057826 0.0016
v -0.0023029999999999995 0.006303 0.0
v -0.0023029999999999995 0.006303 0.0016
v -0.0017826000000000005 0.0070815 0.0
v -0.0017826000000000005 0.0070815 0.0016
v -0.001599999999999999 0.008 0.0
v -0.001599999999999999 0.008 0.0016
v -0.0017826000000000005 0.0089185 0.0
v -0.0017826000000000005 0.0089185 0.0016
v -0.0023029999999999995 0.009697 0.0
v -0.0023029999999999995 0.009697 0.0016
v -0.003081499999999999 0.0102174 0.0
v -0.003081499999999999 0.0102174 0.0016
v -0.004 0.0112 0.0
v -0.005224599999999999 0.0109565 0.0
v -0.005224599999999999 0.0109565 0.0016
v -0.004 0.0112 0.0016
v -0.0062626999999999995 0.0102627 0.0
v -0.0062626999999999995 0.0102627 0.0016
v -0.006956500000000001 0.0092246 0.0
v -0.006956500000000001 0.0092246 0.0016
v -0.007199999999999998 0.008 0.0
v -0.007199999999999998 0.008 0.0016
v -0.006956500000000001 0.0067754 0.0
v -0.006956500000000001 0.0067754 0.0016
v -0.0062626999999999995 0.0057373 0.0
v -0.0062626999999999995 0.0057373 0.0016
v -0.005224599999999999 0.0050435 0.0
v -0.005224599999999999 0.0050435 0.0016
v -0.004 0.0048 0.0
v -0.004 0.0048 0.0016
v -0.002775399999999999 0.0050435 0.0
v -0.002775399999999999 0.0050435 0.0016
v -0.001737299999999999 0.0057373 0.0
v -0.001737299999999999 0.0057373 0.0016
v -0.0010434999999999993 0.0067754 0.0
v -0.0010434999999999993 0.0067754 0.0016
v -0.0008000000000000004 0.008 0.0
v -0.0008000000000000004 0.008 0.0016
v -0.0010434999999999993 0.0092246 0.0
v -0.0010434999999999993 0.0092246 0.0016
v -0.001737299999999999 0.0102627 0.0
v -0.001737299999999999 0.0102627 0.0016
v -0.002775399999999999 0.0109565 0.0
v -0.002775399999999999 0.0109565 0.0016
v -0.007199999999999998 0.008 0.0
v -0.0063999999999999994 0.008 0.0
v -0.006217400000000001 0.0070815 0.0
v -0.006956500000000001 0.0067754 0.0
v -0.005697000000000001 0.006303 0.0
v -0.0062626999999999995 0.0057373 0.0
v -0.004918499999999999 0.0057826 0.0
v -0.005224599999999999 0.0050435 0.0
v -0.004 0.0056 0.0
v -0.004 0.0048 0.0
v -0.003081499999999999 0.0057826 0.0
v -0.002775399999999999 0.0050435 0.0
v -0.0023029999999999995 0.006303 0.0
v -0.001737299999999999 0.0057373 0.0
v -0.0017826000000000005 0.0070815 0.0
v -0.0010434999999999993 0.0067754 0.0
v -0.001599999999999999 0.008 0.0
v -0.0008000000000000004 0.008 0.0
v -0.0017826000000000005 0.0089185 0.0
v -0.0010434999999999993 0.0092246 0.0
v -0.0023029999999999995 0.009697 0.0
v -0.001737299999999999 0.0102627 0.0
v -0.003081499999999999 0.0102174 0.0
v -0.002775399999999999 0.0109565 0.0
v -0.004 0.0104 0.0
v -0.004 0.0112 0.0
v -0.004918499999999999 0.0102174 0.0
v -0.005224599999999999 0.0109565 0.0
v -0.005697000000000001 0.009697 0.0
v -0.0062626999999999995 0.0102627 0.0
v -0.006217400000000001 0.0089185 0.0
v -0.006956500000000001 0.0092246 0.0
v -0.004 0.0024 0.0
v -0.004918499999999999 0.0022174 0.0
v -0.004918499999999999 0.0022174 0.0016
v -0.004 0.0024 0.0016
v -0.005697000000000001 0.001697 0.0
v -0.005697000000000001 0.001697 0.0016
v -0.006217400000000001 0.0009185 0.0
v -0.006217400000000001 0.0009185 0.0016
v -0.0063999999999999994 0.0 0.0
v -0.0063999999999999994 0.0 0.0016
v -0.006217400000000001 -0.0009185 0.0
v -0.006217400000000001 -0.0009185 0.0016
v -0.005697000000000001 -0.001697 0.0
v -0.005697000000000001 -0.001697 0.0016
v -0.004918499999999999 -0.0022174 0.0
v -0.004918499999999999 -0.0022174 0.0016
v -0.004 -0.0024 0.0
v -0.004 -0.0024 0.0016
v -0.003081499999999999 -0.0022174 0.0
v -0.003081499999999999 -0.0022174 0.0016
v -0.0023029999999999995 -0.001697 0.0
v -0.0023029999999999995 -0.001697 0.0016
v -0.0017826000000000005 -0.0009185 0.0
v -0.0017826000000000005 -0.0009185 0.0016
v -0.001599999999999999 0.0 0.0
v -0.001599999999999999 0.0 0.0016
v -0.0017826000000000005 0.0009185 0.0
v -0.0017826000000000005 0.0009185 0.0016
v -0.0023029999999999995 0.001697 0.0
v -0.0023029999999999995 0.001697 0.0016
v -0.003081499999999999 0.0022174 0.0
v -0.003081499999999999 0.0022174 0.0016
v -0.004 0.0032 0.0
v -0.005224599999999999 0.0029565 0.0
v -0.005224599999999999 0.0029565 0.0016
v -0.004 0.0032 0.0016
v -0.0062626999999999995 0.0022627 0.0
v -0.0062626999999999995 0.0022627 0.0016
v -0.006956500000000001 0.0012246 0.0
v -0.006956500000000001 0.0012246 0.0016
v -0.007199999999999998 0.0 0.0
v -0.007199999999999998 0.0 0.0016
v -0.006956500000000001 -0.0012246 0.0
v -0.006956500000000001 -0.0012246 0.0016
v -0.0062626999999999995 -0.0022627 0.0
v -0.0062626999999999995 -0.0022627 0.0016
v -0.005224599999999999 -0.0029565 0.0
v -0.005224599999999999 -0.0029565 0.0016
v -0.004 -0.0032 0.0
v -0.004 -0.0032 0.0016
v -0.002775399999999999 -0.0029565 0.0
v -0.002775399999999999 -0.0029565 0.0016
v -0.001737299999999999 -0.0022627 0.0
v -0.001737299999999999 -0.0022627 0.0016
v -0.0010434999999999993 -0.0012246 0.0
v -0.0010434999999999993 -0.0012246 0.0016
v -0.0008000000000000004 0.0 0.0
v -0.0008000000000000004 0.0 0.0016
v -0.0010434999999999993 0.0012246 0.0
v -0.0010434999999999993 0.0012246 0.0016
v -0.001737299999999999 0.0022627 0.0
v -0.001737299999999999 0.0022627 0.0016
v -0.002775399999999999 0.0029565 0.0
v -0.002775399999999999 0.0029565 0.0016
v -0.007199999999999998 0.0 0.0
v -0.0063999999999999994 0.0 0.0
v -0.006217400000000001 -0.0009185 0.0
v -0.006956500000000001 -0.0012246 0.0
v -0.005697000000000001 -0.001697 0.0
v -0.0062626999999999995 -0.0022627 0.0
v -0.004918499999999999 -0.0022174 0.0
v -0.005224599999999999 -0.0029565 0.0
v -0.004 -0.0024 0.0
v -0.004 -0.0032 0.0
v -0.003081499999999999 -0.0022174 0.0
v -0.002775399999999999 -0.0029565 0.0
v -0.0023029999999999995 -0.001697 0.0
v -0.001737299999999999 -0.0022627 0.0
v -0.0017826000000000005 -0.0009185 0.0
v -0.0010434999999999993 -0.0012246 0.0
v -0.001599999999999999 0.0 0.0
v -0.0008000000000000004 0.0 0.0
v -0.0017826000000000005 0.0009185 0.0
v -0.0010434999999999993 0.0012246 0.0
v -0.0023029999999999995 0.001697 0.0
v -0.001737299999999999 0.0022627 0.0
v -0.003081499999999999 0.0022174 0.0
v -0.002775399999999999 0.0029565 0.0
v -0.004 0.0024 0.0
v -0.004 0.0032 0.0
v -0.004918499999999999 0.0022174 0.0
v -0.005224599999999999 0.0029565 0.0
v -0.005697000000000001 0.001697 0.0
v -0.0062626999999999995 0.0022627 0.0
v -0.006217400000000001 0.0009185 0.0
v -0.006956500000000001 0.0012246 0.0
v -0.004 -0.0056 0.0
v -0.004918499999999999 -0.0057826 0.0
v -0.004918499999999999 -0.0057826 0.0016
v -0.004 -0.0056 0.0016
v -0.005697000000000001 -0.006303 0.0
v -0.005697000000000001 -0.006303 0.0016
v -0.006217400000000001 -0.0070815 0.0
v -0.006217400000000001 -0.0070815 0.0016
v -0.0063999999999999994 -0.008 0.0
v -0.0063999999999999994 -0.008 0.0016
v -0.006217400000000001 -0.0089185 0.0
v -0.006217400000000001 -0.0089185 0.0016
v -0.005697000000000001 -0.009697 0.0
v -0.005697000000000001 -0.009697 0.0016
v -0.004918499999999999 -0.0102174 0.0
v -0.004918499999999999 -0.0102174 0.0016
v -0.004 -0.0104 0.0
v -0.004 -0.0104 0.0016
v -0.003081499999999999 -0.0102174 0.0
v -0.003081499999999999 -0.0102174 0.0016
v -0.0023029999999999995 -0.009697 0.0
v -0.0023029999999999995 -0.009697 0.0016
v -0.0017826000000000005 -0.0089185 0.0
v -0.0017826000000000005 -0.0089185 0.0016
v -0.001599999999999999 -0.008 0.0
v -0.001599999999999999 -0.008 0.0016
v -0.0017826000000000005 -0.0070815 0.0
v -0.0017826000000000005 -0.0070815 0.0016
v -0.0023029999999999995 -0.006303 0.0
v -0.0023029999999999995 -0.006303 0.0016
v -0.003081499999999999 -0.0057826 0.0
v -0.003081499999999999 -0.0057826 0.0016
v -0.004 -0.0048 0.0
v -0.005224599999999999 -0.0050435 0.0
v -0.005224599999999999 -0.0050435 0.0016
v -0.004 -0.0048 0.0016
v -0.0062626999999999995 -0.0057373 0.0
v -0.0062626999999999995 -0.0057373 0.0016
v -0.006956500000000001 -0.0067754 0.0
v -0.006956500000000001 -0.0067754 0.0016
v -0.007199999999999998 -0.008 0.0
v -0.007199999999999998 -0.008 0.0016
v -0.006956500000000001 -0.0092246 0.0
v -0.006956500000000001 -0.0092246 0.0016
v -0.0062626999999999995 -0.0102627 0.0
v -0.0062626999999999995 -0.0102627 0.0016
v -0.005224599999999999 -0.0109565 0.0
v -0.005224599999999999 -0.0109565 0.0016
v -0.004 -0.0112 0.0
v -0.004 -0.0112 0.0016
v -0.002775399999999999 -0.0109565 0.0
v -0.002775399999999999 -0.0109565 0.0016
v -0.001737299999999999 -0.0102627 0.0
v -0.001737299999999999 -0.0102627 0.0016
v -0.0010434999999999993 -0.0092246 0.0
v -0.0010434999999999993 -0.0092246 0.0016
v -0.0008000000000000004 -0.008 0.0
v -0.0008000000000000004 -0.008 0.0016
v -0.0010434999999999993 -0.0067754 0.0
v -0.0010434999999999993 -0.0067754 0.0016
v -0.001737299999999999 -0.0057373 0.0
v -0.001737299999999999 -0.0057373 0.0016
v -0.002775399999999999 -0.0050435 0.0
v -0.002775399999999999 -0.0050435 0.0016
v -0.007199999999999998 -0.008 0.0
v -0.0063999999999999994 -0.008 0.0
v -0.006217400000000001 -0.0089185 0.0
v -0.006956500000000001 -0.0092246 0.0
v -0.005697000000000001 -0.009697 0.0
v -0.0062626999999999995 -0.0102627 0.0
v -0.004918499999999999 -0.0102174 0.0
v -0.005224599999999999 -0.0109565 0.0
v -0.004 -0.0104 0.0
v -0.004 -0.0112 0.0
v -0.003081499999999999 -0.0102174 0.0
v -0.002775399999999999 -0.0109565 0.0
v -0.0023029999999999995 -0.009697 0.0
v -0.001737299999999999 -0.0102627 0.0
v -0.0017826000000000005 -0.0089185 0.0
v -0.0010434999999999993 -0.0092246 0.0
v -0.001599999999999999 -0.008 0.0
v -0.0008000000000000004 -0.008 0.0
v -0.0017826000000000005 -0.0070815 0.0
v -0.0010434999999999993 -0.0067754 0.0
v -0.0023029999999999995 -0.006303 0.0
v -0.001737299999999999 -0.0057373 0.0
v -0.003081499999999999 -0.0057826 0.0
v -0.002775399999999999 -0.0050435 0.0
v -0.004 -0.0056 0.0
v -0.004 -0.0048 0.0
v -0.004918499999999999 -0.0057826 0.0
v -0.005224599999999999 -0.0050435 0.0
v -0.005697000000000001 -0.006303 0.0
v -0.0062626999999999995 -0.0057373 0.0
v -0.006217400000000001 -0.0070815 0.0
v -0.006956500000000001 -0.0067754 0.0
v -0.004 -0.0136 0.0
v -0.004918499999999999 -0.0137826 0.0
v -0.004918499999999999 -0.0137826 0.0016
v -0.004 -0.0136 0.0016
v -0.005697000000000001 -0.014303 0.0
v -0.005697000000000001 -0.014303 0.0016
v -0.006217400000000001 -0.0150815 0.0
v -0.006217400000000001 -0.0150815 0.0016
v -0.0063999999999999994 -0.016 0.0
v -0.0063999999999999994 -0.016 0.0016
v -0.006217400000000001 -0.0169185 0.0
v -0.006217400000000001 -0.0169185 0.0016
v -0.005697000000000001 -0.017697 0.0
v -0.005697000000000001 -0.017697 0.0016
v -0.004918499999999999 -0.0182174 0.0
v -0.004918499999999999 -0.0182174 0.0016
v -0.004 -0.0184 0.0
v -0.004 -0.0184 0.0016
v -0.003081499999999999 -0.0182174 0.0
v -0.003081499999999999 -0.0182174 0.0016
v -0.0023029999999999995 -0.017697 0.0
v -0.0023029999999999995 -0.017697 0.0016
v -0.0017826000000000005 -0.0169185 0.0
v -0.0017826000000000005 -0.0169185 0.0016
v -0.001599999999999999 -0.016 0.0
v -0.001599999999999999 -0.016 0.0016
v -0.0017826000000000005 -0.0150815 0.0
v -0.0017826000000000005 -0.0150815 0.0016
v -0.0023029999999999995 -0.014303 0.0
v -0.0023029999999999995 -0.014303 0.0016
v -0.003081499999999999 -0.0137826 0.0
v -0.003081499999999999 -0.0137826 0.0016
v -0.004 -0.0128 0.0
v -0.005224599999999999 -0.0130435 0.0
v -0.005224599999999999 -0.0130435 0.0016
v -0.004 -0.0128 0.0016
v -0.0062626999999999995 -0.0137373 0.0
v -0.0062626999999999995 -0.0137373 0.0016
v -0.006956500000000001 -0.0147754 0.0
v -0.006956500000000001 -0.0147754 0.0016
v -0.007199999999999998 -0.016 0.0
v -0.007199999999999998 -0.016 0.0016
v -0.006956500000000001 -0.0172246 0.0
v -0.006956500000000001 -0.0172246 0.0016
v -0.0062626999999999995 -0.0182627 0.0
v -0.0062626999999999995 -0.0182627 0.0016
v -0.005224599999999999 -0.0189565 0.0
v -0.005224599999999999 -0.0189565 0.0016
v -0.004 -0.0192 0.0
v -0.004 -0.0192 0.0016
v -0.002775399999999999 -0.0189565 0.0
v -0.002775399999999999 -0.0189565 0.0016
v -0.001737299999999999 -0.0182627 0.0
v -0.001737299999999999 -0.0182627 0.0016
v -0.0010434999999999993 -0.0172246 0.0
v -0.0010434999999999993 -0.0172246 0.0016
v -0.0008000000000000004 -0.016 0.0
v -0.0008000000000000004 -0.016 0.0016
v -0.0010434999999999993 -0.0147754 0.0
v -0.0010434999999999993 -0.0147754 0.0016
v -0.001737299999999999 -0.0137373 0.0
v -0.001737299999999999 -0.0137373 0.0016
v -0.002775399999999999 -0.0130435 0.0
v -0.002775399999999999 -0.0130435 0.0016
v -0.007199999999999998 -0.016 0.0
v -0.0063999999999999994 -0.016 0.0
v -0.006217400000000001 -0.0169185 0.0
v -0.006956500000000001 -0.0172246 0.0
v -0.005697000000000001 -0.017697 0.0
v -0.0062626999999999995 -0.0182627 0.0
v -0.004918499999999999 -0.0182174 0.0
v -0.005224599999999999 -0.0189565 0.0
v -0.004 -0.0184 0.0
v -0.004 -0.0192 0.0
v -0.003081499999999999 -0.0182174 0.0
v -0.002775399999999999 -0.0189565 0.0
v -0.0023029999999999995 -0.017697 0.0
v -0.001737299999999999 -0.0182627 0.0
v -0.0017826000000000005 -0.0169185 0.0
v -0.0010434999999999993 -0.0172246 0.0
v -0.001599999999999999 -0.016 0.0
v -0.0008000000000000004 -0.016 0.0
v -0.0017826000000000005 -0.0150815 0.0
v -0.0010434999999999993 -0.0147754 0.0
v -0.0023029999999999995 -0.014303 0.0
v -0.001737299999999999 -0.0137373 0.0
v -0.003081499999999999 -0.0137826 0.0
v -0.002775399999999999 -0.0130435 0.0
v -0.004 -0.0136 0.0
v -0.004 -0.0128 0.0
v -0.004918499999999999 -0.0137826 0.0
v -0.005224599999999999 -0.0130435 0.0
v -0.005697000000000001 -0.014303 0.0
v -0.0062626999999999995 -0.0137373 0.0
v -0.006217400000000001 -0.0150815 0.0
v -0.006956500000000001 -0.0147754 0.0
v -0.004 -0.0216 0.0
v -0.004918499999999999 -0.0217826 0.0
v -0.004918499999999999 -0.0217826 0.0016
v -0.004 -0.0216 0.0016
v -0.005697000000000001 -0.022303 0.0
v -0.005697000000000001 -0.022303 0.0016
v -0.006217400000000001 -0.0230815 0.0
v -0.006217400000000001 -0.0230815 0.0016
v -0.0063999999999999994 -0.024 0.0
v -0.0063999999999999994 -0.024 0.0016
v -0.006217400000000001 -0.0249185 0.0
v -0.006217400000000001 -0.0249185 0.0016
v -0.005697000000000001 -0.025697 0.0
v -0.005697000000000001 -0.025697 0.0016
v -0.004918499999999999 -0.0262174 0.0
v -0.004918499999999999 -0.0262174 0.0016
v -0.004 -0.0264 0.0
v -0.004 -0.0264 0.0016
v -0.003081499999999999 -0.0262174 0.0
v -0.003081499999999999 -0.0262174 0.0016
v -0.0023029999999999995 -0.025697 0.0
v -0.0023029999999999995 -0.025697 0.0016
v -0.0017826000000000005 -0.0249185 0.0
v -0.0017826000000000005 -0.0249185 0.0016
v -0.001599999999999999 -0.024 0.0
v -0.001599999999999999 -0.024 0.0016
v -0.0017826000000000005 -0.0230815 0.0
v -0.0017826000000000005 -0.0230815 0.0016
v -0.0023029999999999995 -0.022303 0.0
v -0.0023029999999999995 -0.022303 0.0016
v -0.003081499999999999 -0.0217826 0.0
v -0.003081499999999999 -0.0217826 0.0016
v -0.004 -0.0208 0.0
v -0.005224599999999999 -0.0210435 0.0
v -0.005224599999999999 -0.0210435 0.0016
v -0.004 -0.0208 0.0016
v -0.0062626999999999995 -0.0217373 0.0
v -0.0062626999999999995 -0.0217373 0.0016
v -0.006956500000000001 -0.0227754 0.0
v -0.006956500000000001 -0.0227754 0.0016
v -0.007199999999999998 -0.024 0.0
v -0.007199999999999998 -0.024 0.0016
v -0.006956500000000001 -0.0252246 0.0
v -0.006956500000000001 -0.0252246 0.0016
v -0.0062626999999999995 -0.0262627 0.0
v -0.0062626999999999995 -0.0262627 0.0016
v -0.005224599999999999 -0.0269565 0.0
v -0.005224599999999999 -0.0269565 0.0016
v -0.004 -0.0272 0.0
v -0.004 -0.0272 0.0016
v -0.002775399999999999 -0.0269565 0.0
v -0.002775399999999999 -0.0269565 0.0016
v -0.001737299999999999 -0.0262627 0.0
v -0.001737299999999999 -0.0262627 0.0016
v -0.0010434999999999993 -0.0252246 0.0
v -0.0010434999999999993 -0.0252246 0.0016
v -0.0008000000000000004 -0.024 0.0
v -0.0008000000000000004 -0.024 0.0016
v -0.0010434999999999993 -0.0227754 0.0
v -0.0010434999999999993 -0.0227754 0.0016
v -0.001737299999999999 -0.0217373 0.0
v -0.001737299999999999 -0.0217373 0.0016
v -0.002775399999999999 -0.0210435 0.0
v -0.002775399999999999 -0.0210435 0.0016
v -0.007199999999999998 -0.024 0.0
v -0.0063999999999999994 -0.024 0.0
v -0.006217400000000001 -0.0249185 0.0
v -0.006956500000000001 -0.0252246 0.0
v -0.005697000000000001 -0.025697 0.0
v -0.0062626999999999995 -0.0262627 0.0
v -0.004918499999999999 -0.0262174 0.0
v -0.005224599999999999 -0.0269565 0.0
v -0.004 -0.0264 0.0
v -0.004 -0.0272 0.0
v -0.003081499999999999 -0.0262174 0.0
v -0.002775399999999999 -0.0269565 0.0
v -0.0023029999999999995 -0.025697 0.0
v -0.001737299999999999 -0.0262627 0.0
v -0.0017826000000000005 -0.0249185 0.0
v -0.0010434999999999993 -0.0252246 0.0
v -0.001599999999999999 -0.024 0.0
v -0.0008000000000000004 -0.024 0.0
v -0.0017826000000000005 -0.0230815 0.0
v -0.0010434999999999993 -0.0227754 0.0
v -0.0023029999999999995 -0.022303 0.0
v -0.001737299999999999 -0.0217373 0.0
v -0.003081499999999999 -0.0217826 0.0
v -0.002775399999999999 -0.0210435 0.0
v -0.004 -0.0216 0.0
v -0.004 -0.0208 0.0
v -0.004918499999999999 -0.0217826 0.0
v -0.005224599999999999 -0.0210435 0.0
v -0.005697000000000001 -0.022303 0.0
v -0.0062626999999999995 -0.0217373 0.0
v -0.006217400000000001 -0.0230815 0.0
v -0.006956500000000001 -0.0227754 0.0
v 0.004 0.0264 0.0
v 0.003081500000000001 0.0262174 0.0
v 0.003081500000000001 0.0262174 0.0016
v 0.004 0.0264 0.0016
v 0.0023029999999999995 0.025697 0.0
v 0.0023029999999999995 0.025697 0.0016
v 0.0017826000000000005 0.0249185 0.0
v 0.0017826000000000005 0.0249185 0.0016
v 0.0016000000000000007 0.024 0.0
v 0.0016000000000000007 0.024 0.0016
v 0.0017826000000000005 0.0230815 0.0
v 0.0017826000000000005 0.0230815 0.0016
v 0.0023029999999999995 0.022303 0.0
v 0.0023029999999999995 0.022303 0.0016
v 0.003081500000000001 0.0217826 0.0
v 0.003081500000000001 0.0217826 0.0016
v 0.004 0.0216 0.0
v 0.004 0.0216 0.0016
v 0.0049185 0.0217826 0.0
v 0.0049185 0.0217826 0.0016
v 0.005697000000000001 0.022303 0.0
v 0.005697000000000001 0.022303 0.0016
v 0.0062174000000000005 0.0230815 0.0
v 0.0062174000000000005 0.0230815 0.0016
v 0.0064 0.024 0.0
v 0.0064 0.024 0.0016
v 0.0062174000000000005 0.0249185 0.0
v 0.0062174000000000005 0.0249185 0.0016
v 0.005697000000000001 0.025697 0.0
v 0.005697000000000001 0.025697 0.0016
v 0.0049185 0.0262174 0.0
v 0.0049185 0.0262174 0.0016
v 0.004 0.0272 0.0
v 0.0027754000000000008 0.0269565 0.0
v 0.0027754000000000008 0.0269565 0.0016
v 0.004 0.0272 0.0016
v 0.0017373000000000006 0.0262627 0.0
v 0.0017373000000000006 0.0262627 0.0016
v 0.001043500000000001 0.0252246 0.0
v 0.001043500000000001 0.0252246 0.0016
v 0.0008000000000000004 0.024 0.0
v 0.0008000000000000004 0.024 0.0016
v 0.001043500000000001 0.0227754 0.0
v 0.001043500000000001 0.0227754 0.0016
v 0.0017373000000000006 0.0217373 0.0
v 0.0017373000000000006 0.0217373 0.0016
v 0.0027754000000000008 0.0210435 0.0
v 0.0027754000000000008 0.0210435 0.0016
v 0.004 0.0208 0.0
v 0.004 0.0208 0.0016
v 0.0052246 0.0210435 0.0
v 0.0052246 0.0210435 0.0016
v 0.0062627 0.0217373 0.0
v 0.0062627 0.0217373 0.0016
v 0.0069565 0.0227754 0.0
v 0.0069565 0.0227754 0.0016
v 0.007200000000000001 0.024 0.0
v 0.007200000000000001 0.024 0.0016
v 0.0069565 0.0252246 0.0
v 0.0069565 0.0252246 0.0016
v 0.0062627 0.0262627 0.0
v 0.0062627 0.0262627 0.0016
v 0.0052246 0.0269565 0.0
v 0.0052246 0.0269565 0.0016
v 0.0008000000000000004 0.024 0.0
v 0.0016000000000000007 0.024 0.0
v 0.0017826000000000005 0.0230815 0.0
v 0.001043500000000001 0.0227754 0.0
v 0.0023029999999999995 0.022303 0.0
v 0.0017373000000000006 0.0217373 0.0
v 0.003081500000000001 0.0217826 0.0
v 0.0027754000000000008 0.0210435 0.0
v 0.004 0.0216 0.0
v 0.004 0.0208 0.0
v 0.0049185 0.0217826 0.0
v 0.0052246 0.0210435 0.0
v 0.005697000000000001 0.022303 0.0
v 0.0062627 0.0217373 0.0
v 0.0062174000000000005 0.0230815 0.0
v 0.0069565 0.0227754 0.0
v 0.0064 0.024 0.0
v 0.007200000000000001 0.024 0.0
v 0.0062174000000000005 0.0249185 0.0
v 0.0069565 0.0252246 0.0
v 0.005697000000000001 0.025697 0.0
v 0.0062627 0.0262627 0.0
v 0.0049185 0.0262174 0.0
v 0.0052246 0.0269565 0.0
v 0.004 0.0264 0.0
v 0.004 0.0272 0.0
v 0.003081500000000001 0.0262174 0.0
v 0.0027754000000000008 0.0269565 0.0
v 0.0023029999999999995 0.025697 0.0
v 0.0017373000000000006 0.0262627 0.0
v 0.0017826000000000005 0.0249185 0.0
v 0.001043500000000001 0.0252246 0.0
v 0.004 0.0184 0.0
v 0.003081500000000001 0.0182174 0.0
v 0.003081500000000001 0.0182174 0.0016
v 0.004 0.0184 0.0016
v 0.0023029999999999995 0.017697 0.0
v 0.0023029999999999995 0.017697 0.0016
v 0.0017826000000000005 0.0169185 0.0
v 0.0017826000000000005 0.0169185 0.0016
v 0.0016000000000000007 0.016 0.0
v 0.0016000000000000007 0.016 0.0016
v 0.0017826000000000005 0.0150815 0.0
v 0.0017826000000000005 0.0150815 0.0016
v 0.0023029999999999995 0.014303 0.0
v 0.0023029999999999995 0.014303 0.0016
v 0.003081500000000001 0.0137826 0.0
v 0.003081500000000001 0.0137826 0.0016
v 0.004 0.0136 0.0
v 0.004 0.0136 0.0016
v 0.0049185 0.0137826 0.0
v 0.0049185 0.0137826 0.0016
v 0.005697000000000001 0.014303 0.0
v 0.005697000000000001 0.014303 0.0016
v 0.0062174000000000005 0.0150815 0.0
v 0.0062174000000000005 0.0150815 0.0016
v 0.0064 0.016 0.0
v 0.0064 0.016 0.0016
v 0.0062174000000000005 0.0169185 0.0
v 0.0062174000000000005 0.0169185 0.0016
v 0.005697000000000001 0.017697 0.0
v 0.005697000000000001 0.017697 0.0016
v 0.0049185 0.0182174 0.0
v 0.0049185 0.0182174 0.0016
v 0.004 0.0192 0.0
v 0.0027754000000000008 0.0189565 0.0
v 0.0027754000000000008 0.0189565 0.0016
v 0.004 0.0192 0.0016
v 0.0017373000000000006 0.0182627 0.0
v 0.0017373000000000006 0.0182627 0.0016
v 0.001043500000000001 0.0172246 0.0
v 0.001043500000000001 0.0172246 0.0016
v 0.0008000000000000004 0.016 0.0
v 0.0008000000000000004 0.016 0.0016
v 0.001043500000000001 0.0147754 0.0
v 0.001043500000000001 0.0147754 0.0016
v 0.0017373000000000006 0.0137373 0.0
v 0.0017373000000000006 0.0137373 0.0016
v 0.0027754000000000008 0.0130435 0.0
v 0.0027754000000000008 0.0130435 0.0016
v 0.004 0.0128 0.0
v 0.004 0.0128 0.0016
v 0.0052246 0.0130435 0.0
v 0.0052246 0.0130435 0.0016
v 0.0062627 0.0137373 0.0
v 0.0062627 0.0137373 0.0016
v 0.0069565 0.0147754 0.0
v 0.0069565 0.0147754 0.0016
v 0.007200000000000001 0.016 0.0
v 0.007200000000000001 0.016 0.0016
v 0.0069565 0.0172246 0.0
v 0.0069565 0.0172246 0.0016
v 0.0062627 0.0182627 0.0
v 0.0062627 0.0182627 0.0016
v 0.0052246 0.0189565 0.0
v 0.0052246 0.0189565 0.0016
v 0.0008000000000000004 0.016 0.0
v 0.0016000000000000007 0.016 0.0
v 0.0017826000000000005 0.0150815 0.0
v 0.001043500000000001 0.0147754 0.0
v 0.0023029999999999995 0.014303 0.0
v 0.0017373000000000006 0.0137373 0.0
v 0.003081500000000001 0.0137826 0.0
v 0.0027754000000000008 0.0130435 0.0
v 0.004 0.0136 0.0
v 0.004 0.0128 0.0
v 0.0049185 0.0137826 0.0
v 0.0052246 0.0130435 0.0
v 0.005697000000000001 0.014303 0.0
v 0.0062627 0.0137373 0.0
v 0.0062174000000000005 0.0150815 0.0
v 0.0069565 0.0147754 0.0
v 0.0064 0.016 0.0
v 0.007200000000000001 0.016 0.0
v 0.0062174000000000005 0.0169185 0.0
v 0.0069565 0.0172246 0.0
v 0.005697000000000001 0.017697 0.0
v 0.0062627 0.0182627 0.0
v 0.0049185 0.0182174 0.0
v 0.0052246 0.0189565 0.0
v 0.004 0.0184 0.0
v 0.004 0.0192 0.0
v 0.003081500000000001 0.0182174 0.0
v 0.0027754000000000008 0.0189565 0.0
v 0.0023029999999999995 0.017697 0.0
v 0.0017373000000000006 0.0182627 0.0
v 0.0017826000000000005 0.0169185 0.0
v 0.001043500000000001 0.0172246 0.0
v 0.004 0.0104 0.0
v 0.003081500000000001 0.0102174 0.0
v 0.003081500000000001 0.0102174 0.0016
v 0.004 0.0104 0.0016
v 0.0023029999999999995 0.009697 0.0
v 0.0023029999999999995 0.009697 0.0016
v 0.0017826000000000005 0.0089185 0.0
v 0.0017826000000000005 0.0089185 0.0016
v 0.0016000000000000007 0.008 0.0
v 0.0016000000000000007 0.008 0.0016
v 0.0017826000000000005 0.0070815 0.0
v 0.0017826000000000005 0.0070815 0.0016
v 0.0023029999999999995 0.006303 0.0
v 0.0023029999999999995 0.006303 0.0016
v 0.003081500000000001 0.0057826 0.0
v 0.003081500000000001 0.0057826 0.0016
v 0.004 0.0056 0.0
v 0.004 0.0056 0.0016
v 0.0049185 0.0057826 0.0
v 0.0049185 0.0057826 0.0016
v 0.005697000000000001 0.006303 0.0
v 0.005697000000000001 0.006303 0.0016
v 0.0062174000000000005 0.0070815 0.0
v 0.0062174000000000005 0.0070815 0.0016
v 0.0064 0.008 0.0
v 0.0064 0.008 0.0016
v 0.0062174000000000005 0.0089185 0.0
v 0.0062174000000000005 0.0089185 0.0016
v 0.005697000000000001 0.009697 0.0
v 0.005697000000000001 0.009697 0.0016
v 0.0049185 0.0102174 0.0
v 0.0049185 0.0102174 0.0016
v 0.004 0.0112 0.0
v 0.0027754000000000008 0.0109565 0.0
v 0.0027754000000000008 0.0109565 0.0016
v 0.004 0.0112 0.0016
v 0.0017373000000000006 0.0102627 0.0
v 0.0017373000000000006 0.0102627 0.0016
v 0.001043500000000001 0.0092246 0.0
v 0.001043500000000001 0.0092246 0.0016
v 0.0008000000000000004 0.008 0.0
v 0.0008000000000000004 0.008 0.0016
v 0.001043500000000001 0.0067754 0.0
v 0.001043500000000001 0.0067754 0.0016
v 0.0017373000000000006 0.0057373 0.0
v 0.0017373000000000006 0.0057373 0.0016
v 0.0027754000000000008 0.0050435 0.0
v 0.0027754000000000008 0.0050435 0.0016
v 0.004 0.0048 0.0
v 0.004 0.0048 0.0016
v 0.0052246 0.0050435 0.0
v 0.0052246 0.0050435 0.0016
v 0.0062627 0.0057373 0.0
v 0.0062627 0.0057373 0.0016
v 0.0069565 0.0067754 0.0
v 0.0069565 0.0067754 0.0016
v 0.007200000000000001 0.008 0.0
v 0.007200000000000001 0.008 0.0016
v 0.0069565 0.0092246 0.0
v 0.0069565 0.0092246 0.0016
v 0.0062627 0.0102627 0.0
v 0.0062627 0.0102627 0.0016
v 0.0052246 0.0109565 0.0
v 0.0052246 0.0109565 0.0016
v 0.0008000000000000004 0.008 0.0
v 0.0016000000000000007 0.008 0.0
v 0.0017826000000000005 0.0070815 0.0
v 0.001043500000000001 0.0067754 0.0
v 0.0023029999999999995 0.006303 0.0
v 0.0017373000000000006 0.0057373 0.0
v 0.003081500000000001 0.0057826 0.0
v 0.0027754000000000008 0.0050435 0.0
v 0.004 0.0056 0.0
v 0.004 0.0048 0.0
v 0.0049185 0.0057826 0.0
v 0.0052246 0.0050435 0.0
v 0.005697000000000001 0.006303 0.0
v 0.0062627 0.0057373 0.0
v 0.0062174000000000005 0.0070815 0.0
v 0.0069565 0.0067754 0.0
v 0.0064 0.008 0.0
v 0.007200000000000001 0.008 0.0
v 0.0062174000000000005 0.0089185 0.0
v 0.0069565 0.0092246 0.0
v 0.005697000000000001 0.009697 0.0
v 0.0062627 0.0102627 0.0
v 0.0049185 0.0102174 0.0
v 0.0052246 0.0109565 0.0
v 0.004 0.0104 0.0
v 0.004 0.0112 0.0
v 0.003081500000000001 0.0102174 0.0
v 0.0027754000000000008 0.0109565 0.0
v 0.0023029999999999995 0.009697 0.0
v 0.0017373000000000006 0.0102627 0.0
v 0.0017826000000000005 0.0089185 0.0
v 0.001043500000000001 0.0092246 0.0
v 0.004 0.0024 0.0
v 0.003081500000000001 0.0022174 0.0
v 0.003081500000000001 0.0022174 0.0016
v 0.004 0.0024 0.0016
v 0.0023029999999999995 0.001697 0.0
v 0.0023029999999999995 0.001697 0.0016
v 0.0017826000000000005 0.0009185 0.0
v 0.0017826000000000005 0.0009185 0.0016
v 0.0016000000000000007 0.0 0.0
v 0.0016000000000000007 0.0 0.0016
v 0.0017826000000000005 -0.0009185 0.0
v 0.0017826000000000005 -0.0009185 0.0016
v 0.0023029999999999995 -0.001697 0.0
v 0.0023029999999999995 -0.001697 0.0016
v 0.003081500000000001 -0.0022174 0.0
v 0.003081500000000001 -0.0022174 0.0016
v 0.004 -0.0024 0.0
v 0.004 -0.0024 0.0016
v 0.0049185 -0.0022174 0.0
v 0.0049185 -0.0022174 0.0016
v 0.005697000000000001 -0.001697 0.0
v 0.005697000000000001 -0.001697 0.0016
v 0.0062174000000000005 -0.0009185 0.0
v 0.0062174000000000005 -0.0009185 0.0016
v 0.0064 -0.0 0.0
v 0.0064 -0.0 0.0016
v 0.0062174000000000005 0.0009185 0.0
v 0.0062174000000000005 0.0009185 0.0016
v 0.005697000000000001 0.001697 0.0
v 0.005697000000000001 0.001697 0.0016
v 0.0049185 0.0022174 0.0
v 0.0049185 0.0022174 0.0016
v 0.004 0.0032 0.0
v 0.0027754000000000008 0.0029565 0.0
v 0.0027754000000000008 0.0029565 0.0016
v 0.004 0.0032 0.0016
v 0.0017373000000000006 0.0022627 0.0
v 0.0017373000000000006 0.0022627 0.0016
v 0.001043500000000001 0.0012246 0.0
v 0.001043500000000001 0.0012246 0.0016
v 0.0008000000000000004 0.0 0.0
v 0.0008000000000000004 0.0 0.0016
v 0.001043500000000001 -0.0012246 0.0
v 0.001043500000000001 -0.0012246 0.0016
v 0.0017373000000000006 -0.0022627 0.0
v 0.0017373000000000006 -0.0022627 0.0016
v 0.0027754000000000008 -0.0029565 0.0
v 0.0027754000000000008 -0.0029565 0.0016
v 0.004 -0.0032 0.0
v 0.004 -0.0032 0.0016
v 0.0052246 -0.0029565 0.0
v 0.0052246 -0.0029565 0.0016
v 0.0062627 -0.0022627 0.0
v 0.0062627 -0.0022627 0.0016
v 0.0069565 -0.0012246 0.0
v 0.0069565 -0.0012246 0.0016
v 0.007200000000000001 -0.0 0.0
v 0.007200000000000001 -0.0 0.0016
v 0.0069565 0.0012246 0.0
v 0.0069565 0.0012246 0.0016
v 0.0062627 0.0022627 0.0
v 0.0062627 0.0022627 0.0016
v 0.0052246 0.0029565 0.0
v 0.0052246 0.0029565 0.0016
v 0.0008000000000000004 0.0 0.0
v 0.0016000000000000007 0.0 0.0
v 0.0017826000000000005 -0.0009185 0.0
v 0.001043500000000001 -0.0012246 0.0
v 0.0023029999999999995 -0.001697 0.0
v 0.0017373000000000006 -0.0022627 0.0
v 0.003081500000000001 -0.0022174 0.0
v 0.0027754000000000008 -0.0029565 0.0
v 0.004 -0.0024 0.0
v 0.004 -0.0032 0.0
v 0.0049185 -0.0022174 0.0
v 0.0052246 -0.0029565 0.0
v 0.005697000000000001 -0.001697 0.0
v 0.0062627 -0.0022627 0.0
v 0.0062174000000000005 -0.0009185 0.0
v 0.0069565 -0.0012246 0.0
v 0.0064 -0.0 0.0
v 0.007200000000000001 -0.0 0.0
v 0.0062174000000000005 0.0009185 0.0
v 0.0069565 0.0012246 0.0
v 0.005697000000000001 0.001697 0.0
v 0.0062627 0.0022627 0.0
v 0.0049185 0.0022174 0.0
v 0.0052246 0.0029565 0.0
v 0.004 0.0024 0.0
v 0.004 0.0032 0.0
v 0.003081500000000001 0.0022174 0.0
v 0.0027754000000000008 0.0029565 0.0
v 0.0023029999999999995 0.001697 0.0
v 0.0017373000000000006 0.0022627 0.0
v 0.0017826000000000005 0.0009185 0.0
v 0.001043500000000001 0.0012246 0.0
v 0.004 -0.0056 0.0
v 0.003081500000000001 -0.0057826 0.0
v 0.003081500000000001 -0.0057826 0.0016
v 0.004 -0.0056 0.0016
v 0.0023029999999999995 -0.006303 0.0
v 0.0023029999999999995 -0.006303 0.0016
v 0.0017826000000000005 -0.0070815 0.0
v 0.0017826000000000005 -0.0070815 0.0016
v 0.0016000000000000007 -0.008 0.0
v 0.0016000000000000007 -0.008 0.0016
v 0.0017826000000000005 -0.0089185 0.0
v 0.0017826000000000005 -0.0089185 0.0016
v 0.0023029999999999995 -0.009697 0.0
v 0.0023029999999999995 -0.009697 0.0016
v 0.003081500000000001 -0.0102174 0.0
v 0.003081500000000001 -0.0102174 0.0016
v 0.004 -0.0104 0.0
v 0.004 -0.0104 0.0016
v 0.0049185 -0.0102174 0.0
v 0.0049185 -0.0102174 0.0016
v 0.005697000000000001 -0.009697 0.0
v 0.005697000000000001 -0.009697 0.0016
v 0.0062174000000000005 -0.0089185 0.0
v 0.0062174000000000005 -0.0089185 0.0016
v 0.0064 -0.008 0.0
v 0.0064 -0.008 0.0016
v 0.0062174000000000005 -0.0070815 0.0
v 0.0062174000000000005 -0.0070815 0.0016
v 0.005697000000000001 -0.006303 0.0
v 0.005697000000000001 -0.006303 0.0016
v 0.0049185 -0.0057826 0.0
v 0.0049185 -0.0057826 0.0016
v 0.004 -0.0048 0.0
v 0.0027754000000000008 -0.0050435 0.0
v 0.0027754000000000008 -0.0050435 0.0016
v 0.004 -0.0048 0.0016
v 0.0017373000000000006 -0.0057373 0.0
v 0.0017373000000000006 -0.0057373 0.0016
v 0.001043500000000001 -0.0067754 0.0
v 0.001043500000000001 -0.0067754 0.0016
v 0.0008000000000000004 -0.008 0.0
v 0.0008000000000000004 -0.008 0.0016
v 0.001043500000000001 -0.0092246 0.0
v 0.001043500000000001 -0.0092246 0.0016
v 0.0017373000000000006 -0.0102627 0.0
v 0.0017373000000000006 -0.0102627 0.0016
v 0.0027754000000000008 -0.0109565 0.0
v 0.0027754000000000008 -0.0109565 0.0016
v 0.004 -0.0112 0.0
v 0.004 -0.0112 0.0016
v 0.0052246 -0.0109565 0.0
v 0.0052246 -0.0109565 0.0016
v 0.0062627 -0.0102627 0.0
v 0.0062627 -0.0102627 0.0016
v 0.0069565 -0.0092246 0.0
v 0.0069565 -0.0092246 0.0016
v 0.007200000000000001 -0.008 0.0
v 0.007200000000000001 -0.008 0.0016
v 0.0069565 -0.0067754 0.0
v 0.0069565 -0.0067754 0.0016
v 0.0062627 -0.0057373 0.0
v 0.0062627 -0.0057373 0.0016
v 0.0052246 -0.0050435 0.0
v 0.0052246 -0.0050435 0.0016
v 0.0008000000000000004 -0.008 0.0
v 0.0016000000000000007 -0.008 0.0
v 0.0017826000000000005 -0.0089185 0.0
v 0.001043500000000001 -0.0092246 0.0
v 0.0023029999999999995 -0.009697 0.0
v 0.0017373000000000006 -0.0102627 0.0
v 0.003081500000000001 -0.0102174 0.0
v 0.0027754000000000008 -0.0109565 0.0
v 0.004 -0.0104 0.0
v 0.004 -0.0112 0.0
v 0.0049185 -0.0102174 0.0
v 0.0052246 -0.0109565 0.0
v 0.005697000000000001 -0.009697 0.0
v 0.0062627 -0.0102627 0.0
v 0.0062174000000000005 -0.0089185 0.0
v 0.0069565 -0.0092246 0.0
v 0.0064 -0.008 0.0
v 0.007200000000000001 -0.008 0.0
v 0.0062174000000000005 -0.0070815 0.0
v 0.0069565 -0.0067754 0.0
v 0.005697000000000001 -0.006303 0.0
v 0.0062627 -0.0057373 0.0
v 0.0049185 -0.0057826 0.0
v 0.0052246 -0.0050435 0.0
v 0.004 -0.0056 0.0
v 0.004 -0.0048 0.0
v 0.003081500000000001 -0.0057826 0.0
v 0.0027754000000000008 -0.0050435 0.0
v 0.0023029999999999995 -0.006303 0.0
v 0.0017373000000000006 -0.0057373 0.0
v 0.0017826000000000005 -0.0070815 0.0
v 0.001043500000000001 -0.0067754 0.0
v 0.004 -0.0136 0.0
v 0.003081500000000001 -0.0137826 0.0
v 0.003081500000000001 -0.0137826 0.0016
v 0.004 -0.0136 0.0016
v 0.0023029999999999995 -0.014303 0.0
v 0.0023029999999999995 -0.014303 0.0016
v 0.0017826000000000005 -0.0150815 0.0
v 0.0017826000000000005 -0.0150815 0.0016
v 0.0016000000000000007 -0.016 0.0
v 0.0016000000000000007 -0.016 0.0016
v 0.0017826000000000005 -0.0169185 0.0
v 0.0017826000000000005 -0.0169185 0.0016
v 0.0023029999999999995 -0.017697 0.0
v 0.0023029999999999995 -0.017697 0.0016
v 0.003081500000000001 -0.0182174 0.0
v 0.003081500000000001 -0.0182174 0.0016
v 0.004 -0.0184 0.0
v 0.004 -0.0184 0.0016
v 0.0049185 -0.0182174 0.0
v 0.0049185 -0.0182174 0.0016
v 0.005697000000000001 -0.017697 0.0
v 0.005697000000000001 -0.017697 0.0016
v 0.0062174000000000005 -0.0169185 0.0
v 0.0062174000000000005 -0.0169185 0.0016
v 0.0064 -0.016 0.0
v 0.0064 -0.016 0.0016
v 0.0062174000000000005 -0.0150815 0.0
v 0.0062174000000000005 -0.0150815 0.0016
v 0.005697000000000001 -0.014303 0.0
v 0.005697000000000001 -0.014303 0.0016
v 0.0049185 -0.0137826 0.0
v 0.0049185 -0.0137826 0.0016
v 0.004 -0.0128 0.0
v 0.0027754000000000008 -0.0130435 0.0
v 0.0027754000000000008 -0.0130435 0.0016
v 0.004 -0.0128 0.0016
v 0.0017373000000000006 -0.0137373 0.0
v 0.0017373000000000006 -0.0137373 0.0016
v 0.001043500000000001 -0.0147754 0.0
v 0.001043500000000001 -0.0147754 0.0016
v 0.0008000000000000004 -0.016 0.0
v 0.0008000000000000004 -0.016 0.0016
v 0.001043500000000001 -0.0172246 0.0
v 0.001043500000000001 -0.0172246 0.0016
v 0.0017373000000000006 -0.0182627 0.0
v 0.0017373000000000006 -0.0182627 0.0016
v 0.0027754000000000008 -0.0189565 0.0
v 0.0027754000000000008 -0.0189565 0.0016
v 0.004 -0.0192 0.0
v 0.004 -0.0192 0.0016
v 0.0052246 -0.0189565 0.0
v 0.0052246 -0.0189565 0.0016
v 0.0062627 -0.0182627 0.0
v 0.0062627 -0.0182627 0.0016
v 0.0069565 -0.0172246 0.0
v 0.0069565 -0.0172246 0.0016
v 0.007200000000000001 -0.016 0.0
v 0.007200000000000001 -0.016 0.0016
v 0.0069565 -0.0147754 0.0
v 0.0069565 -0.0147754 0.0016
v 0.0062627 -0.0137373 0.0
v 0.0062627 -0.0137373 0.0016
v 0.0052246 -0.0130435 0.0
v 0.0052246 -0.0130435 0.0016
v 0.0008000000000000004 -0.016 0.0
v 0.0016000000000000007 -0.016 0.0
v 0.0017826000000000005 -0.0169185 0.0
v 0.001043500000000001 -0.0172246 0.0
v 0.0023029999999999995 -0.017697 0.0
v 0.0017373000000000006 -0.0182627 0.0
v 0.003081500000000001 -0.0182174 0.0
v 0.0027754000000000008 -0.0189565 0.0
v 0.004 -0.0184 0.0
v 0.004 -0.0192 0.0
v 0.0049185 -0.0182174 0.0
v 0.0052246 -0.0189565 0.0
v 0.005697000000000001 -0.017697 0.0
v 0.0062627 -0.0182627 0.0
v 0.0062174000000000005 -0.0169185 0.0
v 0.0069565 -0.0172246 0.0
v 0.0064 -0.016 0.0
v 0.007200000000000001 -0.016 0.0
v 0.0062174000000000005 -0.0150815 0.0
v 0.0069565 -0.0147754 0.0
v 0.005697000000000001 -0.014303 0.0
v 0.0062627 -0.0137373 0.0
v 0.0049185 -0.0137826 0.0
v 0.0052246 -0.0130435 0.0
v 0.004 -0.0136 0.0
v 0.004 -0.0128 0.0
v 0.003081500000000001 -0.0137826 0.0
v 0.0027754000000000008 -0.0130435 0.0
v 0.0023029999999999995 -0.014303 0.0
v 0.0017373000000000006 -0.0137373 0.0
v 0.0017826000000000005 -0.0150815 0.0
v 0.001043500000000001 -0.0147754 0.0
v 0.004 -0.0216 0.0
v 0.003081500000000001 -0.0217826 0.0
v 0.003081500000000001 -0.0217826 0.0016
v 0.004 -0.0216 0.0016
v 0.0023029999999999995 -0.022303 0.0
v 0.0023029999999999995 -0.022303 0.0016
v 0.0017826000000000005 -0.0230815 0.0
v 0.0017826000000000005 -0.0230815 0.0016
v 0.0016000000000000007 -0.024 0.0
v 0.0016000000000000007 -0.024 0.0016
v 0.0017826000000000005 -0.0249185 0.0
v 0.0017826000000000005 -0.0249185 0.0016
v 0.0023029999999999995 -0.025697 0.0
v 0.0023029999999999995 -0.025697 0.0016
v 0.003081500000000001 -0.0262174 0.0
v 0.003081500000000001 -0.0262174 0.0016
v 0.004 -0.0264 0.0
v 0.004 -0.0264 0.0016
v 0.0049185 -0.0262174 0.0
v 0.0049185 -0.0262174 0.0016
v 0.005697000000000001 -0.025697 0.0
v 0.005697000000000001 -0.025697 0.0016
v 0.0062174000000000005 -0.0249185 0.0
v 0.0062174000000000005 -0.0249185 0.0016
v 0.0064 -0.024 0.0
v 0.0064 -0.024 0.0016
v 0.0062174000000000005 -0.0230815 0.0
v 0.0062174000000000005 -0.0230815 0.0016
v 0.005697000000000001 -0.022303 0.0
v 0.005697000000000001 -0.022303 0.0016
v 0.0049185 -0.0217826 0.0
v 0.0049185 -0.0217826 0.0016
v 0.004 -0.0208 0.0
v 0.0027754000000000008 -0.0210435 0.0
v 0.0027754000000000008 -0.0210435 0.0016
v 0.004 -0.0208 0.0016
v 0.0017373000000000006 -0.0217373 0.0
v 0.0017373000000000006 -0.0217373 0.0016
v 0.001043500000000001 -0.0227754 0.0
v 0.001043500000000001 -0.0227754 0.0016
v 0.0008000000000000004 -0.024 0.0
v 0.0008000000000000004 -0.024 0.0016
v 0.001043500000000001 -0.0252246 0.0
v 0.001043500000000001 -0.0252246 0.0016
v 0.0017373000000000006 -0.0262627 0.0
v 0.0017373000000000006 -0.0262627 0.0016
v 0.0027754000000000008 -0.0269565 0.0
v 0.0027754000000000008 -0.0269565 0.0016
v 0.004 -0.0272 0.0
v 0.004 -0.0272 0.0016
v 0.0052246 -0.0269565 0.0
v 0.0052246 -0.0269565 0.0016
v 0.0062627 -0.0262627 0.0
v 0.0062627 -0.0262627 0.0016
v 0.0069565 -0.0252246 0.0
v 0.0069565 -0.0252246 0.0016
v 0.007200000000000001 -0.024 0.0
v 0.007200000000000001 -0.024 0.0016
v 0.0069565 -0.0227754 0.0
v 0.0069565 -0.0227754 0.0016
v 0.0062627 -0.0217373 0.0
v 0.0062627 -0.0217373 0.0016
v 0.0052246 -0.0210435 0.0
v 0.0052246 -0.0210435 0.0016
v 0.0008000000000000004 -0.024 0.0
v 0.0016000000000000007 -0.024 0.0
v 0.0017826000000000005 -0.0249185 0.0
v 0.001043500000000001 -0.0252246 0.0
v 0.0023029999999999995 -0.025697 0.0
v 0.0017373000000000006 -0.0262627 0.0
v 0.003081500000000001 -0.0262174 0.0
v 0.0027754000000000008 -0.0269565 0.0
v 0.004 -0.0264 0.0
v 0.004 -0.0272 0.0
v 0.0049185 -0.0262174 0.0
v 0.0052246 -0.0269565 0.0
v 0.005697000000000001 -0.025697 0.0
v 0.0062627 -0.0262627 0.0
v 0.0062174000000000005 -0.0249185 0.0
v 0.0069565 -0.0252246 0.0
v 0.0064 -0.024 0.0
v 0.007200000000000001 -0.024 0.0
v 0.0062174000000000005 -0.0230815 0.0
v 0.0069565 -0.0227754 0.0
v 0.005697000000000001 -0.022303 0.0
v 0.0062627 -0.0217373 0.0
v 0.0049185 -0.0217826 0.0
v 0.0052246 -0.0210435 0.0
v 0.004 -0.0216 0.0
v 0.004 -0.0208 0.0
v 0.003081500000000001 -0.0217826 0.0
v 0.0027754000000000008 -0.0210435 0.0
v 0.0023029999999999995 -0.022303 0.0
v 0.0017373000000000006 -0.0217373 0.0
v 0.0017826000000000005 -0.0230815 0.0
v 0.001043500000000001 -0.0227754 0.0
v 0.012 0.0264 0.0
v 0.011081500000000001 0.0262174 0.0
v 0.011081500000000001 0.0262174 0.0016
v 0.012 0.0264 0.0016
v 0.010303 0.025697 0.0
v 0.010303 0.025697 0.0016
v 0.0097826 0.0249185 0.0
v 0.0097826 0.0249185 0.0016
v 0.009600000000000001 0.024 0.0
v 0.009600000000000001 0.024 0.0016
v 0.0097826 0.0230815 0.0
v 0.0097826 0.0230815 0.0016
v 0.010303 0.022303 0.0
v 0.010303 0.022303 0.0016
v 0.011081500000000001 0.0217826 0.0
v 0.011081500000000001 0.0217826 0.0016
v 0.012 0.0216 0.0
v 0.012 0.0216 0.0016
v 0.0129185 0.0217826 0.0
v 0.0129185 0.0217826 0.0016
v 0.013697 0.022303 0.0
v 0.013697 0.022303 0.0016
v 0.0142174 0.0230815 0.0
v 0.0142174 0.0230815 0.0016
v 0.0144 0.024 0.0
v 0.0144 0.024 0.0016
v 0.0142174 0.0249185 0.0
v 0.0142174 0.0249185 0.0016
v 0.013697 0.025697 0.0
v 0.013697 0.025697 0.0016
v 0.0129185 0.0262174 0.0
v 0.0129185 0.0262174 0.0016
v 0.012 0.0272 0.0
v 0.010775400000000001 0.0269565 0.0
v 0.010775400000000001 0.0269565 0.0016
v 0.012 0.0272 0.0016
v 0.0097373 0.0262627 0.0
v 0.0097373 0.0262627 0.0016
v 0.0090435 0.0252246 0.0
v 0.0090435 0.0252246 0.0016
v 0.0088 0.024 0.0
v 0.0088 0.024 0.0016
v 0.0090435 0.0227754 0.0
v 0.0090435 0.0227754 0.0016
v 0.0097373 0.0217373 0.0
v 0.0097373 0.0217373 0.0016
v 0.010775400000000001 0.0210435 0.0
v 0.010775400000000001 0.0210435 0.0016
v 0.012 0.0208 0.0
v 0.012 0.0208 0.0016
v 0.0132246 0.0210435 0.0
v 0.0132246 0.0210435 0.0016
v 0.0142627 0.0217373 0.0
v 0.0142627 0.0217373 0.0016
v 0.014956500000000001 0.0227754 0.0
v 0.014956500000000001 0.0227754 0.0016
v 0.0152 0.024 0.0
v 0.0152 0.024 0.0016
v 0.014956500000000001 0.0252246 0.0
v 0.014956500000000001 0.0252246 0.0016
v 0.0142627 0.0262627 0.0
v 0.0142627 0.0262627 0.0016
v 0.0132246 0.0269565 0.0
v 0.0132246 0.0269565 0.0016
v 0.0088 0.024 0.0
v 0.009600000000000001 0.024 0.0
v 0.0097826 0.0230815 0.0
v 0.0090435 0.0227754 0.0
v 0.010303 0.022303 0.0
v 0.0097373 0.0217373 0.0
v 0.011081500000000001 0.0217826 0.0
v 0.010775400000000001 0.0210435 0.0
v 0.012 0.0216 0.0
v 0.012 0.0208 0.0
v 0.0129185 0.0217826 0.0
v 0.0132246 0.0210435 0.0
v 0.013697 0.022303 0.0
v 0.0142627 0.0217373 0.0
v 0.0142174 0.0230815 0.0
v 0.014956500000000001 0.0227754 0.0
v 0.0144 0.024 0.0
v 0.0152 0.024 0.0
v 0.0142174 0.0249185 0.0
v 0.014956500000000001 0.0252246 0.0
v 0.013697 0.025697 0.0
v 0.0142627 0.0262627 0.0
v 0.0129185 0.0262174 0.0
v 0.0132246 0.0269565 0.0
v 0.012 0.0264 0.0
v 0.012 0.0272 0.0
v 0.011081500000000001 0.0262174 0.0
v 0.010775400000000001 0.0269565 0.0
v 0.010303 0.025697 0.0
v 0.0097373 0.0262627 0.0
v 0.0097826 0.0249185 0.0
v 0.0090435 0.0252246 0.0
v 0.012 0.0184 0.0
v 0.011081500000000001 0.0182174 0.0
v 0.011081500000000001 0.0182174 0.0016
v 0.012 0.0184 0.0016
v 0.010303 0.017697 0.0
v 0.010303 0.017697 0.0016
v 0.0097826 0.0169185 0.0
v 0.0097826 0.0169185 0.0016
v 0.009600000000000001 0.016 0.0
v 0.009600000000000001 0.016 0.0016
v 0.0097826 0.0150815 0.0
v 0.0097826 0.0150815 0.0016
v 0.010303 0.014303 0.0
v 0.010303 0.014303 0.0016
v 0.011081500000000001 0.0137826 0.0
v 0.011081500000000001 0.0137826 0.0016
v 0.012 0.0136 0.0
v 0.012 0.0136 0.0016
v 0.0129185 0.0137826 0.0
v 0.0129185 0.0137826 0.0016
v 0.013697 0.014303 0.0
v 0.013697 0.014303 0.0016
v 0.0142174 0.0150815 0.0
v 0.0142174 0.0150815 0.0016
v 0.0144 0.016 0.0
v 0.0144 0.016 0.0016
v 0.0142174 0.0169185 0.0
v 0.0142174 0.0169185 0.0016
v 0.013697 0.017697 0.0
v 0.013697 0.017697 0.0016
v 0.0129185 0.0182174 0.0
v 0.0129185 0.0182174 0.0016
v 0.012 0.0192 0.0
v 0.010775400000000001 0.0189565 0.0
v 0.010775400000000001 0.0189565 0.0016
v 0.012 0.0192 0.0016
v 0.0097373 0.0182627 0.0
v 0.0097373 0.0182627 0.0016
v 0.0090435 0.0172246 0.0
v 0.0090435 0.0172246 0.0016
v 0.0088 0.016 0.0
v 0.0088 0.016 0.0016
v 0.0090435 0.0147754 0.0
v 0.0090435 0.0147754 0.0016
v 0.0097373 0.0137373 0.0
v 0.0097373 0.0137373 0.0016
v 0.010775400000000001 0.0130435 0.0
v 0.010775400000000001 0.0130435 0.0016
v 0.012 0.0128 0.0
v 0.012 0.0128 0.0016
v 0.0132246 0.0130435 0.0
v 0.0132246 0.0130435 0.0016
v 0.0142627 0.0137373 0.0
v 0.0142627 0.0137373 0.0016
v 0.014956500000000001 0.0147754 0.0
v 0.014956500000000001 0.0147754 0.0016
v 0.0152 0.016 0.0
v 0.0152 0.016 0.0016
v 0.014956500000000001 0.0172246 0.0
v 0.014956500000000001 0.0172246 0.0016
v 0.0142627 0.0182627 0.0
v 0.0142627 0.0182627 0.0016
v 0.0132246 0.0189565 0.0
v 0.0132246 0.0189565 0.0016
v 0.0088 0.016 0.0
v 0.009600000000000001 0.016 0.0
v 0.0097826 0.0150815 0.0
v 0.0090435 0.0147754 0.0
v 0.010303 0.014303 0.0
v 0.0097373 0.0137373 0.0
v 0.011081500000000001 0.0137826 0.0
v 0.010775400000000001 0.0130435 0.0
v 0.012 0.0136 0.0
v 0.012 0.0128 0.0
v 0.0129185 0.0137826 0.0
v 0.0132246 0.0130435 0.0
v 0.013697 0.014303 0.0
v 0.0142627 0.0137373 0.0
v 0.0142174 0.0150815 0.0
v 0.014956500000000001 0.0147754 0.0
v 0.0144 0.016 0.0
v 0.0152 0.016 0.0
v 0.0142174 0.0169185 0.0
v 0.014956500000000001 0.0172246 0.0
v 0.013697 0.017697 0.0
v 0.0142627 0.0182627 0.0
v 0.0129185 0.0182174 0.0
v 0.0132246 0.0189565 0.0
v 0.012 0.0184 0.0
v 0.012 0.0192 0.0
v 0.011081500000000001 0.0182174 0.0
v 0.010775400000000001 0.0189565 0.0
v 0.010303 0.017697 0.0
v 0.0097373 0.0182627 0.0
v 0.0097826 0.0169185 0.0
v 0.0090435 0.0172246 0.0
v 0.012 0.0104 0.0
v 0.011081500000000001 0.0102174 0.0
v 0.011081500000000001 0.0102174 0.0016
v 0.012 0.0104 0.0016
v 0.010303 0.009697 0.0
v 0.010303 0.009697 0.0016
v 0.0097826 0.0089185 0.0
v 0.0097826 0.0089185 0.0016
v 0.009600000000000001 0.008 0.0
v 0.009600000000000001 0.008 0.0016
v 0.0097826 0.0070815 0.0
v 0.0097826 0.0070815 0.0016
v 0.010303 0.006303 0.0
v 0.010303 0.006303 0.0016
v 0.011081500000000001 0.0057826 0.0
v 0.011081500000000001 0.0057826 0.0016
v 0.012 0.0056 0.0
v 0.012 0.0056 0.0016
v 0.0129185 0.0057826 0.0
v 0.0129185 0.0057826 0.0016
v 0.013697 0.006303 0.0
v 0.013697 0.006303 0.0016
v 0.0142174 0.0070815 0.0
v 0.0142174 0.0070815 0.0016
v 0.0144 0.008 0.0
v 0.0144 0.008 0.0016
v 0.0142174 0.0089185 0.0
v 0.0142174 0.0089185 0.0016
v 0.013697 0.009697 0.0
v 0.013697 0.009697 0.0016
v 0.0129185 0.0102174 0.0
v 0.0129185 0.0102174 0.0016
v 0.012 0.0112 0.0
v 0.010775400000000001 0.0109565 0.0
v 0.010775400000000001 0.0109565 0.0016
v 0.012 0.0112 0.0016
v 0.0097373 0.0102627 0.0
v 0.0097373 0.0102627 0.0016
v 0.0090435 0.0092246 0.0
v 0.0090435 0.0092246 0.0016
v 0.0088 0.008 0.0
v 0.0088 0.008 0.0016
v 0.0090435 0.0067754 0.0
v 0.0090435 0.0067754 0.0016
v 0.0097373 0.0057373 0.0
v 0.0097373 0.0057373 0.0016
v 0.010775400000000001 0.0050435 0.0
v 0.010775400000000001 0.0050435 0.0016
v 0.012 0.0048 0.0
v 0.012 0.0048 0.0016
v 0.0132246 0.0050435 0.0
v 0.0132246 0.0050435 0.0016
v 0.0142627 0.0057373 0.0
v 0.0142627 0.0057373 0.0016
v 0.014956500000000001 0.0067754 0.0
v 0.014956500000000001 0.0067754 0.0016
v 0.0152 0.008 0.0
v 0.0152 0.008 0.0016
v 0.014956500000000001 0.0092246 0.0
v 0.014956500000000001 0.0092246 0.0016
v 0.0142627 0.0102627 0.0
v 0.0142627 0.0102627 0.0016
v 0.0132246 0.0109565 0.0
v 0.0132246 0.0109565 0.0016
v 0.0088 0.008 0.0
v 0.009600000000000001 0.008 0.0
v 0.0097826 0.0070815 0.0
v 0.0090435 0.0067754 0.0
v 0.010303 0.006303 0.0
v 0.0097373 0.0057373 0.0
v 0.011081500000000001 0.0057826 0.0
v 0.010775400000000001 0.0050435 0.0
v 0.012 0.0056 0.0
v 0.012 0.0048 0.0
v 0.0129185 0.0057826 0.0
v 0.0132246 0.0050435 0.0
v 0.013697 0.006303 0.0
v 0.0142627 0.0057373 0.0
v 0.0142174 0.0070815 0.0
v 0.014956500000000001 0.0067754 0.0
v 0.0144 0.008 0.0
v 0.0152 0.008 0.0
v 0.0142174 0.0089185 0.0
v 0.014956500000000001 0.0092246 0.0
v 0.013697 0.009697 0.0
v 0.0142627 0.0102627 0.0
v 0.0129185 0.0102174 0.0
v 0.0132246 0.0109565 0.0
v 0.012 0.0104 0.0
v 0.012 0.0112 0.0
v 0.011081500000000001 0.0102174 0.0
v 0.010775400000000001 0.0109565 0.0
v 0.010303 0.009697 0.0
v 0.0097373 0.0102627 0.0
v 0.0097826 0.0089185 0.0
v 0.0090435 0.0092246 0.0
v 0.012 0.0024 0.0
v 0.011081500000000001 0.0022174 0.0
v 0.011081500000000001 0.0022174 0.0016
v 0.012 0.0024 0.0016
v 0.010303 0.001697 0.0
v 0.010303 0.001697 0.0016
v 0.0097826 0.0009185 0.0
v 0.0097826 0.0009185 0.0016
v 0.009600000000000001 -0.0 0.0
v 0.009600000000000001 -0.0 0.0016
v 0.0097826 -0.0009185 0.0
v 0.0097826 -0.0009185 0.0016
v 0.010303 -0.001697 0.0
v 0.010303 -0.001697 0.0016
v 0.011081500000000001 -0.0022174 0.0
v 0.011081500000000001 -0.0022174 0.0016
v 0.012 -0.0024 0.0
v 0.012 -0.0024 0.0016
v 0.0129185 -0.0022174 0.0
v 0.0129185 -0.0022174 0.0016
v 0.013697 -0.001697 0.0
v 0.013697 -0.001697 0.0016
v 0.0142174 -0.0009185 0.0
v 0.0142174 -0.0009185 0.0016
v 0.0144 -0.0 0.0
v 0.0144 -0.0 0.0016
v 0.0142174 0.0009185 0.0
v 0.0142174 0.0009185 0.0016
v 0.013697 0.001697 0.0
v 0.013697 0.001697 0.0016
v 0.0129185 0.0022174 0.0
v 0.0129185 0.0022174 0.0016
v 0.012 0.0032 0.0
v 0.010775400000000001 0.0029565 0.0
v 0.010775400000000001 0.0029565 0.0016
v 0.012 0.0032 0.0016
v 0.0097373 0.0022627 0.0
v 0.0097373 0.0022627 0.0016
v 0.0090435 0.0012246 0.0
v 0.0090435 0.0012246 0.0016
v 0.0088 -0.0 0.0
v 0.0088 -0.0 0.0016
v 0.0090435 -0.0012246 0.0
v 0.0090435 -0.0012246 0.0016
v 0.0097373 -0.0022627 0.0
v 0.0097373 -0.0022627 0.0016
v 0.010775400000000001 -0.0029565 0.0
v 0.010775400000000001 -0.0029565 0.0016
v 0.012 -0.0032 0.0
v 0.012 -0.0032 0.0016
v 0.0132246 -0.0029565 0.0
v 0.0132246 -0.0029565 0.0016
v 0.0142627 -0.0022627 0.0
v 0.0142627 -0.0022627 0.0016
v 0.014956500000000001 -0.0012246 0.0
v 0.014956500000000001 -0.0012246 0.0016
v 0.0152 -0.0 0.0
v 0.0152 -0.0 0.0016
v 0.014956500000000001 0.0012246 0.0
v 0.014956500000000001 0.0012246 0.0016
v 0.0142627 0.0022627 0.0
v 0.0142627 0.0022627 0.0016
v 0.0132246 0.0029565 0.0
v 0.0132246 0.0029565 0.0016
v 0.0088 -0.0 0.0
v 0.009600000000000001 -0.0 0.0
v 0.0097826 -0.0009185 0.0
v 0.0090435 -0.0012246 0.0
v 0.010303 -0.001697 0.0
v 0.0097373 -0.0022627 0.0
v 0.011081500000000001 -0.0022174 0.0
v 0.010775400000000001 -0.0029565 0.0
v 0.012 -0.0024 0.0
v 0.012 -0.0032 0.0
v 0.0129185 -0.0022174 0.0
v 0.0132246 -0.0029565 0.0
v 0.013697 -0.001697 0.0
v 0.0142627 -0.0022627 0.0
v 0.0142174 -0.0009185 0.0
v 0.014956500000000001 -0.0012246 0.0
v 0.0144 -0.0 0.0
v 0.0152 -0.0 0.0
v 0.0142174 0.0009185 0.0
v 0.014956500000000001 0.0012246 0.0
v 0.013697 0.001697 0.0
v 0.0142627 0.0022627 0.0
v 0.0129185 0.0022174 0.0
v 0.0132246 0.0029565 0.0
v 0.012 0.0024 0.0
v 0.012 0.0032 0.0
v 0.011081500000000001 0.0022174 0.0
v 0.010775400000000001 0.0029565 0.0
v 0.010303 0.001697 0.0
v 0.0097373 0.0022627 0.0
v 0.0097826 0.0009185 0.0
v 0.0090435 0.0012246 0.0
v 0.012 -0.0056 0.0
v 0.011081500000000001 -0.0057826 0.0
v 0.011081500000000001 -0.0057826 0.0016
v 0.012 -0.0056 0.0016
v 0.010303 -0.006303 0.0
v 0.010303 -0.006303 0.0016
v 0.0097826 -0.0070815 0.0
v 0.0097826 -0.0070815 0.0016
v 0.009600000000000001 -0.008 0.0
v 0.009600000000000001 -0.008 0.0016
v 0.0097826 -0.0089185 0.0
v 0.0097826 -0.0089185 0.0016
v 0.010303 -0.009697 0.0
v 0.010303 -0.009697 0.0016
v 0.011081500000000001 -0.0102174 0.0
v 0.011081500000000001 -0.0102174 0.0016
v 0.012 -0.0104 0.0
v 0.012 -0.0104 0.0016
v 0.0129185 -0.0102174 0.0
v 0.0129185 -0.0102174 0.0016
v 0.013697 -0.009697 0.0
v 0.013697 -0.009697 0.0016
v 0.0142174 -0.0089185 0.0
v 0.0142174 -0.0089185 0.0016
v 0.0144 -0.008 0.0
v 0.0144 -0.008 0.0016
v 0.0142174 -0.0070815 0.0
v 0.0142174 -0.0070815 0.0016
v 0.013697 -0.006303 0.0
v 0.013697 -0.006303 0.0016
v 0.0129185 -0.0057826 0.0
v 0.0129185 -0.0057826 0.0016
v 0.012 -0.0048 0.0
v 0.010775400000000001 -0.0050435 0.0
v 0.010775400000000001 -0.0050435 0.0016
v 0.012 -0.0048 0.0016
v 0.0097373 -0.0057373 0.0
v 0.0097373 -0.0057373 0.0016
v 0.0090435 -0.0067754 0.0
v 0.0090435 -0.0067754 0.0016
v 0.0088 -0.008 0.0
v 0.0088 -0.008 0.0016
v 0.0090435 -0.0092246 0.0
v 0.0090435 -0.0092246 0.0016
v 0.0097373 -0.0102627 0.0
v 0.0097373 -0.0102627 0.0016
v 0.010775400000000001 -0.0109565 0.0
v 0.010775400000000001 -0.0109565 0.0016
v 0.012 -0.0112 0.0
v 0.012 -0.0112 0.0016
v 0.0132246 -0.0109565 0.0
v 0.0132246 -0.0109565 0.0016
v 0.0142627 -0.0102627 0.0
v 0.0142627 -0.0102627 0.0016
v 0.014956500000000001 -0.0092246 0.0
v 0.014956500000000001 -0.0092246 0.0016
v 0.0152 -0.008 0.0
v 0.0152 -0.008 0.0016
v 0.014956500000000001 -0.0067754 0.0
v 0.014956500000000001 -0.0067754 0.0016
v 0.0142627 -0.0057373 0.0
v 0.0142627 -0.0057373 0.0016
v 0.0132246 -0.0050435 0.0
v 0.0132246 -0.0050435 0.0016
v 0.0088 -0.008 0.0
v 0.009600000000000001 -0.008 0.0
v 0.0097826 -0.0089185 0.0
v 0.0090435 -0.0092246 0.0
v 0.010303 -0.009697 0.0
v 0.0097373 -0.0102627 0.0
v 0.011081500000000001 -0.0102174 0.0
v 0.010775400000000001 -0.0109565 0.0
v 0.012 -0.0104 0.0
v 0.012 -0.0112 0.0
v 0.0129185 -0.0102174 0.0
v 0.0132246 -0.0109565 0.0
v 0.013697 -0.009697 0.0
v 0.0142627 -0.0102627 0.0
v 0.0142174 -0.0089185 0.0
v 0.014956500000000001 -0.0092246 0.0
v 0.0144 -0.008 0.0
v 0.0152 -0.008 0.0
v 0.0142174 -0.0070815 0.0
v 0.014956500000000001 -0.0067754 0.0
v 0.013697 -0.006303 0.0
v 0.0142627 -0.0057373 0.0
v 0.0129185 -0.0057826 0.0
v 0.0132246 -0.0050435 0.0
v 0.012 -0.0056 0.0
v 0.012 -0.0048 0.0
v 0.011081500000000001 -0.0057826 0.0
v 0.010775400000000001 -0.0050435 0.0
v 0.010303 -0.006303 0.0
v 0.0097373 -0.0057373 0.0
v 0.0097826 -0.0070815 0.0
v 0.0090435 -0.0067754 0.0
v 0.012 -0.0136 0.0
v 0.011081500000000001 -0.0137826 0.0
v 0.011081500000000001 -0.0137826 0.0016
v 0.012 -0.0136 0.0016
v 0.010303 -0.014303 0.0
v 0.010303 -0.014303 0.0016
v 0.0097826 -0.0150815 0.0
v 0.0097826 -0.0150815 0.0016
v 0.009600000000000001 -0.016 0.0
v 0.009600000000000001 -0.016 0.0016
v 0.0097826 -0.0169185 0.0
v 0.0097826 -0.0169185 0.0016
v 0.010303 -0.017697 0.0
v 0.010303 -0.017697 0.0016
v 0.011081500000000001 -0.0182174 0.0
v 0.011081500000000001 -0.0182174 0.0016
v 0.012 -0.0184 0.0
v 0.012 -0.0184 0.0016
v 0.0129185 -0.0182174 0.0
v 0.0129185 -0.0182174 0.0016
v 0.013697 -0.017697 0.0
v 0.013697 -0.017697 0.0016
v 0.0142174 -0.0169185 0.0
v 0.0142174 -0.0169185 0.0016
v 0.0144 -0.016 0.0
v 0.0144 -0.016 0.0016
v 0.0142174 -0.0150815 0.0
v 0.0142174 -0.0150815 0.0016
v 0.013697 -0.014303 0.0
v 0.013697 -0.014303 0.0016
v 0.0129185 -0.0137826 0.0
v 0.0129185 -0.0137826 0.0016
v 0.012 -0.0128 0.0
v 0.010775400000000001 -0.0130435 0.0
v 0.010775400000000001 -0.0130435 0.0016
v 0.012 -0.0128 0.0016
v 0.0097373 -0.0137373 0.0
v 0.0097373 -0.0137373 0.0016
v 0.0090435 -0.0147754 0.0
v 0.0090435 -0.0147754 0.0016
v 0.0088 -0.016 0.0
v 0.0088 -0.016 0.0016
v 0.0090435 -0.0172246 0.0
v 0.0090435 -0.0172246 0.0016
v 0.0097373 -0.0182627 0.0
v 0.0097373 -0.0182627 0.0016
v 0.010775400000000001 -0.0189565 0.0
v 0.010775400000000001 -0.0189565 0.0016
v 0.012 -0.0192 0.0
v 0.012 -0.0192 0.0016
v 0.0132246 -0.0189565 0.0
v 0.0132246 -0.0189565 0.0016
v 0.0142627 -0.0182627 0.0
v 0.0142627 -0.0182627 0.0016
v 0.014956500000000001 -0.0172246 0.0
v 0.014956500000000001 -0.0172246 0.0016
v 0.0152 -0.016 0.0
v 0.0152 -0.016 0.0016
v 0.014956500000000001 -0.0147754 0.0
v 0.014956500000000001 -0.0147754 0.0016
v 0.0142627 -0.0137373 0.0
v 0.0142627 -0.0137373 0.0016
v 0.0132246 -0.0130435 0.0
v 0.0132246 -0.0130435 0.0016
v 0.0088 -0.016 0.0
v 0.009600000000000001 -0.016 0.0
v 0.0097826 -0.0169185 0.0
v 0.0090435 -0.0172246 0.0
v 0.010303 -0.017697 0.0
v 0.0097373 -0.0182627 0.0
v 0.011081500000000001 -0.0182174 0.0
v 0.010775400000000001 -0.0189565 0.0
v 0.012 -0.0184 0.0
v 0.012 -0.0192 0.0
v 0.0129185 -0.0182174 0.0
v 0.0132246 -0.0189565 0.0
v 0.013697 -0.017697 0.0
v 0.0142627 -0.0182627 0.0
v 0.0142174 -0.0169185 0.0
v 0.014956500000000001 -0.0172246 0.0
v 0.0144 -0.016 0.0
v 0.0152 -0.016 0.0
v 0.0142174 -0.0150815 0.0
v 0.014956500000000001 -0.0147754 0.0
v 0.013697 -0.014303 0.0
v 0.0142627 -0.0137373 0.0
v 0.0129185 -0.0137826 0.0
v 0.0132246 -0.0130435 0.0
v 0.012 -0.0136 0.0
v 0.012 -0.0128 0.0
v 0.011081500000000001 -0.0137826 0.0
v 0.010775400000000001 -0.0130435 0.0
v 0.010303 -0.014303 0.0
v 0.0097373 -0.0137373 0.0
v 0.0097826 -0.0150815 0.0
v 0.0090435 -0.0147754 0.0
v 0.012 -0.0216 0.0
v 0.011081500000000001 -0.0217826 0.0
v 0.011081500000000001 -0.0217826 0.0016
v 0.012 -0.0216 0.0016
v 0.010303 -0.022303 0.0
v 0.010303 -0.022303 0.0016
v 0.0097826 -0.0230815 0.0
v 0.0097826 -0.0230815 0.0016
v 0.009600000000000001 -0.024 0.0
v 0.009600000000000001 -0.024 0.0016
v 0.0097826 -0.0249185 0.0
v 0.0097826 -0.0249185 0.0016
v 0.010303 -0.025697 0.0
v 0.010303 -0.025697 0.0016
v 0.011081500000000001 -0.0262174 0.0
v 0.011081500000000001 -0.0262174 0.0016
v 0.012 -0.0264 0.0
v 0.012 -0.0264 0.0016
v 0.0129185 -0.0262174 0.0
v 0.0129185 -0.0262174 0.0016
v 0.013697 -0.025697 0.0
v 0.013697 -0.025697 0.0016
v 0.0142174 -0.0249185 0.0
v 0.0142174 -0.0249185 0.0016
v 0.0144 -0.024 0.0
v 0.0144 -0.024 0.0016
v 0.0142174 -0.0230815 0.0
v 0.0142174 -0.0230815 0.0016
v 0.013697 -0.022303 0.0
v 0.013697 -0.022303 0.0016
v 0.0129185 -0.0217826 0.0
v 0.0129185 -0.0217826 0.0016
v 0.012 -0.0208 0.0
v 0.010775400000000001 -0.0210435 0.0
v 0.010775400000000001 -0.0210435 0.0016
v 0.012 -0.0208 0.0016
v 0.0097373 -0.0217373 0.0
v 0.0097373 -0.0217373 0.0016
v 0.0090435 -0.0227754 0.0
v 0.0090435 -0.0227754 0.0016
v 0.0088 -0.024 0.0
v 0.0088 -0.024 0.0016
v 0.0090435 -0.0252246 0.0
v 0.0090435 -0.0252246 0.0016
v 0.0097373 -0.0262627 0.0
v 0.0097373 -0.0262627 0.0016
v 0.010775400000000001 -0.0269565 0.0
v 0.010775400000000001 -0.0269565 0.0016
v 0.012 -0.0272 0.0
v 0.012 -0.0272 0.0016
v 0.0132246 -0.0269565 0.0
v 0.0132246 -0.0269565 0.0016
v 0.0142627 -0.0262627 0.0
v 0.0142627 -0.0262627 0.0016
v 0.014956500000000001 -0.0252246 0.0
v 0.014956500000000001 -0.0252246 0.0016
v 0.0152 -0.024 0.0
v 0.0152 -0.024 0.0016
v 0.014956500000000001 -0.0227754 0.0
v 0.014956500000000001 -0.0227754 0.0016
v 0.0142627 -0.0217373 0.0
v 0.0142627 -0.0217373 0.0016
v 0.0132246 -0.0210435 0.0
v 0.0132246 -0.0210435 0.0016
v 0.0088 -0.024 0.0
v 0.009600000000000001 -0.024 0.0
v 0.0097826 -0.0249185 0.0
v 0.0090435 -0.0252246 0.0
v 0.010303 -0.025697 0.0
v 0.0097373 -0.0262627 0.0
v 0.011081500000000001 -0.0262174 0.0
v 0.010775400000000001 -0.0269565 0.0
v 0.012 -0.0264 0.0
v 0.012 -0.0272 0.0
v 0.0129185 -0.0262174 0.0
v 0.0132246 -0.0269565 0.0
v 0.013697 -0.025697 0.0
v 0.0142627 -0.0262627 0.0
v 0.0142174 -0.0249185 0.0
v 0.014956500000000001 -0.0252246 0.0
v 0.0144 -0.024 0.0
v 0.0152 -0.024 0.0
v 0.0142174 -0.0230815 0.0
v 0.014956500000000001 -0.0227754 0.0
v 0.013697 -0.022303 0.0
v 0.0142627 -0.0217373 0.0
v 0.0129185 -0.0217826 0.0
v 0.0132246 -0.0210435 0.0
v 0.012 -0.0216 0.0
v 0.012 -0.0208 0.0
v 0.011081500000000001 -0.0217826 0.0
v 0.010775400000000001 -0.0210435 0.0
v 0.010303 -0.022303 0.0
v 0.0097373 -0.0217373 0.0
v 0.0097826 -0.0230815 0.0
v 0.0090435 -0.0227754 0.0
v 0.02 0.0264 0.0
v 0.0190815 0.0262174 0.0
v 0.0190815 0.0262174 0.0016
v 0.02 0.0264 0.0016
v 0.018303 0.025697 0.0
v 0.018303 0.025697 0.0016
v 0.0177826 0.0249185 0.0
v 0.0177826 0.0249185 0.0016
v 0.0176 0.024 0.0
v 0.0176 0.024 0.0016
v 0.0177826 0.0230815 0.0
v 0.0177826 0.0230815 0.0016
v 0.018303 0.022303 0.0
v 0.018303 0.022303 0.0016
v 0.0190815 0.0217826 0.0
v 0.0190815 0.0217826 0.0016
v 0.02 0.0216 0.0
v 0.02 0.0216 0.0016
v 0.0209185 0.0217826 0.0
v 0.0209185 0.0217826 0.0016
v 0.021697 0.022303 0.0
v 0.021697 0.022303 0.0016
v 0.022217399999999998 0.0230815 0.0
v 0.022217399999999998 0.0230815 0.0016
v 0.0224 0.024 0.0
v 0.0224 0.024 0.0016
v 0.022217399999999998 0.0249185 0.0
v 0.022217399999999998 0.0249185 0.0016
v 0.021697 0.025697 0.0
v 0.021697 0.025697 0.0016
v 0.0209185 0.0262174 0.0
v 0.0209185 0.0262174 0.0016
v 0.02 0.0272 0.0
v 0.0187754 0.0269565 0.0
v 0.0187754 0.0269565 0.0016
v 0.02 0.0272 0.0016
v 0.0177373 0.0262627 0.0
v 0.0177373 0.0262627 0.0016
v 0.0170435 0.0252246 0.0
v 0.0170435 0.0252246 0.0016
v 0.0168 0.024 0.0
v 0.0168 0.024 0.0016
v 0.0170435 0.0227754 0.0
v 0.0170435 0.0227754 0.0016
v 0.0177373 0.0217373 0.0
v 0.0177373 0.0217373 0.0016
v 0.0187754 0.0210435 0.0
v 0.0187754 0.0210435 0.0016
v 0.02 0.0208 0.0
v 0.02 0.0208 0.0016
v 0.0212246 0.0210435 0.0
v 0.0212246 0.0210435 0.0016
v 0.0222627 0.0217373 0.0
v 0.0222627 0.0217373 0.0016
v 0.022956499999999998 0.0227754 0.0
v 0.022956499999999998 0.0227754 0.0016
v 0.0232 0.024 0.0
v 0.0232 0.024 0.0016
v 0.022956499999999998 0.0252246 0.0
v 0.022956499999999998 0.0252246 0.0016
v 0.0222627 0.0262627 0.0
v 0.0222627 0.0262627 0.0016
v 0.0212246 0.0269565 0.0
v 0.0212246 0.0269565 0.0016
v 0.0168 0.024 0.0
v 0.0176 0.024 0.0
v 0.0177826 0.0230815 0.0
v 0.0170435 0.0227754 0.0
v 0.018303 0.022303 0.0
v 0.0177373 0.0217373 0.0
v 0.0190815 0.0217826 0.0
v 0.0187754 0.0210435 0.0
v 0.02 0.0216 0.0
v 0.02 0.0208 0.0
v 0.0209185 0.0217826 0.0
v 0.0212246 0.0210435 0.0
v 0.021697 0.022303 0.0
v 0.0222627 0.0217373 0.0
v 0.022217399999999998 0.0230815 0.0
v 0.022956499999999998 0.0227754 0.0
v 0.0224 0.024 0.0
v 0.0232 0.024 0.0
v 0.022217399999999998 0.0249185 0.0
v 0.022956499999999998 0.0252246 0.0
v 0.021697 0.025697 0.0
v 0.0222627 0.0262627 0.0
v 0.0209185 0.0262174 0.0
v 0.0212246 0.0269565 0.0
v 0.02 0.0264 0.0
v 0.02 0.0272 0.0
v 0.0190815 0.0262174 0.0
v 0.0187754 0.0269565 0.0
v 0.018303 0.025697 0.0
v 0.0177373 0.0262627 0.0
v 0.0177826 0.0249185 0.0
v 0.0170435 0.0252246 0.0
v 0.02 0.0184 0.0
v 0.0190815 0.0182174 0.0
v 0.0190815 0.0182174 0.0016
v 0.02 0.0184 0.0016
v 0.018303 0.017697 0.0
v 0.018303 0.017697 0.0016
v 0.0177826 0.0169185 0.0
v 0.0177826 0.0169185 0.0016
v 0.0176 0.016 0.0
v 0.0176 0.016 0.0016
v 0.0177826 0.0150815 0.0
v 0.0177826 0.0150815 0.0016
v 0.018303 0.014303 0.0
v 0.018303 0.014303 0.0016
v 0.0190815 0.0137826 0.0
v 0.0190815 0.0137826 0.0016
v 0.02 0.0136 0.0
v 0.02 0.0136 0.0016
v 0.0209185 0.0137826 0.0
v 0.0209185 0.0137826 0.0016
v 0.021697 0.014303 0.0
v 0.021697 0.014303 0.0016
v 0.022217399999999998 0.0150815 0.0
v 0.022217399999999998 0.0150815 0.0016
v 0.0224 0.016 0.0
v 0.0224 0.016 0.0016
v 0.022217399999999998 0.0169185 0.0
v 0.022217399999999998 0.0169185 0.0016
v 0.021697 0.017697 0.0
v 0.021697 0.017697 0.0016
v 0.0209185 0.0182174 0.0
v 0.0209185 0.0182174 0.0016
v 0.02 0.0192 0.0
v 0.0187754 0.0189565 0.0
v 0.0187754 0.0189565 0.0016
v 0.02 0.0192 0.0016
v 0.0177373 0.0182627 0.0
v 0.0177373 0.0182627 0.0016
v 0.0170435 0.0172246 0.0
v 0.0170435 0.0172246 0.0016
v 0.0168 0.016 0.0
v 0.0168 0.016 0.0016
v 0.0170435 0.0147754 0.0
v 0.0170435 0.0147754 0.0016
v 0.0177373 0.0137373 0.0
v 0.0177373 0.0137373 0.0016
v 0.0187754 0.0130435 0.0
v 0.0187754 0.0130435 0.0016
v 0.02 0.0128 0.0
v 0.02 0.0128 0.0016
v 0.0212246 0.0130435 0.0
v 0.0212246 0.0130435 0.0016
v 0.0222627 0.0137373 0.0
v 0.0222627 0.0137373 0.0016
v 0.022956499999999998 0.0147754 0.0
v 0.022956499999999998 0.0147754 0.0016
v 0.0232 0.016 0.0
v 0.0232 0.016 0.0016
v 0.022956499999999998 0.0172246 0.0
v 0.022956499999999998 0.0172246 0.0016
v 0.0222627 0.0182627 0.0
v 0.0222627 0.0182627 0.0016
v 0.0212246 0.0189565 0.0
v 0.0212246 0.0189565 0.0016
v 0.0168 0.016 0.0
v 0.0176 0.016 0.0
v 0.0177826 0.0150815 0.0
v 0.0170435 0.0147754 0.0
v 0.018303 0.014303 0.0
v 0.0177373 0.0137373 0.0
v 0.0190815 0.0137826 0.0
v 0.0187754 0.0130435 0.0
v 0.02 0.0136 0.0
v 0.02 0.0128 0.0
v 0.0209185 0.0137826 0.0
v 0.0212246 0.0130435 0.0
v 0.021697 0.014303 0.0
v 0.0222627 0.0137373 0.0
v 0.022217399999999998 0.0150815 0.0
v 0.022956499999999998 0.0147754 0.0
v 0.0224 0.016 0.0
v 0.0232 0.016 0.0
v 0.022217399999999998 0.0169185 0.0
v 0.022956499999999998 0.0172246 0.0
v 0.021697 0.017697 0.0
v 0.0222627 0.0182627 0.0
v 0.0209185 0.0182174 0.0
v 0.0212246 0.0189565 0.0
v 0.02 0.0184 0.0
v 0.02 0.0192 0.0
v 0.0190815 0.0182174 0.0
v 0.0187754 0.0189565 0.0
v 0.018303 0.017697 0.0
v 0.0177373 0.0182627 0.0
v 0.0177826 0.0169185 0.0
v 0.0170435 0.0172246 0.0
v 0.02 0.0104 0.0
v 0.0190815 0.0102174 0.0
v 0.0190815 0.0102174 0.0016
v 0.02 0.0104 0.0016
v 0.018303 0.009697 0.0
v 0.018303 0.009697 0.0016
v 0.0177826 0.0089185 0.0
v 0.0177826 0.0089185 0.0016
v 0.0176 0.008 0.0
v 0.0176 0.008 0.0016
v 0.0177826 0.0070815 0.0
v 0.0177826 0.0070815 0.0016
v 0.018303 0.006303 0.0
v 0.018303 0.006303 0.0016
v 0.0190815 0.0057826 0.0
v 0.0190815 0.0057826 0.0016
v 0.02 0.0056 0.0
v 0.02 0.0056 0.0016
v 0.0209185 0.0057826 0.0
v 0.0209185 0.0057826 0.0016
v 0.021697 0.006303 0.0
v 0.021697 0.006303 0.0016
v 0.022217399999999998 0.0070815 0.0
v 0.022217399999999998 0.0070815 0.0016
v 0.0224 0.008 0.0
v 0.0224 0.008 0.0016
v 0.022217399999999998 0.0089185 0.0
v 0.022217399999999998 0.0089185 0.0016
v 0.021697 0.009697 0.0
v 0.021697 0.009697 0.0016
v 0.0209185 0.0102174 0.0
v 0.0209185 0.0102174 0.0016
v 0.02 0.0112 0.0
v 0.0187754 0.0109565 0.0
v 0.0187754 0.0109565 0.0016
v 0.02 0.0112 0.0016
v 0.0177373 0.0102627 0.0
v 0.0177373 0.0102627 0.0016
v 0.0170435 0.0092246 0.0
v 0.0170435 0.0092246 0.0016
v 0.0168 0.008 0.0
v 0.0168 0.008 0.0016
v 0.0170435 0.0067754 0.0
v 0.0170435 0.0067754 0.0016
v 0.0177373 0.0057373 0.0
v 0.0177373 0.0057373 0.0016
v 0.0187754 0.0050435 0.0
v 0.0187754 0.0050435 0.0016
v 0.02 0.0048 0.0
v 0.02 0.0048 0.0016
v 0.0212246 0.0050435 0.0
v 0.0212246 0.0050435 0.0016
v 0.0222627 0.0057373 0.0
v 0.0222627 0.0057373 0.0016
v 0.022956499999999998 0.0067754 0.0
v 0.022956499999999998 0.0067754 0.0016
v 0.0232 0.008 0.0
v 0.0232 0.008 0.0016
v 0.022956499999999998 0.0092246 0.0
v 0.022956499999999998 0.0092246 0.0016
v 0.0222627 0.0102627 0.0
v 0.0222627 0.0102627 0.0016
v 0.0212246 0.0109565 0.0
v 0.0212246 0.0109565 0.0016
v 0.0168 0.008 0.0
v 0.0176 0.008 0.0
v 0.0177826 0.0070815 0.0
v 0.0170435 0.0067754 0.0
v 0.018303 0.006303 0.0
v 0.0177373 0.0057373 0.0
v 0.0190815 0.0057826 0.0
v 0.0187754 0.0050435 0.0
v 0.02 0.0056 0.0
v 0.02 0.0048 0.0
v 0.0209185 0.0057826 0.0
v 0.0212246 0.0050435 0.0
v 0.021697 0.006303 0.0
v 0.0222627 0.0057373 0.0
v 0.022217399999999998 0.0070815 0.0
v 0.022956499999999998 0.0067754 0.0
v 0.0224 0.008 0.0
v 0.0232 0.008 0.0
v 0.022217399999999998 0.0089185 0.0
v 0.022956499999999998 0.0092246 0.0
v 0.021697 0.009697 0.0
v 0.0222627 0.0102627 0.0
v 0.0209185 0.0102174 0.0
v 0.0212246 0.0109565 0.0
v 0.02 0.0104 0.0
v 0.02 0.0112 0.0
v 0.0190815 0.0102174 0.0
v 0.0187754 0.0109565 0.0
v 0.018303 0.009697 0.0
v 0.0177373 0.0102627 0.0
v 0.0177826 0.0089185 0.0
v 0.0170435 0.0092246 0.0
v 0.02 0.0024 0.0
v 0.0190815 0.0022174 0.0
v 0.0190815 0.0022174 0.0016
v 0.02 0.0024 0.0016
v 0.018303 0.001697 0.0
v 0.018303 0.001697 0.0016
v 0.0177826 0.0009185 0.0
v 0.0177826 0.0009185 0.0016
v 0.0176 -0.0 0.0
v 0.0176 -0.0 0.0016
v 0.0177826 -0.0009185 0.0
v 0.0177826 -0.0009185 0.0016
v 0.018303 -0.001697 0.0
v 0.018303 -0.001697 0.0016
v 0.0190815 -0.0022174 0.0
v 0.0190815 -0.0022174 0.0016
v 0.02 -0.0024 0.0
v 0.02 -0.0024 0.0016
v 0.0209185 -0.0022174 0.0
v 0.0209185 -0.0022174 0.0016
v 0.021697 -0.001697 0.0
v 0.021697 -0.001697 0.0016
v 0.022217399999999998 -0.0009185 0.0
v 0.022217399999999998 -0.0009185 0.0016
v 0.0224 -0.0 0.0
v 0.0224 -0.0 0.0016
v 0.022217399999999998 0.0009185 0.0
v 0.022217399999999998 0.0009185 0.0016
v 0.021697 0.001697 0.0
v 0.021697 0.001697 0.0016
v 0.0209185 0.0022174 0.0
v 0.0209185 0.0022174 0.0016
v 0.02 0.0032 0.0
v 0.0187754 0.0029565 0.0
v 0.0187754 0.0029565 0.0016
v 0.02 0.0032 0.0016
v 0.0177373 0.0022627 0.0
v 0.0177373 0.0022627 0.0016
v 0.0170435 0.0012246 0.0
v 0.0170435 0.0012246 0.0016
v 0.0168 -0.0 0.0
v 0.0168 -0.0 0.0016
v 0.0170435 -0.0012246 0.0
v 0.0170435 -0.0012246 0.0016
v 0.0177373 -0.0022627 0.0
v 0.0177373 -0.0022627 0.0016
v 0.0187754 -0.0029565 0.0
v 0.0187754 -0.0029565 0.0016
v 0.02 -0.0032 0.0
v 0.02 -0.0032 0.0016
v 0.0212246 -0.0029565 0.0
v 0.0212246 -0.0029565 0.0016
v 0.0222627 -0.0022627 0.0
v 0.0222627 -0.0022627 0.0016
v 0.022956499999999998 -0.0012246 0.0
v 0.022956499999999998 -0.0012246 0.0016
v 0.0232 -0.0 0.0
v 0.0232 -0.0 0.0016
v 0.022956499999999998 0.0012246 0.0
v 0.022956499999999998 0.0012246 0.0016
v 0.0222627 0.0022627 0.0
v 0.0222627 0.0022627 0.0016
v 0.0212246 0.0029565 0.0
v 0.0212246 0.0029565 0.0016
v 0.0168 -0.0 0.0
v 0.0176 -0.0 0.0
v 0.0177826 -0.0009185 0.0
v 0.0170435 -0.0012246 0.0
v 0.018303 -0.001697 0.0
v 0.0177373 -0.0022627 0.0
v 0.0190815 -0.0022174 0.0
v 0.0187754 -0.0029565 0.0
v 0.02 -0.0024 0.0
v 0.02 -0.0032 0.0
v 0.0209185 -0.0022174 0.0
v 0.0212246 -0.0029565 0.0
v 0.021697 -0.001697 0.0
v 0.0222627 -0.0022627 0.0
v 0.022217399999999998 -0.0009185 0.0
v 0.022956499999999998 -0.0012246 0.0
v 0.0224 -0.0 0.0
v 0.0232 -0.0 0.0
v 0.022217399999999998 0.0009185 0.0
v 0.022956499999999998 0.0012246 0.0
v 0.021697 0.001697 0.0
v 0.0222627 0.0022627 0.0
v 0.0209185 0.0022174 0.0
v 0.0212246 0.0029565 0.0
v 0.02 0.0024 0.0
v 0.02 0.0032 0.0
v 0.0190815 0.0022174 0.0
v 0.0187754 0.0029565 0.0
v 0.018303 0.001697 0.0
v 0.0177373 0.0022627 0.0
v 0.0177826 0.0009185 0.0
v 0.0170435 0.0012246 0.0
v 0.02 -0.0056 0.0
v 0.0190815 -0.0057826 0.0
v 0.0190815 -0.0057826 0.0016
v 0.02 -0.0056 0.0016
v 0.018303 -0.006303 0.0
v 0.018303 -0.006303 0.0016
v 0.0177826 -0.0070815 0.0
v 0.0177826 -0.0070815 0.0016
v 0.0176 -0.008 0.0
v 0.0176 -0.008 0.0016
v 0.0177826 -0.0089185 0.0
v 0.0177826 -0.0089185 0.0016
v 0.018303 -0.009697 0.0
v 0.018303 -0.009697 0.0016
v 0.0190815 -0.0102174 0.0
v 0.0190815 -0.0102174 0.0016
v 0.02 -0.0104 0.0
v 0.02 -0.0104 0.0016
v 0.0209185 -0.0102174 0.0
v 0.0209185 -0.0102174 0.0016
v 0.021697 -0.009697 0.0
v 0.021697 -0.009697 0.0016
v 0.022217399999999998 -0.0089185 0.0
v 0.022217399999999998 -0.0089185 0.0016
v 0.0224 -0.008 0.0
v 0.0224 -0.008 0.0016
v 0.022217399999999998 -0.0070815 0.0
v 0.022217399999999998 -0.0070815 0.0016
v 0.021697 -0.006303 0.0
v 0.021697 -0.006303 0.0016
v 0.0209185 -0.0057826 0.0
v 0.0209185 -0.0057826 0.0016
v 0.02 -0.0048 0.0
v 0.0187754 -0.0050435 0.0
v 0.0187754 -0.0050435 0.0016
v 0.02 -0.0048 0.0016
v 0.0177373 -0.0057373 0.0
v 0.0177373 -0.0057373 0.0016
v 0.0170435 -0.0067754 0.0
v 0.0170435 -0.0067754 0.0016
v 0.0168 -0.008 0.0
v 0.0168 -0.008 0.0016
v 0.0170435 -0.0092246 0.0
v 0.0170435 -0.0092246 0.0016
v 0.0177373 -0.0102627 0.0
v 0.0177373 -0.0102627 0.0016
v 0.0187754 -0.0109565 0.0
v 0.0187754 -0.0109565 0.0016
v 0.02 -0.0112 0.0
v 0.02 -0.0112 0.0016
v 0.0212246 -0.0109565 0.0
v 0.0212246 -0.0109565 0.0016
v 0.0222627 -0.0102627 0.0
v 0.0222627 -0.0102627 0.0016
v 0.022956499999999998 -0.0092246 0.0
v 0.022956499999999998 -0.0092246 0.0016
v 0.0232 -0.008 0.0
v 0.0232 -0.008 0.0016
v 0.022956499999999998 -0.0067754 0.0
v 0.022956499999999998 -0.0067754 0.0016
v 0.0222627 -0.0057373 0.0
v 0.0222627 -0.0057373 0.0016
v 0.0212246 -0.0050435 0.0
v 0.0212246 -0.0050435 0.0016
v 0.0168 -0.008 0.0
v 0.0176 -0.008 0.0
v 0.0177826 -0.0089185 0.0
v 0.0170435 -0.0092246 0.0
v 0.018303 -0.009697 0.0
v 0.0177373 -0.0102627 0.0
v 0.0190815 -0.0102174 0.0
v 0.0187754 -0.0109565 0.0
v 0.02 -0.0104 0.0
v 0.02 -0.0112 0.0
v 0.0209185 -0.0102174 0.0
v 0.0212246 -0.0109565 0.0
v 0.021697 -0.009697 0.0
v 0.0222627 -0.0102627 0.0
v 0.022217399999999998 -0.0089185 0.0
v 0.022956499999999998 -0.0092246 0.0
v 0.0224 -0.008 0.0
v 0.0232 -0.008 0.0
v 0.022217399999999998 -0.0070815 0.0
v 0.022956499999999998 -0.0067754 0.0
v 0.021697 -0.006303 0.0
v 0.0222627 -0.0057373 0.0
v 0.0209185 -0.0057826 0.0
v 0.0212246 -0.0050435 0.0
v 0.02 -0.0056 0.0
v 0.02 -0.0048 0.0
v 0.0190815 -0.0057826 0.0
v 0.0187754 -0.0050435 0.0
v 0.018303 -0.006303 0.0
v 0.0177373 -0.0057373 0.0
v 0.0177826 -0.0070815 0.0
v 0.0170435 -0.0067754 0.0
v 0.02 -0.0136 0.0
v 0.0190815 -0.0137826 0.0
v 0.0190815 -0.0137826 0.0016
v 0.02 -0.0136 0.0016
v 0.018303 -0.014303 0.0
v 0.018303 -0.014303 0.0016
v 0.0177826 -0.0150815 0.0
v 0.0177826 -0.0150815 0.0016
v 0.0176 -0.016 0.0
v 0.0176 -0.016 0.0016
v 0.0177826 -0.0169185 0.0
v 0.0177826 -0.0169185 0.0016
v 0.018303 -0.017697 0.0
v 0.018303 -0.017697 0.0016
v 0.0190815 -0.0182174 0.0
v 0.0190815 -0.0182174 0.0016
v 0.02 -0.0184 0.0
v 0.02 -0.0184 0.0016
v 0.0209185 -0.0182174 0.0
v 0.0209185 -0.0182174 0.0016
v 0.021697 -0.017697 0.0
v 0.021697 -0.017697 0.0016
v 0.022217399999999998 -0.0169185 0.0
v 0.022217399999999998 -0.0169185 0.0016
v 0.0224 -0.016 0.0
v 0.0224 -0.016 0.0016
v 0.022217399999999998 -0.0150815 0.0
v 0.022217399999999998 -0.0150815 0.0016
v 0.021697 -0.014303 0.0
v 0.021697 -0.014303 0.0016
v 0.0209185 -0.0137826 0.0
v 0.0209185 -0.0137826 0.0016
v 0.02 -0.0128 0.0
v 0.0187754 -0.0130435 0.0
v 0.0187754 -0.0130435 0.0016
v 0.02 -0.0128 0.0016
v 0.0177373 -0.0137373 0.0
v 0.0177373 -0.0137373 0.0016
v 0.0170435 -0.0147754 0.0
v 0.0170435 -0.0147754 0.0016
v 0.0168 -0.016 0.0
v 0.0168 -0.016 0.0016
v 0.0170435 -0.0172246 0.0
v 0.0170435 -0.0172246 0.0016
v 0.0177373 -0.0182627 0.0
v 0.0177373 -0.0182627 0.0016
v 0.0187754 -0.0189565 0.0
v 0.0187754 -0.0189565 0.0016
v 0.02 -0.0192 0.0
v 0.02 -0.0192 0.0016
v 0.0212246 -0.0189565 0.0
v 0.0212246 -0.0189565 0.0016
v 0.0222627 -0.0182627 0.0
v 0.0222627 -0.0182627 0.0016
v 0.022956499999999998 -0.0172246 0.0
v 0.022956499999999998 -0.0172246 0.0016
v 0.0232 -0.016 0.0
v 0.0232 -0.016 0.0016
v 0.022956499999999998 -0.0147754 0.0
v 0.022956499999999998 -0.0147754 0.0016
v 0.0222627 -0.0137373 0.0
v 0.0222627 -0.0137373 0.0016
v 0.0212246 -0.0130435 0.0
v 0.0212246 -0.0130435 0.0016
v 0.0168 -0.016 0.0
v 0.0176 -0.016 0.0
v 0.0177826 -0.0169185 0.0
v 0.0170435 -0.0172246 0.0
v 0.018303 -0.017697 0.0
v 0.0177373 -0.0182627 0.0
v 0.0190815 -0.0182174 0.0
v 0.0187754 -0.0189565 0.0
v 0.02 -0.0184 0.0
v 0.02 -0.0192 0.0
v 0.0209185 -0.0182174 0.0
v 0.0212246 -0.0189565 0.0
v 0.021697 -0.017697 0.0
v 0.0222627 -0.0182627 0.0
v 0.022217399999999998 -0.0169185 0.0
v 0.022956499999999998 -0.0172246 0.0
v 0.0224 -0.016 0.0
v 0.0232 -0.016 0.0
v 0.022217399999999998 -0.0150815 0.0
v 0.022956499999999998 -0.0147754 0.0
v 0.021697 -0.014303 0.0
v 0.0222627 -0.0137373 0.0
v 0.0209185 -0.0137826 0.0
v 0.0212246 -0.0130435 0.0
v 0.02 -0.0136 0.0
v 0.02 -0.0128 0.0
v 0.0190815 -0.0137826 0.0
v 0.0187754 -0.0130435 0.0
v 0.018303 -0.014303 0.0
v 0.0177373 -0.0137373 0.0
v 0.0177826 -0.0150815 0.0
v 0.0170435 -0.0147754 0.0
v 0.02 -0.0216 0.0
v 0.0190815 -0.0217826 0.0
v 0.0190815 -0.0217826 0.0016
v 0.02 -0.0216 0.0016
v 0.018303 -0.022303 0.0
v 0.018303 -0.022303 0.0016
v 0.0177826 -0.0230815 0.0
v 0.0177826 -0.0230815 0.0016
v 0.0176 -0.024 0.0
v 0.0176 -0.024 0.0016
v 0.0177826 -0.0249185 0.0
v 0.0177826 -0.0249185 0.0016
v 0.018303 -0.025697 0.0
v 0.018303 -0.025697 0.0016
v 0.0190815 -0.0262174 0.0
v 0.0190815 -0.0262174 0.0016
v 0.02 -0.0264 0.0
v 0.02 -0.0264 0.0016
v 0.0209185 -0.0262174 0.0
v 0.0209185 -0.0262174 0.0016
v 0.021697 -0.025697 0.0
v 0.021697 -0.025697 0.0016
v 0.022217399999999998 -0.0249185 0.0
v 0.022217399999999998 -0.0249185 0.0016
v 0.0224 -0.024 0.0
v 0.0224 -0.024 0.0016
v 0.022217399999999998 -0.0230815 0.0
v 0.022217399999999998 -0.0230815 0.0016
v 0.021697 -0.022303 0.0
v 0.021697 -0.022303 0.0016
v 0.0209185 -0.0217826 0.0
v 0.0209185 -0.0217826 0.0016
v 0.02 -0.0208 0.0
v 0.0187754 -0.0210435 0.0
v 0.0187754 -0.0210435 0.0016
v 0.02 -0.0208 0.0016
v 0.0177373 -0.0217373 0.0
v 0.0177373 -0.0217373 0.0016
v 0.0170435 -0.0227754 0.0
v 0.0170435 -0.0227754 0.0016
v 0.0168 -0.024 0.0
v 0.0168 -0.024 0.0016
v 0.0170435 -0.0252246 0.0
v 0.0170435 -0.0252246 0.0016
v 0.0177373 -0.0262627 0.0
v 0.0177373 -0.0262627 0.0016
v 0.0187754 -0.0269565 0.0
v 0.0187754 -0.0269565 0.0016
v 0.02 -0.0272 0.0
v 0.02 -0.0272 0.0016
v 0.0212246 -0.0269565 0.0
v 0.0212246 -0.0269565 0.0016
v 0.0222627 -0.0262627 0.0
v 0.0222627 -0.0262627 0.0016
v 0.022956499999999998 -0.0252246 0.0
v 0.022956499999999998 -0.0252246 0.0016
v 0.0232 -0.024 0.0
v 0.0232 -0.024 0.0016
v 0.022956499999999998 -0.0227754 0.0
v 0.022956499999999998 -0.0227754 0.0016
v 0.0222627 -0.0217373 0.0
v 0.0222627 -0.0217373 0.0016
v 0.0212246 -0.0210435 0.0
v 0.0212246 -0.0210435 0.0016
v 0.0168 -0.024 0.0
v 0.0176 -0.024 0.0
v 0.0177826 -0.0249185 0.0
v 0.0170435 -0.0252246 0.0
v 0.018303 -0.025697 0.0
v 0.0177373 -0.0262627 0.0
v 0.0190815 -0.0262174 0.0
v 0.0187754 -0.0269565 0.0
v 0.02 -0.0264 0.0
v 0.02 -0.0272 0.0
v 0.0209185 -0.0262174 0.0
v 0.0212246 -0.0269565 0.0
v 0.021697 -0.025697 0.0
v 0.0222627 -0.0262627 0.0
v 0.022217399999999998 -0.0249185 0.0
v 0.022956499999999998 -0.0252246 0.0
v 0.0224 -0.024 0.0
v 0.0232 -0.024 0.0
v 0.022217399999999998 -0.0230815 0.0
v 0.022956499999999998 -0.0227754 0.0
v 0.021697 -0.022303 0.0
v 0.0222627 -0.0217373 0.0
v 0.0209185 -0.0217826 0.0
v 0.0212246 -0.0210435 0.0
v 0.02 -0.0216 0.0
v 0.02 -0.0208 0.0
v 0.0190815 -0.0217826 0.0
v 0.0187754 -0.0210435 0.0
v 0.018303 -0.022303 0.0
v 0.0177373 -0.0217373 0.0
v 0.0177826 -0.0230815 0.0
v 0.0170435 -0.0227754 0.0
v 0.0264 -0.0304 0.0016
v 0.0264 0.0304 0.0016
v -0.0184 0.0304 0.0016
v -0.0184 -0.0304 0.0016
v -0.0184 0.0304 0.0016
v -0.0184 0.0304 0.0
v -0.0184 -0.0304 0.0
v -0.0184 -0.0304 0.0016
v -0.0184 -0.0304 0.0016
v -0.0184 -0.0304 0.0
v 0.0264 -0.0304 0.0
v 0.0264 -0.0304 0.0016
v 0.0264 -0.0304 0.0016
v 0.0264 -0.0304 0.0
v 0.0264 0.0304 0.0
v 0.0264 0.0304 0.0016
v 0.0264 0.0304 0.0016
v 0.0264 0.0304 0.0
v -0.0184 0.0304 0.0
v -0.0184 0.0304 0.0016
v 0.028 0.032 0.0
v 0.0264 0.0304 0.0
v 0.0264 -0.0304 0.0
v 0.028 -0.032 0.0
v -0.02 0.032 0.0
v -0.0184 0.0304 0.0
v -0.0184 -0.0304 0.0
v -0.02 -0.032 0.0
v 0.028 -0.032 0.0032
v 0.028 0.032 0.0032
v -0.02 0.032 0.0032
v -0.02 -0.032 0.0032
v -0.02 0.032 0.0032
v -0.02 0.032 0.0
v -0.02 -0.032 0.0
v -0.02 -0.032 0.0032
v -0.02 -0.032 0.0032
v -0.02 -0.032 0.0
v 0.028 -0.032 0.0
v 0.028 -0.032 0.0032
v 0.028 -0.032 0.0032
v 0.028 -0.032 0.0
v 0.028 0.032 0.0
v 0.028 0.032 0.0032
v 0.028 0.032 0.0032
v 0.028 0.032 0.0
v -0.02 0.032 0.0
v -0.02 0.032 0.0032
v -0.016 0.0304 0.0032
v -0.0169185 0.0302174 0.0032
v -0.0169185 0.0302174 0.0048000000000000004
v -0.016 0.0304 0.0048000000000000004
v -0.017697 0.029697 0.0032
v -0.017697 0.029697 0.0048000000000000004
v -0.018217399999999998 0.0289185 0.0032
v -0.018217399999999998 0.0289185 0.0048000000000000004
v -0.0184 0.028 0.0032
v -0.0184 0.028 0.0048000000000000004
v -0.018217399999999998 0.0270815 0.0032
v -0.018217399999999998 0.0270815 0.0048000000000000004
v -0.017697 0.026303 0.0032
v -0.017697 0.026303 0.0048000000000000004
v -0.0169185 0.0257826 0.0032
v -0.0169185 0.0257826 0.0048000000000000004
v -0.016 0.0256 0.0032
v -0.016 0.0256 0.0048000000000000004
v -0.015081500000000001 0.0257826 0.0032
v -0.015081500000000001 0.0257826 0.0048000000000000004
v -0.014303 0.026303 0.0032
v -0.014303 0.026303 0.0048000000000000004
v -0.013782599999999999 0.0270815 0.0032
v -0.013782599999999999 0.0270815 0.0048000000000000004
v -0.013600000000000001 0.028 0.0032
v -0.013600000000000001 0.028 0.0048000000000000004
v -0.013782599999999999 0.0289185 0.0032
v -0.013782599999999999 0.0289185 0.0048000000000000004
v -0.014303 0.029697 0.0032
v -0.014303 0.029697 0.0048000000000000004
v -0.015081500000000001 0.0302174 0.0032
v -0.015081500000000001 0.0302174 0.0048000000000000004
v -0.0169185 0.0302174 0.0048000000000000004
v -0.016 0.0304 0.0048000000000000004
v -0.016 0.028 0.0048000000000000004
v -0.017697 0.029697 0.0048000000000000004
v -0.018217399999999998 0.0289185 0.0048000000000000004
v -0.0184 0.028 0.0048000000000000004
v -0.018217399999999998 0.0270815 0.0048000000000000004
v -0.017697 0.026303 0.0048000000000000004
v -0.0169185 0.0257826 0.0048000000000000004
v -0.016 0.0256 0.0048000000000000004
v -0.015081500000000001 0.0257826 0.0048000000000000004
v -0.014303 0.026303 0.0048000000000000004
v -0.013782599999999999 0.0270815 0.0048000000000000004
v -0.013600000000000001 0.028 0.0048000000000000004
v -0.013782599999999999 0.0289185 0.0048000000000000004
v -0.014303 0.029697 0.0048000000000000004
v -0.015081500000000001 0.0302174 0.0048000000000000004
v -0.016 0.0224 0.0032
v -0.0169185 0.0222174 0.0032
v -0.0169185 0.0222174 0.0048000000000000004
v -0.016 0.0224 0.0048000000000000004
v -0.017697 0.021697 0.0032
v -0.017697 0.021697 0.0048000000000000004
v -0.018217399999999998 0.0209185 0.0032
v -0.018217399999999998 0.0209185 0.0048000000000000004
v -0.0184 0.02 0.0032
v -0.0184 0.02 0.0048000000000000004
v -0.018217399999999998 0.0190815 0.0032
v -0.018217399999999998 0.0190815 0.0048000000000000004
v -0.017697 0.018303 0.0032
v -0.017697 0.018303 0.0048000000000000004
v -0.0169185 0.0177826 0.0032
v -0.0169185 0.0177826 0.0048000000000000004
v -0.016 0.0176 0.0032
v -0.016 0.0176 0.0048000000000000004
v -0.015081500000000001 0.0177826 0.0032
v -0.015081500000000001 0.0177826 0.0048000000000000004
v -0.014303 0.018303 0.0032
v -0.014303 0.018303 0.0048000000000000004
v -0.013782599999999999 0.0190815 0.0032
v -0.013782599999999999 0.0190815 0.0048000000000000004
v -0.013600000000000001 0.02 0.0032
v -0.013600000000000001 0.02 0.0048000000000000004
v -0.013782599999999999 0.0209185 0.0032
v -0.013782599999999999 0.0209185 0.0048000000000000004
v -0.014303 0.021697 0.0032
v -0.014303 0.021697 0.0048000000000000004
v -0.015081500000000001 0.0222174 0.0032
v -0.015081500000000001 0.0222174 0.0048000000000000004
v -0.0169185 0.0222174 0.0048000000000000004
v -0.016 0.0224 0.0048000000000000004
v -0.016 0.02 0.0048000000000000004
v -0.017697 0.021697 0.0048000000000000004
v -0.018217399999999998 0.0209185 0.0048000000000000004
v -0.0184 0.02 0.0048000000000000004
v -0.018217399999999998 0.0190815 0.0048000000000000004
v -0.017697 0.018303 0.0048000000000000004
v -0.0169185 0.0177826 0.0048000000000000004
v -0.016 0.0176 0.0048000000000000004
v -0.015081500000000001 0.0177826 0.0048000000000000004
v -0.014303 0.018303 0.0048000000000000004
v -0.013782599999999999 0.0190815 0.0048000000000000004
v -0.013600000000000001 0.02 0.0048000000000000004
v -0.013782599999999999 0.0209185 0.0048000000000000004
v -0.014303 0.021697 0.0048000000000000004
v -0.015081500000000001 0.0222174 0.0048000000000000004
v -0.016 0.0144 0.0032
v -0.0169185 0.0142174 0.0032
v -0.0169185 0.0142174 0.0048000000000000004
v -0.016 0.0144 0.0048000000000000004
v -0.017697 0.013697 0.0032
v -0.017697 0.013697 0.0048000000000000004
v -0.018217399999999998 0.0129185 0.0032
v -0.018217399999999998 0.0129185 0.0048000000000000004
v -0.0184 0.012 0.0032
v -0.0184 0.012 0.0048000000000000004
v -0.018217399999999998 0.0110815 0.0032
v -0.018217399999999998 0.0110815 0.0048000000000000004
v -0.017697 0.010303 0.0032
v -0.017697 0.010303 0.0048000000000000004
v -0.0169185 0.0097826 0.0032
v -0.0169185 0.0097826 0.0048000000000000004
v -0.016 0.0096 0.0032
v -0.016 0.0096 0.0048000000000000004
v -0.015081500000000001 0.0097826 0.0032
v -0.015081500000000001 0.0097826 0.0048000000000000004
v -0.014303 0.010303 0.0032
v -0.014303 0.010303 0.0048000000000000004
v -0.013782599999999999 0.0110815 0.0032
v -0.013782599999999999 0.0110815 0.0048000000000000004
v -0.013600000000000001 0.012 0.0032
v -0.013600000000000001 0.012 0.0048000000000000004
v -0.013782599999999999 0.0129185 0.0032
v -0.013782599999999999 0.0129185 0.0048000000000000004
v -0.014303 0.013697 0.0032
v -0.014303 0.013697 0.0048000000000000004
v -0.015081500000000001 0.0142174 0.0032
v -0.015081500000000001 0.0142174 0.0048000000000000004
v -0.0169185 0.0142174 0.0048000000000000004
v -0.016 0.0144 0.0048000000000000004
v -0.016 0.012 0.0048000000000000004
v -0.017697 0.013697 0.0048000000000000004
v -0.018217399999999998 0.0129185 0.0048000000000000004
v -0.0184 0.012 0.0048000000000000004
v -0.018217399999999998 0.0110815 0.0048000000000000004
v -0.017697 0.010303 0.0048000000000000004
v -0.0169185 0.0097826 0.0048000000000000004
v -0.016 0.0096 0.0048000000000000004
v -0.015081500000000001 0.0097826 0.0048000000000000004
v -0.014303 0.010303 0.0048000000000000004
v -0.013782599999999999 0.0110815 0.0048000000000000004
v -0.013600000000000001 0.012 0.0048000000000000004
v -0.013782599999999999 0.0129185 0.0048000000000000004
v -0.014303 0.013697 0.0048000000000000004
v -0.015081500000000001 0.0142174 0.0048000000000000004
v -0.016 0.0064 0.0032
v -0.0169185 0.0062174 0.0032
v -0.0169185 0.0062174 0.0048000000000000004
v -0.016 0.0064 0.0048000000000000004
v -0.017697 0.005697 0.0032
v -0.017697 0.005697 0.0048000000000000004
v -0.018217399999999998 0.0049185 0.0032
v -0.018217399999999998 0.0049185 0.0048000000000000004
v -0.0184 0.004 0.0032
v -0.0184 0.004 0.0048000000000000004
v -0.018217399999999998 0.0030815 0.0032
v -0.018217399999999998 0.0030815 0.0048000000000000004
v -0.017697 0.002303 0.0032
v -0.017697 0.002303 0.0048000000000000004
v -0.0169185 0.0017826 0.0032
v -0.0169185 0.0017826 0.0048000000000000004
v -0.016 0.0016 0.0032
v -0.016 0.0016 0.0048000000000000004
v -0.015081500000000001 0.0017826 0.0032
v -0.015081500000000001 0.0017826 0.0048000000000000004
v -0.014303 0.002303 0.0032
v -0.014303 0.002303 0.0048000000000000004
v -0.013782599999999999 0.0030815 0.0032
v -0.013782599999999999 0.0030815 0.0048000000000000004
v -0.013600000000000001 0.004 0.0032
v -0.013600000000000001 0.004 0.0048000000000000004
v -0.013782599999999999 0.0049185 0.0032
v -0.013782599999999999 0.0049185 0.0048000000000000004
v -0.014303 0.005697 0.0032
v -0.014303 0.005697 0.0048000000000000004
v -0.015081500000000001 0.0062174 0.0032
v -0.015081500000000001 0.0062174 0.0048000000000000004
v -0.0169185 0.0062174 0.0048000000000000004
v -0.016 0.0064 0.0048000000000000004
v -0.016 0.004 0.0048000000000000004
v -0.017697 0.005697 0.0048000000000000004
v -0.018217399999999998 0.0049185 0.0048000000000000004
v -0.0184 0.004 0.0048000000000000004
v -0.018217399999999998 0.0030815 0.0048000000000000004
v -0.017697 0.002303 0.0048000000000000004
v -0.0169185 0.0017826 0.0048000000000000004
v -0.016 0.0016 0.0048000000000000004
v -0.015081500000000001 0.0017826 0.0048000000000000004
v -0.014303 0.002303 0.0048000000000000004
v -0.013782599999999999 0.0030815 0.0048000000000000004
v -0.013600000000000001 0.004 0.0048000000000000004
v -0.013782599999999999 0.0049185 0.0048000000000000004
v -0.014303 0.005697 0.0048000000000000004
v -0.015081500000000001 0.0062174 0.0048000000000000004
v -0.016 -0.0016 0.0032
v -0.0169185 -0.0017826 0.0032
v -0.0169185 -0.0017826 0.0048000000000000004
v -0.016 -0.0016 0.0048000000000000004
v -0.017697 -0.002303 0.0032
v -0.017697 -0.002303 0.0048000000000000004
v -0.018217399999999998 -0.0030815 0.0032
v -0.018217399999999998 -0.0030815 0.0048000000000000004
v -0.0184 -0.004 0.0032
v -0.0184 -0.004 0.0048000000000000004
v -0.018217399999999998 -0.0049185 0.0032
v -0.018217399999999998 -0.0049185 0.0048000000000000004
v -0.017697 -0.005697 0.0032
v -0.017697 -0.005697 0.0048000000000000004
v -0.0169185 -0.0062174 0.0032
v -0.0169185 -0.0062174 0.0048000000000000004
v -0.016 -0.0064 0.0032
v -0.016 -0.0064 0.0048000000000000004
v -0.015081500000000001 -0.0062174 0.0032
v -0.015081500000000001 -0.0062174 0.0048000000000000004
v -0.014303 -0.005697 0.0032
v -0.014303 -0.005697 0.0048000000000000004
v -0.013782599999999999 -0.0049185 0.0032
v -0.013782599999999999 -0.0049185 0.0048000000000000004
v -0.013600000000000001 -0.004 0.0032
v -0.013600000000000001 -0.004 0.0048000000000000004
v -0.013782599999999999 -0.0030815 0.0032
v -0.013782599999999999 -0.0030815 0.0048000000000000004
v -0.014303 -0.002303 0.0032
v -0.014303 -0.002303 0.0048000000000000004
v -0.015081500000000001 -0.0017826 0.0032
v -0.015081500000000001 -0.0017826 0.0048000000000000004
v -0.0169185 -0.0017826 0.0048000000000000004
v -0.016 -0.0016 0.0048000000000000004
v -0.016 -0.004 0.0048000000000000004
v -0.017697 -0.002303 0.0048000000000000004
v -0.018217399999999998 -0.0030815 0.0048000000000000004
v -0.0184 -0.004 0.0048000000000000004
v -0.018217399999999998 -0.0049185 0.0048000000000000004
v -0.017697 -0.005697 0.0048000000000000004
v -0.0169185 -0.0062174 0.0048000000000000004
v -0.016 -0.0064 0.0048000000000000004
v -0.015081500000000001 -0.0062174 0.0048000000000000004
v -0.014303 -0.005697 0.0048000000000000004
v -0.013782599999999999 -0.0049185 0.0048000000000000004
v -0.013600000000000001 -0.004 0.0048000000000000004
v -0.013782599999999999 -0.0030815 0.0048000000000000004
v -0.014303 -0.002303 0.0048000000000000004
v -0.015081500000000001 -0.0017826 0.0048000000000000004
v -0.016 -0.0096 0.0032
v -0.0169185 -0.0097826 0.0032
v -0.0169185 -0.0097826 0.0048000000000000004
v -0.016 -0.0096 0.0048000000000000004
v -0.017697 -0.010303 0.0032
v -0.017697 -0.010303 0.0048000000000000004
v -0.018217399999999998 -0.0110815 0.0032
v -0.018217399999999998 -0.0110815 0.0048000000000000004
v -0.0184 -0.012 0.0032
v -0.0184 -0.012 0.0048000000000000004
v -0.018217399999999998 -0.0129185 0.0032
v -0.018217399999999998 -0.0129185 0.0048000000000000004
v -0.017697 -0.013697 0.0032
v -0.017697 -0.013697 0.0048000000000000004
v -0.0169185 -0.0142174 0.0032
v -0.0169185 -0.0142174 0.0048000000000000004
v -0.016 -0.0144 0.0032
v -0.016 -0.0144 0.0048000000000000004
v -0.015081500000000001 -0.0142174 0.0032
v -0.015081500000000001 -0.0142174 0.0048000000000000004
v -0.014303 -0.013697 0.0032
v -0.014303 -0.013697 0.0048000000000000004
v -0.013782599999999999 -0.0129185 0.0032
v -0.013782599999999999 -0.0129185 0.0048000000000000004
v -0.013600000000000001 -0.012 0.0032
v -0.013600000000000001 -0.012 0.0048000000000000004
v -0.013782599999999999 -0.0110815 0.0032
v -0.013782599999999999 -0.0110815 0.0048000000000000004
v -0.014303 -0.010303 0.0032
v -0.014303 -0.010303 0.0048000000000000004
v -0.015081500000000001 -0.0097826 0.0032
v -0.015081500000000001 -0.0097826 0.0048000000000000004
v -0.0169185 -0.0097826 0.0048000000000000004
v -0.016 -0.0096 0.0048000000000000004
v -0.016 -0.012 0.0048000000000000004
v -0.017697 -0.010303 0.0048000000000000004
v -0.018217399999999998 -0.0110815 0.0048000000000000004
v -0.0184 -0.012 0.0048000000000000004
v -0.018217399999999998 -0.0129185 0.0048000000000000004
v -0.017697 -0.013697 0.0048000000000000004
v -0.0169185 -0.0142174 0.0048000000000000004
v -0.016 -0.0144 0.0048000000000000004
v -0.015081500000000001 -0.0142174 0.0048000000000000004
v -0.014303 -0.013697 0.0048000000000000004
v -0.013782599999999999 -0.0129185 0.0048000000000000004
v -0.013600000000000001 -0.012 0.0048000000000000004
v -0.013782599999999999 -0.0110815 0.0048000000000000004
v -0.014303 -0.010303 0.0048000000000000004
v -0.015081500000000001 -0.0097826 0.0048000000000000004
v -0.016 -0.0176 0.0032
v -0.0169185 -0.0177826 0.0032
v -0.0169185 -0.0177826 0.0048000000000000004
v -0.016 -0.0176 0.0048000000000000004
v -0.017697 -0.018303 0.0032
v -0.017697 -0.018303 0.0048000000000000004
v -0.018217399999999998 -0.0190815 0.0032
v -0.018217399999999998 -0.0190815 0.0048000000000000004
v -0.0184 -0.02 0.0032
v -0.0184 -0.02 0.0048000000000000004
v -0.018217399999999998 -0.0209185 0.0032
v -0.018217399999999998 -0.0209185 0.0048000000000000004
v -0.017697 -0.021697 0.0032
v -0.017697 -0.021697 0.0048000000000000004
v -0.0169185 -0.0222174 0.0032
v -0.0169185 -0.0222174 0.0048000000000000004
v -0.016 -0.0224 0.0032
v -0.016 -0.0224 0.0048000000000000004
v -0.015081500000000001 -0.0222174 0.0032
v -0.015081500000000001 -0.0222174 0.0048000000000000004
v -0.014303 -0.021697 0.0032
v -0.014303 -0.021697 0.0048000000000000004
v -0.013782599999999999 -0.0209185 0.0032
v -0.013782599999999999 -0.0209185 0.0048000000000000004
v -0.013600000000000001 -0.02 0.0032
v -0.013600000000000001 -0.02 0.0048000000000000004
v -0.013782599999999999 -0.0190815 0.0032
v -0.013782599999999999 -0.0190815 0.0048000000000000004
v -0.014303 -0.018303 0.0032
v -0.014303 -0.018303 0.0048000000000000004
v -0.015081500000000001 -0.0177826 0.0032
v -0.015081500000000001 -0.0177826 0.0048000000000000004
v -0.0169185 -0.0177826 0.0048000000000000004
v -0.016 -0.0176 0.0048000000000000004
v -0.016 -0.02 0.0048000000000000004
v -0.017697 -0.018303 0.0048000000000000004
v -0.018217399999999998 -0.0190815 0.0048000000000000004
v -0.0184 -0.02 0.0048000000000000004
v -0.018217399999999998 -0.0209185 0.0048000000000000004
v -0.017697 -0.021697 0.0048000000000000004
v -0.0169185 -0.0222174 0.0048000000000000004
v -0.016 -0.0224 0.0048000000000000004
v -0.015081500000000001 -0.0222174 0.0048000000000000004
v -0.014303 -0.021697 0.0048000000000000004
v -0.013782599999999999 -0.0209185 0.0048000000000000004
v -0.013600000000000001 -0.02 0.0048000000000000004
v -0.013782599999999999 -0.0190815 0.0048000000000000004
v -0.014303 -0.018303 0.0048000000000000004
v -0.015081500000000001 -0.0177826 0.0048000000000000004
v -0.016 -0.0256 0.0032
v -0.0169185 -0.0257826 0.0032
v -0.0169185 -0.0257826 0.0048000000000000004
v -0.016 -0.0256 0.0048000000000000004
v -0.017697 -0.026303 0.0032
v -0.017697 -0.026303 0.0048000000000000004
v -0.018217399999999998 -0.0270815 0.0032
v -0.018217399999999998 -0.0270815 0.0048000000000000004
v -0.0184 -0.028 0.0032
v -0.0184 -0.028 0.0048000000000000004
v -0.018217399999999998 -0.0289185 0.0032
v -0.018217399999999998 -0.0289185 0.0048000000000000004
v -0.017697 -0.029697 0.0032
v -0.017697 -0.029697 0.0048000000000000004
v -0.0169185 -0.0302174 0.0032
v -0.0169185 -0.0302174 0.0048000000000000004
v -0.016 -0.0304 0.0032
v -0.016 -0.0304 0.0048000000000000004
v -0.015081500000000001 -0.0302174 0.0032
v -0.015081500000000001 -0.0302174 0.0048000000000000004
v -0.014303 -0.029697 0.0032
v -0.014303 -0.029697 0.0048000000000000004
v -0.013782599999999999 -0.0289185 0.0032
v -0.013782599999999999 -0.0289185 0.0048000000000000004
v -0.013600000000000001 -0.028 0.0032
v -0.013600000000000001 -0.028 0.0048000000000000004
v -0.013782599999999999 -0.0270815 0.0032
v -0.013782599999999999 -0.0270815 0.0048000000000000004
v -0.014303 -0.026303 0.0032
v -0.014303 -0.026303 0.0048000000000000004
v -0.015081500000000001 -0.0257826 0.0032
v -0.015081500000000001 -0.0257826 0.0048000000000000004
v -0.0169185 -0.0257826 0.0048000000000000004
v -0.016 -0.0256 0.0048000000000000004
v -0.016 -0.028 0.0048000000000000004
v -0.017697 -0.026303 0.0048000000000000004
v -0.018217399999999998 -0.0270815 0.0048000000000000004
v -0.0184 -0.028 0.0048000000000000004
v -0.018217399999999998 -0.0289185 0.0048000000000000004
v -0.017697 -0.029697 0.0048000000000000004
v -0.0169185 -0.0302174 0.0048000000000000004
v -0.016 -0.0304 0.0048000000000000004
v -0.015081500000000001 -0.0302174 0.0048000000000000004
v -0.014303 -0.029697 0.0048000000000000004
v -0.013782599999999999 -0.0289185 0.0048000000000000004
v -0.013600000000000001 -0.028 0.0048000000000000004
v -0.013782599999999999 -0.0270815 0.0048000000000000004
v -0.014303 -0.026303 0.0048000000000000004
v -0.015081500000000001 -0.0257826 0.0048000000000000004
v -0.008 0.0304 0.0032
v -0.0089185 0.0302174 0.0032
v -0.0089185 0.0302174 0.0048000000000000004
v -0.008 0.0304 0.0048000000000000004
v -0.009697 0.029697 0.0032
v -0.009697 0.029697 0.0048000000000000004
v -0.010217400000000001 0.0289185 0.0032
v -0.010217400000000001 0.0289185 0.0048000000000000004
v -0.0104 0.028 0.0032
v -0.0104 0.028 0.0048000000000000004
v -0.010217400000000001 0.0270815 0.0032
v -0.010217400000000001 0.0270815 0.0048000000000000004
v -0.009697 0.026303 0.0032
v -0.009697 0.026303 0.0048000000000000004
v -0.0089185 0.0257826 0.0032
v -0.0089185 0.0257826 0.0048000000000000004
v -0.008 0.0256 0.0032
v -0.008 0.0256 0.0048000000000000004
v -0.007081500000000001 0.0257826 0.0032
v -0.007081500000000001 0.0257826 0.0048000000000000004
v -0.006303 0.026303 0.0032
v -0.006303 0.026303 0.0048000000000000004
v -0.005782599999999999 0.0270815 0.0032
v -0.005782599999999999 0.0270815 0.0048000000000000004
v -0.005600000000000001 0.028 0.0032
v -0.005600000000000001 0.028 0.0048000000000000004
v -0.005782599999999999 0.0289185 0.0032
v -0.005782599999999999 0.0289185 0.0048000000000000004
v -0.006303 0.029697 0.0032
v -0.006303 0.029697 0.0048000000000000004
v -0.007081500000000001 0.0302174 0.0032
v -0.007081500000000001 0.0302174 0.0048000000000000004
v -0.0089185 0.0302174 0.0048000000000000004
v -0.008 0.0304 0.0048000000000000004
v -0.008 0.028 0.0048000000000000004
v -0.009697 0.029697 0.0048000000000000004
v -0.010217400000000001 0.0289185 0.0048000000000000004
v -0.0104 0.028 0.0048000000000000004
v -0.010217400000000001 0.0270815 0.0048000000000000004
v -0.009697 0.026303 0.0048000000000000004
v -0.0089185 0.0257826 0.0048000000000000004
v -0.008 0.0256 0.0048000000000000004
v -0.007081500000000001 0.0257826 0.0048000000000000004
v -0.006303 0.026303 0.0048000000000000004
v -0.005782599999999999 0.0270815 0.0048000000000000004
v -0.005600000000000001 0.028 0.0048000000000000004
v -0.005782599999999999 0.0289185 0.0048000000000000004
v -0.006303 0.029697 0.0048000000000000004
v -0.007081500000000001 0.0302174 0.0048000000000000004
v -0.008 0.0224 0.0032
v -0.0089185 0.0222174 0.0032
v -0.0089185 0.0222174 0.0048000000000000004
v -0.008 0.0224 0.0048000000000000004
v -0.009697 0.021697 0.0032
v -0.009697 0.021697 0.0048000000000000004
v -0.010217400000000001 0.0209185 0.0032
v -0.010217400000000001 0.0209185 0.0048000000000000004
v -0.0104 0.02 0.0032
v -0.0104 0.02 0.0048000000000000004
v -0.010217400000000001 0.0190815 0.0032
v -0.010217400000000001 0.0190815 0.0048000000000000004
v -0.009697 0.018303 0.0032
v -0.009697 0.018303 0.0048000000000000004
v -0.0089185 0.0177826 0.0032
v -0.0089185 0.0177826 0.0048000000000000004
v -0.008 0.0176 0.0032
v -0.008 0.0176 0.0048000000000000004
v -0.007081500000000001 0.0177826 0.0032
v -0.007081500000000001 0.0177826 0.0048000000000000004
v -0.006303 0.018303 0.0032
v -0.006303 0.018303 0.0048000000000000004
v -0.005782599999999999 0.0190815 0.0032
v -0.005782599999999999 0.0190815 0.0048000000000000004
v -0.005600000000000001 0.02 0.0032
v -0.005600000000000001 0.02 0.0048000000000000004
v -0.005782599999999999 0.0209185 0.0032
v -0.005782599999999999 0.0209185 0.0048000000000000004
v -0.006303 0.021697 0.0032
v -0.006303 0.021697 0.0048000000000000004
v -0.007081500000000001 0.0222174 0.0032
v -0.007081500000000001 0.0222174 0.0048000000000000004
v -0.0089185 0.0222174 0.0048000000000000004
v -0.008 0.0224 0.0048000000000000004
v -0.008 0.02 0.0048000000000000004
v -0.009697 0.021697 0.0048000000000000004
v -0.010217400000000001 0.0209185 0.0048000000000000004
v -0.0104 0.02 0.0048000000000000004
v -0.010217400000000001 0.0190815 0.0048000000000000004
v -0.009697 0.018303 0.0048000000000000004
v -0.0089185 0.0177826 0.0048000000000000004
v -0.008 0.0176 0.0048000000000000004
v -0.007081500000000001 0.0177826 0.0048000000000000004
v -0.006303 0.018303 0.0048000000000000004
v -0.005782599999999999 0.0190815 0.0048000000000000004
v -0.005600000000000001 0.02 0.0048000000000000004
v -0.005782599999999999 0.0209185 0.0048000000000000004
v -0.006303 0.021697 0.0048000000000000004
v -0.007081500000000001 0.0222174 0.0048000000000000004
v -0.008 0.0144 0.0032
v -0.0089185 0.0142174 0.0032
v -0.0089185 0.0142174 0.0048000000000000004
v -0.008 0.0144 0.0048000000000000004
v -0.009697 0.013697 0.0032
v -0.009697 0.013697 0.0048000000000000004
v -0.010217400000000001 0.0129185 0.0032
v -0.010217400000000001 0.0129185 0.0048000000000000004
v -0.0104 0.012 0.0032
v -0.0104 0.012 0.0048000000000000004
v -0.010217400000000001 0.0110815 0.0032
v -0.010217400000000001 0.0110815 0.0048000000000000004
v -0.009697 0.010303 0.0032
v -0.009697 0.010303 0.0048000000000000004
v -0.0089185 0.0097826 0.0032
v -0.0089185 0.0097826 0.0048000000000000004
v -0.008 0.0096 0.0032
v -0.008 0.0096 0.0048000000000000004
v -0.007081500000000001 0.0097826 0.0032
v -0.007081500000000001 0.0097826 0.0048000000000000004
v -0.006303 0.010303 0.0032
v -0.006303 0.010303 0.0048000000000000004
v -0.005782599999999999 0.0110815 0.0032
v -0.005782599999999999 0.0110815 0.0048000000000000004
v -0.005600000000000001 0.012 0.0032
v -0.005600000000000001 0.012 0.0048000000000000004
v -0.005782599999999999 0.0129185 0.0032
v -0.005782599999999999 0.0129185 0.0048000000000000004
v -0.006303 0.013697 0.0032
v -0.006303 0.013697 0.0048000000000000004
v -0.007081500000000001 0.0142174 0.0032
v -0.007081500000000001 0.0142174 0.0048000000000000004
v -0.0089185 0.0142174 0.0048000000000000004
v -0.008 0.0144 0.0048000000000000004
v -0.008 0.012 0.0048000000000000004
v -0.009697 0.013697 0.0048000000000000004
v -0.010217400000000001 0.0129185 0.0048000000000000004
v -0.0104 0.012 0.0048000000000000004
v -0.010217400000000001 0.0110815 0.0048000000000000004
v -0.009697 0.010303 0.0048000000000000004
v -0.0089185 0.0097826 0.0048000000000000004
v -0.008 0.0096 0.0048000000000000004
v -0.007081500000000001 0.0097826 0.0048000000000000004
v -0.006303 0.010303 0.0048000000000000004
v -0.005782599999999999 0.0110815 0.0048000000000000004
v -0.005600000000000001 0.012 0.0048000000000000004
v -0.005782599999999999 0.0129185 0.0048000000000000004
v -0.006303 0.013697 0.0048000000000000004
v -0.007081500000000001 0.0142174 0.0048000000000000004
v -0.008 0.0064 0.0032
v -0.0089185 0.0062174 0.0032
v -0.0089185 0.0062174 0.0048000000000000004
v -0.008 0.0064 0.0048000000000000004
v -0.009697 0.005697 0.0032
v -0.009697 0.005697 0.0048000000000000004
v -0.010217400000000001 0.0049185 0.0032
v -0.010217400000000001 0.0049185 0.0048000000000000004
v -0.0104 0.004 0.0032
v -0.0104 0.004 0.0048000000000000004
v -0.010217400000000001 0.0030815 0.0032
v -0.010217400000000001 0.0030815 0.0048000000000000004
v -0.009697 0.002303 0.0032
v -0.009697 0.002303 0.0048000000000000004
v -0.0089185 0.0017826 0.0032
v -0.0089185 0.0017826 0.0048000000000000004
v -0.008 0.0016 0.0032
v -0.008 0.0016 0.0048000000000000004
v -0.007081500000000001 0.0017826 0.0032
v -0.007081500000000001 0.0017826 0.0048000000000000004
v -0.006303 0.002303 0.0032
v -0.006303 0.002303 0.0048000000000000004
v -0.005782599999999999 0.0030815 0.0032
v -0.005782599999999999 0.0030815 0.0048000000000000004
v -0.005600000000000001 0.004 0.0032
v -0.005600000000000001 0.004 0.0048000000000000004
v -0.005782599999999999 0.0049185 0.0032
v -0.005782599999999999 0.0049185 0.0048000000000000004
v -0.006303 0.005697 0.0032
v -0.006303 0.005697 0.0048000000000000004
v -0.007081500000000001 0.0062174 0.0032
v -0.007081500000000001 0.0062174 0.0048000000000000004
v -0.0089185 0.0062174 0.0048000000000000004
v -0.008 0.0064 0.0048000000000000004
v -0.008 0.004 0.0048000000000000004
v -0.009697 0.005697 0.0048000000000000004
v -0.010217400000000001 0.0049185 0.0048000000000000004
v -0.0104 0.004 0.0048000000000000004
v -0.010217400000000001 0.0030815 0.0048000000000000004
v -0.009697 0.002303 0.0048000000000000004
v -0.0089185 0.0017826 0.0048000000000000004
v -0.008 0.0016 0.0048000000000000004
v -0.007081500000000001 0.0017826 0.0048000000000000004
v -0.006303 0.002303 0.0048000000000000004
v -0.005782599999999999 0.0030815 0.0048000000000000004
v -0.005600000000000001 0.004 0.0048000000000000004
v -0.005782599999999999 0.0049185 0.0048000000000000004
v -0.006303 0.005697 0.0048000000000000004
v -0.007081500000000001 0.0062174 0.0048000000000000004
v -0.008 -0.0016 0.0032
v -0.0089185 -0.0017826 0.0032
v -0.0089185 -0.0017826 0.0048000000000000004
v -0.008 -0.0016 0.0048000000000000004
v -0.009697 -0.002303 0.0032
v -0.009697 -0.002303 0.0048000000000000004
v -0.010217400000000001 -0.0030815 0.0032
v -0.010217400000000001 -0.0030815 0.0048000000000000004
v -0.0104 -0.004 0.0032
v -0.0104 -0.004 0.0048000000000000004
v -0.010217400000000001 -0.0049185 0.0032
v -0.010217400000000001 -0.0049185 0.0048000000000000004
v -0.009697 -0.005697 0.0032
v -0.009697 -0.005697 0.0048000000000000004
v -0.0089185 -0.0062174 0.0032
v -0.0089185 -0.0062174 0.0048000000000000004
v -0.008 -0.0064 0.0032
v -0.008 -0.0064 0.0048000000000000004
v -0.007081500000000001 -0.0062174 0.0032
v -0.007081500000000001 -0.0062174 0.0048000000000000004
v -0.006303 -0.005697 0.0032
v -0.006303 -0.005697 0.0048000000000000004
v -0.005782599999999999 -0.0049185 0.0032
v -0.005782599999999999 -0.0049185 0.0048000000000000004
v -0.005600000000000001 -0.004 0.0032
v -0.005600000000000001 -0.004 0.0048000000000000004
v -0.005782599999999999 -0.0030815 0.0032
v -0.005782599999999999 -0.0030815 0.0048000000000000004
v -0.006303 -0.002303 0.0032
v -0.006303 -0.002303 0.0048000000000000004
v -0.007081500000000001 -0.0017826 0.0032
v -0.007081500000000001 -0.0017826 0.0048000000000000004
v -0.0089185 -0.0017826 0.0048000000000000004
v -0.008 -0.0016 0.0048000000000000004
v -0.008 -0.004 0.0048000000000000004
v -0.009697 -0.002303 0.0048000000000000004
v -0.010217400000000001 -0.0030815 0.0048000000000000004
v -0.0104 -0.004 0.0048000000000000004
v -0.010217400000000001 -0.0049185 0.0048000000000000004
v -0.009697 -0.005697 0.0048000000000000004
v -0.0089185 -0.0062174 0.0048000000000000004
v -0.008 -0.0064 0.0048000000000000004
v -0.007081500000000001 -0.0062174 0.0048000000000000004
v -0.006303 -0.005697 0.0048000000000000004
v -0.005782599999999999 -0.0049185 0.0048000000000000004
v -0.005600000000000001 -0.004 0.0048000000000000004
v -0.005782599999999999 -0.0030815 0.0048000000000000004
v -0.006303 -0.002303 0.0048000000000000004
v -0.007081500000000001 -0.0017826 0.0048000000000000004
v -0.008 -0.0096 0.0032
v -0.0089185 -0.0097826 0.0032
v -0.0089185 -0.0097826 0.0048000000000000004
v -0.008 -0.0096 0.0048000000000000004
v -0.009697 -0.010303 0.0032
v -0.009697 -0.010303 0.0048000000000000004
v -0.010217400000000001 -0.0110815 0.0032
v -0.010217400000000001 -0.0110815 0.0048000000000000004
v -0.0104 -0.012 0.0032
v -0.0104 -0.012 0.0048000000000000004
v -0.010217400000000001 -0.0129185 0.0032
v -0.010217400000000001 -0.0129185 0.0048000000000000004
v -0.009697 -0.013697 0.0032
v -0.009697 -0.013697 0.0048000000000000004
v -0.0089185 -0.0142174 0.0032
v -0.0089185 -0.0142174 0.0048000000000000004
v -0.008 -0.0144 0.0032
v -0.008 -0.0144 0.0048000000000000004
v -0.007081500000000001 -0.0142174 0.0032
v -0.007081500000000001 -0.0142174 0.0048000000000000004
v -0.006303 -0.013697 0.0032
v -0.006303 -0.013697 0.0048000000000000004
v -0.005782599999999999 -0.0129185 0.0032
v -0.005782599999999999 -0.0129185 0.0048000000000000004
v -0.005600000000000001 -0.012 0.0032
v -0.005600000000000001 -0.012 0.0048000000000000004
v -0.005782599999999999 -0.0110815 0.0032
v -0.005782599999999999 -0.0110815 0.0048000000000000004
v -0.006303 -0.010303 0.0032
v -0.006303 -0.010303 0.0048000000000000004
v -0.007081500000000001 -0.0097826 0.0032
v -0.007081500000000001 -0.0097826 0.0048000000000000004
v -0.0089185 -0.0097826 0.0048000000000000004
v -0.008 -0.0096 0.0048000000000000004
v -0.008 -0.012 0.0048000000000000004
v -0.009697 -0.010303 0.0048000000000000004
v -0.010217400000000001 -0.0110815 0.0048000000000000004
v -0.0104 -0.012 0.0048000000000000004
v -0.010217400000000001 -0.0129185 0.0048000000000000004
v -0.009697 -0.013697 0.0048000000000000004
v -0.0089185 -0.0142174 0.0048000000000000004
v -0.008 -0.0144 0.0048000000000000004
v -0.007081500000000001 -0.0142174 0.0048000000000000004
v -0.006303 -0.013697 0.0048000000000000004
v -0.005782599999999999 -0.0129185 0.0048000000000000004
v -0.005600000000000001 -0.012 0.0048000000000000004
v -0.005782599999999999 -0.0110815 0.0048000000000000004
v -0.006303 -0.010303 0.0048000000000000004
v -0.007081500000000001 -0.0097826 0.0048000000000000004
v -0.008 -0.0176 0.0032
v -0.0089185 -0.0177826 0.0032
v -0.0089185 -0.0177826 0.0048000000000000004
v -0.008 -0.0176 0.0048000000000000004
v -0.009697 -0.018303 0.0032
v -0.009697 -0.018303 0.0048000000000000004
v -0.010217400000000001 -0.0190815 0.0032
v -0.010217400000000001 -0.0190815 0.0048000000000000004
v -0.0104 -0.02 0.0032
v -0.0104 -0.02 0.0048000000000000004
v -0.010217400000000001 -0.0209185 0.0032
v -0.010217400000000001 -0.0209185 0.0048000000000000004
v -0.009697 -0.021697 0.0032
v -0.009697 -0.021697 0.0048000000000000004
v -0.0089185 -0.0222174 0.0032
v -0.0089185 -0.0222174 0.0048000000000000004
v -0.008 -0.0224 0.0032
v -0.008 -0.0224 0.0048000000000000004
v -0.007081500000000001 -0.0222174 0.0032
v -0.007081500000000001 -0.0222174 0.0048000000000000004
v -0.006303 -0.021697 0.0032
v -0.006303 -0.021697 0.0048000000000000004
v -0.005782599999999999 -0.0209185 0.0032
v -0.005782599999999999 -0.0209185 0.0048000000000000004
v -0.005600000000000001 -0.02 0.0032
v -0.005600000000000001 -0.02 0.0048000000000000004
v -0.005782599999999999 -0.0190815 0.0032
v -0.005782599999999999 -0.0190815 0.0048000000000000004
v -0.006303 -0.018303 0.0032
v -0.006303 -0.018303 0.0048000000000000004
v -0.007081500000000001 -0.0177826 0.0032
v -0.007081500000000001 -0.0177826 0.0048000000000000004
v -0.0089185 -0.0177826 0.0048000000000000004
v -0.008 -0.0176 0.0048000000000000004
v -0.008 -0.02 0.0048000000000000004
v -0.009697 -0.018303 0.0048000000000000004
v -0.010217400000000001 -0.0190815 0.0048000000000000004
v -0.0104 -0.02 0.0048000000000000004
v -0.010217400000000001 -0.0209185 0.0048000000000000004
v -0.009697 -0.021697 0.0048000000000000004
v -0.0089185 -0.0222174 0.0048000000000000004
v -0.008 -0.0224 0.0048000000000000004
v -0.007081500000000001 -0.0222174 0.0048000000000000004
v -0.006303 -0.021697 0.0048000000000000004
v -0.005782599999999999 -0.0209185 0.0048000000000000004
v -0.005600000000000001 -0.02 0.0048000000000000004
v -0.005782599999999999 -0.0190815 0.0048000000000000004
v -0.006303 -0.018303 0.0048000000000000004
v -0.007081500000000001 -0.0177826 0.0048000000000000004
v -0.008 -0.0256 0.0032
v -0.0089185 -0.0257826 0.0032
v -0.0089185 -0.0257826 0.0048000000000000004
v -0.008 -0.0256 0.0048000000000000004
v -0.009697 -0.026303 0.0032
v -0.009697 -0.026303 0.0048000000000000004
v -0.010217400000000001 -0.0270815 0.0032
v -0.010217400000000001 -0.0270815 0.0048000000000000004
v -0.0104 -0.028 0.0032
v -0.0104 -0.028 0.0048000000000000004
v -0.010217400000000001 -0.0289185 0.0032
v -0.010217400000000001 -0.0289185 0.0048000000000000004
v -0.009697 -0.029697 0.0032
v -0.009697 -0.029697 0.0048000000000000004
v -0.0089185 -0.0302174 0.0032
v -0.0089185 -0.0302174 0.0048000000000000004
v -0.008 -0.0304 0.0032
v -0.008 -0.0304 0.0048000000000000004
v -0.007081500000000001 -0.0302174 0.0032
v -0.007081500000000001 -0.0302174 0.0048000000000000004
v -0.006303 -0.029697 0.0032
v -0.006303 -0.029697 0.0048000000000000004
v -0.005782599999999999 -0.0289185 0.0032
v -0.005782599999999999 -0.0289185 0.0048000000000000004
v -0.005600000000000001 -0.028 0.0032
v -0.005600000000000001 -0.028 0.0048000000000000004
v -0.005782599999999999 -0.0270815 0.0032
v -0.005782599999999999 -0.0270815 0.0048000000000000004
v -0.006303 -0.026303 0.0032
v -0.006303 -0.026303 0.0048000000000000004
v -0.007081500000000001 -0.0257826 0.0032
v -0.007081500000000001 -0.0257826 0.0048000000000000004
v -0.0089185 -0.0257826 0.0048000000000000004
v -0.008 -0.0256 0.0048000000000000004
v -0.008 -0.028 0.0048000000000000004
v -0.009697 -0.026303 0.0048000000000000004
v -0.010217400000000001 -0.0270815 0.0048000000000000004
v -0.0104 -0.028 0.0048000000000000004
v -0.010217400000000001 -0.0289185 0.0048000000000000004
v -0.009697 -0.029697 0.0048000000000000004
v -0.0089185 -0.0302174 0.0048000000000000004
v -0.008 -0.0304 0.0048000000000000004
v -0.007081500000000001 -0.0302174 0.0048000000000000004
v -0.006303 -0.029697 0.0048000000000000004
v -0.005782599999999999 -0.0289185 0.0048000000000000004
v -0.005600000000000001 -0.028 0.0048000000000000004
v -0.005782599999999999 -0.0270815 0.0048000000000000004
v -0.006303 -0.026303 0.0048000000000000004
v -0.007081500000000001 -0.0257826 0.0048000000000000004
v 0.0 0.0304 0.0032
v -0.0009184999999999992 0.0302174 0.0032
v -0.0009184999999999992 0.0302174 0.0048000000000000004
v 0.0 0.0304 0.0048000000000000004
v -0.0016970000000000006 0.029697 0.0032
v -0.0016970000000000006 0.029697 0.0048000000000000004
v -0.0022173999999999996 0.0289185 0.0032
v -0.0022173999999999996 0.0289185 0.0048000000000000004
v -0.0023999999999999994 0.028 0.0032
v -0.0023999999999999994 0.028 0.0048000000000000004
v -0.0022173999999999996 0.0270815 0.0032
v -0.0022173999999999996 0.0270815 0.0048000000000000004
v -0.0016970000000000006 0.026303 0.0032
v -0.0016970000000000006 0.026303 0.0048000000000000004
v -0.0009184999999999992 0.0257826 0.0032
v -0.0009184999999999992 0.0257826 0.0048000000000000004
v 0.0 0.0256 0.0032
v 0.0 0.0256 0.0048000000000000004
v 0.0009185000000000009 0.0257826 0.0032
v 0.0009185000000000009 0.0257826 0.0048000000000000004
v 0.0016970000000000006 0.026303 0.0032
v 0.0016970000000000006 0.026303 0.0048000000000000004
v 0.0022173999999999996 0.0270815 0.0032
v 0.0022173999999999996 0.0270815 0.0048000000000000004
v 0.002400000000000001 0.028 0.0032
v 0.002400000000000001 0.028 0.0048000000000000004
v 0.0022173999999999996 0.0289185 0.0032
v 0.0022173999999999996 0.0289185 0.0048000000000000004
v 0.0016970000000000006 0.029697 0.0032
v 0.0016970000000000006 0.029697 0.0048000000000000004
v 0.0009185000000000009 0.0302174 0.0032
v 0.0009185000000000009 0.0302174 0.0048000000000000004
v -0.0009184999999999992 0.0302174 0.0048000000000000004
v 0.0 0.0304 0.0048000000000000004
v 0.0 0.028 0.0048000000000000004
v -0.0016970000000000006 0.029697 0.0048000000000000004
v -0.0022173999999999996 0.0289185 0.0048000000000000004
v -0.0023999999999999994 0.028 0.0048000000000000004
v -0.0022173999999999996 0.0270815 0.0048000000000000004
v -0.0016970000000000006 0.026303 0.0048000000000000004
v -0.0009184999999999992 0.0257826 0.0048000000000000004
v 0.0 0.0256 0.0048000000000000004
v 0.0009185000000000009 0.0257826 0.0048000000000000004
v 0.0016970000000000006 0.026303 0.0048000000000000004
v 0.0022173999999999996 0.0270815 0.0048000000000000004
v 0.002400000000000001 0.028 0.0048000000000000004
v 0.0022173999999999996 0.0289185 0.0048000000000000004
v 0.0016970000000000006 0.029697 0.0048000000000000004
v 0.0009185000000000009 0.0302174 0.0048000000000000004
v 0.0 0.0224 0.0032
v -0.0009184999999999992 0.0222174 0.0032
v -0.0009184999999999992 0.0222174 0.0048000000000000004
v 0.0 0.0224 0.0048000000000000004
v -0.0016970000000000006 0.021697 0.0032
v -0.0016970000000000006 0.021697 0.0048000000000000004
v -0.0022173999999999996 0.0209185 0.0032
v -0.0022173999999999996 0.0209185 0.0048000000000000004
v -0.0023999999999999994 0.02 0.0032
v -0.0023999999999999994 0.02 0.0048000000000000004
v -0.0022173999999999996 0.0190815 0.0032
v -0.0022173999999999996 0.0190815 0.0048000000000000004
v -0.0016970000000000006 0.018303 0.0032
v -0.0016970000000000006 0.018303 0.0048000000000000004
v -0.0009184999999999992 0.0177826 0.0032
v -0.0009184999999999992 0.0177826 0.0048000000000000004
v 0.0 0.0176 0.0032
v 0.0 0.0176 0.0048000000000000004
v 0.0009185000000000009 0.0177826 0.0032
v 0.0009185000000000009 0.0177826 0.0048000000000000004
v 0.0016970000000000006 0.018303 0.0032
v 0.0016970000000000006 0.018303 0.0048000000000000004
v 0.0022173999999999996 0.0190815 0.0032
v 0.0022173999999999996 0.0190815 0.0048000000000000004
v 0.002400000000000001 0.02 0.0032
v 0.002400000000000001 0.02 0.0048000000000000004
v 0.0022173999999999996 0.0209185 0.0032
v 0.0022173999999999996 0.0209185 0.0048000000000000004
v 0.0016970000000000006 0.021697 0.0032
v 0.0016970000000000006 0.021697 0.0048000000000000004
v 0.0009185000000000009 0.0222174 0.0032
v 0.0009185000000000009 0.0222174 0.0048000000000000004
v -0.0009184999999999992 0.0222174 0.0048000000000000004
v 0.0 0.0224 0.0048000000000000004
v 0.0 0.02 0.0048000000000000004
v -0.0016970000000000006 0.021697 0.0048000000000000004
v -0.0022173999999999996 0.0209185 0.0048000000000000004
v -0.0023999999999999994 0.02 0.0048000000000000004
v -0.0022173999999999996 0.0190815 0.0048000000000000004
v -0.0016970000000000006 0.018303 0.0048000000000000004
v -0.0009184999999999992 0.0177826 0.0048000000000000004
v 0.0 0.0176 0.0048000000000000004
v 0.0009185000000000009 0.0177826 0.0048000000000000004
v 0.0016970000000000006 0.018303 0.0048000000000000004
v 0.0022173999999999996 0.0190815 0.0048000000000000004
v 0.002400000000000001 0.02 0.0048000000000000004
v 0.0022173999999999996 0.0209185 0.0048000000000000004
v 0.0016970000000000006 0.021697 0.0048000000000000004
v 0.0009185000000000009 0.0222174 0.0048000000000000004
v 0.0 0.0144 0.0032
v -0.0009184999999999992 0.0142174 0.0032
v -0.0009184999999999992 0.0142174 0.0048000000000000004
v 0.0 0.0144 0.0048000000000000004
v -0.0016970000000000006 0.013697 0.0032
v -0.0016970000000000006 0.013697 0.0048000000000000004
v -0.0022173999999999996 0.0129185 0.0032
v -0.0022173999999999996 0.0129185 0.0048000000000000004
v -0.0023999999999999994 0.012 0.0032
v -0.0023999999999999994 0.012 0.0048000000000000004
v -0.0022173999999999996 0.0110815 0.0032
v -0.0022173999999999996 0.0110815 0.0048000000000000004
v -0.0016970000000000006 0.010303 0.0032
v -0.0016970000000000006 0.010303 0.0048000000000000004
v -0.0009184999999999992 0.0097826 0.0032
v -0.0009184999999999992 0.0097826 0.0048000000000000004
v 0.0 0.0096 0.0032
v 0.0 0.0096 0.0048000000000000004
v 0.0009185000000000009 0.0097826 0.0032
v 0.0009185000000000009 0.0097826 0.0048000000000000004
v 0.0016970000000000006 0.010303 0.0032
v 0.0016970000000000006 0.010303 0.0048000000000000004
v 0.0022173999999999996 0.0110815 0.0032
v 0.0022173999999999996 0.0110815 0.0048000000000000004
v 0.002400000000000001 0.012 0.0032
v 0.002400000000000001 0.012 0.0048000000000000004
v 0.0022173999999999996 0.0129185 0.0032
v 0.0022173999999999996 0.0129185 0.0048000000000000004
v 0.0016970000000000006 0.013697 0.0032
v 0.0016970000000000006 0.013697 0.0048000000000000004
v 0.0009185000000000009 0.0142174 0.0032
v 0.0009185000000000009 0.0142174 0.0048000000000000004
v -0.0009184999999999992 0.0142174 0.0048000000000000004
v 0.0 0.0144 0.0048000000000000004
v 0.0 0.012 0.0048000000000000004
v -0.0016970000000000006 0.013697 0.0048000000000000004
v -0.0022173999999999996 0.0129185 0.0048000000000000004
v -0.0023999999999999994 0.012 0.0048000000000000004
v -0.0022173999999999996 0.0110815 0.0048000000000000004
v -0.0016970000000000006 0.010303 0.0048000000000000004
v -0.0009184999999999992 0.0097826 0.0048000000000000004
v 0.0 0.0096 0.0048000000000000004
v 0.0009185000000000009 0.0097826 0.0048000000000000004
v 0.0016970000000000006 0.010303 0.0048000000000000004
v 0.0022173999999999996 0.0110815 0.0048000000000000004
v 0.002400000000000001 0.012 0.0048000000000000004
v 0.0022173999999999996 0.0129185 0.0048000000000000004
v 0.0016970000000000006 0.013697 0.0048000000000000004
v 0.0009185000000000009 0.0142174 0.0048000000000000004
v 0.0 0.0064 0.0032
v -0.0009184999999999992 0.0062174 0.0032
v -0.0009184999999999992 0.0062174 0.0048000000000000004
v 0.0 0.0064 0.0048000000000000004
v -0.0016970000000000006 0.005697 0.0032
v -0.0016970000000000006 0.005697 0.0048000000000000004
v -0.0022173999999999996 0.0049185 0.0032
v -0.0022173999999999996 0.0049185 0.0048000000000000004
v -0.0023999999999999994 0.004 0.0032
v -0.0023999999999999994 0.004 0.0048000000000000004
v -0.0022173999999999996 0.0030815 0.0032
v -0.0022173999999999996 0.0030815 0.0048000000000000004
v -0.0016970000000000006 0.002303 0.0032
v -0.0016970000000000006 0.002303 0.0048000000000000004
v -0.0009184999999999992 0.0017826 0.0032
v -0.0009184999999999992 0.0017826 0.0048000000000000004
v 0.0 0.0016 0.0032
v 0.0 0.0016 0.0048000000000000004
v 0.0009185000000000009 0.0017826 0.0032
v 0.0009185000000000009 0.0017826 0.0048000000000000004
v 0.0016970000000000006 0.002303 0.0032
v 0.0016970000000000006 0.002303 0.0048000000000000004
v 0.0022173999999999996 0.0030815 0.0032
v 0.0022173999999999996 0.0030815 0.0048000000000000004
v 0.002400000000000001 0.004 0.0032
v 0.002400000000000001 0.004 0.0048000000000000004
v 0.0022173999999999996 0.0049185 0.0032
v 0.0022173999999999996 0.0049185 0.0048000000000000004
v 0.0016970000000000006 0.005697 0.0032
v 0.0016970000000000006 0.005697 0.0048000000000000004
v 0.0009185000000000009 0.0062174 0.0032
v 0.0009185000000000009 0.0062174 0.0048000000000000004
v -0.0009184999999999992 0.0062174 0.0048000000000000004
v 0.0 0.0064 0.0048000000000000004
v 0.0 0.004 0.0048000000000000004
v -0.0016970000000000006 0.005697 0.0048000000000000004
v -0.0022173999999999996 0.0049185 0.0048000000000000004
v -0.0023999999999999994 0.004 0.0048000000000000004
v -0.0022173999999999996 0.0030815 0.0048000000000000004
v -0.0016970000000000006 0.002303 0.0048000000000000004
v -0.0009184999999999992 0.0017826 0.0048000000000000004
v 0.0 0.0016 0.0048000000000000004
v 0.0009185000000000009 0.0017826 0.0048000000000000004
v 0.0016970000000000006 0.002303 0.0048000000000000004
v 0.0022173999999999996 0.0030815 0.0048000000000000004
v 0.002400000000000001 0.004 0.0048000000000000004
v 0.0022173999999999996 0.0049185 0.0048000000000000004
v 0.0016970000000000006 0.005697 0.0048000000000000004
v 0.0009185000000000009 0.0062174 0.0048000000000000004
v 0.0 -0.0016 0.0032
v -0.0009184999999999992 -0.0017826 0.0032
v -0.0009184999999999992 -0.0017826 0.0048000000000000004
v 0.0 -0.0016 0.0048000000000000004
v -0.0016970000000000006 -0.002303 0.0032
v -0.0016970000000000006 -0.002303 0.0048000000000000004
v -0.0022173999999999996 -0.0030815 0.0032
v -0.0022173999999999996 -0.0030815 0.0048000000000000004
v -0.0023999999999999994 -0.004 0.0032
v -0.0023999999999999994 -0.004 0.0048000000000000004
v -0.0022173999999999996 -0.0049185 0.0032
v -0.0022173999999999996 -0.0049185 0.0048000000000000004
v -0.0016970000000000006 -0.005697 0.0032
v -0.0016970000000000006 -0.005697 0.0048000000000000004
v -0.0009184999999999992 -0.0062174 0.0032
v -0.0009184999999999992 -0.0062174 0.0048000000000000004
v 0.0 -0.0064 0.0032
v 0.0 -0.0064 0.0048000000000000004
v 0.0009185000000000009 -0.0062174 0.0032
v 0.0009185000000000009 -0.0062174 0.0048000000000000004
v 0.0016970000000000006 -0.005697 0.0032
v 0.0016970000000000006 -0.005697 0.0048000000000000004
v 0.0022173999999999996 -0.0049185 0.0032
v 0.0022173999999999996 -0.0049185 0.0048000000000000004
v 0.002400000000000001 -0.004 0.0032
v 0.002400000000000001 -0.004 0.0048000000000000004
v 0.0022173999999999996 -0.0030815 0.0032
v 0.0022173999999999996 -0.0030815 0.0048000000000000004
v 0.0016970000000000006 -0.002303 0.0032
v 0.0016970000000000006 -0.002303 0.0048000000000000004
v 0.0009185000000000009 -0.0017826 0.0032
v 0.0009185000000000009 -0.0017826 0.0048000000000000004
v -0.0009184999999999992 -0.0017826 0.0048000000000000004
v 0.0 -0.0016 0.0048000000000000004
v 0.0 -0.004 0.0048000000000000004
v -0.0016970000000000006 -0.002303 0.0048000000000000004
v -0.0022173999999999996 -0.0030815 0.0048000000000000004
v -0.0023999999999999994 -0.004 0.0048000000000000004
v -0.0022173999999999996 -0.0049185 0.0048000000000000004
v -0.0016970000000000006 -0.005697 0.0048000000000000004
v -0.0009184999999999992 -0.0062174 0.0048000000000000004
v 0.0 -0.0064 0.0048000000000000004
v 0.0009185000000000009 -0.0062174 0.0048000000000000004
v 0.0016970000000000006 -0.005697 0.0048000000000000004
v 0.0022173999999999996 -0.0049185 0.0048000000000000004
v 0.002400000000000001 -0.004 0.0048000000000000004
v 0.0022173999999999996 -0.0030815 0.0048000000000000004
v 0.0016970000000000006 -0.002303 0.0048000000000000004
v 0.0009185000000000009 -0.0017826 0.0048000000000000004
v 0.0 -0.0096 0.0032
v -0.0009184999999999992 -0.0097826 0.0032
v -0.0009184999999999992 -0.0097826 0.0048000000000000004
v 0.0 -0.0096 0.0048000000000000004
v -0.0016970000000000006 -0.010303 0.0032
v -0.0016970000000000006 -0.010303 0.0048000000000000004
v -0.0022173999999999996 -0.0110815 0.0032
v -0.0022173999999999996 -0.0110815 0.0048000000000000004
v -0.0023999999999999994 -0.012 0.0032
v -0.0023999999999999994 -0.012 0.0048000000000000004
v -0.0022173999999999996 -0.0129185 0.0032
v -0.0022173999999999996 -0.0129185 0.0048000000000000004
v -0.0016970000000000006 -0.013697 0.0032
v -0.0016970000000000006 -0.013697 0.0048000000000000004
v -0.0009184999999999992 -0.0142174 0.0032
v -0.0009184999999999992 -0.0142174 0.0048000000000000004
v 0.0 -0.0144 0.0032
v 0.0 -0.0144 0.0048000000000000004
v 0.0009185000000000009 -0.0142174 0.0032
v 0.0009185000000000009 -0.0142174 0.0048000000000000004
v 0.0016970000000000006 -0.013697 0.0032
v 0.0016970000000000006 -0.013697 0.0048000000000000004
v 0.0022173999999999996 -0.0129185 0.0032
v 0.0022173999999999996 -0.0129185 0.0048000000000000004
v 0.002400000000000001 -0.012 0.0032
v 0.002400000000000001 -0.012 0.0048000000000000004
v 0.0022173999999999996 -0.0110815 0.0032
v 0.0022173999999999996 -0.0110815 0.0048000000000000004
v 0.0016970000000000006 -0.010303 0.0032
v 0.0016970000000000006 -0.010303 0.0048000000000000004
v 0.0009185000000000009 -0.0097826 0.0032
v 0.0009185000000000009 -0.0097826 0.0048000000000000004
v -0.0009184999999999992 -0.0097826 0.0048000000000000004
v 0.0 -0.0096 0.0048000000000000004
v 0.0 -0.012 0.0048000000000000004
v -0.0016970000000000006 -0.010303 0.0048000000000000004
v -0.0022173999999999996 -0.0110815 0.0048000000000000004
v -0.0023999999999999994 -0.012 0.0048000000000000004
v -0.0022173999999999996 -0.0129185 0.0048000000000000004
v -0.0016970000000000006 -0.013697 0.0048000000000000004
v -0.0009184999999999992 -0.0142174 0.0048000000000000004
v 0.0 -0.0144 0.0048000000000000004
v 0.0009185000000000009 -0.0142174 0.0048000000000000004
v 0.0016970000000000006 -0.013697 0.0048000000000000004
v 0.0022173999999999996 -0.0129185 0.0048000000000000004
v 0.002400000000000001 -0.012 0.0048000000000000004
v 0.0022173999999999996 -0.0110815 0.0048000000000000004
v 0.0016970000000000006 -0.010303 0.0048000000000000004
v 0.0009185000000000009 -0.0097826 0.0048000000000000004
v 0.0 -0.0176 0.0032
v -0.0009184999999999992 -0.0177826 0.0032
v -0.0009184999999999992 -0.0177826 0.0048000000000000004
v 0.0 -0.0176 0.0048000000000000004
v -0.0016970000000000006 -0.018303 0.0032
v -0.0016970000000000006 -0.018303 0.0048000000000000004
v -0.0022173999999999996 -0.0190815 0.0032
v -0.0022173999999999996 -0.0190815 0.0048000000000000004
v -0.0023999999999999994 -0.02 0.0032
v -0.0023999999999999994 -0.02 0.0048000000000000004
v -0.0022173999999999996 -0.0209185 0.0032
v -0.0022173999999999996 -0.0209185 0.0048000000000000004
v -0.0016970000000000006 -0.021697 0.0032
v -0.0016970000000000006 -0.021697 0.0048000000000000004
v -0.0009184999999999992 -0.0222174 0.0032
v -0.0009184999999999992 -0.0222174 0.0048000000000000004
v 0.0 -0.0224 0.0032
v 0.0 -0.0224 0.0048000000000000004
v 0.0009185000000000009 -0.0222174 0.0032
v 0.0009185000000000009 -0.0222174 0.0048000000000000004
v 0.0016970000000000006 -0.021697 0.0032
v 0.0016970000000000006 -0.021697 0.0048000000000000004
v 0.0022173999999999996 -0.0209185 0.0032
v 0.0022173999999999996 -0.0209185 0.0048000000000000004
v 0.002400000000000001 -0.02 0.0032
v 0.002400000000000001 -0.02 0.0048000000000000004
v 0.0022173999999999996 -0.0190815 0.0032
v 0.0022173999999999996 -0.0190815 0.0048000000000000004
v 0.0016970000000000006 -0.018303 0.0032
v 0.0016970000000000006 -0.018303 0.0048000000000000004
v 0.0009185000000000009 -0.0177826 0.0032
v 0.0009185000000000009 -0.0177826 0.0048000000000000004
v -0.0009184999999999992 -0.0177826 0.0048000000000000004
v 0.0 -0.0176 0.0048000000000000004
v 0.0 -0.02 0.0048000000000000004
v -0.0016970000000000006 -0.018303 0.0048000000000000004
v -0.0022173999999999996 -0.0190815 0.0048000000000000004
v -0.0023999999999999994 -0.02 0.0048000000000000004
v -0.0022173999999999996 -0.0209185 0.0048000000000000004
v -0.0016970000000000006 -0.021697 0.0048000000000000004
v -0.0009184999999999992 -0.0222174 0.0048000000000000004
v 0.0 -0.0224 0.0048000000000000004
v 0.0009185000000000009 -0.0222174 0.0048000000000000004
v 0.0016970000000000006 -0.021697 0.0048000000000000004
v 0.0022173999999999996 -0.0209185 0.0048000000000000004
v 0.002400000000000001 -0.02 0.0048000000000000004
v 0.0022173999999999996 -0.0190815 0.0048000000000000004
v 0.0016970000000000006 -0.018303 0.0048000000000000004
v 0.0009185000000000009 -0.0177826 0.0048000000000000004
v 0.0 -0.0256 0.0032
v -0.0009184999999999992 -0.0257826 0.0032
v -0.0009184999999999992 -0.0257826 0.0048000000000000004
v 0.0 -0.0256 0.0048000000000000004
v -0.0016970000000000006 -0.026303 0.0032
v -0.0016970000000000006 -0.026303 0.0048000000000000004
v -0.0022173999999999996 -0.0270815 0.0032
v -0.0022173999999999996 -0.0270815 0.0048000000000000004
v -0.0023999999999999994 -0.028 0.0032
v -0.0023999999999999994 -0.028 0.0048000000000000004
v -0.0022173999999999996 -0.0289185 0.0032
v -0.0022173999999999996 -0.0289185 0.0048000000000000004
v -0.0016970000000000006 -0.029697 0.0032
v -0.0016970000000000006 -0.029697 0.0048000000000000004
v -0.0009184999999999992 -0.0302174 0.0032
v -0.0009184999999999992 -0.0302174 0.0048000000000000004
v 0.0 -0.0304 0.0032
v 0.0 -0.0304 0.0048000000000000004
v 0.0009185000000000009 -0.0302174 0.0032
v 0.0009185000000000009 -0.0302174 0.0048000000000000004
v 0.0016970000000000006 -0.029697 0.0032
v 0.0016970000000000006 -0.029697 0.0048000000000000004
v 0.0022173999999999996 -0.0289185 0.0032
v 0.0022173999999999996 -0.0289185 0.0048000000000000004
v 0.002400000000000001 -0.028 0.0032
v 0.002400000000000001 -0.028 0.0048000000000000004
v 0.0022173999999999996 -0.0270815 0.0032
v 0.0022173999999999996 -0.0270815 0.0048000000000000004
v 0.0016970000000000006 -0.026303 0.0032
v 0.0016970000000000006 -0.026303 0.0048000000000000004
v 0.0009185000000000009 -0.0257826 0.0032
v 0.0009185000000000009 -0.0257826 0.0048000000000000004
v -0.0009184999999999992 -0.0257826 0.0048000000000000004
v 0.0 -0.0256 0.0048000000000000004
v 0.0 -0.028 0.0048000000000000004
v -0.0016970000000000006 -0.026303 0.0048000000000000004
v -0.0022173999999999996 -0.0270815 0.0048000000000000004
v -0.0023999999999999994 -0.028 0.0048000000000000004
v -0.0022173999999999996 -0.0289185 0.0048000000000000004
v -0.0016970000000000006 -0.029697 0.0048000000000000004
v -0.0009184999999999992 -0.0302174 0.0048000000000000004
v 0.0 -0.0304 0.0048000000000000004
v 0.0009185000000000009 -0.0302174 0.0048000000000000004
v 0.0016970000000000006 -0.029697 0.0048000000000000004
v 0.0022173999999999996 -0.0289185 0.0048000000000000004
v 0.002400000000000001 -0.028 0.0048000000000000004
v 0.0022173999999999996 -0.0270815 0.0048000000000000004
v 0.0016970000000000006 -0.026303 0.0048000000000000004
v 0.0009185000000000009 -0.0257826 0.0048000000000000004
v 0.008 0.0304 0.0032
v 0.0070815 0.0302174 0.0032
v 0.0070815 0.0302174 0.0048000000000000004
v 0.008 0.0304 0.0048000000000000004
v 0.0063030000000000004 0.029697 0.0032
v 0.0063030000000000004 0.029697 0.0048000000000000004
v 0.005782600000000001 0.0289185 0.0032
v 0.005782600000000001 0.0289185 0.0048000000000000004
v 0.0056 0.028 0.0032
v 0.0056 0.028 0.0048000000000000004
v 0.005782600000000001 0.0270815 0.0032
v 0.005782600000000001 0.0270815 0.0048000000000000004
v 0.0063030000000000004 0.026303 0.0032
v 0.0063030000000000004 0.026303 0.0048000000000000004
v 0.0070815 0.0257826 0.0032
v 0.0070815 0.0257826 0.0048000000000000004
v 0.008 0.0256 0.0032
v 0.008 0.0256 0.0048000000000000004
v 0.0089185 0.0257826 0.0032
v 0.0089185 0.0257826 0.0048000000000000004
v 0.009697 0.026303 0.0032
v 0.009697 0.026303 0.0048000000000000004
v 0.0102174 0.0270815 0.0032
v 0.0102174 0.0270815 0.0048000000000000004
v 0.0104 0.028 0.0032
v 0.0104 0.028 0.0048000000000000004
v 0.0102174 0.0289185 0.0032
v 0.0102174 0.0289185 0.0048000000000000004
v 0.009697 0.029697 0.0032
v 0.009697 0.029697 0.0048000000000000004
v 0.0089185 0.0302174 0.0032
v 0.0089185 0.0302174 0.0048000000000000004
v 0.0070815 0.0302174 0.0048000000000000004
v 0.008 0.0304 0.0048000000000000004
v 0.008 0.028 0.0048000000000000004
v 0.0063030000000000004 0.029697 0.0048000000000000004
v 0.005782600000000001 0.0289185 0.0048000000000000004
v 0.0056 0.028 0.0048000000000000004
v 0.005782600000000001 0.0270815 0.0048000000000000004
v 0.0063030000000000004 0.026303 0.0048000000000000004
v 0.0070815 0.0257826 0.0048000000000000004
v 0.008 0.0256 0.0048000000000000004
v 0.0089185 0.0257826 0.0048000000000000004
v 0.009697 0.026303 0.0048000000000000004
v 0.0102174 0.0270815 0.0048000000000000004
v 0.0104 0.028 0.0048000000000000004
v 0.0102174 0.0289185 0.0048000000000000004
v 0.009697 0.029697 0.0048000000000000004
v 0.0089185 0.0302174 0.0048000000000000004
v 0.008 0.0224 0.0032
v 0.0070815 0.0222174 0.0032
v 0.0070815 0.0222174 0.0048000000000000004
v 0.008 0.0224 0.0048000000000000004
v 0.0063030000000000004 0.021697 0.0032
v 0.0063030000000000004 0.021697 0.0048000000000000004
v 0.005782600000000001 0.0209185 0.0032
v 0.005782600000000001 0.0209185 0.0048000000000000004
v 0.0056 0.02 0.0032
v 0.0056 0.02 0.0048000000000000004
v 0.005782600000000001 0.0190815 0.0032
v 0.005782600000000001 0.0190815 0.0048000000000000004
v 0.0063030000000000004 0.018303 0.0032
v 0.0063030000000000004 0.018303 0.0048000000000000004
v 0.0070815 0.0177826 0.0032
v 0.0070815 0.0177826 0.0048000000000000004
v 0.008 0.0176 0.0032
v 0.008 0.0176 0.0048000000000000004
v 0.0089185 0.0177826 0.0032
v 0.0089185 0.0177826 0.0048000000000000004
v 0.009697 0.018303 0.0032
v 0.009697 0.018303 0.0048000000000000004
v 0.0102174 0.0190815 0.0032
v 0.0102174 0.0190815 0.0048000000000000004
v 0.0104 0.02 0.0032
v 0.0104 0.02 0.0048000000000000004
v 0.0102174 0.0209185 0.0032
v 0.0102174 0.0209185 0.0048000000000000004
v 0.009697 0.021697 0.0032
v 0.009697 0.021697 0.0048000000000000004
v 0.0089185 0.0222174 0.0032
v 0.0089185 0.0222174 0.0048000000000000004
v 0.0070815 0.0222174 0.0048000000000000004
v 0.008 0.0224 0.0048000000000000004
v 0.008 0.02 0.0048000000000000004
v 0.0063030000000000004 0.021697 0.0048000000000000004
v 0.005782600000000001 0.0209185 0.0048000000000000004
v 0.0056 0.02 0.0048000000000000004
v 0.005782600000000001 0.0190815 0.0048000000000000004
v 0.0063030000000000004 0.018303 0.0048000000000000004
v 0.0070815 0.0177826 0.0048000000000000004
v 0.008 0.0176 0.0048000000000000004
v 0.0089185 0.0177826 0.0048000000000000004
v 0.009697 0.018303 0.0048000000000000004
v 0.0102174 0.0190815 0.0048000000000000004
v 0.0104 0.02 0.0048000000000000004
v 0.0102174 0.0209185 0.0048000000000000004
v 0.009697 0.021697 0.0048000000000000004
v 0.0089185 0.0222174 0.0048000000000000004
v 0.008 0.0144 0.0032
v 0.0070815 0.0142174 0.0032
v 0.0070815 0.0142174 0.0048000000000000004
v 0.008 0.0144 0.0048000000000000004
v 0.0063030000000000004 0.013697 0.0032
v 0.0063030000000000004 0.013697 0.0048000000000000004
v 0.005782600000000001 0.0129185 0.0032
v 0.005782600000000001 0.0129185 0.0048000000000000004
v 0.0056 0.012 0.0032
v 0.0056 0.012 0.0048000000000000004
v 0.005782600000000001 0.0110815 0.0032
v 0.005782600000000001 0.0110815 0.0048000000000000004
v 0.0063030000000000004 0.010303 0.0032
v 0.0063030000000000004 0.010303 0.0048000000000000004
v 0.0070815 0.0097826 0.0032
v 0.0070815 0.0097826 0.0048000000000000004
v 0.008 0.0096 0.0032
v 0.008 0.0096 0.0048000000000000004
v 0.0089185 0.0097826 0.0032
v 0.0089185 0.0097826 0.0048000000000000004
v 0.009697 0.010303 0.0032
v 0.009697 0.010303 0.0048000000000000004
v 0.0102174 0.0110815 0.0032
v 0.0102174 0.0110815 0.0048000000000000004
v 0.0104 0.012 0.0032
v 0.0104 0.012 0.0048000000000000004
v 0.0102174 0.0129185 0.0032
v 0.0102174 0.0129185 0.0048000000000000004
v 0.009697 0.013697 0.0032
v 0.009697 0.013697 0.0048000000000000004
v 0.0089185 0.0142174 0.0032
v 0.0089185 0.0142174 0.0048000000000000004
v 0.0070815 0.0142174 0.0048000000000000004
v 0.008 0.0144 0.0048000000000000004
v 0.008 0.012 0.0048000000000000004
v 0.0063030000000000004 0.013697 0.0048000000000000004
v 0.005782600000000001 0.0129185 0.0048000000000000004
v 0.0056 0.012 0.0048000000000000004
v 0.005782600000000001 0.0110815 0.0048000000000000004
v 0.0063030000000000004 0.010303 0.0048000000000000004
v 0.0070815 0.0097826 0.0048000000000000004
v 0.008 0.0096 0.0048000000000000004
v 0.0089185 0.0097826 0.0048000000000000004
v 0.009697 0.010303 0.0048000000000000004
v 0.0102174 0.0110815 0.0048000000000000004
v 0.0104 0.012 0.0048000000000000004
v 0.0102174 0.0129185 0.0048000000000000004
v 0.009697 0.013697 0.0048000000000000004
v 0.0089185 0.0142174 0.0048000000000000004
v 0.008 0.0064 0.0032
v 0.0070815 0.0062174 0.0032
v 0.0070815 0.0062174 0.0048000000000000004
v 0.008 0.0064 0.0048000000000000004
v 0.0063030000000000004 0.005697 0.0032
v 0.0063030000000000004 0.005697 0.0048000000000000004
v 0.005782600000000001 0.0049185 0.0032
v 0.005782600000000001 0.0049185 0.0048000000000000004
v 0.0056 0.004 0.0032
v 0.0056 0.004 0.0048000000000000004
v 0.005782600000000001 0.0030815 0.0032
v 0.005782600000000001 0.0030815 0.0048000000000000004
v 0.0063030000000000004 0.002303 0.0032
v 0.0063030000000000004 0.002303 0.0048000000000000004
v 0.0070815 0.0017826 0.0032
v 0.0070815 0.0017826 0.0048000000000000004
v 0.008 0.0016 0.0032
v 0.008 0.0016 0.0048000000000000004
v 0.0089185 0.0017826 0.0032
v 0.0089185 0.0017826 0.0048000000000000004
v 0.009697 0.002303 0.0032
v 0.009697 0.002303 0.0048000000000000004
v 0.0102174 0.0030815 0.0032
v 0.0102174 0.0030815 0.0048000000000000004
v 0.0104 0.004 0.0032
v 0.0104 0.004 0.0048000000000000004
v 0.0102174 0.0049185 0.0032
v 0.0102174 0.0049185 0.0048000000000000004
v 0.009697 0.005697 0.0032
v 0.009697 0.005697 0.0048000000000000004
v 0.0089185 0.0062174 0.0032
v 0.0089185 0.0062174 0.0048000000000000004
v 0.0070815 0.0062174 0.0048000000000000004
v 0.008 0.0064 0.0048000000000000004
v 0.008 0.004 0.0048000000000000004
v 0.0063030000000000004 0.005697 0.0048000000000000004
v 0.005782600000000001 0.0049185 0.0048000000000000004
v 0.0056 0.004 0.0048000000000000004
v 0.005782600000000001 0.0030815 0.0048000000000000004
v 0.0063030000000000004 0.002303 0.0048000000000000004
v 0.0070815 0.0017826 0.0048000000000000004
v 0.008 0.0016 0.0048000000000000004
v 0.0089185 0.0017826 0.0048000000000000004
v 0.009697 0.002303 0.0048000000000000004
v 0.0102174 0.0030815 0.0048000000000000004
v 0.0104 0.004 0.0048000000000000004
v 0.0102174 0.0049185 0.0048000000000000004
v 0.009697 0.005697 0.0048000000000000004
v 0.0089185 0.0062174 0.0048000000000000004
v 0.008 -0.0016 0.0032
v 0.0070815 -0.0017826 0.0032
v 0.0070815 -0.0017826 0.0048000000000000004
v 0.008 -0.0016 0.0048000000000000004
v 0.0063030000000000004 -0.002303 0.0032
v 0.0063030000000000004 -0.002303 0.0048000000000000004
v 0.005782600000000001 -0.0030815 0.0032
v 0.005782600000000001 -0.0030815 0.0048000000000000004
v 0.0056 -0.004 0.0032
v 0.0056 -0.004 0.0048000000000000004
v 0.005782600000000001 -0.0049185 0.0032
v 0.005782600000000001 -0.0049185 0.0048000000000000004
v 0.0063030000000000004 -0.005697 0.0032
v 0.0063030000000000004 -0.005697 0.0048000000000000004
v 0.0070815 -0.0062174 0.0032
v 0.0070815 -0.0062174 0.0048000000000000004
v 0.008 -0.0064 0.0032
v 0.008 -0.0064 0.0048000000000000004
v 0.0089185 -0.0062174 0.0032
v 0.0089185 -0.0062174 0.0048000000000000004
v 0.009697 -0.005697 0.0032
v 0.009697 -0.005697 0.0048000000000000004
v 0.0102174 -0.0049185 0.0032
v 0.0102174 -0.0049185 0.0048000000000000004
v 0.0104 -0.004 0.0032
v 0.0104 -0.004 0.0048000000000000004
v 0.0102174 -0.0030815 0.0032
v 0.0102174 -0.0030815 0.0048000000000000004
v 0.009697 -0.002303 0.0032
v 0.009697 -0.002303 0.0048000000000000004
v 0.0089185 -0.0017826 0.0032
v 0.0089185 -0.0017826 0.0048000000000000004
v 0.0070815 -0.0017826 0.0048000000000000004
v 0.008 -0.0016 0.0048000000000000004
v 0.008 -0.004 0.0048000000000000004
v 0.0063030000000000004 -0.002303 0.0048000000000000004
v 0.005782600000000001 -0.0030815 0.0048000000000000004
v 0.0056 -0.004 0.0048000000000000004
v 0.005782600000000001 -0.0049185 0.0048000000000000004
v 0.0063030000000000004 -0.005697 0.0048000000000000004
v 0.0070815 -0.0062174 0.0048000000000000004
v 0.008 -0.0064 0.0048000000000000004
v 0.0089185 -0.0062174 0.0048000000000000004
v 0.009697 -0.005697 0.0048000000000000004
v 0.0102174 -0.0049185 0.0048000000000000004
v 0.0104 -0.004 0.0048000000000000004
v 0.0102174 -0.0030815 0.0048000000000000004
v 0.009697 -0.002303 0.0048000000000000004
v 0.0089185 -0.0017826 0.0048000000000000004
v 0.008 -0.0096 0.0032
v 0.0070815 -0.0097826 0.0032
v 0.0070815 -0.0097826 0.0048000000000000004
v 0.008 -0.0096 0.0048000000000000004
v 0.0063030000000000004 -0.010303 0.0032
v 0.0063030000000000004 -0.010303 0.0048000000000000004
v 0.005782600000000001 -0.0110815 0.0032
v 0.005782600000000001 -0.0110815 0.0048000000000000004
v 0.0056 -0.012 0.0032
v 0.0056 -0.012 0.0048000000000000004
v 0.005782600000000001 -0.0129185 0.0032
v 0.005782600000000001 -0.0129185 0.0048000000000000004
v 0.0063030000000000004 -0.013697 0.0032
v 0.0063030000000000004 -0.013697 0.0048000000000000004
v 0.0070815 -0.0142174 0.0032
v 0.0070815 -0.0142174 0.0048000000000000004
v 0.008 -0.0144 0.0032
v 0.008 -0.0144 0.0048000000000000004
v 0.0089185 -0.0142174 0.0032
v 0.0089185 -0.0142174 0.0048000000000000004
v 0.009697 -0.013697 0.0032
v 0.009697 -0.013697 0.0048000000000000004
v 0.0102174 -0.0129185 0.0032
v 0.0102174 -0.0129185 0.0048000000000000004
v 0.0104 -0.012 0.0032
v 0.0104 -0.012 0.0048000000000000004
v 0.0102174 -0.0110815 0.0032
v 0.0102174 -0.0110815 0.0048000000000000004
v 0.009697 -0.010303 0.0032
v 0.009697 -0.010303 0.0048000000000000004
v 0.0089185 -0.0097826 0.0032
v 0.0089185 -0.0097826 0.0048000000000000004
v 0.0070815 -0.0097826 0.0048000000000000004
v 0.008 -0.0096 0.0048000000000000004
v 0.008 -0.012 0.0048000000000000004
v 0.0063030000000000004 -0.010303 0.0048000000000000004
v 0.005782600000000001 -0.0110815 0.0048000000000000004
v 0.0056 -0.012 0.0048000000000000004
v 0.005782600000000001 -0.0129185 0.0048000000000000004
v 0.0063030000000000004 -0.013697 0.0048000000000000004
v 0.0070815 -0.0142174 0.0048000000000000004
v 0.008 -0.0144 0.0048000000000000004
v 0.0089185 -0.0142174 0.0048000000000000004
v 0.009697 -0.013697 0.0048000000000000004
v 0.0102174 -0.0129185 0.0048000000000000004
v 0.0104 -0.012 0.0048000000000000004
v 0.0102174 -0.0110815 0.0048000000000000004
v 0.009697 -0.010303 0.0048000000000000004
v 0.0089185 -0.0097826 0.0048000000000000004
v 0.008 -0.0176 0.0032
v 0.0070815 -0.0177826 0.0032
v 0.0070815 -0.0177826 0.0048000000000000004
v 0.008 -0.0176 0.0048000000000000004
v 0.0063030000000000004 -0.018303 0.0032
v 0.0063030000000000004 -0.018303 0.0048000000000000004
v 0.005782600000000001 -0.0190815 0.0032
v 0.005782600000000001 -0.0190815 0.0048000000000000004
v 0.0056 -0.02 0.0032
v 0.0056 -0.02 0.0048000000000000004
v 0.005782600000000001 -0.0209185 0.0032
v 0.005782600000000001 -0.0209185 0.0048000000000000004
v 0.0063030000000000004 -0.021697 0.0032
v 0.0063030000000000004 -0.021697 0.0048000000000000004
v 0.0070815 -0.0222174 0.0032
v 0.0070815 -0.0222174 0.0048000000000000004
v 0.008 -0.0224 0.0032
v 0.008 -0.0224 0.0048000000000000004
v 0.0089185 -0.0222174 0.0032
v 0.0089185 -0.0222174 0.0048000000000000004
v 0.009697 -0.021697 0.0032
v 0.009697 -0.021697 0.0048000000000000004
v 0.0102174 -0.0209185 0.0032
v 0.0102174 -0.0209185 0.0048000000000000004
v 0.0104 -0.02 0.0032
v 0.0104 -0.02 0.0048000000000000004
v 0.0102174 -0.0190815 0.0032
v 0.0102174 -0.0190815 0.0048000000000000004
v 0.009697 -0.018303 0.0032
v 0.009697 -0.018303 0.0048000000000000004
v 0.0089185 -0.0177826 0.0032
v 0.0089185 -0.0177826 0.0048000000000000004
v 0.0070815 -0.0177826 0.0048000000000000004
v 0.008 -0.0176 0.0048000000000000004
v 0.008 -0.02 0.0048000000000000004
v 0.0063030000000000004 -0.018303 0.0048000000000000004
v 0.005782600000000001 -0.0190815 0.0048000000000000004
v 0.0056 -0.02 0.0048000000000000004
v 0.005782600000000001 -0.0209185 0.0048000000000000004
v 0.0063030000000000004 -0.021697 0.0048000000000000004
v 0.0070815 -0.0222174 0.0048000000000000004
v 0.008 -0.0224 0.0048000000000000004
v 0.0089185 -0.0222174 0.0048000000000000004
v 0.009697 -0.021697 0.0048000000000000004
v 0.0102174 -0.0209185 0.0048000000000000004
v 0.0104 -0.02 0.0048000000000000004
v 0.0102174 -0.0190815 0.0048000000000000004
v 0.009697 -0.018303 0.0048000000000000004
v 0.0089185 -0.0177826 0.0048000000000000004
v 0.008 -0.0256 0.0032
v 0.0070815 -0.0257826 0.0032
v 0.0070815 -0.0257826 0.0048000000000000004
v 0.008 -0.0256 0.0048000000000000004
v 0.0063030000000000004 -0.026303 0.0032
v 0.0063030000000000004 -0.026303 0.0048000000000000004
v 0.005782600000000001 -0.0270815 0.0032
v 0.005782600000000001 -0.0270815 0.0048000000000000004
v 0.0056 -0.028 0.0032
v 0.0056 -0.028 0.0048000000000000004
v 0.005782600000000001 -0.0289185 0.0032
v 0.005782600000000001 -0.0289185 0.0048000000000000004
v 0.0063030000000000004 -0.029697 0.0032
v 0.0063030000000000004 -0.029697 0.0048000000000000004
v 0.0070815 -0.0302174 0.0032
v 0.0070815 -0.0302174 0.0048000000000000004
v 0.008 -0.0304 0.0032
v 0.008 -0.0304 0.0048000000000000004
v 0.0089185 -0.0302174 0.0032
v 0.0089185 -0.0302174 0.0048000000000000004
v 0.009697 -0.029697 0.0032
v 0.009697 -0.029697 0.0048000000000000004
v 0.0102174 -0.0289185 0.0032
v 0.0102174 -0.0289185 0.0048000000000000004
v 0.0104 -0.028 0.0032
v 0.0104 -0.028 0.0048000000000000004
v 0.0102174 -0.0270815 0.0032
v 0.0102174 -0.0270815 0.0048000000000000004
v 0.009697 -0.026303 0.0032
v 0.009697 -0.026303 0.0048000000000000004
v 0.0089185 -0.0257826 0.0032
v 0.0089185 -0.0257826 0.0048000000000000004
v 0.0070815 -0.0257826 0.0048000000000000004
v 0.008 -0.0256 0.0048000000000000004
v 0.008 -0.028 0.0048000000000000004
v 0.0063030000000000004 -0.026303 0.0048000000000000004
v 0.005782600000000001 -0.0270815 0.0048000000000000004
v 0.0056 -0.028 0.0048000000000000004
v 0.005782600000000001 -0.0289185 0.0048000000000000004
v 0.0063030000000000004 -0.029697 0.0048000000000000004
v 0.0070815 -0.0302174 0.0048000000000000004
v 0.008 -0.0304 0.0048000000000000004
v 0.0089185 -0.0302174 0.0048000000000000004
v 0.009697 -0.029697 0.0048000000000000004
v 0.0102174 -0.0289185 0.0048000000000000004
v 0.0104 -0.028 0.0048000000000000004
v 0.0102174 -0.0270815 0.0048000000000000004
v 0.009697 -0.026303 0.0048000000000000004
v 0.0089185 -0.0257826 0.0048000000000000004
v 0.016 0.0304 0.0032
v 0.015081500000000001 0.0302174 0.0032
v 0.015081500000000001 0.0302174 0.0048000000000000004
v 0.016 0.0304 0.0048000000000000004
v 0.014303 0.029697 0.0032
v 0.014303 0.029697 0.0048000000000000004
v 0.0137826 0.0289185 0.0032
v 0.0137826 0.0289185 0.0048000000000000004
v 0.013600000000000001 0.028 0.0032
v 0.013600000000000001 0.028 0.0048000000000000004
v 0.0137826 0.0270815 0.0032
v 0.0137826 0.0270815 0.0048000000000000004
v 0.014303 0.026303 0.0032
v 0.014303 0.026303 0.0048000000000000004
v 0.015081500000000001 0.0257826 0.0032
v 0.015081500000000001 0.0257826 0.0048000000000000004
v 0.016 0.0256 0.0032
v 0.016 0.0256 0.0048000000000000004
v 0.0169185 0.0257826 0.0032
v 0.0169185 0.0257826 0.0048000000000000004
v 0.017697 0.026303 0.0032
v 0.017697 0.026303 0.0048000000000000004
v 0.0182174 0.0270815 0.0032
v 0.0182174 0.0270815 0.0048000000000000004
v 0.0184 0.028 0.0032
v 0.0184 0.028 0.0048000000000000004
v 0.0182174 0.0289185 0.0032
v 0.0182174 0.0289185 0.0048000000000000004
v 0.017697 0.029697 0.0032
v 0.017697 0.029697 0.0048000000000000004
v 0.0169185 0.0302174 0.0032
v 0.0169185 0.0302174 0.0048000000000000004
v 0.015081500000000001 0.0302174 0.0048000000000000004
v 0.016 0.0304 0.0048000000000000004
v 0.016 0.028 0.0048000000000000004
v 0.014303 0.029697 0.0048000000000000004
v 0.0137826 0.0289185 0.0048000000000000004
v 0.013600000000000001 0.028 0.0048000000000000004
v 0.0137826 0.0270815 0.0048000000000000004
v 0.014303 0.026303 0.0048000000000000004
v 0.015081500000000001 0.0257826 0.0048000000000000004
v 0.016 0.0256 0.0048000000000000004
v 0.0169185 0.0257826 0.0048000000000000004
v 0.017697 0.026303 0.0048000000000000004
v 0.0182174 0.0270815 0.0048000000000000004
v 0.0184 0.028 0.0048000000000000004
v 0.0182174 0.0289185 0.0048000000000000004
v 0.017697 0.029697 0.0048000000000000004
v 0.0169185 0.0302174 0.0048000000000000004
v 0.016 0.0224 0.0032
v 0.015081500000000001 0.0222174 0.0032
v 0.015081500000000001 0.0222174 0.0048000000000000004
v 0.016 0.0224 0.0048000000000000004
v 0.014303 0.021697 0.0032
v 0.014303 0.021697 0.0048000000000000004
v 0.0137826 0.0209185 0.0032
v 0.0137826 0.0209185 0.0048000000000000004
v 0.013600000000000001 0.02 0.0032
v 0.013600000000000001 0.02 0.0048000000000000004
v 0.0137826 0.0190815 0.0032
v 0.0137826 0.0190815 0.0048000000000000004
v 0.014303 0.018303 0.0032
v 0.014303 0.018303 0.0048000000000000004
v 0.015081500000000001 0.0177826 0.0032
v 0.015081500000000001 0.0177826 0.0048000000000000004
v 0.016 0.0176 0.0032
v 0.016 0.0176 0.0048000000000000004
v 0.0169185 0.0177826 0.0032
v 0.0169185 0.0177826 0.0048000000000000004
v 0.017697 0.018303 0.0032
v 0.017697 0.018303 0.0048000000000000004
v 0.0182174 0.0190815 0.0032
v 0.0182174 0.0190815 0.0048000000000000004
v 0.0184 0.02 0.0032
v 0.0184 0.02 0.0048000000000000004
v 0.0182174 0.0209185 0.0032
v 0.0182174 0.0209185 0.0048000000000000004
v 0.017697 0.021697 0.0032
v 0.017697 0.021697 0.0048000000000000004
v 0.0169185 0.0222174 0.0032
v 0.0169185 0.0222174 0.0048000000000000004
v 0.015081500000000001 0.0222174 0.0048000000000000004
v 0.016 0.0224 0.0048000000000000004
v 0.016 0.02 0.0048000000000000004
v 0.014303 0.021697 0.0048000000000000004
v 0.0137826 0.0209185 0.0048000000000000004
v 0.013600000000000001 0.02 0.0048000000000000004
v 0.0137826 0.0190815 0.0048000000000000004
v 0.014303 0.018303 0.0048000000000000004
v 0.015081500000000001 0.0177826 0.0048000000000000004
v 0.016 0.0176 0.0048000000000000004
v 0.0169185 0.0177826 0.0048000000000000004
v 0.017697 0.018303 0.0048000000000000004
v 0.0182174 0.0190815 0.0048000000000000004
v 0.0184 0.02 0.0048000000000000004
v 0.0182174 0.0209185 0.0048000000000000004
v 0.017697 0.021697 0.0048000000000000004
v 0.0169185 0.0222174 0.0048000000000000004
v 0.016 0.0144 0.0032
v 0.015081500000000001 0.0142174 0.0032
v 0.015081500000000001 0.0142174 0.0048000000000000004
v 0.016 0.0144 0.0048000000000000004
v 0.014303 0.013697 0.0032
v 0.014303 0.013697 0.0048000000000000004
v 0.0137826 0.0129185 0.0032
v 0.0137826 0.0129185 0.0048000000000000004
v 0.013600000000000001 0.012 0.0032
v 0.013600000000000001 0.012 0.0048000000000000004
v 0.0137826 0.0110815 0.0032
v 0.0137826 0.0110815 0.0048000000000000004
v 0.014303 0.010303 0.0032
v 0.014303 0.010303 0.0048000000000000004
v 0.015081500000000001 0.0097826 0.0032
v 0.015081500000000001 0.0097826 0.0048000000000000004
v 0.016 0.0096 0.0032
v 0.016 0.0096 0.0048000000000000004
v 0.0169185 0.0097826 0.0032
v 0.0169185 0.0097826 0.0048000000000000004
v 0.017697 0.010303 0.0032
v 0.017697 0.010303 0.0048000000000000004
v 0.0182174 0.0110815 0.0032
v 0.0182174 0.0110815 0.0048000000000000004
v 0.0184 0.012 0.0032
v 0.0184 0.012 0.0048000000000000004
v 0.0182174 0.0129185 0.0032
v 0.0182174 0.0129185 0.0048000000000000004
v 0.017697 0.013697 0.0032
v 0.017697 0.013697 0.0048000000000000004
v 0.0169185 0.0142174 0.0032
v 0.0169185 0.0142174 0.0048000000000000004
v 0.015081500000000001 0.0142174 0.0048000000000000004
v 0.016 0.0144 0.0048000000000000004
v 0.016 0.012 0.0048000000000000004
v 0.014303 0.013697 0.0048000000000000004
v 0.0137826 0.0129185 0.0048000000000000004
v 0.013600000000000001 0.012 0.0048000000000000004
v 0.0137826 0.0110815 0.0048000000000000004
v 0.014303 0.010303 0.0048000000000000004
v 0.015081500000000001 0.0097826 0.0048000000000000004
v 0.016 0.0096 0.0048000000000000004
v 0.0169185 0.0097826 0.0048000000000000004
v 0.017697 0.010303 0.0048000000000000004
v 0.0182174 0.0110815 0.0048000000000000004
v 0.0184 0.012 0.0048000000000000004
v 0.0182174 0.0129185 0.0048000000000000004
v 0.017697 0.013697 0.0048000000000000004
v 0.0169185 0.0142174 0.0048000000000000004
v 0.016 0.0064 0.0032
v 0.015081500000000001 0.0062174 0.0032
v 0.015081500000000001 0.0062174 0.0048000000000000004
v 0.016 0.0064 0.0048000000000000004
v 0.014303 0.005697 0.0032
v 0.014303 0.005697 0.0048000000000000004
v 0.0137826 0.0049185 0.0032
v 0.0137826 0.0049185 0.0048000000000000004
v 0.013600000000000001 0.004 0.0032
v 0.013600000000000001 0.004 0.0048000000000000004
v 0.0137826 0.0030815 0.0032
v 0.0137826 0.0030815 0.0048000000000000004
v 0.014303 0.002303 0.0032
v 0.014303 0.002303 0.0048000000000000004
v 0.015081500000000001 0.0017826 0.0032
v 0.015081500000000001 0.0017826 0.0048000000000000004
v 0.016 0.0016 0.0032
v 0.016 0.0016 0.0048000000000000004
v 0.0169185 0.0017826 0.0032
v 0.0169185 0.0017826 0.0048000000000000004
v 0.017697 0.002303 0.0032
v 0.017697 0.002303 0.0048000000000000004
v 0.0182174 0.0030815 0.0032
v 0.0182174 0.0030815 0.0048000000000000004
v 0.0184 0.004 0.0032
v 0.0184 0.004 0.0048000000000000004
v 0.0182174 0.0049185 0.0032
v 0.0182174 0.0049185 0.0048000000000000004
v 0.017697 0.005697 0.0032
v 0.017697 0.005697 0.0048000000000000004
v 0.0169185 0.0062174 0.0032
v 0.0169185 0.0062174 0.0048000000000000004
v 0.015081500000000001 0.0062174 0.0048000000000000004
v 0.016 0.0064 0.0048000000000000004
v 0.016 0.004 0.0048000000000000004
v 0.014303 0.005697 0.0048000000000000004
v 0.0137826 0.0049185 0.0048000000000000004
v 0.013600000000000001 0.004 0.0048000000000000004
v 0.0137826 0.0030815 0.0048000000000000004
v 0.014303 0.002303 0.0048000000000000004
v 0.015081500000000001 0.0017826 0.0048000000000000004
v 0.016 0.0016 0.0048000000000000004
v 0.0169185 0.0017826 0.0048000000000000004
v 0.017697 0.002303 0.0048000000000000004
v 0.0182174 0.0030815 0.0048000000000000004
v 0.0184 0.004 0.0048000000000000004
v 0.0182174 0.0049185 0.0048000000000000004
v 0.017697 0.005697 0.0048000000000000004
v 0.0169185 0.0062174 0.0048000000000000004
v 0.016 -0.0016 0.0032
v 0.015081500000000001 -0.0017826 0.0032
v 0.015081500000000001 -0.0017826 0.0048000000000000004
v 0.016 -0.0016 0.0048000000000000004
v 0.014303 -0.002303 0.0032
v 0.014303 -0.002303 0.0048000000000000004
v 0.0137826 -0.0030815 0.0032
v 0.0137826 -0.0030815 0.0048000000000000004
v 0.013600000000000001 -0.004 0.0032
v 0.013600000000000001 -0.004 0.0048000000000000004
v 0.0137826 -0.0049185 0.0032
v 0.0137826 -0.0049185 0.0048000000000000004
v 0.014303 -0.005697 0.0032
v 0.014303 -0.005697 0.0048000000000000004
v 0.015081500000000001 -0.0062174 0.0032
v 0.015081500000000001 -0.0062174 0.0048000000000000004
v 0.016 -0.0064 0.0032
v 0.016 -0.0064 0.0048000000000000004
v 0.0169185 -0.0062174 0.0032
v 0.0169185 -0.0062174 0.0048000000000000004
v 0.017697 -0.005697 0.0032
v 0.017697 -0.005697 0.0048000000000000004
v 0.0182174 -0.0049185 0.0032
v 0.0182174 -0.0049185 0.0048000000000000004
v 0.0184 -0.004 0.0032
v 0.0184 -0.004 0.0048000000000000004
v 0.0182174 -0.0030815 0.0032
v 0.0182174 -0.0030815 0.0048000000000000004
v 0.017697 -0.002303 0.0032
v 0.017697 -0.002303 0.0048000000000000004
v 0.0169185 -0.0017826 0.0032
v 0.0169185 -0.0017826 0.0048000000000000004
v 0.015081500000000001 -0.0017826 0.0048000000000000004
v 0.016 -0.0016 0.0048000000000000004
v 0.016 -0.004 0.0048000000000000004
v 0.014303 -0.002303 0.0048000000000000004
v 0.0137826 -0.0030815 0.0048000000000000004
v 0.013600000000000001 -0.004 0.0048000000000000004
v 0.0137826 -0.0049185 0.0048000000000000004
v 0.014303 -0.005697 0.0048000000000000004
v 0.015081500000000001 -0.0062174 0.0048000000000000004
v 0.016 -0.0064 0.0048000000000000004
v 0.0169185 -0.0062174 0.0048000000000000004
v 0.017697 -0.005697 0.0048000000000000004
v 0.0182174 -0.0049185 0.0048000000000000004
v 0.0184 -0.004 0.0048000000000000004
v 0.0182174 -0.0030815 0.0048000000000000004
v 0.017697 -0.002303 0.0048000000000000004
v 0.0169185 -0.0017826 0.0048000000000000004
v 0.016 -0.0096 0.0032
v 0.015081500000000001 -0.0097826 0.0032
v 0.015081500000000001 -0.0097826 0.0048000000000000004
v 0.016 -0.0096 0.0048000000000000004
v 0.014303 -0.010303 0.0032
v 0.014303 -0.010303 0.0048000000000000004
v 0.0137826 -0.0110815 0.0032
v 0.0137826 -0.0110815 0.0048000000000000004
v 0.013600000000000001 -0.012 0.0032
v 0.013600000000000001 -0.012 0.0048000000000000004
v 0.0137826 -0.0129185 0.0032
v 0.0137826 -0.0129185 0.0048000000000000004
v 0.014303 -0.013697 0.0032
v 0.014303 -0.013697 0.0048000000000000004
v 0.015081500000000001 -0.0142174 0.0032
v 0.015081500000000001 -0.0142174 0.0048000000000000004
v 0.016 -0.0144 0.0032
v 0.016 -0.0144 0.0048000000000000004
v 0.0169185 -0.0142174 0.0032
v 0.0169185 -0.0142174 0.0048000000000000004
v 0.017697 -0.013697 0.0032
v 0.017697 -0.013697 0.0048000000000000004
v 0.0182174 -0.0129185 0.0032
v 0.0182174 -0.0129185 0.0048000000000000004
v 0.0184 -0.012 0.0032
v 0.0184 -0.012 0.0048000000000000004
v 0.0182174 -0.0110815 0.0032
v 0.0182174 -0.0110815 0.0048000000000000004
v 0.017697 -0.010303 0.0032
v 0.017697 -0.010303 0.0048000000000000004
v 0.0169185 -0.0097826 0.0032
v 0.0169185 -0.0097826 0.0048000000000000004
v 0.015081500000000001 -0.0097826 0.0048000000000000004
v 0.016 -0.0096 0.0048000000000000004
v 0.016 -0.012 0.0048000000000000004
v 0.014303 -0.010303 0.0048000000000000004
v 0.0137826 -0.0110815 0.0048000000000000004
v 0.013600000000000001 -0.012 0.0048000000000000004
v 0.0137826 -0.0129185 0.0048000000000000004
v 0.014303 -0.013697 0.0048000000000000004
v 0.015081500000000001 -0.0142174 0.0048000000000000004
v 0.016 -0.0144 0.0048000000000000004
v 0.0169185 -0.0142174 0.0048000000000000004
v 0.017697 -0.013697 0.0048000000000000004
v 0.0182174 -0.0129185 0.0048000000000000004
v 0.0184 -0.012 0.0048000000000000004
v 0.0182174 -0.0110815 0.0048000000000000004
v 0.017697 -0.010303 0.0048000000000000004
v 0.0169185 -0.0097826 0.0048000000000000004
v 0.016 -0.0176 0.0032
v 0.015081500000000001 -0.0177826 0.0032
v 0.015081500000000001 -0.0177826 0.0048000000000000004
v 0.016 -0.0176 0.0048000000000000004
v 0.014303 -0.018303 0.0032
v 0.014303 -0.018303 0.0048000000000000004
v 0.0137826 -0.0190815 0.0032
v 0.0137826 -0.0190815 0.0048000000000000004
v 0.013600000000000001 -0.02 0.0032
v 0.013600000000000001 -0.02 0.0048000000000000004
v 0.0137826 -0.0209185 0.0032
v 0.0137826 -0.0209185 0.0048000000000000004
v 0.014303 -0.021697 0.0032
v 0.014303 -0.021697 0.0048000000000000004
v 0.015081500000000001 -0.0222174 0.0032
v 0.015081500000000001 -0.0222174 0.0048000000000000004
v 0.016 -0.0224 0.0032
v 0.016 -0.0224 0.0048000000000000004
v 0.0169185 -0.0222174 0.0032
v 0.0169185 -0.0222174 0.0048000000000000004
v 0.017697 -0.021697 0.0032
v 0.017697 -0.021697 0.0048000000000000004
v 0.0182174 -0.0209185 0.0032
v 0.0182174 -0.0209185 0.0048000000000000004
v 0.0184 -0.02 0.0032
v 0.0184 -0.02 0.0048000000000000004
v 0.0182174 -0.0190815 0.0032
v 0.0182174 -0.0190815 0.0048000000000000004
v 0.017697 -0.018303 0.0032
v 0.017697 -0.018303 0.0048000000000000004
v 0.0169185 -0.0177826 0.0032
v 0.0169185 -0.0177826 0.0048000000000000004
v 0.015081500000000001 -0.0177826 0.0048000000000000004
v 0.016 -0.0176 0.0048000000000000004
v 0.016 -0.02 0.0048000000000000004
v 0.014303 -0.018303 0.0048000000000000004
v 0.0137826 -0.0190815 0.0048000000000000004
v 0.013600000000000001 -0.02 0.0048000000000000004
v 0.0137826 -0.0209185 0.0048000000000000004
v 0.014303 -0.021697 0.0048000000000000004
v 0.015081500000000001 -0.0222174 0.0048000000000000004
v 0.016 -0.0224 0.0048000000000000004
v 0.0169185 -0.0222174 0.0048000000000000004
v 0.017697 -0.021697 0.0048000000000000004
v 0.0182174 -0.0209185 0.0048000000000000004
v 0.0184 -0.02 0.0048000000000000004
v 0.0182174 -0.0190815 0.0048000000000000004
v 0.017697 -0.018303 0.0048000000000000004
v 0.0169185 -0.0177826 0.0048000000000000004
v 0.016 -0.0256 0.0032
v 0.015081500000000001 -0.0257826 0.0032
v 0.015081500000000001 -0.0257826 0.0048000000000000004
v 0.016 -0.0256 0.0048000000000000004
v 0.014303 -0.026303 0.0032
v 0.014303 -0.026303 0.0048000000000000004
v 0.0137826 -0.0270815 0.0032
v 0.0137826 -0.0270815 0.0048000000000000004
v 0.013600000000000001 -0.028 0.0032
v 0.013600000000000001 -0.028 0.0048000000000000004
v 0.0137826 -0.0289185 0.0032
v 0.0137826 -0.0289185 0.0048000000000000004
v 0.014303 -0.029697 0.0032
v 0.014303 -0.029697 0.0048000000000000004
v 0.015081500000000001 -0.0302174 0.0032
v 0.015081500000000001 -0.0302174 0.0048000000000000004
v 0.016 -0.0304 0.0032
v 0.016 -0.0304 0.0048000000000000004
v 0.0169185 -0.0302174 0.0032
v 0.0169185 -0.0302174 0.0048000000000000004
v 0.017697 -0.029697 0.0032
v 0.017697 -0.029697 0.0048000000000000004
v 0.0182174 -0.0289185 0.0032
v 0.0182174 -0.0289185 0.0048000000000000004
v 0.0184 -0.028 0.0032
v 0.0184 -0.028 0.0048000000000000004
v 0.0182174 -0.0270815 0.0032
v 0.0182174 -0.0270815 0.0048000000000000004
v 0.017697 -0.026303 0.0032
v 0.017697 -0.026303 0.0048000000000000004
v 0.0169185 -0.0257826 0.0032
v 0.0169185 -0.0257826 0.0048000000000000004
v 0.015081500000000001 -0.0257826 0.0048000000000000004
v 0.016 -0.0256 0.0048000000000000004
v 0.016 -0.028 0.0048000000000000004
v 0.014303 -0.026303 0.0048000000000000004
v 0.0137826 -0.0270815 0.0048000000000000004
v 0.013600000000000001 -0.028 0.0048000000000000004
v 0.0137826 -0.0289185 0.0048000000000000004
v 0.014303 -0.029697 0.0048000000000000004
v 0.015081500000000001 -0.0302174 0.0048000000000000004
v 0.016 -0.0304 0.0048000000000000004
v 0.0169185 -0.0302174 0.0048000000000000004
v 0.017697 -0.029697 0.0048000000000000004
v 0.0182174 -0.0289185 0.0048000000000000004
v 0.0184 -0.028 0.0048000000000000004
v 0.0182174 -0.0270815 0.0048000000000000004
v 0.017697 -0.026303 0.0048000000000000004
v 0.0169185 -0.0257826 0.0048000000000000004
v 0.024 0.0304 0.0032
v 0.023081499999999998 0.0302174 0.0032
v 0.023081499999999998 0.0302174 0.0048000000000000004
v 0.024 0.0304 0.0048000000000000004
v 0.022303 0.029697 0.0032
v 0.022303 0.029697 0.0048000000000000004
v 0.0217826 0.0289185 0.0032
v 0.0217826 0.0289185 0.0048000000000000004
v 0.0216 0.028 0.0032
v 0.0216 0.028 0.0048000000000000004
v 0.0217826 0.0270815 0.0032
v 0.0217826 0.0270815 0.0048000000000000004
v 0.022303 0.026303 0.0032
v 0.022303 0.026303 0.0048000000000000004
v 0.023081499999999998 0.0257826 0.0032
v 0.023081499999999998 0.0257826 0.0048000000000000004
v 0.024 0.0256 0.0032
v 0.024 0.0256 0.0048000000000000004
v 0.0249185 0.0257826 0.0032
v 0.0249185 0.0257826 0.0048000000000000004
v 0.025697 0.026303 0.0032
v 0.025697 0.026303 0.0048000000000000004
v 0.026217400000000002 0.0270815 0.0032
v 0.026217400000000002 0.0270815 0.0048000000000000004
v 0.0264 0.028 0.0032
v 0.0264 0.028 0.0048000000000000004
v 0.026217400000000002 0.0289185 0.0032
v 0.026217400000000002 0.0289185 0.0048000000000000004
v 0.025697 0.029697 0.0032
v 0.025697 0.029697 0.0048000000000000004
v 0.0249185 0.0302174 0.0032
v 0.0249185 0.0302174 0.0048000000000000004
v 0.023081499999999998 0.0302174 0.0048000000000000004
v 0.024 0.0304 0.0048000000000000004
v 0.024 0.028 0.0048000000000000004
v 0.022303 0.029697 0.0048000000000000004
v 0.0217826 0.0289185 0.0048000000000000004
v 0.0216 0.028 0.0048000000000000004
v 0.0217826 0.0270815 0.0048000000000000004
v 0.022303 0.026303 0.0048000000000000004
v 0.023081499999999998 0.0257826 0.0048000000000000004
v 0.024 0.0256 0.0048000000000000004
v 0.0249185 0.0257826 0.0048000000000000004
v 0.025697 0.026303 0.0048000000000000004
v 0.026217400000000002 0.0270815 0.0048000000000000004
v 0.0264 0.028 0.0048000000000000004
v 0.026217400000000002 0.0289185 0.0048000000000000004
v 0.025697 0.029697 0.0048000000000000004
v 0.0249185 0.0302174 0.0048000000000000004
v 0.024 0.0224 0.0032
v 0.023081499999999998 0.0222174 0.0032
v 0.023081499999999998 0.0222174 0.0048000000000000004
v 0.024 0.0224 0.0048000000000000004
v 0.022303 0.021697 0.0032
v 0.022303 0.021697 0.0048000000000000004
v 0.0217826 0.0209185 0.0032
v 0.0217826 0.0209185 0.0048000000000000004
v 0.0216 0.02 0.0032
v 0.0216 0.02 0.0048000000000000004
v 0.0217826 0.0190815 0.0032
v 0.0217826 0.0190815 0.0048000000000000004
v 0.022303 0.018303 0.0032
v 0.022303 0.018303 0.0048000000000000004
v 0.023081499999999998 0.0177826 0.0032
v 0.023081499999999998 0.0177826 0.0048000000000000004
v 0.024 0.0176 0.0032
v 0.024 0.0176 0.0048000000000000004
v 0.0249185 0.0177826 0.0032
v 0.0249185 0.0177826 0.0048000000000000004
v 0.025697 0.018303 0.0032
v 0.025697 0.018303 0.0048000000000000004
v 0.026217400000000002 0.0190815 0.0032
v 0.026217400000000002 0.0190815 0.0048000000000000004
v 0.0264 0.02 0.0032
v 0.0264 0.02 0.0048000000000000004
v 0.026217400000000002 0.0209185 0.0032
v 0.026217400000000002 0.0209185 0.0048000000000000004
v 0.025697 0.021697 0.0032
v 0.025697 0.021697 0.0048000000000000004
v 0.0249185 0.0222174 0.0032
v 0.0249185 0.0222174 0.0048000000000000004
v 0.023081499999999998 0.0222174 0.0048000000000000004
v 0.024 0.0224 0.0048000000000000004
v 0.024 0.02 0.0048000000000000004
v 0.022303 0.021697 0.0048000000000000004
v 0.0217826 0.0209185 0.0048000000000000004
v 0.0216 0.02 0.0048000000000000004
v 0.0217826 0.0190815 0.0048000000000000004
v 0.022303 0.018303 0.0048000000000000004
v 0.023081499999999998 0.0177826 0.0048000000000000004
v 0.024 0.0176 0.0048000000000000004
v 0.0249185 0.0177826 0.0048000000000000004
v 0.025697 0.018303 0.0048000000000000004
v 0.026217400000000002 0.0190815 0.0048000000000000004
v 0.0264 0.02 0.0048000000000000004
v 0.026217400000000002 0.0209185 0.0048000000000000004
v 0.025697 0.021697 0.0048000000000000004
v 0.0249185 0.0222174 0.0048000000000000004
v 0.024 0.0144 0.0032
v 0.023081499999999998 0.0142174 0.0032
v 0.023081499999999998 0.0142174 0.0048000000000000004
v 0.024 0.0144 0.0048000000000000004
v 0.022303 0.013697 0.0032
v 0.022303 0.013697 0.0048000000000000004
v 0.0217826 0.0129185 0.0032
v 0.0217826 0.0129185 0.0048000000000000004
v 0.0216 0.012 0.0032
v 0.0216 0.012 0.0048000000000000004
v 0.0217826 0.0110815 0.0032
v 0.0217826 0.0110815 0.0048000000000000004
v 0.022303 0.010303 0.0032
v 0.022303 0.010303 0.0048000000000000004
v 0.023081499999999998 0.0097826 0.0032
v 0.023081499999999998 0.0097826 0.0048000000000000004
v 0.024 0.0096 0.0032
v 0.024 0.0096 0.0048000000000000004
v 0.0249185 0.0097826 0.0032
v 0.0249185 0.0097826 0.0048000000000000004
v 0.025697 0.010303 0.0032
v 0.025697 0.010303 0.0048000000000000004
v 0.026217400000000002 0.0110815 0.0032
v 0.026217400000000002 0.0110815 0.0048000000000000004
v 0.0264 0.012 0.0032
v 0.0264 0.012 0.0048000000000000004
v 0.026217400000000002 0.0129185 0.0032
v 0.026217400000000002 0.0129185 0.0048000000000000004
v 0.025697 0.013697 0.0032
v 0.025697 0.013697 0.0048000000000000004
v 0.0249185 0.0142174 0.0032
v 0.0249185 0.0142174 0.0048000000000000004
v 0.023081499999999998 0.0142174 0.0048000000000000004
v 0.024 0.0144 0.0048000000000000004
v 0.024 0.012 0.0048000000000000004
v 0.022303 0.013697 0.0048000000000000004
v 0.0217826 0.0129185 0.0048000000000000004
v 0.0216 0.012 0.0048000000000000004
v 0.0217826 0.0110815 0.0048000000000000004
v 0.022303 0.010303 0.0048000000000000004
v 0.023081499999999998 0.0097826 0.0048000000000000004
v 0.024 0.0096 0.0048000000000000004
v 0.0249185 0.0097826 0.0048000000000000004
v 0.025697 0.010303 0.0048000000000000004
v 0.026217400000000002 0.0110815 0.0048000000000000004
v 0.0264 0.012 0.0048000000000000004
v 0.026217400000000002 0.0129185 0.0048000000000000004
v 0.025697 0.013697 0.0048000000000000004
v 0.0249185 0.0142174 0.0048000000000000004
v 0.024 0.0064 0.0032
v 0.023081499999999998 0.0062174 0.0032
v 0.023081499999999998 0.0062174 0.0048000000000000004
v 0.024 0.0064 0.0048000000000000004
v 0.022303 0.005697 0.0032
v 0.022303 0.005697 0.0048000000000000004
v 0.0217826 0.0049185 0.0032
v 0.0217826 0.0049185 0.0048000000000000004
v 0.0216 0.004 0.0032
v 0.0216 0.004 0.0048000000000000004
v 0.0217826 0.0030815 0.0032
v 0.0217826 0.0030815 0.0048000000000000004
v 0.022303 0.002303 0.0032
v 0.022303 0.002303 0.0048000000000000004
v 0.023081499999999998 0.0017826 0.0032
v 0.023081499999999998 0.0017826 0.0048000000000000004
v 0.024 0.0016 0.0032
v 0.024 0.0016 0.0048000000000000004
v 0.0249185 0.0017826 0.0032
v 0.0249185 0.0017826 0.0048000000000000004
v 0.025697 0.002303 0.0032
v 0.025697 0.002303 0.0048000000000000004
v 0.026217400000000002 0.0030815 0.0032
v 0.026217400000000002 0.0030815 0.0048000000000000004
v 0.0264 0.004 0.0032
v 0.0264 0.004 0.0048000000000000004
v 0.026217400000000002 0.0049185 0.0032
v 0.026217400000000002 0.0049185 0.0048000000000000004
v 0.025697 0.005697 0.0032
v 0.025697 0.005697 0.0048000000000000004
v 0.0249185 0.0062174 0.0032
v 0.0249185 0.0062174 0.0048000000000000004
v 0.023081499999999998 0.0062174 0.0048000000000000004
v 0.024 0.0064 0.0048000000000000004
v 0.024 0.004 0.0048000000000000004
v 0.022303 0.005697 0.0048000000000000004
v 0.0217826 0.0049185 0.0048000000000000004
v 0.0216 0.004 0.0048000000000000004
v 0.0217826 0.0030815 0.0048000000000000004
v 0.022303 0.002303 0.0048000000000000004
v 0.023081499999999998 0.0017826 0.0048000000000000004
v 0.024 0.0016 0.0048000000000000004
v 0.0249185 0.0017826 0.0048000000000000004
v 0.025697 0.002303 0.0048000000000000004
v 0.026217400000000002 0.0030815 0.0048000000000000004
v 0.0264 0.004 0.0048000000000000004
v 0.026217400000000002 0.0049185 0.0048000000000000004
v 0.025697 0.005697 0.0048000000000000004
v 0.0249185 0.0062174 0.0048000000000000004
v 0.024 -0.0016 0.0032
v 0.023081499999999998 -0.0017826 0.0032
v 0.023081499999999998 -0.0017826 0.0048000000000000004
v 0.024 -0.0016 0.0048000000000000004
v 0.022303 -0.002303 0.0032
v 0.022303 -0.002303 0.0048000000000000004
v 0.0217826 -0.0030815 0.0032
v 0.0217826 -0.0030815 0.0048000000000000004
v 0.0216 -0.004 0.0032
v 0.0216 -0.004 0.0048000000000000004
v 0.0217826 -0.0049185 0.0032
v 0.0217826 -0.0049185 0.0048000000000000004
v 0.022303 -0.005697 0.0032
v 0.022303 -0.005697 0.0048000000000000004
v 0.023081499999999998 -0.0062174 0.0032
v 0.023081499999999998 -0.0062174 0.0048000000000000004
v 0.024 -0.0064 0.0032
v 0.024 -0.0064 0.0048000000000000004
v 0.0249185 -0.0062174 0.0032
v 0.0249185 -0.0062174 0.0048000000000000004
v 0.025697 -0.005697 0.0032
v 0.025697 -0.005697 0.0048000000000000004
v 0.026217400000000002 -0.0049185 0.0032
v 0.026217400000000002 -0.0049185 0.0048000000000000004
v 0.0264 -0.004 0.0032
v 0.0264 -0.004 0.0048000000000000004
v 0.026217400000000002 -0.0030815 0.0032
v 0.026217400000000002 -0.0030815 0.0048000000000000004
v 0.025697 -0.002303 0.0032
v 0.025697 -0.002303 0.0048000000000000004
v 0.0249185 -0.0017826 0.0032
v 0.0249185 -0.0017826 0.0048000000000000004
v 0.023081499999999998 -0.0017826 0.0048000000000000004
v 0.024 -0.0016 0.0048000000000000004
v 0.024 -0.004 0.0048000000000000004
v 0.022303 -0.002303 0.0048000000000000004
v 0.0217826 -0.0030815 0.0048000000000000004
v 0.0216 -0.004 0.0048000000000000004
v 0.0217826 -0.0049185 0.0048000000000000004
v 0.022303 -0.005697 0.0048000000000000004
v 0.023081499999999998 -0.0062174 0.0048000000000000004
v 0.024 -0.0064 0.0048000000000000004
v 0.0249185 -0.0062174 0.0048000000000000004
v 0.025697 -0.005697 0.0048000000000000004
v 0.026217400000000002 -0.0049185 0.0048000000000000004
v 0.0264 -0.004 0.0048000000000000004
v 0.026217400000000002 -0.0030815 0.0048000000000000004
v 0.025697 -0.002303 0.0048000000000000004
v 0.0249185 -0.0017826 0.0048000000000000004
v 0.024 -0.0096 0.0032
v 0.023081499999999998 -0.0097826 0.0032
v 0.023081499999999998 -0.0097826 0.0048000000000000004
v 0.024 -0.0096 0.0048000000000000004
v 0.022303 -0.010303 0.0032
v 0.022303 -0.010303 0.0048000000000000004
v 0.0217826 -0.0110815 0.0032
v 0.0217826 -0.0110815 0.0048000000000000004
v 0.0216 -0.012 0.0032
v 0.0216 -0.012 0.0048000000000000004
v 0.0217826 -0.0129185 0.0032
v 0.0217826 -0.0129185 0.0048000000000000004
v 0.022303 -0.013697 0.0032
v 0.022303 -0.013697 0.0048000000000000004
v 0.023081499999999998 -0.0142174 0.0032
v 0.023081499999999998 -0.0142174 0.0048000000000000004
v 0.024 -0.0144 0.0032
v 0.024 -0.0144 0.0048000000000000004
v 0.0249185 -0.0142174 0.0032
v 0.0249185 -0.0142174 0.0048000000000000004
v 0.025697 -0.013697 0.0032
v 0.025697 -0.013697 0.0048000000000000004
v 0.026217400000000002 -0.0129185 0.0032
v 0.026217400000000002 -0.0129185 0.0048000000000000004
v 0.0264 -0.012 0.0032
v 0.0264 -0.012 0.0048000000000000004
v 0.026217400000000002 -0.0110815 0.0032
v 0.026217400000000002 -0.0110815 0.0048000000000000004
v 0.025697 -0.010303 0.0032
v 0.025697 -0.010303 0.0048000000000000004
v 0.0249185 -0.0097826 0.0032
v 0.0249185 -0.0097826 0.0048000000000000004
v 0.023081499999999998 -0.0097826 0.0048000000000000004
v 0.024 -0.0096 0.0048000000000000004
v 0.024 -0.012 0.0048000000000000004
v 0.022303 -0.010303 0.0048000000000000004
v 0.0217826 -0.0110815 0.0048000000000000004
v 0.0216 -0.012 0.0048000000000000004
v 0.0217826 -0.0129185 0.0048000000000000004
v 0.022303 -0.013697 0.0048000000000000004
v 0.023081499999999998 -0.0142174 0.0048000000000000004
v 0.024 -0.0144 0.0048000000000000004
v 0.0249185 -0.0142174 0.0048000000000000004
v 0.025697 -0.013697 0.0048000000000000004
v 0.026217400000000002 -0.0129185 0.0048000000000000004
v 0.0264 -0.012 0.0048000000000000004
v 0.026217400000000002 -0.0110815 0.0048000000000000004
v 0.025697 -0.010303 0.0048000000000000004
v 0.0249185 -0.0097826 0.0048000000000000004
v 0.024 -0.0176 0.0032
v 0.023081499999999998 -0.0177826 0.0032
v 0.023081499999999998 -0.0177826 0.0048000000000000004
v 0.024 -0.0176 0.0048000000000000004
v 0.022303 -0.018303 0.0032
v 0.022303 -0.018303 0.0048000000000000004
v 0.0217826 -0.0190815 0.0032
v 0.0217826 -0.0190815 0.0048000000000000004
v 0.0216 -0.02 0.0032
v 0.0216 -0.02 0.0048000000000000004
v 0.0217826 -0.0209185 0.0032
v 0.0217826 -0.0209185 0.0048000000000000004
v 0.022303 -0.021697 0.0032
v 0.022303 -0.021697 0.0048000000000000004
v 0.023081499999999998 -0.0222174 0.0032
v 0.023081499999999998 -0.0222174 0.0048000000000000004
v 0.024 -0.0224 0.0032
v 0.024 -0.0224 0.0048000000000000004
v 0.0249185 -0.0222174 0.0032
v 0.0249185 -0.0222174 0.0048000000000000004
v 0.025697 -0.021697 0.0032
v 0.025697 -0.021697 0.0048000000000000004
v 0.026217400000000002 -0.0209185 0.0032
v 0.026217400000000002 -0.0209185 0.0048000000000000004
v 0.0264 -0.02 0.0032
v 0.0264 -0.02 0.0048000000000000004
v 0.026217400000000002 -0.0190815 0.0032
v 0.026217400000000002 -0.0190815 0.0048000000000000004
v 0.025697 -0.018303 0.0032
v 0.025697 -0.018303 0.0048000000000000004
v 0.0249185 -0.0177826 0.0032
v 0.0249185 -0.0177826 0.0048000000000000004
v 0.023081499999999998 -0.0177826 0.0048000000000000004
v 0.024 -0.0176 0.0048000000000000004
v 0.024 -0.02 0.0048000000000000004
v 0.022303 -0.018303 0.0048000000000000004
v 0.0217826 -0.0190815 0.0048000000000000004
v 0.0216 -0.02 0.0048000000000000004
v 0.0217826 -0.0209185 0.0048000000000000004
v 0.022303 -0.021697 0.0048000000000000004
v 0.023081499999999998 -0.0222174 0.0048000000000000004
v 0.024 -0.0224 0.0048000000000000004
v 0.0249185 -0.0222174 0.0048000000000000004
v 0.025697 -0.021697 0.0048000000000000004
v 0.026217400000000002 -0.0209185 0.0048000000000000004
v 0.0264 -0.02 0.0048000000000000004
v 0.026217400000000002 -0.0190815 0.0048000000000000004
v 0.025697 -0.018303 0.0048000000000000004
v 0.0249185 -0.0177826 0.0048000000000000004
v 0.024 -0.0256 0.0032
v 0.023081499999999998 -0.0257826 0.0032
v 0.023081499999999998 -0.0257826 0.0048000000000000004
v 0.024 -0.0256 0.0048000000000000004
v 0.022303 -0.026303 0.0032
v 0.022303 -0.026303 0.0048000000000000004
v 0.0217826 -0.0270815 0.0032
v 0.0217826 -0.0270815 0.0048000000000000004
v 0.0216 -0.028 0.0032
v 0.0216 -0.028 0.0048000000000000004
v 0.0217826 -0.0289185 0.0032
v 0.0217826 -0.0289185 0.0048000000000000004
v 0.022303 -0.029697 0.0032
v 0.022303 -0.029697 0.0048000000000000004
v 0.023081499999999998 -0.0302174 0.0032
v 0.023081499999999998 -0.0302174 0.0048000000000000004
v 0.024 -0.0304 0.0032
v 0.024 -0.0304 0.0048000000000000004
v 0.0249185 -0.0302174 0.0032
v 0.0249185 -0.0302174 0.0048000000000000004
v 0.025697 -0.029697 0.0032
v 0.025697 -0.029697 0.0048000000000000004
v 0.026217400000000002 -0.0289185 0.0032
v 0.026217400000000002 -0.0289185 0.0048000000000000004
v 0.0264 -0.028 0.0032
v 0.0264 -0.028 0.0048000000000000004
v 0.026217400000000002 -0.0270815 0.0032
v 0.026217400000000002 -0.0270815 0.0048000000000000004
v 0.025697 -0.026303 0.0032
v 0.025697 -0.026303 0.0048000000000000004
v 0.0249185 -0.0257826 0.0032
v 0.0249185 -0.0257826 0.0048000000000000004
v 0.023081499999999998 -0.0257826 0.0048000000000000004
v 0.024 -0.0256 0.0048000000000000004
v 0.024 -0.028 0.0048000000000000004
v 0.022303 -0.026303 0.0048000000000000004
v 0.0217826 -0.0270815 0.0048000000000000004
v 0.0216 -0.028 0.0048000000000000004
v 0.0217826 -0.0289185 0.0048000000000000004
v 0.022303 -0.029697 0.0048000000000000004
v 0.023081499999999998 -0.0302174 0.0048000000000000004
v 0.024 -0.0304 0.0048000000000000004
v 0.0249185 -0.0302174 0.0048000000000000004
v 0.025697 -0.029697 0.0048000000000000004
v 0.026217400000000002 -0.0289185 0.0048000000000000004
v 0.0264 -0.028 0.0048000000000000004
v 0.026217400000000002 -0.0270815 0.0048000000000000004
v 0.025697 -0.026303 0.0048000000000000004
v 0.0249185 -0.0257826 0.0048000000000000004
v 0.012 0.0344 0.0032
v 0.011081500000000001 0.0342174 0.0032
v 0.011081500000000001 0.0342174 0.0048000000000000004
v 0.012 0.0344 0.0048000000000000004
v 0.010303 0.033697 0.0032
v 0.010303 0.033697 0.0048000000000000004
v 0.0097826 0.0329185 0.0032
v 0.0097826 0.0329185 0.0048000000000000004
v 0.009600000000000001 0.032 0.0032
v 0.009600000000000001 0.032 0.0048000000000000004
v 0.0097826 0.0310815 0.0032
v 0.0097826 0.0310815 0.0048000000000000004
v 0.010303 0.030303 0.0032
v 0.010303 0.030303 0.0048000000000000004
v 0.011081500000000001 0.0297826 0.0032
v 0.011081500000000001 0.0297826 0.0048000000000000004
v 0.012 0.0296 0.0032
v 0.012 0.0296 0.0048000000000000004
v 0.0129185 0.0297826 0.0032
v 0.0129185 0.0297826 0.0048000000000000004
v 0.013697 0.030303 0.0032
v 0.013697 0.030303 0.0048000000000000004
v 0.0142174 0.0310815 0.0032
v 0.0142174 0.0310815 0.0048000000000000004
v 0.0144 0.032 0.0032
v 0.0144 0.032 0.0048000000000000004
v 0.0142174 0.0329185 0.0032
v 0.0142174 0.0329185 0.0048000000000000004
v 0.013697 0.033697 0.0032
v 0.013697 0.033697 0.0048000000000000004
v 0.0129185 0.0342174 0.0032
v 0.0129185 0.0342174 0.0048000000000000004
v 0.012 0.0352 0.0032
v 0.010775400000000001 0.0349565 0.0032
v 0.010775400000000001 0.0349565 0.0048000000000000004
v 0.012 0.0352 0.0048000000000000004
v 0.0097373 0.0342627 0.0032
v 0.0097373 0.0342627 0.0048000000000000004
v 0.0090435 0.0332246 0.0032
v 0.0090435 0.0332246 0.0048000000000000004
v 0.0088 0.032 0.0032
v 0.0088 0.032 0.0048000000000000004
v 0.0090435 0.0307754 0.0032
v 0.0090435 0.0307754 0.0048000000000000004
v 0.0097373 0.0297373 0.0032
v 0.0097373 0.0297373 0.0048000000000000004
v 0.010775400000000001 0.0290435 0.0032
v 0.010775400000000001 0.0290435 0.0048000000000000004
v 0.012 0.0288 0.0032
v 0.012 0.0288 0.0048000000000000004
v 0.0132246 0.0290435 0.0032
v 0.0132246 0.0290435 0.0048000000000000004
v 0.0142627 0.0297373 0.0032
v 0.0142627 0.0297373 0.0048000000000000004
v 0.014956500000000001 0.0307754 0.0032
v 0.014956500000000001 0.0307754 0.0048000000000000004
v 0.0152 0.032 0.0032
v 0.0152 0.032 0.0048000000000000004
v 0.014956500000000001 0.0332246 0.0032
v 0.014956500000000001 0.0332246 0.0048000000000000004
v 0.0142627 0.0342627 0.0032
v 0.0142627 0.0342627 0.0048000000000000004
v 0.0132246 0.0349565 0.0032
v 0.0132246 0.0349565 0.0048000000000000004
v 0.0088 0.032 0.0032
v 0.009600000000000001 0.032 0.0032
v 0.0097826 0.0310815 0.0032
v 0.0090435 0.0307754 0.0032
v 0.010303 0.030303 0.0032
v 0.0097373 0.0297373 0.0032
v 0.011081500000000001 0.0297826 0.0032
v 0.010775400000000001 0.0290435 0.0032
v 0.012 0.0296 0.0032
v 0.012 0.0288 0.0032
v 0.0129185 0.0297826 0.0032
v 0.0132246 0.0290435 0.0032
v 0.013697 0.030303 0.0032
v 0.0142627 0.0297373 0.0032
v 0.0142174 0.0310815 0.0032
v 0.014956500000000001 0.0307754 0.0032
v 0.0144 0.032 0.0032
v 0.0152 0.032 0.0032
v 0.0142174 0.0329185 0.0032
v 0.014956500000000001 0.0332246 0.0032
v 0.013697 0.033697 0.0032
v 0.0142627 0.0342627 0.0032
v 0.0129185 0.0342174 0.0032
v 0.0132246 0.0349565 0.0032
v 0.012 0.0344 0.0032
v 0.012 0.0352 0.0032
v 0.011081500000000001 0.0342174 0.0032
v 0.010775400000000001 0.0349565 0.0032
v 0.010303 0.033697 0.0032
v 0.0097373 0.0342627 0.0032
v 0.0097826 0.0329185 0.0032
v 0.0090435 0.0332246 0.0032
v 0.012 0.0264 0.0032
v 0.011081500000000001 0.0262174 0.0032
v 0.011081500000000001 0.0262174 0.0048000000000000004
v 0.012 0.0264 0.0048000000000000004
v 0.010303 0.025697 0.0032
v 0.010303 0.025697 0.0048000000000000004
v 0.0097826 0.0249185 0.0032
v 0.0097826 0.0249185 0.0048000000000000004
v 0.009600000000000001 0.024 0.0032
v 0.009600000000000001 0.024 0.0048000000000000004
v 0.0097826 0.0230815 0.0032
v 0.0097826 0.0230815 0.0048000000000000004
v 0.010303 0.022303 0.0032
v 0.010303 0.022303 0.0048000000000000004
v 0.011081500000000001 0.0217826 0.0032
v 0.011081500000000001 0.0217826 0.0048000000000000004
v 0.012 0.0216 0.0032
v 0.012 0.0216 0.0048000000000000004
v 0.0129185 0.0217826 0.0032
v 0.0129185 0.0217826 0.0048000000000000004
v 0.013697 0.022303 0.0032
v 0.013697 0.022303 0.0048000000000000004
v 0.0142174 0.0230815 0.0032
v 0.0142174 0.0230815 0.0048000000000000004
v 0.0144 0.024 0.0032
v 0.0144 0.024 0.0048000000000000004
v 0.0142174 0.0249185 0.0032
v 0.0142174 0.0249185 0.0048000000000000004
v 0.013697 0.025697 0.0032
v 0.013697 0.025697 0.0048000000000000004
v 0.0129185 0.0262174 0.0032
v 0.0129185 0.0262174 0.0048000000000000004
v 0.012 0.0272 0.0032
v 0.010775400000000001 0.0269565 0.0032
v 0.010775400000000001 0.0269565 0.0048000000000000004
v 0.012 0.0272 0.0048000000000000004
v 0.0097373 0.0262627 0.0032
v 0.0097373 0.0262627 0.0048000000000000004
v 0.0090435 0.0252246 0.0032
v 0.0090435 0.0252246 0.0048000000000000004
v 0.0088 0.024 0.0032
v 0.0088 0.024 0.0048000000000000004
v 0.0090435 0.0227754 0.0032
v 0.0090435 0.0227754 0.0048000000000000004
v 0.0097373 0.0217373 0.0032
v 0.0097373 0.0217373 0.0048000000000000004
v 0.010775400000000001 0.0210435 0.0032
v 0.010775400000000001 0.0210435 0.0048000000000000004
v 0.012 0.0208 0.0032
v 0.012 0.0208 0.0048000000000000004
v 0.0132246 0.0210435 0.0032
v 0.0132246 0.0210435 0.0048000000000000004
v 0.0142627 0.0217373 0.0032
v 0.0142627 0.0217373 0.0048000000000000004
v 0.014956500000000001 0.0227754 0.0032
v 0.014956500000000001 0.0227754 0.0048000000000000004
v 0.0152 0.024 0.0032
v 0.0152 0.024 0.0048000000000000004
v 0.014956500000000001 0.0252246 0.0032
v 0.014956500000000001 0.0252246 0.0048000000000000004
v 0.0142627 0.0262627 0.0032
v 0.0142627 0.0262627 0.0048000000000000004
v 0.0132246 0.0269565 0.0032
v 0.0132246 0.0269565 0.0048000000000000004
v 0.0088 0.024 0.0032
v 0.009600000000000001 0.024 0.0032
v 0.0097826 0.0230815 0.0032
v 0.0090435 0.0227754 0.0032
v 0.010303 0.022303 0.0032
v 0.0097373 0.0217373 0.0032
v 0.011081500000000001 0.0217826 0.0032
v 0.010775400000000001 0.0210435 0.0032
v 0.012 0.0216 0.0032
v 0.012 0.0208 0.0032
v 0.0129185 0.0217826 0.0032
v 0.0132246 0.0210435 0.0032
v 0.013697 0.022303 0.0032
v 0.0142627 0.0217373 0.0032
v 0.0142174 0.0230815 0.0032
v 0.014956500000000001 0.0227754 0.0032
v 0.0144 0.024 0.0032
v 0.0152 0.024 0.0032
v 0.0142174 0.0249185 0.0032
v 0.014956500000000001 0.0252246 0.0032
v 0.013697 0.025697 0.0032
v 0.0142627 0.0262627 0.0032
v 0.0129185 0.0262174 0.0032
v 0.0132246 0.0269565 0.0032
v 0.012 0.0264 0.0032
v 0.012 0.0272 0.0032
v 0.011081500000000001 0.0262174 0.0032
v 0.010775400000000001 0.0269565 0.0032
v 0.010303 0.025697 0.0032
v 0.0097373 0.0262627 0.0032
v 0.0097826 0.0249185 0.0032
v 0.0090435 0.0252246 0.0032
v 0.012 0.0184 0.0032
v 0.011081500000000001 0.0182174 0.0032
v 0.011081500000000001 0.0182174 0.0048000000000000004
v 0.012 0.0184 0.0048000000000000004
v 0.010303 0.017697 0.0032
v 0.010303 0.017697 0.0048000000000000004
v 0.0097826 0.0169185 0.0032
v 0.0097826 0.0169185 0.0048000000000000004
v 0.009600000000000001 0.016 0.0032
v 0.009600000000000001 0.016 0.0048000000000000004
v 0.0097826 0.0150815 0.0032
v 0.0097826 0.0150815 0.0048000000000000004
v 0.010303 0.014303 0.0032
v 0.010303 0.014303 0.0048000000000000004
v 0.011081500000000001 0.0137826 0.0032
v 0.011081500000000001 0.0137826 0.0048000000000000004
v 0.012 0.0136 0.0032
v 0.012 0.0136 0.0048000000000000004
v 0.0129185 0.0137826 0.0032
v 0.0129185 0.0137826 0.0048000000000000004
v 0.013697 0.014303 0.0032
v 0.013697 0.014303 0.0048000000000000004
v 0.0142174 0.0150815 0.0032
v 0.0142174 0.0150815 0.0048000000000000004
v 0.0144 0.016 0.0032
v 0.0144 0.016 0.0048000000000000004
v 0.0142174 0.0169185 0.0032
v 0.0142174 0.0169185 0.0048000000000000004
v 0.013697 0.017697 0.0032
v 0.013697 0.017697 0.0048000000000000004
v 0.0129185 0.0182174 0.0032
v 0.0129185 0.0182174 0.0048000000000000004
v 0.012 0.0192 0.0032
v 0.010775400000000001 0.0189565 0.0032
v 0.010775400000000001 0.0189565 0.0048000000000000004
v 0.012 0.0192 0.0048000000000000004
v 0.0097373 0.0182627 0.0032
v 0.0097373 0.0182627 0.0048000000000000004
v 0.0090435 0.0172246 0.0032
v 0.0090435 0.0172246 0.0048000000000000004
v 0.0088 0.016 0.0032
v 0.0088 0.016 0.0048000000000000004
v 0.0090435 0.0147754 0.0032
v 0.0090435 0.0147754 0.0048000000000000004
v 0.0097373 0.0137373 0.0032
v 0.0097373 0.0137373 0.0048000000000000004
v 0.010775400000000001 0.0130435 0.0032
v 0.010775400000000001 0.0130435 0.0048000000000000004
v 0.012 0.0128 0.0032
v 0.012 0.0128 0.0048000000000000004
v 0.0132246 0.0130435 0.0032
v 0.0132246 0.0130435 0.0048000000000000004
v 0.0142627 0.0137373 0.0032
v 0.0142627 0.0137373 0.0048000000000000004
v 0.014956500000000001 0.0147754 0.0032
v 0.014956500000000001 0.0147754 0.0048000000000000004
v 0.0152 0.016 0.0032
v 0.0152 0.016 0.0048000000000000004
v 0.014956500000000001 0.0172246 0.0032
v 0.014956500000000001 0.0172246 0.0048000000000000004
v 0.0142627 0.0182627 0.0032
v 0.0142627 0.0182627 0.0048000000000000004
v 0.0132246 0.0189565 0.0032
v 0.0132246 0.0189565 0.0048000000000000004
v 0.0088 0.016 0.0032
v 0.009600000000000001 0.016 0.0032
v 0.0097826 0.0150815 0.0032
v 0.0090435 0.0147754 0.0032
v 0.010303 0.014303 0.0032
v 0.0097373 0.0137373 0.0032
v 0.011081500000000001 0.0137826 0.0032
v 0.010775400000000001 0.0130435 0.0032
v 0.012 0.0136 0.0032
v 0.012 0.0128 0.0032
v 0.0129185 0.0137826 0.0032
v 0.0132246 0.0130435 0.0032
v 0.013697 0.014303 0.0032
v 0.0142627 0.0137373 0.0032
v 0.0142174 0.0150815 0.0032
v 0.014956500000000001 0.0147754 0.0032
v 0.0144 0.016 0.0032
v 0.0152 0.016 0.0032
v 0.0142174 0.0169185 0.0032
v 0.014956500000000001 0.0172246 0.0032
v 0.013697 0.017697 0.0032
v 0.0142627 0.0182627 0.0032
v 0.0129185 0.0182174 0.0032
v 0.0132246 0.0189565 0.0032
v 0.012 0.0184 0.0032
v 0.012 0.0192 0.0032
v 0.011081500000000001 0.0182174 0.0032
v 0.010775400000000001 0.0189565 0.0032
v 0.010303 0.017697 0.0032
v 0.0097373 0.0182627 0.0032
v 0.0097826 0.0169185 0.0032
v 0.0090435 0.0172246 0.0032
v 0.02 0.0344 0.0032
v 0.0190815 0.0342174 0.0032
v 0.0190815 0.0342174 0.0048000000000000004
v 0.02 0.0344 0.0048000000000000004
v 0.018303 0.033697 0.0032
v 0.018303 0.033697 0.0048000000000000004
v 0.0177826 0.0329185 0.0032
v 0.0177826 0.0329185 0.0048000000000000004
v 0.0176 0.032 0.0032
v 0.0176 0.032 0.0048000000000000004
v 0.0177826 0.0310815 0.0032
v 0.0177826 0.0310815 0.0048000000000000004
v 0.018303 0.030303 0.0032
v 0.018303 0.030303 0.0048000000000000004
v 0.0190815 0.0297826 0.0032
v 0.0190815 0.0297826 0.0048000000000000004
v 0.02 0.0296 0.0032
v 0.02 0.0296 0.0048000000000000004
v 0.0209185 0.0297826 0.0032
v 0.0209185 0.0297826 0.0048000000000000004
v 0.021697 0.030303 0.0032
v 0.021697 0.030303 0.0048000000000000004
v 0.022217399999999998 0.0310815 0.0032
v 0.022217399999999998 0.0310815 0.0048000000000000004
v 0.0224 0.032 0.0032
v 0.0224 0.032 0.0048000000000000004
v 0.022217399999999998 0.0329185 0.0032
v 0.022217399999999998 0.0329185 0.0048000000000000004
v 0.021697 0.033697 0.0032
v 0.021697 0.033697 0.0048000000000000004
v 0.0209185 0.0342174 0.0032
v 0.0209185 0.0342174 0.0048000000000000004
v 0.02 0.0352 0.0032
v 0.0187754 0.0349565 0.0032
v 0.0187754 0.0349565 0.0048000000000000004
v 0.02 0.0352 0.0048000000000000004
v 0.0177373 0.0342627 0.0032
v 0.0177373 0.0342627 0.0048000000000000004
v 0.0170435 0.0332246 0.0032
v 0.0170435 0.0332246 0.0048000000000000004
v 0.0168 0.032 0.0032
v 0.0168 0.032 0.0048000000000000004
v 0.0170435 0.0307754 0.0032
v 0.0170435 0.0307754 0.0048000000000000004
v 0.0177373 0.0297373 0.0032
v 0.0177373 0.0297373 0.0048000000000000004
v 0.0187754 0.0290435 0.0032
v 0.0187754 0.0290435 0.0048000000000000004
v 0.02 0.0288 0.0032
v 0.02 0.0288 0.0048000000000000004
v 0.0212246 0.0290435 0.0032
v 0.0212246 0.0290435 0.0048000000000000004
v 0.0222627 0.0297373 0.0032
v 0.0222627 0.0297373 0.0048000000000000004
v 0.022956499999999998 0.0307754 0.0032
v 0.022956499999999998 0.0307754 0.0048000000000000004
v 0.0232 0.032 0.0032
v 0.0232 0.032 0.0048000000000000004
v 0.022956499999999998 0.0332246 0.0032
v 0.022956499999999998 0.0332246 0.0048000000000000004
v 0.0222627 0.0342627 0.0032
v 0.0222627 0.0342627 0.0048000000000000004
v 0.0212246 0.0349565 0.0032
v 0.0212246 0.0349565 0.0048000000000000004
v 0.0168 0.032 0.0032
v 0.0176 0.032 0.0032
v 0.0177826 0.0310815 0.0032
v 0.0170435 0.0307754 0.0032
v 0.018303 0.030303 0.0032
v 0.0177373 0.0297373 0.0032
v 0.0190815 0.0297826 0.0032
v 0.0187754 0.0290435 0.0032
v 0.02 0.0296 0.0032
v 0.02 0.0288 0.0032
v 0.0209185 0.0297826 0.0032
v 0.0212246 0.0290435 0.0032
v 0.021697 0.030303 0.0032
v 0.0222627 0.0297373 0.0032
v 0.022217399999999998 0.0310815 0.0032
v 0.022956499999999998 0.0307754 0.0032
v 0.0224 0.032 0.0032
v 0.0232 0.032 0.0032
v 0.022217399999999998 0.0329185 0.0032
v 0.022956499999999998 0.0332246 0.0032
v 0.021697 0.033697 0.0032
v 0.0222627 0.0342627 0.0032
v 0.0209185 0.0342174 0.0032
v 0.0212246 0.0349565 0.0032
v 0.02 0.0344 0.0032
v 0.02 0.0352 0.0032
v 0.0190815 0.0342174 0.0032
v 0.0187754 0.0349565 0.0032
v 0.018303 0.033697 0.0032
v 0.0177373 0.0342627 0.0032
v 0.0177826 0.0329185 0.0032
v 0.0170435 0.0332246 0.0032
v 0.02 0.0264 0.0032
v 0.0190815 0.0262174 0.0032
v 0.0190815 0.0262174 0.0048000000000000004
v 0.02 0.0264 0.0048000000000000004
v 0.018303 0.025697 0.0032
v 0.018303 0.025697 0.0048000000000000004
v 0.0177826 0.0249185 0.0032
v 0.0177826 0.0249185 0.0048000000000000004
v 0.0176 0.024 0.0032
v 0.0176 0.024 0.0048000000000000004
v 0.0177826 0.0230815 0.0032
v 0.0177826 0.0230815 0.0048000000000000004
v 0.018303 0.022303 0.0032
v 0.018303 0.022303 0.0048000000000000004
v 0.0190815 0.0217826 0.0032
v 0.0190815 0.0217826 0.0048000000000000004
v 0.02 0.0216 0.0032
v 0.02 0.0216 0.0048000000000000004
v 0.0209185 0.0217826 0.0032
v 0.0209185 0.0217826 0.0048000000000000004
v 0.021697 0.022303 0.0032
v 0.021697 0.022303 0.0048000000000000004
v 0.022217399999999998 0.0230815 0.0032
v 0.022217399999999998 0.0230815 0.0048000000000000004
v 0.0224 0.024 0.0032
v 0.0224 0.024 0.0048000000000000004
v 0.022217399999999998 0.0249185 0.0032
v 0.022217399999999998 0.0249185 0.0048000000000000004
v 0.021697 0.025697 0.0032
v 0.021697 0.025697 0.0048000000000000004
v 0.0209185 0.0262174 0.0032
v 0.0209185 0.0262174 0.0048000000000000004
v 0.02 0.0272 0.0032
v 0.0187754 0.0269565 0.0032
v 0.0187754 0.0269565 0.0048000000000000004
v 0.02 0.0272 0.0048000000000000004
v 0.0177373 0.0262627 0.0032
v 0.0177373 0.0262627 0.0048000000000000004
v 0.0170435 0.0252246 0.0032
v 0.0170435 0.0252246 0.0048000000000000004
v 0.0168 0.024 0.0032
v 0.0168 0.024 0.0048000000000000004
v 0.0170435 0.0227754 0.0032
v 0.0170435 0.0227754 0.0048000000000000004
v 0.0177373 0.0217373 0.0032
v 0.0177373 0.0217373 0.0048000000000000004
v 0.0187754 0.0210435 0.0032
v 0.0187754 0.0210435 0.0048000000000000004
v 0.02 0.0208 0.0032
v 0.02 0.0208 0.0048000000000000004
v 0.0212246 0.0210435 0.0032
v 0.0212246 0.0210435 0.0048000000000000004
v 0.0222627 0.0217373 0.0032
v 0.0222627 0.0217373 0.0048000000000000004
v 0.022956499999999998 0.0227754 0.0032
v 0.022956499999999998 0.0227754 0.0048000000000000004
v 0.0232 0.024 0.0032
v 0.0232 0.024 0.0048000000000000004
v 0.022956499999999998 0.0252246 0.0032
v 0.022956499999999998 0.0252246 0.0048000000000000004
v 0.0222627 0.0262627 0.0032
v 0.0222627 0.0262627 0.0048000000000000004
v 0.0212246 0.0269565 0.0032
v 0.0212246 0.0269565 0.0048000000000000004
v 0.0168 0.024 0.0032
v 0.0176 0.024 0.0032
v 0.0177826 0.0230815 0.0032
v 0.0170435 0.0227754 0.0032
v 0.018303 0.022303 0.0032
v 0.0177373 0.0217373 0.0032
v 0.0190815 0.0217826 0.0032
v 0.0187754 0.0210435 0.0032
v 0.02 0.0216 0.0032
v 0.02 0.0208 0.0032
v 0.0209185 0.0217826 0.0032
v 0.0212246 0.0210435 0.0032
v 0.021697 0.022303 0.0032
v 0.0222627 0.0217373 0.0032
v 0.022217399999999998 0.0230815 0.0032
v 0.022956499999999998 0.0227754 0.0032
v 0.0224 0.024 0.0032
v 0.0232 0.024 0.0032
v 0.022217399999999998 0.0249185 0.0032
v 0.022956499999999998 0.0252246 0.0032
v 0.021697 0.025697 0.0032
v 0.0222627 0.0262627 0.0032
v 0.0209185 0.0262174 0.0032
v 0.0212246 0.0269565 0.0032
v 0.02 0.0264 0.0032
v 0.02 0.0272 0.0032
v 0.0190815 0.0262174 0.0032
v 0.0187754 0.0269565 0.0032
v 0.018303 0.025697 0.0032
v 0.0177373 0.0262627 0.0032
v 0.0177826 0.0249185 0.0032
v 0.0170435 0.0252246 0.0032
v 0.02 0.0184 0.0032
v 0.0190815 0.0182174 0.0032
v 0.0190815 0.0182174 0.0048000000000000004
v 0.02 0.0184 0.0048000000000000004
v 0.018303 0.017697 0.0032
v 0.018303 0.017697 0.0048000000000000004
v 0.0177826 0.0169185 0.0032
v 0.0177826 0.0169185 0.0048000000000000004
v 0.0176 0.016 0.0032
v 0.0176 0.016 0.0048000000000000004
v 0.0177826 0.0150815 0.0032
v 0.0177826 0.0150815 0.0048000000000000004
v 0.018303 0.014303 0.0032
v 0.018303 0.014303 0.0048000000000000004
v 0.0190815 0.0137826 0.0032
v 0.0190815 0.0137826 0.0048000000000000004
v 0.02 0.0136 0.0032
v 0.02 0.0136 0.0048000000000000004
v 0.0209185 0.0137826 0.0032
v 0.0209185 0.0137826 0.0048000000000000004
v 0.021697 0.014303 0.0032
v 0.021697 0.014303 0.0048000000000000004
v 0.022217399999999998 0.0150815 0.0032
v 0.022217399999999998 0.0150815 0.0048000000000000004
v 0.0224 0.016 0.0032
v 0.0224 0.016 0.0048000000000000004
v 0.022217399999999998 0.0169185 0.0032
v 0.022217399999999998 0.0169185 0.0048000000000000004
v 0.021697 0.017697 0.0032
v 0.021697 0.017697 0.0048000000000000004
v 0.0209185 0.0182174 0.0032
v 0.0209185 0.0182174 0.0048000000000000004
v 0.02 0.0192 0.0032
v 0.0187754 0.0189565 0.0032
v 0.0187754 0.0189565 0.0048000000000000004
v 0.02 0.0192 0.0048000000000000004
v 0.0177373 0.0182627 0.0032
v 0.0177373 0.0182627 0.0048000000000000004
v 0.0170435 0.0172246 0.0032
v 0.0170435 0.0172246 0.0048000000000000004
v 0.0168 0.016 0.0032
v 0.0168 0.016 0.0048000000000000004
v 0.0170435 0.0147754 0.0032
v 0.0170435 0.0147754 0.0048000000000000004
v 0.0177373 0.0137373 0.0032
v 0.0177373 0.0137373 0.0048000000000000004
v 0.0187754 0.0130435 0.0032
v 0.0187754 0.0130435 0.0048000000000000004
v 0.02 0.0128 0.0032
v 0.02 0.0128 0.0048000000000000004
v 0.0212246 0.0130435 0.0032
v 0.0212246 0.0130435 0.0048000000000000004
v 0.0222627 0.0137373 0.0032
v 0.0222627 0.0137373 0.0048000000000000004
v 0.022956499999999998 0.0147754 0.0032
v 0.022956499999999998 0.0147754 0.0048000000000000004
v 0.0232 0.016 0.0032
v 0.0232 0.016 0.0048000000000000004
v 0.022956499999999998 0.0172246 0.0032
v 0.022956499999999998 0.0172246 0.0048000000000000004
v 0.0222627 0.0182627 0.0032
v 0.0222627 0.0182627 0.0048000000000000004
v 0.0212246 0.0189565 0.0032
v 0.0212246 0.0189565 0.0048000000000000004
v 0.0168 0.016 0.0032
v 0.0176 0.016 0.0032
v 0.0177826 0.0150815 0.0032
v 0.0170435 0.0147754 0.0032
v 0.018303 0.014303 0.0032
v 0.0177373 0.0137373 0.0032
v 0.0190815 0.0137826 0.0032
v 0.0187754 0.0130435 0.0032
v 0.02 0.0136 0.0032
v 0.02 0.0128 0.0032
v 0.0209185 0.0137826 0.0032
v 0.0212246 0.0130435 0.0032
v 0.021697 0.014303 0.0032
v 0.0222627 0.0137373 0.0032
v 0.022217399999999998 0.0150815 0.0032
v 0.022956499999999998 0.0147754 0.0032
v 0.0224 0.016 0.0032
v 0.0232 0.016 0.0032
v 0.022217399999999998 0.0169185 0.0032
v 0.022956499999999998 0.0172246 0.0032
v 0.021697 0.017697 0.0032
v 0.0222627 0.0182627 0.0032
v 0.0209185 0.0182174 0.0032
v 0.0212246 0.0189565 0.0032
v 0.02 0.0184 0.0032
v 0.02 0.0192 0.0032
v 0.0190815 0.0182174 0.0032
v 0.0187754 0.0189565 0.0032
v 0.018303 0.017697 0.0032
v 0.0177373 0.0182627 0.0032
v 0.0177826 0.0169185 0.0032
v 0.0170435 0.0172246 0.0032
v 0.028 0.0344 0.0032
v 0.0270815 0.0342174 0.0032
v 0.0270815 0.0342174 0.0048000000000000004
v 0.028 0.0344 0.0048000000000000004
v 0.026303 0.033697 0.0032
v 0.026303 0.033697 0.0048000000000000004
v 0.025782600000000003 0.0329185 0.0032
v 0.025782600000000003 0.0329185 0.0048000000000000004
v 0.025599999999999998 0.032 0.0032
v 0.025599999999999998 0.032 0.0048000000000000004
v 0.025782600000000003 0.0310815 0.0032
v 0.025782600000000003 0.0310815 0.0048000000000000004
v 0.026303 0.030303 0.0032
v 0.026303 0.030303 0.0048000000000000004
v 0.0270815 0.0297826 0.0032
v 0.0270815 0.0297826 0.0048000000000000004
v 0.028 0.0296 0.0032
v 0.028 0.0296 0.0048000000000000004
v 0.0289185 0.0297826 0.0032
v 0.0289185 0.0297826 0.0048000000000000004
v 0.029697 0.030303 0.0032
v 0.029697 0.030303 0.0048000000000000004
v 0.030217400000000002 0.0310815 0.0032
v 0.030217400000000002 0.0310815 0.0048000000000000004
v 0.0304 0.032 0.0032
v 0.0304 0.032 0.0048000000000000004
v 0.030217400000000002 0.0329185 0.0032
v 0.030217400000000002 0.0329185 0.0048000000000000004
v 0.029697 0.033697 0.0032
v 0.029697 0.033697 0.0048000000000000004
v 0.0289185 0.0342174 0.0032
v 0.0289185 0.0342174 0.0048000000000000004
v 0.028 0.0352 0.0032
v 0.026775399999999998 0.0349565 0.0032
v 0.026775399999999998 0.0349565 0.0048000000000000004
v 0.028 0.0352 0.0048000000000000004
v 0.025737299999999998 0.0342627 0.0032
v 0.025737299999999998 0.0342627 0.0048000000000000004
v 0.0250435 0.0332246 0.0032
v 0.0250435 0.0332246 0.0048000000000000004
v 0.024800000000000003 0.032 0.0032
v 0.024800000000000003 0.032 0.0048000000000000004
v 0.0250435 0.0307754 0.0032
v 0.0250435 0.0307754 0.0048000000000000004
v 0.025737299999999998 0.0297373 0.0032
v 0.025737299999999998 0.0297373 0.0048000000000000004
v 0.026775399999999998 0.0290435 0.0032
v 0.026775399999999998 0.0290435 0.0048000000000000004
v 0.028 0.0288 0.0032
v 0.028 0.0288 0.0048000000000000004
v 0.0292246 0.0290435 0.0032
v 0.0292246 0.0290435 0.0048000000000000004
v 0.0302627 0.0297373 0.0032
v 0.0302627 0.0297373 0.0048000000000000004
v 0.0309565 0.0307754 0.0032
v 0.0309565 0.0307754 0.0048000000000000004
v 0.0312 0.032 0.0032
v 0.0312 0.032 0.0048000000000000004
v 0.0309565 0.0332246 0.0032
v 0.0309565 0.0332246 0.0048000000000000004
v 0.0302627 0.0342627 0.0032
v 0.0302627 0.0342627 0.0048000000000000004
v 0.0292246 0.0349565 0.0032
v 0.0292246 0.0349565 0.0048000000000000004
v 0.024800000000000003 0.032 0.0032
v 0.025599999999999998 0.032 0.0032
v 0.025782600000000003 0.0310815 0.0032
v 0.0250435 0.0307754 0.0032
v 0.026303 0.030303 0.0032
v 0.025737299999999998 0.0297373 0.0032
v 0.0270815 0.0297826 0.0032
v 0.026775399999999998 0.0290435 0.0032
v 0.028 0.0296 0.0032
v 0.028 0.0288 0.0032
v 0.0289185 0.0297826 0.0032
v 0.0292246 0.0290435 0.0032
v 0.029697 0.030303 0.0032
v 0.0302627 0.0297373 0.0032
v 0.030217400000000002 0.0310815 0.0032
v 0.0309565 0.0307754 0.0032
v 0.0304 0.032 0.0032
v 0.0312 0.032 0.0032
v 0.030217400000000002 0.0329185 0.0032
v 0.0309565 0.0332246 0.0032
v 0.029697 0.033697 0.0032
v 0.0302627 0.0342627 0.0032
v 0.0289185 0.0342174 0.0032
v 0.0292246 0.0349565 0.0032
v 0.028 0.0344 0.0032
v 0.028 0.0352 0.0032
v 0.0270815 0.0342174 0.0032
v 0.026775399999999998 0.0349565 0.0032
v 0.026303 0.033697 0.0032
v 0.025737299999999998 0.0342627 0.0032
v 0.025782600000000003 0.0329185 0.0032
v 0.0250435 0.0332246 0.0032
v 0.028 0.0264 0.0032
v 0.0270815 0.0262174 0.0032
v 0.0270815 0.0262174 0.0048000000000000004
v 0.028 0.0264 0.0048000000000000004
v 0.026303 0.025697 0.0032
v 0.026303 0.025697 0.0048000000000000004
v 0.025782600000000003 0.0249185 0.0032
v 0.025782600000000003 0.0249185 0.0048000000000000004
v 0.025599999999999998 0.024 0.0032
v 0.025599999999999998 0.024 0.0048000000000000004
v 0.025782600000000003 0.0230815 0.0032
v 0.025782600000000003 0.0230815 0.0048000000000000004
v 0.026303 0.022303 0.0032
v 0.026303 0.022303 0.0048000000000000004
v 0.0270815 0.0217826 0.0032
v 0.0270815 0.0217826 0.0048000000000000004
v 0.028 0.0216 0.0032
v 0.028 0.0216 0.0048000000000000004
v 0.0289185 0.0217826 0.0032
v 0.0289185 0.0217826 0.0048000000000000004
v 0.029697 0.022303 0.0032
v 0.029697 0.022303 0.0048000000000000004
v 0.030217400000000002 0.0230815 0.0032
v 0.030217400000000002 0.0230815 0.0048000000000000004
v 0.0304 0.024 0.0032
v 0.0304 0.024 0.0048000000000000004
v 0.030217400000000002 0.0249185 0.0032
v 0.030217400000000002 0.0249185 0.0048000000000000004
v 0.029697 0.025697 0.0032
v 0.029697 0.025697 0.0048000000000000004
v 0.0289185 0.0262174 0.0032
v 0.0289185 0.0262174 0.0048000000000000004
v 0.028 0.0272 0.0032
v 0.026775399999999998 0.0269565 0.0032
v 0.026775399999999998 0.0269565 0.0048000000000000004
v 0.028 0.0272 0.0048000000000000004
v 0.025737299999999998 0.0262627 0.0032
v 0.025737299999999998 0.0262627 0.0048000000000000004
v 0.0250435 0.0252246 0.0032
v 0.0250435 0.0252246 0.0048000000000000004
v 0.024800000000000003 0.024 0.0032
v 0.024800000000000003 0.024 0.0048000000000000004
v 0.0250435 0.0227754 0.0032
v 0.0250435 0.0227754 0.0048000000000000004
v 0.025737299999999998 0.0217373 0.0032
v 0.025737299999999998 0.0217373 0.0048000000000000004
v 0.026775399999999998 0.0210435 0.0032
v 0.026775399999999998 0.0210435 0.0048000000000000004
v 0.028 0.0208 0.0032
v 0.028 0.0208 0.0048000000000000004
v 0.0292246 0.0210435 0.0032
v 0.0292246 0.0210435 0.0048000000000000004
v 0.0302627 0.0217373 0.0032
v 0.0302627 0.0217373 0.0048000000000000004
v 0.0309565 0.0227754 0.0032
v 0.0309565 0.0227754 0.0048000000000000004
v 0.0312 0.024 0.0032
v 0.0312 0.024 0.0048000000000000004
v 0.0309565 0.0252246 0.0032
v 0.0309565 0.0252246 0.0048000000000000004
v 0.0302627 0.0262627 0.0032
v 0.0302627 0.0262627 0.0048000000000000004
v 0.0292246 0.0269565 0.0032
v 0.0292246 0.0269565 0.0048000000000000004
v 0.024800000000000003 0.024 0.0032
v 0.025599999999999998 0.024 0.0032
v 0.025782600000000003 0.0230815 0.0032
v 0.0250435 0.0227754 0.0032
v 0.026303 0.022303 0.0032
v 0.025737299999999998 0.0217373 0.0032
v 0.0270815 0.0217826 0.0032
v 0.026775399999999998 0.0210435 0.0032
v 0.028 0.0216 0.0032
v 0.028 0.0208 0.0032
v 0.0289185 0.0217826 0.0032
v 0.0292246 0.0210435 0.0032
v 0.029697 0.022303 0.0032
v 0.0302627 0.0217373 0.0032
v 0.030217400000000002 0.0230815 0.0032
v 0.0309565 0.0227754 0.0032
v 0.0304 0.024 0.0032
v 0.0312 0.024 0.0032
v 0.030217400000000002 0.0249185 0.0032
v 0.0309565 0.0252246 0.0032
v 0.029697 0.025697 0.0032
v 0.0302627 0.0262627 0.0032
v 0.0289185 0.0262174 0.0032
v 0.0292246 0.0269565 0.0032
v 0.028 0.0264 0.0032
v 0.028 0.0272 0.0032
v 0.0270815 0.0262174 0.0032
v 0.026775399999999998 0.0269565 0.0032
v 0.026303 0.025697 0.0032
v 0.025737299999999998 0.0262627 0.0032
v 0.025782600000000003 0.0249185 0.0032
v 0.0250435 0.0252246 0.0032
v 0.028 0.0184 0.0032
v 0.0270815 0.0182174 0.0032
v 0.0270815 0.0182174 0.0048000000000000004
v 0.028 0.0184 0.0048000000000000004
v 0.026303 0.017697 0.0032
v 0.026303 0.017697 0.0048000000000000004
v 0.025782600000000003 0.0169185 0.0032
v 0.025782600000000003 0.0169185 0.0048000000000000004
v 0.025599999999999998 0.016 0.0032
v 0.025599999999999998 0.016 0.0048000000000000004
v 0.025782600000000003 0.0150815 0.0032
v 0.025782600000000003 0.0150815 0.0048000000000000004
v 0.026303 0.014303 0.0032
v 0.026303 0.014303 0.0048000000000000004
v 0.0270815 0.0137826 0.0032
v 0.0270815 0.0137826 0.0048000000000000004
v 0.028 0.0136 0.0032
v 0.028 0.0136 0.0048000000000000004
v 0.0289185 0.0137826 0.0032
v 0.0289185 0.0137826 0.0048000000000000004
v 0.029697 0.014303 0.0032
v 0.029697 0.014303 0.0048000000000000004
v 0.030217400000000002 0.0150815 0.0032
v 0.030217400000000002 0.0150815 0.0048000000000000004
v 0.0304 0.016 0.0032
v 0.0304 0.016 0.0048000000000000004
v 0.030217400000000002 0.0169185 0.0032
v 0.030217400000000002 0.0169185 0.0048000000000000004
v 0.029697 0.017697 0.0032
v 0.029697 0.017697 0.0048000000000000004
v 0.0289185 0.0182174 0.0032
v 0.0289185 0.0182174 0.0048000000000000004
v 0.028 0.0192 0.0032
v 0.026775399999999998 0.0189565 0.0032
v 0.026775399999999998 0.0189565 0.0048000000000000004
v 0.028 0.0192 0.0048000000000000004
v 0.025737299999999998 0.0182627 0.0032
v 0.025737299999999998 0.0182627 0.0048000000000000004
v 0.0250435 0.0172246 0.0032
v 0.0250435 0.0172246 0.0048000000000000004
v 0.024800000000000003 0.016 0.0032
v 0.024800000000000003 0.016 0.0048000000000000004
v 0.0250435 0.0147754 0.0032
v 0.0250435 0.0147754 0.0048000000000000004
v 0.025737299999999998 0.0137373 0.0032
v 0.025737299999999998 0.0137373 0.0048000000000000004
v 0.026775399999999998 0.0130435 0.0032
v 0.026775399999999998 0.0130435 0.0048000000000000004
v 0.028 0.0128 0.0032
v 0.028 0.0128 0.0048000000000000004
v 0.0292246 0.0130435 0.0032
v 0.0292246 0.0130435 0.0048000000000000004
v 0.0302627 0.0137373 0.0032
v 0.0302627 0.0137373 0.0048000000000000004
v 0.0309565 0.0147754 0.0032
v 0.0309565 0.0147754 0.0048000000000000004
v 0.0312 0.016 0.0032
v 0.0312 0.016 0.0048000000000000004
v 0.0309565 0.0172246 0.0032
v 0.0309565 0.0172246 0.0048000000000000004
v 0.0302627 0.0182627 0.0032
v 0.0302627 0.0182627 0.0048000000000000004
v 0.0292246 0.0189565 0.0032
v 0.0292246 0.0189565 0.0048000000000000004
v 0.024800000000000003 0.016 0.0032
v 0.025599999999999998 0.016 0.0032
v 0.025782600000000003 0.0150815 0.0032
v 0.0250435 0.0147754 0.0032
v 0.026303 0.014303 0.0032
v 0.025737299999999998 0.0137373 0.0032
v 0.0270815 0.0137826 0.0032
v 0.026775399999999998 0.0130435 0.0032
v 0.028 0.0136 0.0032
v 0.028 0.0128 0.0032
v 0.0289185 0.0137826 0.0032
v 0.0292246 0.0130435 0.0032
v 0.029697 0.014303 0.0032
v 0.0302627 0.0137373 0.0032
v 0.030217400000000002 0.0150815 0.0032
v 0.0309565 0.0147754 0.0032
v 0.0304 0.016 0.0032
v 0.0312 0.016 0.0032
v 0.030217400000000002 0.0169185 0.0032
v 0.0309565 0.0172246 0.0032
v 0.029697 0.017697 0.0032
v 0.0302627 0.0182627 0.0032
v 0.0289185 0.0182174 0.0032
v 0.0292246 0.0189565 0.0032
v 0.028 0.0184 0.0032
v 0.028 0.0192 0.0032
v 0.0270815 0.0182174 0.0032
v 0.026775399999999998 0.0189565 0.0032
v 0.026303 0.017697 0.0032
v 0.025737299999999998 0.0182627 0.0032
v 0.025782600000000003 0.0169185 0.0032
v 0.0250435 0.0172246 0.0032
v 0.0344 0.0096 0.0048000000000000004
v 0.0344 0.0384 0.0048000000000000004
v 0.0056 0.0384 0.0048000000000000004
v 0.0056 0.0096 0.0048000000000000004
v 0.0056 0.0384 0.0048000000000000004
v 0.0056 0.0384 0.0032
v 0.0056 0.0096 0.0032
v 0.0056 0.0096 0.0048000000000000004
v 0.0056 0.0096 0.0048000000000000004
v 0.0056 0.0096 0.0032
v 0.0344 0.0096 0.0032
v 0.0344 0.0096 0.0048000000000000004
v 0.0344 0.0096 0.0048000000000000004
v 0.0344 0.0096 0.0032
v 0.0344 0.0384 0.0032
v 0.0344 0.0384 0.0048000000000000004
v 0.0344 0.0384 0.0048000000000000004
v 0.0344 0.0384 0.0032
v 0.0056 0.0384 0.0032
v 0.0056 0.0384 0.0048000000000000004
v 0.004 0.008 0.0032
v 0.0056 0.0096 0.0032
v 0.0056 0.0384 0.0032
v 0.004 0.04 0.0032
v 0.036000000000000004 0.04 0.0032
v 0.0344 0.0384 0.0032
v 0.0344 0.0096 0.0032
v 0.036000000000000004 0.008 0.0032
v 0.036000000000000004 0.008 0.0064
v 0.036000000000000004 0.04 0.0064
v 0.004 0.04 0.0064
v 0.004 0.008 0.0064
v 0.004 0.04 0.0064
v 0.004 0.04 0.0032
v 0.004 0.008 0.0032
v 0.004 0.008 0.0064
v 0.004 0.008 0.0064
v 0.004 0.008 0.0032
v 0.036000000000000004 0.008 0.0032
v 0.036000000000000004 0.008 0.0064
v 0.036000000000000004 0.008 0.0064
v 0.036000000000000004 0.008 0.0032
v 0.036000000000000004 0.04 0.0032
v 0.036000000000000004 0.04 0.0064
v 0.036000000000000004 0.04 0.0064
v 0.036000000000000004 0.04 0.0032
v 0.004 0.04 0.0032
v 0.004 0.04 0.0064
v 0.008 0.0384 0.0064
v 0.0070815 0.0382174 0.0064
v 0.0070815 0.0382174 0.008
v 0.008 0.0384 0.008
v 0.0063030000000000004 0.037697 0.0064
v 0.0063030000000000004 0.037697 0.008
v 0.005782600000000001 0.0369185 0.0064
v 0.005782600000000001 0.0369185 0.008
v 0.0056 0.036 0.0064
v 0.0056 0.036 0.008
v 0.005782600000000001 0.0350815 0.0064
v 0.005782600000000001 0.0350815 0.008
v 0.0063030000000000004 0.034303 0.0064
v 0.0063030000000000004 0.034303 0.008
v 0.0070815 0.0337826 0.0064
v 0.0070815 0.0337826 0.008
v 0.008 0.0336 0.0064
v 0.008 0.0336 0.008
v 0.0089185 0.0337826 0.0064
v 0.0089185 0.0337826 0.008
v 0.009697 0.034303 0.0064
v 0.009697 0.034303 0.008
v 0.0102174 0.0350815 0.0064
v 0.0102174 0.0350815 0.008
v 0.0104 0.036 0.0064
v 0.0104 0.036 0.008
v 0.0102174 0.0369185 0.0064
v 0.0102174 0.0369185 0.008
v 0.009697 0.037697 0.0064
v 0.009697 0.037697 0.008
v 0.0089185 0.0382174 0.0064
v 0.0089185 0.0382174 0.008
v 0.0070815 0.0382174 0.008
v 0.008 0.0384 0.008
v 0.008 0.036 0.008
v 0.0063030000000000004 0.037697 0.008
v 0.005782600000000001 0.0369185 0.008
v 0.0056 0.036 0.008
v 0.005782600000000001 0.0350815 0.008
v 0.0063030000000000004 0.034303 0.008
v 0.0070815 0.0337826 0.008
v 0.008 0.0336 0.008
v 0.0089185 0.0337826 0.008
v 0.009697 0.034303 0.008
v 0.0102174 0.0350815 0.008
v 0.0104 0.036 0.008
v 0.0102174 0.0369185 0.008
v 0.009697 0.037697 0.008
v 0.0089185 0.0382174 0.008
v 0.008 0.0304 0.0064
v 0.0070815 0.0302174 0.0064
v 0.0070815 0.0302174 0.008
v 0.008 0.0304 0.008
v 0.0063030000000000004 0.029697 0.0064
v 0.0063030000000000004 0.029697 0.008
v 0.005782600000000001 0.0289185 0.0064
v 0.005782600000000001 0.0289185 0.008
v 0.0056 0.028 0.0064
v 0.0056 0.028 0.008
v 0.005782600000000001 0.0270815 0.0064
v 0.005782600000000001 0.0270815 0.008
v 0.0063030000000000004 0.026303 0.0064
v 0.0063030000000000004 0.026303 0.008
v 0.0070815 0.0257826 0.0064
v 0.0070815 0.0257826 0.008
v 0.008 0.0256 0.0064
v 0.008 0.0256 0.008
v 0.0089185 0.0257826 0.0064
v 0.0089185 0.0257826 0.008
v 0.009697 0.026303 0.0064
v 0.009697 0.026303 0.008
v 0.0102174 0.0270815 0.0064
v 0.0102174 0.0270815 0.008
v 0.0104 0.028 0.0064
v 0.0104 0.028 0.008
v 0.0102174 0.0289185 0.0064
v 0.0102174 0.0289185 0.008
v 0.009697 0.029697 0.0064
v 0.009697 0.029697 0.008
v 0.0089185 0.0302174 0.0064
v 0.0089185 0.0302174 0.008
v 0.0070815 0.0302174 0.008
v 0.008 0.0304 0.008
v 0.008 0.028 0.008
v 0.0063030000000000004 0.029697 0.008
v 0.005782600000000001 0.0289185 0.008
v 0.0056 0.028 0.008
v 0.005782600000000001 0.0270815 0.008
v 0.0063030000000000004 0.026303 0.008
v 0.0070815 0.0257826 0.008
v 0.008 0.0256 0.008
v 0.0089185 0.0257826 0.008
v 0.009697 0.026303 0.008
v 0.0102174 0.0270815 0.008
v 0.0104 0.028 0.008
v 0.0102174 0.0289185 0.008
v 0.009697 0.029697 0.008
v 0.0089185 0.0302174 0.008
v 0.008 0.0224 0.0064
v 0.0070815 0.0222174 0.0064
v 0.0070815 0.0222174 0.008
v 0.008 0.0224 0.008
v 0.0063030000000000004 0.021697 0.0064
v 0.0063030000000000004 0.021697 0.008
v 0.005782600000000001 0.0209185 0.0064
v 0.005782600000000001 0.0209185 0.008
v 0.0056 0.02 0.0064
v 0.0056 0.02 0.008
v 0.005782600000000001 0.0190815 0.0064
v 0.005782600000000001 0.0190815 0.008
v 0.0063030000000000004 0.018303 0.0064
v 0.0063030000000000004 0.018303 0.008
v 0.0070815 0.0177826 0.0064
v 0.0070815 0.0177826 0.008
v 0.008 0.0176 0.0064
v 0.008 0.0176 0.008
v 0.0089185 0.0177826 0.0064
v 0.0089185 0.0177826 0.008
v 0.009697 0.018303 0.0064
v 0.009697 0.018303 0.008
v 0.0102174 0.0190815 0.0064
v 0.0102174 0.0190815 0.008
v 0.0104 0.02 0.0064
v 0.0104 0.02 0.008
v 0.0102174 0.0209185 0.0064
v 0.0102174 0.0209185 0.008
v 0.009697 0.021697 0.0064
v 0.009697 0.021697 0.008
v 0.0089185 0.0222174 0.0064
v 0.0089185 0.0222174 0.008
v 0.0070815 0.0222174 0.008
v 0.008 0.0224 0.008
v 0.008 0.02 0.008
v 0.0063030000000000004 0.021697 0.008
v 0.005782600000000001 0.0209185 0.008
v 0.0056 0.02 0.008
v 0.005782600000000001 0.0190815 0.008
v 0.0063030000000000004 0.018303 0.008
v 0.0070815 0.0177826 0.008
v 0.008 0.0176 0.008
v 0.0089185 0.0177826 0.008
v 0.009697 0.018303 0.008
v 0.0102174 0.0190815 0.008
v 0.0104 0.02 0.008
v 0.0102174 0.0209185 0.008
v 0.009697 0.021697 0.008
v 0.0089185 0.0222174 0.008
v 0.008 0.0144 0.0064
v 0.0070815 0.0142174 0.0064
v 0.0070815 0.0142174 0.008
v 0.008 0.0144 0.008
v 0.0063030000000000004 0.013697 0.0064
v 0.0063030000000000004 0.013697 0.008
v 0.005782600000000001 0.0129185 0.0064
v 0.005782600000000001 0.0129185 0.008
v 0.0056 0.012 0.0064
v 0.0056 0.012 0.008
v 0.005782600000000001 0.0110815 0.0064
v 0.005782600000000001 0.0110815 0.008
v 0.0063030000000000004 0.010303 0.0064
v 0.0063030000000000004 0.010303 0.008
v 0.0070815 0.0097826 0.0064
v 0.0070815 0.0097826 0.008
v 0.008 0.0096 0.0064
v 0.008 0.0096 0.008
v 0.0089185 0.0097826 0.0064
v 0.0089185 0.0097826 0.008
v 0.009697 0.010303 0.0064
v 0.009697 0.010303 0.008
v 0.0102174 0.0110815 0.0064
v 0.0102174 0.0110815 0.008
v 0.0104 0.012 0.0064
v 0.0104 0.012 0.008
v 0.0102174 0.0129185 0.0064
v 0.0102174 0.0129185 0.008
v 0.009697 0.013697 0.0064
v 0.009697 0.013697 0.008
v 0.0089185 0.0142174 0.0064
v 0.0089185 0.0142174 0.008
v 0.0070815 0.0142174 0.008
v 0.008 0.0144 0.008
v 0.008 0.012 0.008
v 0.0063030000000000004 0.013697 0.008
v 0.005782600000000001 0.0129185 0.008
v 0.0056 0.012 0.008
v 0.005782600000000001 0.0110815 0.008
v 0.0063030000000000004 0.010303 0.008
v 0.0070815 0.0097826 0.008
v 0.008 0.0096 0.008
v 0.0089185 0.0097826 0.008
v 0.009697 0.010303 0.008
v 0.0102174 0.0110815 0.008
v 0.0104 0.012 0.008
v 0.0102174 0.0129185 0.008
v 0.009697 0.013697 0.008
v 0.0089185 0.0142174 0.008
v 0.016 0.0384 0.0064
v 0.015081500000000001 0.0382174 0.0064
v 0.015081500000000001 0.0382174 0.008
v 0.016 0.0384 0.008
v 0.014303 0.037697 0.0064
v 0.014303 0.037697 0.008
v 0.0137826 0.0369185 0.0064
v 0.0137826 0.0369185 0.008
v 0.013600000000000001 0.036 0.0064
v 0.013600000000000001 0.036 0.008
v 0.0137826 0.0350815 0.0064
v 0.0137826 0.0350815 0.008
v 0.014303 0.034303 0.0064
v 0.014303 0.034303 0.008
v 0.015081500000000001 0.0337826 0.0064
v 0.015081500000000001 0.0337826 0.008
v 0.016 0.0336 0.0064
v 0.016 0.0336 0.008
v 0.0169185 0.0337826 0.0064
v 0.0169185 0.0337826 0.008
v 0.017697 0.034303 0.0064
v 0.017697 0.034303 0.008
v 0.0182174 0.0350815 0.0064
v 0.0182174 0.0350815 0.008
v 0.0184 0.036 0.0064
v 0.0184 0.036 0.008
v 0.0182174 0.0369185 0.0064
v 0.0182174 0.0369185 0.008
v 0.017697 0.037697 0.0064
v 0.017697 0.037697 0.008
v 0.0169185 0.0382174 0.0064
v 0.0169185 0.0382174 0.008
v 0.015081500000000001 0.0382174 0.008
v 0.016 0.0384 0.008
v 0.016 0.036 0.008
v 0.014303 0.037697 0.008
v 0.0137826 0.0369185 0.008
v 0.013600000000000001 0.036 0.008
v 0.0137826 0.0350815 0.008
v 0.014303 0.034303 0.008
v 0.015081500000000001 0.0337826 0.008
v 0.016 0.0336 0.008
v 0.0169185 0.0337826 0.008
v 0.017697 0.034303 0.008
v 0.0182174 0.0350815 0.008
v 0.0184 0.036 0.008
v 0.0182174 0.0369185 0.008
v 0.017697 0.037697 0.008
v 0.0169185 0.0382174 0.008
v 0.016 0.0304 0.0064
v 0.015081500000000001 0.0302174 0.0064
v 0.015081500000000001 0.0302174 0.008
v 0.016 0.0304 0.008
v 0.014303 0.029697 0.0064
v 0.014303 0.029697 0.008
v 0.0137826 0.0289185 0.0064
v 0.0137826 0.0289185 0.008
v 0.013600000000000001 0.028 0.0064
v 0.013600000000000001 0.028 0.008
v 0.0137826 0.0270815 0.0064
v 0.0137826 0.0270815 0.008
v 0.014303 0.026303 0.0064
v 0.014303 0.026303 0.008
v 0.015081500000000001 0.0257826 0.0064
v 0.015081500000000001 0.0257826 0.008
v 0.016 0.0256 0.0064
v 0.016 0.0256 0.008
v 0.0169185 0.0257826 0.0064
v 0.0169185 0.0257826 0.008
v 0.017697 0.026303 0.0064
v 0.017697 0.026303 0.008
v 0.0182174 0.0270815 0.0064
v 0.0182174 0.0270815 0.008
v 0.0184 0.028 0.0064
v 0.0184 0.028 0.008
v 0.0182174 0.0289185 0.0064
v 0.0182174 0.0289185 0.008
v 0.017697 0.029697 0.0064
v 0.017697 0.029697 0.008
v 0.0169185 0.0302174 0.0064
v 0.0169185 0.0302174 0.008
v 0.015081500000000001 0.0302174 0.008
v 0.016 0.0304 0.008
v 0.016 0.028 0.008
v 0.014303 0.029697 0.008
v 0.0137826 0.0289185 0.008
v 0.013600000000000001 0.028 0.008
v 0.0137826 0.0270815 0.008
v 0.014303 0.026303 0.008
v 0.015081500000000001 0.0257826 0.008
v 0.016 0.0256 0.008
v 0.0169185 0.0257826 0.008
v 0.017697 0.026303 0.008
v 0.0182174 0.0270815 0.008
v 0.0184 0.028 0.008
v 0.0182174 0.0289185 0.008
v 0.017697 0.029697 0.008
v 0.0169185 0.0302174 0.008
v 0.016 0.0224 0.0064
v 0.015081500000000001 0.0222174 0.0064
v 0.015081500000000001 0.0222174 0.008
v 0.016 0.0224 0.008
v 0.014303 0.021697 0.0064
v 0.014303 0.021697 0.008
v 0.0137826 0.0209185 0.0064
v 0.0137826 0.0209185 0.008
v 0.013600000000000001 0.02 0.0064
v 0.013600000000000001 0.02 0.008
v 0.0137826 0.0190815 0.0064
v 0.0137826 0.0190815 0.008
v 0.014303 0.018303 0.0064
v 0.014303 0.018303 0.008
v 0.015081500000000001 0.0177826 0.0064
v 0.015081500000000001 0.0177826 0.008
v 0.016 0.0176 0.0064
v 0.016 0.0176 0.008
v 0.0169185 0.0177826 0.0064
v 0.0169185 0.0177826 0.008
v 0.017697 0.018303 0.0064
v 0.017697 0.018303 0.008
v 0.0182174 0.0190815 0.0064
v 0.0182174 0.0190815 0.008
v 0.0184 0.02 0.0064
v 0.0184 0.02 0.008
v 0.0182174 0.0209185 0.0064
v 0.0182174 0.0209185 0.008
v 0.017697 0.021697 0.0064
v 0.017697 0.021697 0.008
v 0.0169185 0.0222174 0.0064
v 0.0169185 0.0222174 0.008
v 0.015081500000000001 0.0222174 0.008
v 0.016 0.0224 0.008
v 0.016 0.02 0.008
v 0.014303 0.021697 0.008
v 0.0137826 0.0209185 0.008
v 0.013600000000000001 0.02 0.008
v 0.0137826 0.0190815 0.008
v 0.014303 0.018303 0.008
v 0.015081500000000001 0.0177826 0.008
v 0.016 0.0176 0.008
v 0.0169185 0.0177826 0.008
v 0.017697 0.018303 0.008
v 0.0182174 0.0190815 0.008
v 0.0184 0.02 0.008
v 0.0182174 0.0209185 0.008
v 0.017697 0.021697 0.008
v 0.0169185 0.0222174 0.008
v 0.016 0.0144 0.0064
v 0.015081500000000001 0.0142174 0.0064
v 0.015081500000000001 0.0142174 0.008
v 0.016 0.0144 0.008
v 0.014303 0.013697 0.0064
v 0.014303 0.013697 0.008
v 0.0137826 0.0129185 0.0064
v 0.0137826 0.0129185 0.008
v 0.013600000000000001 0.012 0.0064
v 0.013600000000000001 0.012 0.008
v 0.0137826 0.0110815 0.0064
v 0.0137826 0.0110815 0.008
v 0.014303 0.010303 0.0064
v 0.014303 0.010303 0.008
v 0.015081500000000001 0.0097826 0.0064
v 0.015081500000000001 0.0097826 0.008
v 0.016 0.0096 0.0064
v 0.016 0.0096 0.008
v 0.0169185 0.0097826 0.0064
v 0.0169185 0.0097826 0.008
v 0.017697 0.010303 0.0064
v 0.017697 0.010303 0.008
v 0.0182174 0.0110815 0.0064
v 0.0182174 0.0110815 0.008
v 0.0184 0.012 0.0064
v 0.0184 0.012 0.008
v 0.0182174 0.0129185 0.0064
v 0.0182174 0.0129185 0.008
v 0.017697 0.013697 0.0064
v 0.017697 0.013697 0.008
v 0.0169185 0.0142174 0.0064
v 0.0169185 0.0142174 0.008
v 0.015081500000000001 0.0142174 0.008
v 0.016 0.0144 0.008
v 0.016 0.012 0.008
v 0.014303 0.013697 0.008
v 0.0137826 0.0129185 0.008
v 0.013600000000000001 0.012 0.008
v 0.0137826 0.0110815 0.008
v 0.014303 0.010303 0.008
v 0.015081500000000001 0.0097826 0.008
v 0.016 0.0096 0.008
v 0.0169185 0.0097826 0.008
v 0.017697 0.010303 0.008
v 0.0182174 0.0110815 0.008
v 0.0184 0.012 0.008
v 0.0182174 0.0129185 0.008
v 0.017697 0.013697 0.008
v 0.0169185 0.0142174 0.008
v 0.024 0.0384 0.0064
v 0.023081499999999998 0.0382174 0.0064
v 0.023081499999999998 0.0382174 0.008
v 0.024 0.0384 0.008
v 0.022303 0.037697 0.0064
v 0.022303 0.037697 0.008
v 0.0217826 0.0369185 0.0064
v 0.0217826 0.0369185 0.008
v 0.0216 0.036 0.0064
v 0.0216 0.036 0.008
v 0.0217826 0.0350815 0.0064
v 0.0217826 0.0350815 0.008
v 0.022303 0.034303 0.0064
v 0.022303 0.034303 0.008
v 0.023081499999999998 0.0337826 0.0064
v 0.023081499999999998 0.0337826 0.008
v 0.024 0.0336 0.0064
v 0.024 0.0336 0.008
v 0.0249185 0.0337826 0.0064
v 0.0249185 0.0337826 0.008
v 0.025697 0.034303 0.0064
v 0.025697 0.034303 0.008
v 0.026217400000000002 0.0350815 0.0064
v 0.026217400000000002 0.0350815 0.008
v 0.0264 0.036 0.0064
v 0.0264 0.036 0.008
v 0.026217400000000002 0.0369185 0.0064
v 0.026217400000000002 0.0369185 0.008
v 0.025697 0.037697 0.0064
v 0.025697 0.037697 0.008
v 0.0249185 0.0382174 0.0064
v 0.0249185 0.0382174 0.008
v 0.023081499999999998 0.0382174 0.008
v 0.024 0.0384 0.008
v 0.024 0.036 0.008
v 0.022303 0.037697 0.008
v 0.0217826 0.0369185 0.008
v 0.0216 0.036 0.008
v 0.0217826 0.0350815 0.008
v 0.022303 0.034303 0.008
v 0.023081499999999998 0.0337826 0.008
v 0.024 0.0336 0.008
v 0.0249185 0.0337826 0.008
v 0.025697 0.034303 0.008
v 0.026217400000000002 0.0350815 0.008
v 0.0264 0.036 0.008
v 0.026217400000000002 0.0369185 0.008
v 0.025697 0.037697 0.008
v 0.0249185 0.0382174 0.008
v 0.024 0.0304 0.0064
v 0.023081499999999998 0.0302174 0.0064
v 0.023081499999999998 0.0302174 0.008
v 0.024 0.0304 0.008
v 0.022303 0.029697 0.0064
v 0.022303 0.029697 0.008
v 0.0217826 0.0289185 0.0064
v 0.0217826 0.0289185 0.008
v 0.0216 0.028 0.0064
v 0.0216 0.028 0.008
v 0.0217826 0.0270815 0.0064
v 0.0217826 0.0270815 0.008
v 0.022303 0.026303 0.0064
v 0.022303 0.026303 0.008
v 0.023081499999999998 0.0257826 0.0064
v 0.023081499999999998 0.0257826 0.008
v 0.024 0.0256 0.0064
v 0.024 0.0256 0.008
v 0.0249185 0.0257826 0.0064
v 0.0249185 0.0257826 0.008
v 0.025697 0.026303 0.0064
v 0.025697 0.026303 0.008
v 0.026217400000000002 0.0270815 0.0064
v 0.026217400000000002 0.0270815 0.008
v 0.0264 0.028 0.0064
v 0.0264 0.028 0.008
v 0.026217400000000002 0.0289185 0.0064
v 0.026217400000000002 0.0289185 0.008
v 0.025697 0.029697 0.0064
v 0.025697 0.029697 0.008
v 0.0249185 0.0302174 0.0064
v 0.0249185 0.0302174 0.008
v 0.023081499999999998 0.0302174 0.008
v 0.024 0.0304 0.008
v 0.024 0.028 0.008
v 0.022303 0.029697 0.008
v 0.0217826 0.0289185 0.008
v 0.0216 0.028 0.008
v 0.0217826 0.0270815 0.008
v 0.022303 0.026303 0.008
v 0.023081499999999998 0.0257826 0.008
v 0.024 0.0256 0.008
v 0.0249185 0.0257826 0.008
v 0.025697 0.026303 0.008
v 0.026217400000000002 0.0270815 0.008
v 0.0264 0.028 0.008
v 0.026217400000000002 0.0289185 0.008
v 0.025697 0.029697 0.008
v 0.0249185 0.0302174 0.008
v 0.024 0.0224 0.0064
v 0.023081499999999998 0.0222174 0.0064
v 0.023081499999999998 0.0222174 0.008
v 0.024 0.0224 0.008
v 0.022303 0.021697 0.0064
v 0.022303 0.021697 0.008
v 0.0217826 0.0209185 0.0064
v 0.0217826 0.0209185 0.008
v 0.0216 0.02 0.0064
v 0.0216 0.02 0.008
v 0.0217826 0.0190815 0.0064
v 0.0217826 0.0190815 0.008
v 0.022303 0.018303 0.0064
v 0.022303 0.018303 0.008
v 0.023081499999999998 0.0177826 0.0064
v 0.023081499999999998 0.0177826 0.008
v 0.024 0.0176 0.0064
v 0.024 0.0176 0.008
v 0.0249185 0.0177826 0.0064
v 0.0249185 0.0177826 0.008
v 0.025697 0.018303 0.0064
v 0.025697 0.018303 0.008
v 0.026217400000000002 0.0190815 0.0064
v 0.026217400000000002 0.0190815 0.008
v 0.0264 0.02 0.0064
v 0.0264 0.02 0.008
v 0.026217400000000002 0.0209185 0.0064
v 0.026217400000000002 0.0209185 0.008
v 0.025697 0.021697 0.0064
v 0.025697 0.021697 0.008
v 0.0249185 0.0222174 0.0064
v 0.0249185 0.0222174 0.008
v 0.023081499999999998 0.0222174 0.008
v 0.024 0.0224 0.008
v 0.024 0.02 0.008
v 0.022303 0.021697 0.008
v 0.0217826 0.0209185 0.008
v 0.0216 0.02 0.008
v 0.0217826 0.0190815 0.008
v 0.022303 0.018303 0.008
v 0.023081499999999998 0.0177826 0.008
v 0.024 0.0176 0.008
v 0.0249185 0.0177826 0.008
v 0.025697 0.018303 0.008
v 0.026217400000000002 0.0190815 0.008
v 0.0264 0.02 0.008
v 0.026217400000000002 0.0209185 0.008
v 0.025697 0.021697 0.008
v 0.0249185 0.0222174 0.008
v 0.024 0.0144 0.0064
v 0.023081499999999998 0.0142174 0.0064
v 0.023081499999999998 0.0142174 0.008
v 0.024 0.0144 0.008
v 0.022303 0.013697 0.0064
v 0.022303 0.013697 0.008
v 0.0217826 0.0129185 0.0064
v 0.0217826 0.0129185 0.008
v 0.0216 0.012 0.0064
v 0.0216 0.012 0.008
v 0.0217826 0.0110815 0.0064
v 0.0217826 0.0110815 0.008
v 0.022303 0.010303 0.0064
v 0.022303 0.010303 0.008
v 0.023081499999999998 0.0097826 0.0064
v 0.023081499999999998 0.0097826 0.008
v 0.024 0.0096 0.0064
v 0.024 0.0096 0.008
v 0.0249185 0.0097826 0.0064
v 0.0249185 0.0097826 0.008
v 0.025697 0.010303 0.0064
v 0.025697 0.010303 0.008
v 0.026217400000000002 0.0110815 0.0064
v 0.026217400000000002 0.0110815 0.008
v 0.0264 0.012 0.0064
v 0.0264 0.012 0.008
v 0.026217400000000002 0.0129185 0.0064
v 0.026217400000000002 0.0129185 0.008
v 0.025697 0.013697 0.0064
v 0.025697 0.013697 0.008
v 0.0249185 0.0142174 0.0064
v 0.0249185 0.0142174 0.008
v 0.023081499999999998 0.0142174 0.008
v 0.024 0.0144 0.008
v 0.024 0.012 0.008
v 0.022303 0.013697 0.008
v 0.0217826 0.0129185 0.008
v 0.0216 0.012 0.008
v 0.0217826 0.0110815 0.008
v 0.022303 0.010303 0.008
v 0.023081499999999998 0.0097826 0.008
v 0.024 0.0096 0.008
v 0.0249185 0.0097826 0.008
v 0.025697 0.010303 0.008
v 0.026217400000000002 0.0110815 0.008
v 0.0264 0.012 0.008
v 0.026217400000000002 0.0129185 0.008
v 0.025697 0.013697 0.008
v 0.0249185 0.0142174 0.008
v 0.032 0.0384 0.0064
v 0.0310815 0.0382174 0.0064
v 0.0310815 0.0382174 0.008
v 0.032 0.0384 0.008
v 0.030303 0.037697 0.0064
v 0.030303 0.037697 0.008
v 0.0297826 0.0369185 0.0064
v 0.0297826 0.0369185 0.008
v 0.0296 0.036 0.0064
v 0.0296 0.036 0.008
v 0.0297826 0.0350815 0.0064
v 0.0297826 0.0350815 0.008
v 0.030303 0.034303 0.0064
v 0.030303 0.034303 0.008
v 0.0310815 0.0337826 0.0064
v 0.0310815 0.0337826 0.008
v 0.032 0.0336 0.0064
v 0.032 0.0336 0.008
v 0.0329185 0.0337826 0.0064
v 0.0329185 0.0337826 0.008
v 0.033697000000000005 0.034303 0.0064
v 0.033697000000000005 0.034303 0.008
v 0.0342174 0.0350815 0.0064
v 0.0342174 0.0350815 0.008
v 0.0344 0.036 0.0064
v 0.0344 0.036 0.008
v 0.0342174 0.0369185 0.0064
v 0.0342174 0.0369185 0.008
v 0.033697000000000005 0.037697 0.0064
v 0.033697000000000005 0.037697 0.008
v 0.0329185 0.0382174 0.0064
v 0.0329185 0.0382174 0.008
v 0.0310815 0.0382174 0.008
v 0.032 0.0384 0.008
v 0.032 0.036 0.008
v 0.030303 0.037697 0.008
v 0.0297826 0.0369185 0.008
v 0.0296 0.036 0.008
v 0.0297826 0.0350815 0.008
v 0.030303 0.034303 0.008
v 0.0310815 0.0337826 0.008
v 0.032 0.0336 0.008
v 0.0329185 0.0337826 0.008
v 0.033697000000000005 0.034303 0.008
v 0.0342174 0.0350815 0.008
v 0.0344 0.036 0.008
v 0.0342174 0.0369185 0.008
v 0.033697000000000005 0.037697 0.008
v 0.0329185 0.0382174 0.008
v 0.032 0.0304 0.0064
v 0.0310815 0.0302174 0.0064
v 0.0310815 0.0302174 0.008
v 0.032 0.0304 0.008
v 0.030303 0.029697 0.0064
v 0.030303 0.029697 0.008
v 0.0297826 0.0289185 0.0064
v 0.0297826 0.0289185 0.008
v 0.0296 0.028 0.0064
v 0.0296 0.028 0.008
v 0.0297826 0.0270815 0.0064
v 0.0297826 0.0270815 0.008
v 0.030303 0.026303 0.0064
v 0.030303 0.026303 0.008
v 0.0310815 0.0257826 0.0064
v 0.0310815 0.0257826 0.008
v 0.032 0.0256 0.0064
v 0.032 0.0256 0.008
v 0.0329185 0.0257826 0.0064
v 0.0329185 0.0257826 0.008
v 0.033697000000000005 0.026303 0.0064
v 0.033697000000000005 0.026303 0.008
v 0.0342174 0.0270815 0.0064
v 0.0342174 0.0270815 0.008
v 0.0344 0.028 0.0064
v 0.0344 0.028 0.008
v 0.0342174 0.0289185 0.0064
v 0.0342174 0.0289185 0.008
v 0.033697000000000005 0.029697 0.0064
v 0.033697000000000005 0.029697 0.008
v 0.0329185 0.0302174 0.0064
v 0.0329185 0.0302174 0.008
v 0.0310815 0.0302174 0.008
v 0.032 0.0304 0.008
v 0.032 0.028 0.008
v 0.030303 0.029697 0.008
v 0.0297826 0.0289185 0.008
v 0.0296 0.028 0.008
v 0.0297826 0.0270815 0.008
v 0.030303 0.026303 0.008
v 0.0310815 0.0257826 0.008
v 0.032 0.0256 0.008
v 0.0329185 0.0257826 0.008
v 0.033697000000000005 0.026303 0.008
v 0.0342174 0.0270815 0.008
v 0.0344 0.028 0.008
v 0.0342174 0.0289185 0.008
v 0.033697000000000005 0.029697 0.008
v 0.0329185 0.0302174 0.008
v 0.032 0.0224 0.0064
v 0.0310815 0.0222174 0.0064
v 0.0310815 0.0222174 0.008
v 0.032 0.0224 0.008
v 0.030303 0.021697 0.0064
v 0.030303 0.021697 0.008
v 0.0297826 0.0209185 0.0064
v 0.0297826 0.0209185 0.008
v 0.0296 0.02 0.0064
v 0.0296 0.02 0.008
v 0.0297826 0.0190815 0.0064
v 0.0297826 0.0190815 0.008
v 0.030303 0.018303 0.0064
v 0.030303 0.018303 0.008
v 0.0310815 0.0177826 0.0064
v 0.0310815 0.0177826 0.008
v 0.032 0.0176 0.0064
v 0.032 0.0176 0.008
v 0.0329185 0.0177826 0.0064
v 0.0329185 0.0177826 0.008
v 0.033697000000000005 0.018303 0.0064
v 0.033697000000000005 0.018303 0.008
v 0.0342174 0.0190815 0.0064
v 0.0342174 0.0190815 0.008
v 0.0344 0.02 0.0064
v 0.0344 0.02 0.008
v 0.0342174 0.0209185 0.0064
v 0.0342174 0.0209185 0.008
v 0.033697000000000005 0.021697 0.0064
v 0.033697000000000005 0.021697 0.008
v 0.0329185 0.0222174 0.0064
v 0.0329185 0.0222174 0.008
v 0.0310815 0.0222174 0.008
v 0.032 0.0224 0.008
v 0.032 0.02 0.008
v 0.030303 0.021697 0.008
v 0.0297826 0.0209185 0.008
v 0.0296 0.02 0.008
v 0.0297826 0.0190815 0.008
v 0.030303 0.018303 0.008
v 0.0310815 0.0177826 0.008
v 0.032 0.0176 0.008
v 0.0329185 0.0177826 0.008
v 0.033697000000000005 0.018303 0.008
v 0.0342174 0.0190815 0.008
v 0.0344 0.02 0.008
v 0.0342174 0.0209185 0.008
v 0.033697000000000005 0.021697 0.008
v 0.0329185 0.0222174 0.008
v 0.032 0.0144 0.0064
v 0.0310815 0.0142174 0.0064
v 0.0310815 0.0142174 0.008
v 0.032 0.0144 0.008
v 0.030303 0.013697 0.0064
v 0.030303 0.013697 0.008
v 0.0297826 0.0129185 0.0064
v 0.0297826 0.0129185 0.008
v 0.0296 0.012 0.0064
v 0.0296 0.012 0.008
v 0.0297826 0.0110815 0.0064
v 0.0297826 0.0110815 0.008
v 0.030303 0.010303 0.0064
v 0.030303 0.010303 0.008
v 0.0310815 0.0097826 0.0064
v 0.0310815 0.0097826 0.008
v 0.032 0.0096 0.0064
v 0.032 0.0096 0.008
v 0.0329185 0.0097826 0.0064
v 0.0329185 0.0097826 0.008
v 0.033697000000000005 0.010303 0.0064
v 0.033697000000000005 0.010303 0.008
v 0.0342174 0.0110815 0.0064
v 0.0342174 0.0110815 0.008
v 0.0344 0.012 0.0064
v 0.0344 0.012 0.008
v 0.0342174 0.0129185 0.0064
v 0.0342174 0.0129185 0.008
v 0.033697000000000005 0.013697 0.0064
v 0.033697000000000005 0.013697 0.008
v 0.0329185 0.0142174 0.0064
v 0.0329185 0.0142174 0.008
v 0.0310815 0.0142174 0.008
v 0.032 0.0144 0.008
v 0.032 0.012 0.008
v 0.030303 0.013697 0.008
v 0.0297826 0.0129185 0.008
v 0.0296 0.012 0.008
v 0.0297826 0.0110815 0.008
v 0.030303 0.010303 0.008
v 0.0310815 0.0097826 0.008
v 0.032 0.0096 0.008
v 0.0329185 0.0097826 0.008
v 0.033697000000000005 0.010303 0.008
v 0.0342174 0.0110815 0.008
v 0.0344 0.012 0.008
v 0.0342174 0.0129185 0.008
v 0.033697000000000005 0.013697 0.008
v 0.0329185 0.0142174 0.008
v 0.008 -0.0336 0.0064
v 0.0070815 -0.0337826 0.0064
v 0.0070815 -0.0337826 0.008
v 0.008 -0.0336 0.008
v 0.0063030000000000004 -0.034303 0.0064
v 0.0063030000000000004 -0.034303 0.008
v 0.0057827 -0.0350815 0.0064
v 0.0057827 -0.0350815 0.008
v 0.0056 -0.036 0.0064
v 0.0056 -0.036 0.008
v 0.0057827 -0.0369185 0.0064
v 0.0057827 -0.0369185 0.008
v 0.0063030000000000004 -0.037697 0.0064
v 0.0063030000000000004 -0.037697 0.008
v 0.0070815 -0.0382174 0.0064
v 0.0070815 -0.0382174 0.008
v 0.008 -0.0384 0.0064
v 0.008 -0.0384 0.008
v 0.0089185 -0.0382174 0.0064
v 0.0089185 -0.0382174 0.008
v 0.0096971 -0.037697 0.0064
v 0.0096971 -0.037697 0.008
v 0.0102174 -0.0369185 0.0064
v 0.0102174 -0.0369185 0.008
v 0.0104 -0.036 0.0064
v 0.0104 -0.036 0.008
v 0.0102174 -0.0350815 0.0064
v 0.0102174 -0.0350815 0.008
v 0.0096971 -0.034303 0.0064
v 0.0096971 -0.034303 0.008
v 0.0089185 -0.0337826 0.0064
v 0.0089185 -0.0337826 0.008
v 0.0070815 -0.0337826 0.008
v 0.008 -0.0336 0.008
v 0.008 -0.036 0.008
v 0.0063030000000000004 -0.034303 0.008
v 0.0057827 -0.0350815 0.008
v 0.0056 -0.036 0.008
v 0.0057827 -0.0369185 0.008
v 0.0063030000000000004 -0.037697 0.008
v 0.0070815 -0.0382174 0.008
v 0.008 -0.0384 0.008
v 0.0089185 -0.0382174 0.008
v 0.0096971 -0.037697 0.008
v 0.0102174 -0.0369185 0.008
v 0.0104 -0.036 0.008
v 0.0102174 -0.0350815 0.008
v 0.0096971 -0.034303 0.008
v 0.0089185 -0.0337826 0.008
v 0.0 -0.0336 0.0064
v -0.0009184999999999992 -0.0337826 0.0064
v -0.0009184999999999992 -0.0337826 0.008
v 0.0 -0.0336 0.008
v -0.0016970000000000006 -0.034303 0.0064
v -0.0016970000000000006 -0.034303 0.008
v -0.0022173 -0.0350815 0.0064
v -0.0022173 -0.0350815 0.008
v -0.0023999999999999994 -0.036 0.0064
v -0.0023999999999999994 -0.036 0.008
v -0.0022173 -0.0369185 0.0064
v -0.0022173 -0.0369185 0.008
v -0.0016970000000000006 -0.037697 0.0064
v -0.0016970000000000006 -0.037697 0.008
v -0.0009184999999999992 -0.0382174 0.0064
v -0.0009184999999999992 -0.0382174 0.008
v 0.0 -0.0384 0.0064
v 0.0 -0.0384 0.008
v 0.0009185000000000009 -0.0382174 0.0064
v 0.0009185000000000009 -0.0382174 0.008
v 0.0016971 -0.037697 0.0064
v 0.0016971 -0.037697 0.008
v 0.0022173999999999996 -0.0369185 0.0064
v 0.0022173999999999996 -0.0369185 0.008
v 0.002400000000000001 -0.036 0.0064
v 0.002400000000000001 -0.036 0.008
v 0.0022173999999999996 -0.0350815 0.0064
v 0.0022173999999999996 -0.0350815 0.008
v 0.0016971 -0.034303 0.0064
v 0.0016971 -0.034303 0.008
v 0.0009185000000000009 -0.0337826 0.0064
v 0.0009185000000000009 -0.0337826 0.008
v -0.0009184999999999992 -0.0337826 0.008
v 0.0 -0.0336 0.008
v 0.0 -0.036 0.008
v -0.0016970000000000006 -0.034303 0.008
v -0.0022173 -0.0350815 0.008
v -0.0023999999999999994 -0.036 0.008
v -0.0022173 -0.0369185 0.008
v -0.0016970000000000006 -0.037697 0.008
v -0.0009184999999999992 -0.0382174 0.008
v 0.0 -0.0384 0.008
v 0.0009185000000000009 -0.0382174 0.008
v 0.0016971 -0.037697 0.008
v 0.0022173999999999996 -0.0369185 0.008
v 0.002400000000000001 -0.036 0.008
v 0.0022173999999999996 -0.0350815 0.008
v 0.0016971 -0.034303 0.008
v 0.0009185000000000009 -0.0337826 0.008
v -0.008 -0.0336 0.0064
v -0.0089185 -0.0337826 0.0064
v -0.0089185 -0.0337826 0.008
v -0.008 -0.0336 0.008
v -0.009697 -0.034303 0.0064
v -0.009697 -0.034303 0.008
v -0.010217299999999999 -0.0350815 0.0064
v -0.010217299999999999 -0.0350815 0.008
v -0.0104 -0.036 0.0064
v -0.0104 -0.036 0.008
v -0.010217299999999999 -0.0369185 0.0064
v -0.010217299999999999 -0.0369185 0.008
v -0.009697 -0.037697 0.0064
v -0.009697 -0.037697 0.008
v -0.0089185 -0.0382174 0.0064
v -0.0089185 -0.0382174 0.008
v -0.008 -0.0384 0.0064
v -0.008 -0.0384 0.008
v -0.007081500000000001 -0.0382174 0.0064
v -0.007081500000000001 -0.0382174 0.008
v -0.0063029 -0.037697 0.0064
v -0.0063029 -0.037697 0.008
v -0.005782599999999999 -0.0369185 0.0064
v -0.005782599999999999 -0.0369185 0.008
v -0.005600000000000001 -0.036 0.0064
v -0.005600000000000001 -0.036 0.008
v -0.005782599999999999 -0.0350815 0.0064
v -0.005782599999999999 -0.0350815 0.008
v -0.0063029 -0.034303 0.0064
v -0.0063029 -0.034303 0.008
v -0.007081500000000001 -0.0337826 0.0064
v -0.007081500000000001 -0.0337826 0.008
v -0.0089185 -0.0337826 0.008
v -0.008 -0.0336 0.008
v -0.008 -0.036 0.008
v -0.009697 -0.034303 0.008
v -0.010217299999999999 -0.0350815 0.008
v -0.0104 -0.036 0.008
v -0.010217299999999999 -0.0369185 0.008
v -0.009697 -0.037697 0.008
v -0.0089185 -0.0382174 0.008
v -0.008 -0.0384 0.008
v -0.007081500000000001 -0.0382174 0.008
v -0.0063029 -0.037697 0.008
v -0.005782599999999999 -0.0369185 0.008
v -0.005600000000000001 -0.036 0.008
v -0.005782599999999999 -0.0350815 0.008
v -0.0063029 -0.034303 0.008
v -0.007081500000000001 -0.0337826 0.008
v 0.008 -0.0256 0.0064
v 0.0070815 -0.0257826 0.0064
v 0.0070815 -0.0257826 0.008
v 0.008 -0.0256 0.008
v 0.0063030000000000004 -0.026303 0.0064
v 0.0063030000000000004 -0.026303 0.008
v 0.0057827 -0.0270815 0.0064
v 0.0057827 -0.0270815 0.008
v 0.0056 -0.028 0.0064
v 0.0056 -0.028 0.008
v 0.0057827 -0.0289185 0.0064
v 0.0057827 -0.0289185 0.008
v 0.0063030000000000004 -0.029697 0.0064
v 0.0063030000000000004 -0.029697 0.008
v 0.0070815 -0.0302174 0.0064
v 0.0070815 -0.0302174 0.008
v 0.008 -0.0304 0.0064
v 0.008 -0.0304 0.008
v 0.0089185 -0.0302174 0.0064
v 0.0089185 -0.0302174 0.008
v 0.0096971 -0.029697 0.0064
v 0.0096971 -0.029697 0.008
v 0.0102174 -0.0289185 0.0064
v 0.0102174 -0.0289185 0.008
v 0.0104 -0.028 0.0064
v 0.0104 -0.028 0.008
v 0.0102174 -0.0270815 0.0064
v 0.0102174 -0.0270815 0.008
v 0.0096971 -0.026303 0.0064
v 0.0096971 -0.026303 0.008
v 0.0089185 -0.0257826 0.0064
v 0.0089185 -0.0257826 0.008
v 0.0070815 -0.0257826 0.008
v 0.008 -0.0256 0.008
v 0.008 -0.028 0.008
v 0.0063030000000000004 -0.026303 0.008
v 0.0057827 -0.0270815 0.008
v 0.0056 -0.028 0.008
v 0.0057827 -0.0289185 0.008
v 0.0063030000000000004 -0.029697 0.008
v 0.0070815 -0.0302174 0.008
v 0.008 -0.0304 0.008
v 0.0089185 -0.0302174 0.008
v 0.0096971 -0.029697 0.008
v 0.0102174 -0.0289185 0.008
v 0.0104 -0.028 0.008
v 0.0102174 -0.0270815 0.008
v 0.0096971 -0.026303 0.008
v 0.0089185 -0.0257826 0.008
v 0.0 -0.0256 0.0064
v -0.0009184999999999992 -0.0257826 0.0064
v -0.0009184999999999992 -0.0257826 0.008
v 0.0 -0.0256 0.008
v -0.0016970000000000006 -0.026303 0.0064
v -0.0016970000000000006 -0.026303 0.008
v -0.0022173 -0.0270815 0.0064
v -0.0022173 -0.0270815 0.008
v -0.0023999999999999994 -0.028 0.0064
v -0.0023999999999999994 -0.028 0.008
v -0.0022173 -0.0289185 0.0064
v -0.0022173 -0.0289185 0.008
v -0.0016970000000000006 -0.029697 0.0064
v -0.0016970000000000006 -0.029697 0.008
v -0.0009184999999999992 -0.0302174 0.0064
v -0.0009184999999999992 -0.0302174 0.008
v 0.0 -0.0304 0.0064
v 0.0 -0.0304 0.008
v 0.0009185000000000009 -0.0302174 0.0064
v 0.0009185000000000009 -0.0302174 0.008
v 0.0016971 -0.029697 0.0064
v 0.0016971 -0.029697 0.008
v 0.0022173999999999996 -0.0289185 0.0064
v 0.0022173999999999996 -0.0289185 0.008
v 0.002400000000000001 -0.028 0.0064
v 0.002400000000000001 -0.028 0.008
v 0.0022173999999999996 -0.0270815 0.0064
v 0.0022173999999999996 -0.0270815 0.008
v 0.0016971 -0.026303 0.0064
v 0.0016971 -0.026303 0.008
v 0.0009185000000000009 -0.0257826 0.0064
v 0.0009185000000000009 -0.0257826 0.008
v -0.0009184999999999992 -0.0257826 0.008
v 0.0 -0.0256 0.008
v 0.0 -0.028 0.008
v -0.0016970000000000006 -0.026303 0.008
v -0.0022173 -0.0270815 0.008
v -0.0023999999999999994 -0.028 0.008
v -0.0022173 -0.0289185 0.008
v -0.0016970000000000006 -0.029697 0.008
v -0.0009184999999999992 -0.0302174 0.008
v 0.0 -0.0304 0.008
v 0.0009185000000000009 -0.0302174 0.008
v 0.0016971 -0.029697 0.008
v 0.0022173999999999996 -0.0289185 0.008
v 0.002400000000000001 -0.028 0.008
v 0.0022173999999999996 -0.0270815 0.008
v 0.0016971 -0.026303 0.008
v 0.0009185000000000009 -0.0257826 0.008
v -0.008 -0.0256 0.0064
v -0.0089185 -0.0257826 0.0064
v -0.0089185 -0.0257826 0.008
v -0.008 -0.0256 0.008
v -0.009697 -0.026303 0.0064
v -0.009697 -0.026303 0.008
v -0.010217299999999999 -0.0270815 0.0064
v -0.010217299999999999 -0.0270815 0.008
v -0.0104 -0.028 0.0064
v -0.0104 -0.028 0.008
v -0.010217299999999999 -0.0289185 0.0064
v -0.010217299999999999 -0.0289185 0.008
v -0.009697 -0.029697 0.0064
v -0.009697 -0.029697 0.008
v -0.0089185 -0.0302174 0.0064
v -0.0089185 -0.0302174 0.008
v -0.008 -0.0304 0.0064
v -0.008 -0.0304 0.008
v -0.007081500000000001 -0.0302174 0.0064
v -0.007081500000000001 -0.0302174 0.008
v -0.0063029 -0.029697 0.0064
v -0.0063029 -0.029697 0.008
v -0.005782599999999999 -0.0289185 0.0064
v -0.005782599999999999 -0.0289185 0.008
v -0.005600000000000001 -0.028 0.0064
v -0.005600000000000001 -0.028 0.008
v -0.005782599999999999 -0.0270815 0.0064
v -0.005782599999999999 -0.0270815 0.008
v -0.0063029 -0.026303 0.0064
v -0.0063029 -0.026303 0.008
v -0.007081500000000001 -0.0257826 0.0064
v -0.007081500000000001 -0.0257826 0.008
v -0.0089185 -0.0257826 0.008
v -0.008 -0.0256 0.008
v -0.008 -0.028 0.008
v -0.009697 -0.026303 0.008
v -0.010217299999999999 -0.0270815 0.008
v -0.0104 -0.028 0.008
v -0.010217299999999999 -0.0289185 0.008
v -0.009697 -0.029697 0.008
v -0.0089185 -0.0302174 0.008
v -0.008 -0.0304 0.008
v -0.007081500000000001 -0.0302174 0.008
v -0.0063029 -0.029697 0.008
v -0.005782599999999999 -0.0289185 0.008
v -0.005600000000000001 -0.028 0.008
v -0.005782599999999999 -0.0270815 0.008
v -0.0063029 -0.026303 0.008
v -0.007081500000000001 -0.0257826 0.008
v 0.008 -0.0176 0.0064
v 0.0070815 -0.0177826 0.0064
v 0.0070815 -0.0177826 0.008
v 0.008 -0.0176 0.008
v 0.0063030000000000004 -0.018303 0.0064
v 0.0063030000000000004 -0.018303 0.008
v 0.0057827 -0.0190815 0.0064
v 0.0057827 -0.0190815 0.008
v 0.0056 -0.02 0.0064
v 0.0056 -0.02 0.008
v 0.0057827 -0.0209185 0.0064
v 0.0057827 -0.0209185 0.008
v 0.0063030000000000004 -0.021697 0.0064
v 0.0063030000000000004 -0.021697 0.008
v 0.0070815 -0.0222174 0.0064
v 0.0070815 -0.0222174 0.008
v 0.008 -0.0224 0.0064
v 0.008 -0.0224 0.008
v 0.0089185 -0.0222174 0.0064
v 0.0089185 -0.0222174 0.008
v 0.0096971 -0.021697 0.0064
v 0.0096971 -0.021697 0.008
v 0.0102174 -0.0209185 0.0064
v 0.0102174 -0.0209185 0.008
v 0.0104 -0.02 0.0064
v 0.0104 -0.02 0.008
v 0.0102174 -0.0190815 0.0064
v 0.0102174 -0.0190815 0.008
v 0.0096971 -0.018303 0.0064
v 0.0096971 -0.018303 0.008
v 0.0089185 -0.0177826 0.0064
v 0.0089185 -0.0177826 0.008
v 0.0070815 -0.0177826 0.008
v 0.008 -0.0176 0.008
v 0.008 -0.02 0.008
v 0.0063030000000000004 -0.018303 0.008
v 0.0057827 -0.0190815 0.008
v 0.0056 -0.02 0.008
v 0.0057827 -0.0209185 0.008
v 0.0063030000000000004 -0.021697 0.008
v 0.0070815 -0.0222174 0.008
v 0.008 -0.0224 0.008
v 0.0089185 -0.0222174 0.008
v 0.0096971 -0.021697 0.008
v 0.0102174 -0.0209185 0.008
v 0.0104 -0.02 0.008
v 0.0102174 -0.0190815 0.008
v 0.0096971 -0.018303 0.008
v 0.0089185 -0.0177826 0.008
v 0.0 -0.0176 0.0064
v -0.0009184999999999992 -0.0177826 0.0064
v -0.0009184999999999992 -0.0177826 0.008
v 0.0 -0.0176 0.008
v -0.0016970000000000006 -0.018303 0.0064
v -0.0016970000000000006 -0.018303 0.008
v -0.0022173 -0.0190815 0.0064
v -0.0022173 -0.0190815 0.008
v -0.0023999999999999994 -0.02 0.0064
v -0.0023999999999999994 -0.02 0.008
v -0.0022173 -0.0209185 0.0064
v -0.0022173 -0.0209185 0.008
v -0.0016970000000000006 -0.021697 0.0064
v -0.0016970000000000006 -0.021697 0.008
v -0.0009184999999999992 -0.0222174 0.0064
v -0.0009184999999999992 -0.0222174 0.008
v 0.0 -0.0224 0.0064
v 0.0 -0.0224 0.008
v 0.0009185000000000009 -0.0222174 0.0064
v 0.0009185000000000009 -0.0222174 0.008
v 0.0016971 -0.021697 0.0064
v 0.0016971 -0.021697 0.008
v 0.0022173999999999996 -0.0209185 0.0064
v 0.0022173999999999996 -0.0209185 0.008
v 0.002400000000000001 -0.02 0.0064
v 0.002400000000000001 -0.02 0.008
v 0.0022173999999999996 -0.0190815 0.0064
v 0.0022173999999999996 -0.0190815 0.008
v 0.0016971 -0.018303 0.0064
v 0.0016971 -0.018303 0.008
v 0.0009185000000000009 -0.0177826 0.0064
v 0.0009185000000000009 -0.0177826 0.008
v -0.0009184999999999992 -0.0177826 0.008
v 0.0 -0.0176 0.008
v 0.0 -0.02 0.008
v -0.0016970000000000006 -0.018303 0.008
v -0.0022173 -0.0190815 0.008
v -0.0023999999999999994 -0.02 0.008
v -0.0022173 -0.0209185 0.008
v -0.0016970000000000006 -0.021697 0.008
v -0.0009184999999999992 -0.0222174 0.008
v 0.0 -0.0224 0.008
v 0.0009185000000000009 -0.0222174 0.008
v 0.0016971 -0.021697 0.008
v 0.0022173999999999996 -0.0209185 0.008
v 0.002400000000000001 -0.02 0.008
v 0.0022173999999999996 -0.0190815 0.008
v 0.0016971 -0.018303 0.008
v 0.0009185000000000009 -0.0177826 0.008
v -0.008 -0.0176 0.0064
v -0.0089185 -0.0177826 0.0064
v -0.0089185 -0.0177826 0.008
v -0.008 -0.0176 0.008
v -0.009697 -0.018303 0.0064
v -0.009697 -0.018303 0.008
v -0.010217299999999999 -0.0190815 0.0064
v -0.010217299999999999 -0.0190815 0.008
v -0.0104 -0.02 0.0064
v -0.0104 -0.02 0.008
v -0.010217299999999999 -0.0209185 0.0064
v -0.010217299999999999 -0.0209185 0.008
v -0.009697 -0.021697 0.0064
v -0.009697 -0.021697 0.008
v -0.0089185 -0.0222174 0.0064
v -0.0089185 -0.0222174 0.008
v -0.008 -0.0224 0.0064
v -0.008 -0.0224 0.008
v -0.007081500000000001 -0.0222174 0.0064
v -0.007081500000000001 -0.0222174 0.008
v -0.0063029 -0.021697 0.0064
v -0.0063029 -0.021697 0.008
v -0.005782599999999999 -0.0209185 0.0064
v -0.005782599999999999 -0.0209185 0.008
v -0.005600000000000001 -0.02 0.0064
v -0.005600000000000001 -0.02 0.008
v -0.005782599999999999 -0.0190815 0.0064
v -0.005782599999999999 -0.0190815 0.008
v -0.0063029 -0.018303 0.0064
v -0.0063029 -0.018303 0.008
v -0.007081500000000001 -0.0177826 0.0064
v -0.007081500000000001 -0.0177826 0.008
v -0.0089185 -0.0177826 0.008
v -0.008 -0.0176 0.008
v -0.008 -0.02 0.008
v -0.009697 -0.018303 0.008
v -0.010217299999999999 -0.0190815 0.008
v -0.0104 -0.02 0.008
v -0.010217299999999999 -0.0209185 0.008
v -0.009697 -0.021697 0.008
v -0.0089185 -0.0222174 0.008
v -0.008 -0.0224 0.008
v -0.007081500000000001 -0.0222174 0.008
v -0.0063029 -0.021697 0.008
v -0.005782599999999999 -0.0209185 0.008
v -0.005600000000000001 -0.02 0.008
v -0.005782599999999999 -0.0190815 0.008
v -0.0063029 -0.018303 0.008
v -0.007081500000000001 -0.0177826 0.008
v -0.016 -0.0336 0.0064
v -0.0169185 -0.0337826 0.0064
v -0.0169185 -0.0337826 0.008
v -0.016 -0.0336 0.008
v -0.017697 -0.034303 0.0064
v -0.017697 -0.034303 0.008
v -0.0182173 -0.0350815 0.0064
v -0.0182173 -0.0350815 0.008
v -0.0184 -0.036 0.0064
v -0.0184 -0.036 0.008
v -0.0182173 -0.0369185 0.0064
v -0.0182173 -0.0369185 0.008
v -0.017697 -0.037697 0.0064
v -0.017697 -0.037697 0.008
v -0.0169185 -0.0382174 0.0064
v -0.0169185 -0.0382174 0.008
v -0.016 -0.0384 0.0064
v -0.016 -0.0384 0.008
v -0.015081500000000001 -0.0382174 0.0064
v -0.015081500000000001 -0.0382174 0.008
v -0.0143029 -0.037697 0.0064
v -0.0143029 -0.037697 0.008
v -0.013782599999999999 -0.0369185 0.0064
v -0.013782599999999999 -0.0369185 0.008
v -0.013600000000000001 -0.036 0.0064
v -0.013600000000000001 -0.036 0.008
v -0.013782599999999999 -0.0350815 0.0064
v -0.013782599999999999 -0.0350815 0.008
v -0.0143029 -0.034303 0.0064
v -0.0143029 -0.034303 0.008
v -0.015081500000000001 -0.0337826 0.0064
v -0.015081500000000001 -0.0337826 0.008
v -0.0169185 -0.0337826 0.008
v -0.016 -0.0336 0.008
v -0.016 -0.036 0.008
v -0.017697 -0.034303 0.008
v -0.0182173 -0.0350815 0.008
v -0.0184 -0.036 0.008
v -0.0182173 -0.0369185 0.008
v -0.017697 -0.037697 0.008
v -0.0169185 -0.0382174 0.008
v -0.016 -0.0384 0.008
v -0.015081500000000001 -0.0382174 0.008
v -0.0143029 -0.037697 0.008
v -0.013782599999999999 -0.0369185 0.008
v -0.013600000000000001 -0.036 0.008
v -0.013782599999999999 -0.0350815 0.008
v -0.0143029 -0.034303 0.008
v -0.015081500000000001 -0.0337826 0.008
v -0.023999999999999997 -0.0336 0.0064
v -0.0249185 -0.0337826 0.0064
v -0.0249185 -0.0337826 0.008
v -0.023999999999999997 -0.0336 0.008
v -0.025697 -0.034303 0.0064
v -0.025697 -0.034303 0.008
v -0.026217300000000002 -0.0350815 0.0064
v -0.026217300000000002 -0.0350815 0.008
v -0.026399999999999996 -0.036 0.0064
v -0.026399999999999996 -0.036 0.008
v -0.026217300000000002 -0.0369185 0.0064
v -0.026217300000000002 -0.0369185 0.008
v -0.025697 -0.037697 0.0064
v -0.025697 -0.037697 0.008
v -0.0249185 -0.0382174 0.0064
v -0.0249185 -0.0382174 0.008
v -0.023999999999999997 -0.0384 0.0064
v -0.023999999999999997 -0.0384 0.008
v -0.0230815 -0.0382174 0.0064
v -0.0230815 -0.0382174 0.008
v -0.022302899999999997 -0.037697 0.0064
v -0.022302899999999997 -0.037697 0.008
v -0.021782600000000003 -0.0369185 0.0064
v -0.021782600000000003 -0.0369185 0.008
v -0.021599999999999998 -0.036 0.0064
v -0.021599999999999998 -0.036 0.008
v -0.021782600000000003 -0.0350815 0.0064
v -0.021782600000000003 -0.0350815 0.008
v -0.022302899999999997 -0.034303 0.0064
v -0.022302899999999997 -0.034303 0.008
v -0.0230815 -0.0337826 0.0064
v -0.0230815 -0.0337826 0.008
v -0.0249185 -0.0337826 0.008
v -0.023999999999999997 -0.0336 0.008
v -0.023999999999999997 -0.036 0.008
v -0.025697 -0.034303 0.008
v -0.026217300000000002 -0.0350815 0.008
v -0.026399999999999996 -0.036 0.008
v -0.026217300000000002 -0.0369185 0.008
v -0.025697 -0.037697 0.008
v -0.0249185 -0.0382174 0.008
v -0.023999999999999997 -0.0384 0.008
v -0.0230815 -0.0382174 0.008
v -0.022302899999999997 -0.037697 0.008
v -0.021782600000000003 -0.0369185 0.008
v -0.021599999999999998 -0.036 0.008
v -0.021782600000000003 -0.0350815 0.008
v -0.022302899999999997 -0.034303 0.008
v -0.0230815 -0.0337826 0.008
v -0.032 -0.0336 0.0064
v -0.0329184 -0.0337826 0.0064
v -0.0329184 -0.0337826 0.008
v -0.032 -0.0336 0.008
v -0.033697000000000005 -0.0343029 0.0064
v -0.033697000000000005 -0.0343029 0.008
v -0.034217300000000006 -0.0350815 0.0064
v -0.034217300000000006 -0.0350815 0.008
v -0.0344 -0.036 0.0064
v -0.0344 -0.036 0.008
v -0.034217300000000006 -0.0369185 0.0064
v -0.034217300000000006 -0.0369185 0.008
v -0.033697000000000005 -0.037697 0.0064
v -0.033697000000000005 -0.037697 0.008
v -0.0329184 -0.0382174 0.0064
v -0.0329184 -0.0382174 0.008
v -0.032 -0.0384 0.0064
v -0.032 -0.0384 0.008
v -0.0310815 -0.0382174 0.0064
v -0.0310815 -0.0382174 0.008
v -0.030302899999999997 -0.037697 0.0064
v -0.030302899999999997 -0.037697 0.008
v -0.029782600000000003 -0.0369185 0.0064
v -0.029782600000000003 -0.0369185 0.008
v -0.029599999999999998 -0.036 0.0064
v -0.029599999999999998 -0.036 0.008
v -0.029782600000000003 -0.0350815 0.0064
v -0.029782600000000003 -0.0350815 0.008
v -0.030302899999999997 -0.034303 0.0064
v -0.030302899999999997 -0.034303 0.008
v -0.0310815 -0.0337826 0.0064
v -0.0310815 -0.0337826 0.008
v -0.0329184 -0.0337826 0.008
v -0.032 -0.0336 0.008
v -0.032 -0.036 0.008
v -0.033697000000000005 -0.0343029 0.008
v -0.034217300000000006 -0.0350815 0.008
v -0.0344 -0.036 0.008
v -0.034217300000000006 -0.0369185 0.008
v -0.033697000000000005 -0.037697 0.008
v -0.0329184 -0.0382174 0.008
v -0.032 -0.0384 0.008
v -0.0310815 -0.0382174 0.008
v -0.030302899999999997 -0.037697 0.008
v -0.029782600000000003 -0.0369185 0.008
v -0.029599999999999998 -0.036 0.008
v -0.029782600000000003 -0.0350815 0.008
v -0.030302899999999997 -0.034303 0.008
v -0.0310815 -0.0337826 0.008
v -0.016 -0.0256 0.0064
v -0.0169185 -0.0257826 0.0064
v -0.0169185 -0.0257826 0.008
v -0.016 -0.0256 0.008
v -0.017697 -0.026303 0.0064
v -0.017697 -0.026303 0.008
v -0.0182173 -0.0270815 0.0064
v -0.0182173 -0.0270815 0.008
v -0.0184 -0.028 0.0064
v -0.0184 -0.028 0.008
v -0.0182173 -0.0289185 0.0064
v -0.0182173 -0.0289185 0.008
v -0.017697 -0.029697 0.0064
v -0.017697 -0.029697 0.008
v -0.0169185 -0.0302174 0.0064
v -0.0169185 -0.0302174 0.008
v -0.016 -0.0304 0.0064
v -0.016 -0.0304 0.008
v -0.015081500000000001 -0.0302174 0.0064
v -0.015081500000000001 -0.0302174 0.008
v -0.0143029 -0.029697 0.0064
v -0.0143029 -0.029697 0.008
v -0.013782599999999999 -0.0289185 0.0064
v -0.013782599999999999 -0.0289185 0.008
v -0.013600000000000001 -0.028 0.0064
v -0.013600000000000001 -0.028 0.008
v -0.013782599999999999 -0.0270815 0.0064
v -0.013782599999999999 -0.0270815 0.008
v -0.0143029 -0.026303 0.0064
v -0.0143029 -0.026303 0.008
v -0.015081500000000001 -0.0257826 0.0064
v -0.015081500000000001 -0.0257826 0.008
v -0.0169185 -0.0257826 0.008
v -0.016 -0.0256 0.008
v -0.016 -0.028 0.008
v -0.017697 -0.026303 0.008
v -0.0182173 -0.0270815 0.008
v -0.0184 -0.028 0.008
v -0.0182173 -0.0289185 0.008
v -0.017697 -0.029697 0.008
v -0.0169185 -0.0302174 0.008
v -0.016 -0.0304 0.008
v -0.015081500000000001 -0.0302174 0.008
v -0.0143029 -0.029697 0.008
v -0.013782599999999999 -0.0289185 0.008
v -0.013600000000000001 -0.028 0.008
v -0.013782599999999999 -0.0270815 0.008
v -0.0143029 -0.026303 0.008
v -0.015081500000000001 -0.0257826 0.008
v -0.023999999999999997 -0.0256 0.0064
v -0.0249185 -0.0257826 0.0064
v -0.0249185 -0.0257826 0.008
v -0.023999999999999997 -0.0256 0.008
v -0.025697 -0.026303 0.0064
v -0.025697 -0.026303 0.008
v -0.026217300000000002 -0.0270815 0.0064
v -0.026217300000000002 -0.0270815 0.008
v -0.026399999999999996 -0.028 0.0064
v -0.026399999999999996 -0.028 0.008
v -0.026217300000000002 -0.0289185 0.0064
v -0.026217300000000002 -0.0289185 0.008
v -0.025697 -0.029697 0.0064
v -0.025697 -0.029697 0.008
v -0.0249185 -0.0302174 0.0064
v -0.0249185 -0.0302174 0.008
v -0.023999999999999997 -0.0304 0.0064
v -0.023999999999999997 -0.0304 0.008
v -0.0230815 -0.0302174 0.0064
v -0.0230815 -0.0302174 0.008
v -0.022302899999999997 -0.029697 0.0064
v -0.022302899999999997 -0.029697 0.008
v -0.021782600000000003 -0.0289185 0.0064
v -0.021782600000000003 -0.0289185 0.008
v -0.021599999999999998 -0.028 0.0064
v -0.021599999999999998 -0.028 0.008
v -0.021782600000000003 -0.0270815 0.0064
v -0.021782600000000003 -0.0270815 0.008
v -0.022302899999999997 -0.026303 0.0064
v -0.022302899999999997 -0.026303 0.008
v -0.0230815 -0.0257826 0.0064
v -0.0230815 -0.0257826 0.008
v -0.0249185 -0.0257826 0.008
v -0.023999999999999997 -0.0256 0.008
v -0.023999999999999997 -0.028 0.008
v -0.025697 -0.026303 0.008
v -0.026217300000000002 -0.0270815 0.008
v -0.026399999999999996 -0.028 0.008
v -0.026217300000000002 -0.0289185 0.008
v -0.025697 -0.029697 0.008
v -0.0249185 -0.0302174 0.008
v -0.023999999999999997 -0.0304 0.008
v -0.0230815 -0.0302174 0.008
v -0.022302899999999997 -0.029697 0.008
v -0.021782600000000003 -0.0289185 0.008
v -0.021599999999999998 -0.028 0.008
v -0.021782600000000003 -0.0270815 0.008
v -0.022302899999999997 -0.026303 0.008
v -0.0230815 -0.0257826 0.008
v -0.032 -0.0256 0.0064
v -0.0329184 -0.0257826 0.0064
v -0.0329184 -0.0257826 0.008
v -0.032 -0.0256 0.008
v -0.033697000000000005 -0.026303 0.0064
v -0.033697000000000005 -0.026303 0.008
v -0.034217300000000006 -0.0270815 0.0064
v -0.034217300000000006 -0.0270815 0.008
v -0.0344 -0.028 0.0064
v -0.0344 -0.028 0.008
v -0.034217300000000006 -0.0289185 0.0064
v -0.034217300000000006 -0.0289185 0.008
v -0.033697000000000005 -0.029697 0.0064
v -0.033697000000000005 -0.029697 0.008
v -0.0329184 -0.0302174 0.0064
v -0.0329184 -0.0302174 0.008
v -0.032 -0.0304 0.0064
v -0.032 -0.0304 0.008
v -0.0310815 -0.0302174 0.0064
v -0.0310815 -0.0302174 0.008
v -0.030302899999999997 -0.029697 0.0064
v -0.030302899999999997 -0.029697 0.008
v -0.029782600000000003 -0.0289185 0.0064
v -0.029782600000000003 -0.0289185 0.008
v -0.029599999999999998 -0.028 0.0064
v -0.029599999999999998 -0.028 0.008
v -0.029782600000000003 -0.0270815 0.0064
v -0.029782600000000003 -0.0270815 0.008
v -0.030302899999999997 -0.026303 0.0064
v -0.030302899999999997 -0.026303 0.008
v -0.0310815 -0.0257826 0.0064
v -0.0310815 -0.0257826 0.008
v -0.0329184 -0.0257826 0.008
v -0.032 -0.0256 0.008
v -0.032 -0.028 0.008
v -0.033697000000000005 -0.026303 0.008
v -0.034217300000000006 -0.0270815 0.008
v -0.0344 -0.028 0.008
v -0.034217300000000006 -0.0289185 0.008
v -0.033697000000000005 -0.029697 0.008
v -0.0329184 -0.0302174 0.008
v -0.032 -0.0304 0.008
v -0.0310815 -0.0302174 0.008
v -0.030302899999999997 -0.029697 0.008
v -0.029782600000000003 -0.0289185 0.008
v -0.029599999999999998 -0.028 0.008
v -0.029782600000000003 -0.0270815 0.008
v -0.030302899999999997 -0.026303 0.008
v -0.0310815 -0.0257826 0.008
v -0.016 -0.0176 0.0064
v -0.0169185 -0.0177826 0.0064
v -0.0169185 -0.0177826 0.008
v -0.016 -0.0176 0.008
v -0.017697 -0.018303 0.0064
v -0.017697 -0.018303 0.008
v -0.0182173 -0.0190815 0.0064
v -0.0182173 -0.0190815 0.008
v -0.0184 -0.02 0.0064
v -0.0184 -0.02 0.008
v -0.0182173 -0.0209185 0.0064
v -0.0182173 -0.0209185 0.008
v -0.017697 -0.021697 0.0064
v -0.017697 -0.021697 0.008
v -0.0169185 -0.0222174 0.0064
v -0.0169185 -0.0222174 0.008
v -0.016 -0.0224 0.0064
v -0.016 -0.0224 0.008
v -0.015081500000000001 -0.0222174 0.0064
v -0.015081500000000001 -0.0222174 0.008
v -0.0143029 -0.021697 0.0064
v -0.0143029 -0.021697 0.008
v -0.013782599999999999 -0.0209185 0.0064
v -0.013782599999999999 -0.0209185 0.008
v -0.013600000000000001 -0.02 0.0064
v -0.013600000000000001 -0.02 0.008
v -0.013782599999999999 -0.0190815 0.0064
v -0.013782599999999999 -0.0190815 0.008
v -0.0143029 -0.018303 0.0064
v -0.0143029 -0.018303 0.008
v -0.015081500000000001 -0.0177826 0.0064
v -0.015081500000000001 -0.0177826 0.008
v -0.0169185 -0.0177826 0.008
v -0.016 -0.0176 0.008
v -0.016 -0.02 0.008
v -0.017697 -0.018303 0.008
v -0.0182173 -0.0190815 0.008
v -0.0184 -0.02 0.008
v -0.0182173 -0.0209185 0.008
v -0.017697 -0.021697 0.008
v -0.0169185 -0.0222174 0.008
v -0.016 -0.0224 0.008
v -0.015081500000000001 -0.0222174 0.008
v -0.0143029 -0.021697 0.008
v -0.013782599999999999 -0.0209185 0.008
v -0.013600000000000001 -0.02 0.008
v -0.013782599999999999 -0.0190815 0.008
v -0.0143029 -0.018303 0.008
v -0.015081500000000001 -0.0177826 0.008
v -0.023999999999999997 -0.0176 0.0064
v -0.0249185 -0.0177826 0.0064
v -0.0249185 -0.0177826 0.008
v -0.023999999999999997 -0.0176 0.008
v -0.025697 -0.018303 0.0064
v -0.025697 -0.018303 0.008
v -0.026217300000000002 -0.0190815 0.0064
v -0.026217300000000002 -0.0190815 0.008
v -0.026399999999999996 -0.02 0.0064
v -0.026399999999999996 -0.02 0.008
v -0.026217300000000002 -0.0209185 0.0064
v -0.026217300000000002 -0.0209185 0.008
v -0.025697 -0.021697 0.0064
v -0.025697 -0.021697 0.008
v -0.0249185 -0.0222174 0.0064
v -0.0249185 -0.0222174 0.008
v -0.023999999999999997 -0.0224 0.0064
v -0.023999999999999997 -0.0224 0.008
v -0.0230815 -0.0222174 0.0064
v -0.0230815 -0.0222174 0.008
v -0.022302899999999997 -0.021697 0.0064
v -0.022302899999999997 -0.021697 0.008
v -0.021782600000000003 -0.0209185 0.0064
v -0.021782600000000003 -0.0209185 0.008
v -0.021599999999999998 -0.02 0.0064
v -0.021599999999999998 -0.02 0.008
v -0.021782600000000003 -0.0190815 0.0064
v -0.021782600000000003 -0.0190815 0.008
v -0.022302899999999997 -0.018303 0.0064
v -0.022302899999999997 -0.018303 0.008
v -0.0230815 -0.0177826 0.0064
v -0.0230815 -0.0177826 0.008
v -0.0249185 -0.0177826 0.008
v -0.023999999999999997 -0.0176 0.008
v -0.023999999999999997 -0.02 0.008
v -0.025697 -0.018303 0.008
v -0.026217300000000002 -0.0190815 0.008
v -0.026399999999999996 -0.02 0.008
v -0.026217300000000002 -0.0209185 0.008
v -0.025697 -0.021697 0.008
v -0.0249185 -0.0222174 0.008
v -0.023999999999999997 -0.0224 0.008
v -0.0230815 -0.0222174 0.008
v -0.022302899999999997 -0.021697 0.008
v -0.021782600000000003 -0.0209185 0.008
v -0.021599999999999998 -0.02 0.008
v -0.021782600000000003 -0.0190815 0.008
v -0.022302899999999997 -0.018303 0.008
v -0.0230815 -0.0177826 0.008
v -0.032 -0.0176 0.0064
v -0.0329184 -0.0177826 0.0064
v -0.0329184 -0.0177826 0.008
v -0.032 -0.0176 0.008
v -0.033697000000000005 -0.018303 0.0064
v -0.033697000000000005 -0.018303 0.008
v -0.034217300000000006 -0.0190815 0.0064
v -0.034217300000000006 -0.0190815 0.008
v -0.0344 -0.02 0.0064
v -0.0344 -0.02 0.008
v -0.034217300000000006 -0.0209185 0.0064
v -0.034217300000000006 -0.0209185 0.008
v -0.033697000000000005 -0.021697 0.0064
v -0.033697000000000005 -0.021697 0.008
v -0.0329184 -0.0222174 0.0064
v -0.0329184 -0.0222174 0.008
v -0.032 -0.0224 0.0064
v -0.032 -0.0224 0.008
v -0.0310815 -0.0222174 0.0064
v -0.0310815 -0.0222174 0.008
v -0.030302899999999997 -0.021697 0.0064
v -0.030302899999999997 -0.021697 0.008
v -0.029782600000000003 -0.0209185 0.0064
v -0.029782600000000003 -0.0209185 0.008
v -0.029599999999999998 -0.02 0.0064
v -0.029599999999999998 -0.02 0.008
v -0.029782600000000003 -0.0190815 0.0064
v -0.029782600000000003 -0.0190815 0.008
v -0.030302899999999997 -0.018303 0.0064
v -0.030302899999999997 -0.018303 0.008
v -0.0310815 -0.0177826 0.0064
v -0.0310815 -0.0177826 0.008
v -0.0329184 -0.0177826 0.008
v -0.032 -0.0176 0.008
v -0.032 -0.02 0.008
v -0.033697000000000005 -0.018303 0.008
v -0.034217300000000006 -0.0190815 0.008
v -0.0344 -0.02 0.008
v -0.034217300000000006 -0.0209185 0.008
v -0.033697000000000005 -0.021697 0.008
v -0.0329184 -0.0222174 0.008
v -0.032 -0.0224 0.008
v -0.0310815 -0.0222174 0.008
v -0.030302899999999997 -0.021697 0.008
v -0.029782600000000003 -0.0209185 0.008
v -0.029599999999999998 -0.02 0.008
v -0.029782600000000003 -0.0190815 0.008
v -0.030302899999999997 -0.018303 0.008
v -0.0310815 -0.0177826 0.008
v -0.016 -0.0096 0.0064
v -0.0169185 -0.0097826 0.0064
v -0.0169185 -0.0097826 0.008
v -0.016 -0.0096 0.008
v -0.017697 -0.010303 0.0064
v -0.017697 -0.010303 0.008
v -0.0182173 -0.0110815 0.0064
v -0.0182173 -0.0110815 0.008
v -0.0184 -0.012 0.0064
v -0.0184 -0.012 0.008
v -0.0182173 -0.0129185 0.0064
v -0.0182173 -0.0129185 0.008
v -0.017697 -0.013697 0.0064
v -0.017697 -0.013697 0.008
v -0.0169185 -0.0142174 0.0064
v -0.0169185 -0.0142174 0.008
v -0.016 -0.0144 0.0064
v -0.016 -0.0144 0.008
v -0.015081500000000001 -0.0142174 0.0064
v -0.015081500000000001 -0.0142174 0.008
v -0.0143029 -0.013697 0.0064
v -0.0143029 -0.013697 0.008
v -0.013782599999999999 -0.0129185 0.0064
v -0.013782599999999999 -0.0129185 0.008
v -0.013600000000000001 -0.012 0.0064
v -0.013600000000000001 -0.012 0.008
v -0.013782599999999999 -0.0110815 0.0064
v -0.013782599999999999 -0.0110815 0.008
v -0.0143029 -0.010303 0.0064
v -0.0143029 -0.010303 0.008
v -0.015081500000000001 -0.0097826 0.0064
v -0.015081500000000001 -0.0097826 0.008
v -0.0169185 -0.0097826 0.008
v -0.016 -0.0096 0.008
v -0.016 -0.012 0.008
v -0.017697 -0.010303 0.008
v -0.0182173 -0.0110815 0.008
v -0.0184 -0.012 0.008
v -0.0182173 -0.0129185 0.008
v -0.017697 -0.013697 0.008
v -0.0169185 -0.0142174 0.008
v -0.016 -0.0144 0.008
v -0.015081500000000001 -0.0142174 0.008
v -0.0143029 -0.013697 0.008
v -0.013782599999999999 -0.0129185 0.008
v -0.013600000000000001 -0.012 0.008
v -0.013782599999999999 -0.0110815 0.008
v -0.0143029 -0.010303 0.008
v -0.015081500000000001 -0.0097826 0.008
v -0.023999999999999997 -0.0096 0.0064
v -0.0249185 -0.0097826 0.0064
v -0.0249185 -0.0097826 0.008
v -0.023999999999999997 -0.0096 0.008
v -0.025697 -0.010303 0.0064
v -0.025697 -0.010303 0.008
v -0.026217300000000002 -0.0110815 0.0064
v -0.026217300000000002 -0.0110815 0.008
v -0.026399999999999996 -0.012 0.0064
v -0.026399999999999996 -0.012 0.008
v -0.026217300000000002 -0.0129185 0.0064
v -0.026217300000000002 -0.0129185 0.008
v -0.025697 -0.013697 0.0064
v -0.025697 -0.013697 0.008
v -0.0249185 -0.0142174 0.0064
v -0.0249185 -0.0142174 0.008
v -0.023999999999999997 -0.0144 0.0064
v -0.023999999999999997 -0.0144 0.008
v -0.0230815 -0.0142174 0.0064
v -0.0230815 -0.0142174 0.008
v -0.022302899999999997 -0.013697 0.0064
v -0.022302899999999997 -0.013697 0.008
v -0.021782600000000003 -0.0129185 0.0064
v -0.021782600000000003 -0.0129185 0.008
v -0.021599999999999998 -0.012 0.0064
v -0.021599999999999998 -0.012 0.008
v -0.021782600000000003 -0.0110815 0.0064
v -0.021782600000000003 -0.0110815 0.008
v -0.022302899999999997 -0.010303 0.0064
v -0.022302899999999997 -0.010303 0.008
v -0.0230815 -0.0097826 0.0064
v -0.0230815 -0.0097826 0.008
v -0.0249185 -0.0097826 0.008
v -0.023999999999999997 -0.0096 0.008
v -0.023999999999999997 -0.012 0.008
v -0.025697 -0.010303 0.008
v -0.026217300000000002 -0.0110815 0.008
v -0.026399999999999996 -0.012 0.008
v -0.026217300000000002 -0.0129185 0.008
v -0.025697 -0.013697 0.008
v -0.0249185 -0.0142174 0.008
v -0.023999999999999997 -0.0144 0.008
v -0.0230815 -0.0142174 0.008
v -0.022302899999999997 -0.013697 0.008
v -0.021782600000000003 -0.0129185 0.008
v -0.021599999999999998 -0.012 0.008
v -0.021782600000000003 -0.0110815 0.008
v -0.022302899999999997 -0.010303 0.008
v -0.0230815 -0.0097826 0.008
v -0.032 -0.0096 0.0064
v -0.0329184 -0.0097826 0.0064
v -0.0329184 -0.0097826 0.008
v -0.032 -0.0096 0.008
v -0.033697000000000005 -0.010303 0.0064
v -0.033697000000000005 -0.010303 0.008
v -0.034217300000000006 -0.0110815 0.0064
v -0.034217300000000006 -0.0110815 0.008
v -0.0344 -0.012 0.0064
v -0.0344 -0.012 0.008
v -0.034217300000000006 -0.0129185 0.0064
v -0.034217300000000006 -0.0129185 0.008
v -0.033697000000000005 -0.013697 0.0064
v -0.033697000000000005 -0.013697 0.008
v -0.0329184 -0.0142174 0.0064
v -0.0329184 -0.0142174 0.008
v -0.032 -0.0144 0.0064
v -0.032 -0.0144 0.008
v -0.0310815 -0.0142174 0.0064
v -0.0310815 -0.0142174 0.008
v -0.030302899999999997 -0.013697 0.0064
v -0.030302899999999997 -0.013697 0.008
v -0.029782600000000003 -0.0129185 0.0064
v -0.029782600000000003 -0.0129185 0.008
v -0.029599999999999998 -0.012 0.0064
v -0.029599999999999998 -0.012 0.008
v -0.029782600000000003 -0.0110815 0.0064
v -0.029782600000000003 -0.0110815 0.008
v -0.030302899999999997 -0.010303 0.0064
v -0.030302899999999997 -0.010303 0.008
v -0.0310815 -0.0097826 0.0064
v -0.0310815 -0.0097826 0.008
v -0.0329184 -0.0097826 0.008
v -0.032 -0.0096 0.008
v -0.032 -0.012 0.008
v -0.033697000000000005 -0.010303 0.008
v -0.034217300000000006 -0.0110815 0.008
v -0.0344 -0.012 0.008
v -0.034217300000000006 -0.0129185 0.008
v -0.033697000000000005 -0.013697 0.008
v -0.0329184 -0.0142174 0.008
v -0.032 -0.0144 0.008
v -0.0310815 -0.0142174 0.008
v -0.030302899999999997 -0.013697 0.008
v -0.029782600000000003 -0.0129185 0.008
v -0.029599999999999998 -0.012 0.008
v -0.029782600000000003 -0.0110815 0.008
v -0.030302899999999997 -0.010303 0.008
v -0.0310815 -0.0097826 0.008
v -0.016 -0.0016 0.0064
v -0.0169185 -0.0017826 0.0064
v -0.0169185 -0.0017826 0.008
v -0.016 -0.0016 0.008
v -0.017697 -0.002303 0.0064
v -0.017697 -0.002303 0.008
v -0.0182173 -0.0030815 0.0064
v -0.0182173 -0.0030815 0.008
v -0.0184 -0.004 0.0064
v -0.0184 -0.004 0.008
v -0.0182173 -0.0049185 0.0064
v -0.0182173 -0.0049185 0.008
v -0.017697 -0.005697 0.0064
v -0.017697 -0.005697 0.008
v -0.0169185 -0.0062174 0.0064
v -0.0169185 -0.0062174 0.008
v -0.016 -0.0064 0.0064
v -0.016 -0.0064 0.008
v -0.015081500000000001 -0.0062174 0.0064
v -0.015081500000000001 -0.0062174 0.008
v -0.0143029 -0.005697 0.0064
v -0.0143029 -0.005697 0.008
v -0.013782599999999999 -0.0049185 0.0064
v -0.013782599999999999 -0.0049185 0.008
v -0.013600000000000001 -0.004 0.0064
v -0.013600000000000001 -0.004 0.008
v -0.013782599999999999 -0.0030815 0.0064
v -0.013782599999999999 -0.0030815 0.008
v -0.0143029 -0.002303 0.0064
v -0.0143029 -0.002303 0.008
v -0.015081500000000001 -0.0017826 0.0064
v -0.015081500000000001 -0.0017826 0.008
v -0.0169185 -0.0017826 0.008
v -0.016 -0.0016 0.008
v -0.016 -0.004 0.008
v -0.017697 -0.002303 0.008
v -0.0182173 -0.0030815 0.008
v -0.0184 -0.004 0.008
v -0.0182173 -0.0049185 0.008
v -0.017697 -0.005697 0.008
v -0.0169185 -0.0062174 0.008
v -0.016 -0.0064 0.008
v -0.015081500000000001 -0.0062174 0.008
v -0.0143029 -0.005697 0.008
v -0.013782599999999999 -0.0049185 0.008
v -0.013600000000000001 -0.004 0.008
v -0.013782599999999999 -0.0030815 0.008
v -0.0143029 -0.002303 0.008
v -0.015081500000000001 -0.0017826 0.008
v -0.023999999999999997 -0.0016 0.0064
v -0.0249185 -0.0017826 0.0064
v -0.0249185 -0.0017826 0.008
v -0.023999999999999997 -0.0016 0.008
v -0.025697 -0.002303 0.0064
v -0.025697 -0.002303 0.008
v -0.026217300000000002 -0.0030815 0.0064
v -0.026217300000000002 -0.0030815 0.008
v -0.026399999999999996 -0.004 0.0064
v -0.026399999999999996 -0.004 0.008
v -0.026217300000000002 -0.0049185 0.0064
v -0.026217300000000002 -0.0049185 0.008
v -0.025697 -0.005697 0.0064
v -0.025697 -0.005697 0.008
v -0.0249185 -0.0062174 0.0064
v -0.0249185 -0.0062174 0.008
v -0.023999999999999997 -0.0064 0.0064
v -0.023999999999999997 -0.0064 0.008
v -0.0230815 -0.0062174 0.0064
v -0.0230815 -0.0062174 0.008
v -0.022302899999999997 -0.005697 0.0064
v -0.022302899999999997 -0.005697 0.008
v -0.021782600000000003 -0.0049185 0.0064
v -0.021782600000000003 -0.0049185 0.008
v -0.021599999999999998 -0.004 0.0064
v -0.021599999999999998 -0.004 0.008
v -0.021782600000000003 -0.0030815 0.0064
v -0.021782600000000003 -0.0030815 0.008
v -0.022302899999999997 -0.002303 0.0064
v -0.022302899999999997 -0.002303 0.008
v -0.0230815 -0.0017826 0.0064
v -0.0230815 -0.0017826 0.008
v -0.0249185 -0.0017826 0.008
v -0.023999999999999997 -0.0016 0.008
v -0.023999999999999997 -0.004 0.008
v -0.025697 -0.002303 0.008
v -0.026217300000000002 -0.0030815 0.008
v -0.026399999999999996 -0.004 0.008
v -0.026217300000000002 -0.0049185 0.008
v -0.025697 -0.005697 0.008
v -0.0249185 -0.0062174 0.008
v -0.023999999999999997 -0.0064 0.008
v -0.0230815 -0.0062174 0.008
v -0.022302899999999997 -0.005697 0.008
v -0.021782600000000003 -0.0049185 0.008
v -0.021599999999999998 -0.004 0.008
v -0.021782600000000003 -0.0030815 0.008
v -0.022302899999999997 -0.002303 0.008
v -0.0230815 -0.0017826 0.008
v -0.032 -0.0016 0.0064
v -0.0329184 -0.0017826 0.0064
v -0.0329184 -0.0017826 0.008
v -0.032 -0.0016 0.008
v -0.033697000000000005 -0.002303 0.0064
v -0.033697000000000005 -0.002303 0.008
v -0.034217300000000006 -0.0030815 0.0064
v -0.034217300000000006 -0.0030815 0.008
v -0.0344 -0.004 0.0064
v -0.0344 -0.004 0.008
v -0.034217300000000006 -0.0049185 0.0064
v -0.034217300000000006 -0.0049185 0.008
v -0.033697000000000005 -0.005697 0.0064
v -0.033697000000000005 -0.005697 0.008
v -0.0329184 -0.0062174 0.0064
v -0.0329184 -0.0062174 0.008
v -0.032 -0.0064 0.0064
v -0.032 -0.0064 0.008
v -0.0310815 -0.0062174 0.0064
v -0.0310815 -0.0062174 0.008
v -0.030302899999999997 -0.005697 0.0064
v -0.030302899999999997 -0.005697 0.008
v -0.029782600000000003 -0.0049185 0.0064
v -0.029782600000000003 -0.0049185 0.008
v -0.029599999999999998 -0.004 0.0064
v -0.029599999999999998 -0.004 0.008
v -0.029782600000000003 -0.0030815 0.0064
v -0.029782600000000003 -0.0030815 0.008
v -0.030302899999999997 -0.002303 0.0064
v -0.030302899999999997 -0.002303 0.008
v -0.0310815 -0.0017826 0.0064
v -0.0310815 -0.0017826 0.008
v -0.0329184 -0.0017826 0.008
v -0.032 -0.0016 0.008
v -0.032 -0.004 0.008
v -0.033697000000000005 -0.002303 0.008
v -0.034217300000000006 -0.0030815 0.008
v -0.0344 -0.004 0.008
v -0.034217300000000006 -0.0049185 0.008
v -0.033697000000000005 -0.005697 0.008
v -0.0329184 -0.0062174 0.008
v -0.032 -0.0064 0.008
v -0.0310815 -0.0062174 0.008
v -0.030302899999999997 -0.005697 0.008
v -0.029782600000000003 -0.0049185 0.008
v -0.029599999999999998 -0.004 0.008
v -0.029782600000000003 -0.0030815 0.008
v -0.030302899999999997 -0.002303 0.008
v -0.0310815 -0.0017826 0.008
v -0.016 0.0064 0.0064
v -0.0169185 0.0062174 0.0064
v -0.0169185 0.0062174 0.008
v -0.016 0.0064 0.008
v -0.017697 0.005697 0.0064
v -0.017697 0.005697 0.008
v -0.0182173 0.0049185 0.0064
v -0.0182173 0.0049185 0.008
v -0.0184 0.004 0.0064
v -0.0184 0.004 0.008
v -0.0182173 0.0030815 0.0064
v -0.0182173 0.0030815 0.008
v -0.017697 0.002303 0.0064
v -0.017697 0.002303 0.008
v -0.0169185 0.0017826 0.0064
v -0.0169185 0.0017826 0.008
v -0.016 0.0016 0.0064
v -0.016 0.0016 0.008
v -0.015081500000000001 0.0017826 0.0064
v -0.015081500000000001 0.0017826 0.008
v -0.0143029 0.002303 0.0064
v -0.0143029 0.002303 0.008
v -0.013782599999999999 0.0030815 0.0064
v -0.013782599999999999 0.0030815 0.008
v -0.013600000000000001 0.004 0.0064
v -0.013600000000000001 0.004 0.008
v -0.013782599999999999 0.0049185 0.0064
v -0.013782599999999999 0.0049185 0.008
v -0.0143029 0.005697 0.0064
v -0.0143029 0.005697 0.008
v -0.015081500000000001 0.0062174 0.0064
v -0.015081500000000001 0.0062174 0.008
v -0.0169185 0.0062174 0.008
v -0.016 0.0064 0.008
v -0.016 0.004 0.008
v -0.017697 0.005697 0.008
v -0.0182173 0.0049185 0.008
v -0.0184 0.004 0.008
v -0.0182173 0.0030815 0.008
v -0.017697 0.002303 0.008
v -0.0169185 0.0017826 0.008
v -0.016 0.0016 0.008
v -0.015081500000000001 0.0017826 0.008
v -0.0143029 0.002303 0.008
v -0.013782599999999999 0.0030815 0.008
v -0.013600000000000001 0.004 0.008
v -0.013782599999999999 0.0049185 0.008
v -0.0143029 0.005697 0.008
v -0.015081500000000001 0.0062174 0.008
v -0.023999999999999997 0.0064 0.0064
v -0.0249185 0.0062174 0.0064
v -0.0249185 0.0062174 0.008
v -0.023999999999999997 0.0064 0.008
v -0.025697 0.005697 0.0064
v -0.025697 0.005697 0.008
v -0.026217300000000002 0.0049185 0.0064
v -0.026217300000000002 0.0049185 0.008
v -0.026399999999999996 0.004 0.0064
v -0.026399999999999996 0.004 0.008
v -0.026217300000000002 0.0030815 0.0064
v -0.026217300000000002 0.0030815 0.008
v -0.025697 0.002303 0.0064
v -0.025697 0.002303 0.008
v -0.0249185 0.0017826 0.0064
v -0.0249185 0.0017826 0.008
v -0.023999999999999997 0.0016 0.0064
v -0.023999999999999997 0.0016 0.008
v -0.0230815 0.0017826 0.0064
v -0.0230815 0.0017826 0.008
v -0.022302899999999997 0.002303 0.0064
v -0.022302899999999997 0.002303 0.008
v -0.021782600000000003 0.0030815 0.0064
v -0.021782600000000003 0.0030815 0.008
v -0.021599999999999998 0.004 0.0064
v -0.021599999999999998 0.004 0.008
v -0.021782600000000003 0.0049185 0.0064
v -0.021782600000000003 0.0049185 0.008
v -0.022302899999999997 0.005697 0.0064
v -0.022302899999999997 0.005697 0.008
v -0.0230815 0.0062174 0.0064
v -0.0230815 0.0062174 0.008
v -0.0249185 0.0062174 0.008
v -0.023999999999999997 0.0064 0.008
v -0.023999999999999997 0.004 0.008
v -0.025697 0.005697 0.008
v -0.026217300000000002 0.0049185 0.008
v -0.026399999999999996 0.004 0.008
v -0.026217300000000002 0.0030815 0.008
v -0.025697 0.002303 0.008
v -0.0249185 0.0017826 0.008
v -0.023999999999999997 0.0016 0.008
v -0.0230815 0.0017826 0.008
v -0.022302899999999997 0.002303 0.008
v -0.021782600000000003 0.0030815 0.008
v -0.021599999999999998 0.004 0.008
v -0.021782600000000003 0.0049185 0.008
v -0.022302899999999997 0.005697 0.008
v -0.0230815 0.0062174 0.008
v -0.032 0.0064 0.0064
v -0.0329184 0.0062174 0.0064
v -0.0329184 0.0062174 0.008
v -0.032 0.0064 0.008
v -0.033697000000000005 0.005697 0.0064
v -0.033697000000000005 0.005697 0.008
v -0.034217300000000006 0.0049185 0.0064
v -0.034217300000000006 0.0049185 0.008
v -0.0344 0.004 0.0064
v -0.0344 0.004 0.008
v -0.034217300000000006 0.0030815 0.0064
v -0.034217300000000006 0.0030815 0.008
v -0.033697000000000005 0.002303 0.0064
v -0.033697000000000005 0.002303 0.008
v -0.0329184 0.0017826 0.0064
v -0.0329184 0.0017826 0.008
v -0.032 0.0016 0.0064
v -0.032 0.0016 0.008
v -0.0310815 0.0017826 0.0064
v -0.0310815 0.0017826 0.008
v -0.030302899999999997 0.002303 0.0064
v -0.030302899999999997 0.002303 0.008
v -0.029782600000000003 0.0030815 0.0064
v -0.029782600000000003 0.0030815 0.008
v -0.029599999999999998 0.004 0.0064
v -0.029599999999999998 0.004 0.008
v -0.029782600000000003 0.0049185 0.0064
v -0.029782600000000003 0.0049185 0.008
v -0.030302899999999997 0.005697 0.0064
v -0.030302899999999997 0.005697 0.008
v -0.0310815 0.0062174 0.0064
v -0.0310815 0.0062174 0.008
v -0.0329184 0.0062174 0.008
v -0.032 0.0064 0.008
v -0.032 0.004 0.008
v -0.033697000000000005 0.005697 0.008
v -0.034217300000000006 0.0049185 0.008
v -0.0344 0.004 0.008
v -0.034217300000000006 0.0030815 0.008
v -0.033697000000000005 0.002303 0.008
v -0.0329184 0.0017826 0.008
v -0.032 0.0016 0.008
v -0.0310815 0.0017826 0.008
v -0.030302899999999997 0.002303 0.008
v -0.029782600000000003 0.0030815 0.008
v -0.029599999999999998 0.004 0.008
v -0.029782600000000003 0.0049185 0.008
v -0.030302899999999997 0.005697 0.008
v -0.0310815 0.0062174 0.008
v 0.008 -0.0096 0.0064
v 0.0070815 -0.0097826 0.0064
v 0.0070815 -0.0097826 0.008
v 0.008 -0.0096 0.008
v 0.0063030000000000004 -0.010303 0.0064
v 0.0063030000000000004 -0.010303 0.008
v 0.0057827 -0.0110815 0.0064
v 0.0057827 -0.0110815 0.008
v 0.0056 -0.012 0.0064
v 0.0056 -0.012 0.008
v 0.0057827 -0.0129185 0.0064
v 0.0057827 -0.0129185 0.008
v 0.0063030000000000004 -0.013697 0.0064
v 0.0063030000000000004 -0.013697 0.008
v 0.0070815 -0.0142174 0.0064
v 0.0070815 -0.0142174 0.008
v 0.008 -0.0144 0.0064
v 0.008 -0.0144 0.008
v 0.0089185 -0.0142174 0.0064
v 0.0089185 -0.0142174 0.008
v 0.0096971 -0.013697 0.0064
v 0.0096971 -0.013697 0.008
v 0.0102174 -0.0129185 0.0064
v 0.0102174 -0.0129185 0.008
v 0.0104 -0.012 0.0064
v 0.0104 -0.012 0.008
v 0.0102174 -0.0110815 0.0064
v 0.0102174 -0.0110815 0.008
v 0.0096971 -0.010303 0.0064
v 0.0096971 -0.010303 0.008
v 0.0089185 -0.0097826 0.0064
v 0.0089185 -0.0097826 0.008
v 0.0070815 -0.0097826 0.008
v 0.008 -0.0096 0.008
v 0.008 -0.012 0.008
v 0.0063030000000000004 -0.010303 0.008
v 0.0057827 -0.0110815 0.008
v 0.0056 -0.012 0.008
v 0.0057827 -0.0129185 0.008
v 0.0063030000000000004 -0.013697 0.008
v 0.0070815 -0.0142174 0.008
v 0.008 -0.0144 0.008
v 0.0089185 -0.0142174 0.008
v 0.0096971 -0.013697 0.008
v 0.0102174 -0.0129185 0.008
v 0.0104 -0.012 0.008
v 0.0102174 -0.0110815 0.008
v 0.0096971 -0.010303 0.008
v 0.0089185 -0.0097826 0.008
v 0.0 -0.0096 0.0064
v -0.0009184999999999992 -0.0097826 0.0064
v -0.0009184999999999992 -0.0097826 0.008
v 0.0 -0.0096 0.008
v -0.0016970000000000006 -0.010303 0.0064
v -0.0016970000000000006 -0.010303 0.008
v -0.0022173 -0.0110815 0.0064
v -0.0022173 -0.0110815 0.008
v -0.0023999999999999994 -0.012 0.0064
v -0.0023999999999999994 -0.012 0.008
v -0.0022173 -0.0129185 0.0064
v -0.0022173 -0.0129185 0.008
v -0.0016970000000000006 -0.013697 0.0064
v -0.0016970000000000006 -0.013697 0.008
v -0.0009184999999999992 -0.0142174 0.0064
v -0.0009184999999999992 -0.0142174 0.008
v 0.0 -0.0144 0.0064
v 0.0 -0.0144 0.008
v 0.0009185000000000009 -0.0142174 0.0064
v 0.0009185000000000009 -0.0142174 0.008
v 0.0016971 -0.013697 0.0064
v 0.0016971 -0.013697 0.008
v 0.0022173999999999996 -0.0129185 0.0064
v 0.0022173999999999996 -0.0129185 0.008
v 0.002400000000000001 -0.012 0.0064
v 0.002400000000000001 -0.012 0.008
v 0.0022173999999999996 -0.0110815 0.0064
v 0.0022173999999999996 -0.0110815 0.008
v 0.0016971 -0.010303 0.0064
v 0.0016971 -0.010303 0.008
v 0.0009185000000000009 -0.0097826 0.0064
v 0.0009185000000000009 -0.0097826 0.008
v -0.0009184999999999992 -0.0097826 0.008
v 0.0 -0.0096 0.008
v 0.0 -0.012 0.008
v -0.0016970000000000006 -0.010303 0.008
v -0.0022173 -0.0110815 0.008
v -0.0023999999999999994 -0.012 0.008
v -0.0022173 -0.0129185 0.008
v -0.0016970000000000006 -0.013697 0.008
v -0.0009184999999999992 -0.0142174 0.008
v 0.0 -0.0144 0.008
v 0.0009185000000000009 -0.0142174 0.008
v 0.0016971 -0.013697 0.008
v 0.0022173999999999996 -0.0129185 0.008
v 0.002400000000000001 -0.012 0.008
v 0.0022173999999999996 -0.0110815 0.008
v 0.0016971 -0.010303 0.008
v 0.0009185000000000009 -0.0097826 0.008
v -0.008 -0.0096 0.0064
v -0.0089185 -0.0097826 0.0064
v -0.0089185 -0.0097826 0.008
v -0.008 -0.0096 0.008
v -0.009697 -0.010303 0.0064
v -0.009697 -0.010303 0.008
v -0.010217299999999999 -0.0110815 0.0064
v -0.010217299999999999 -0.0110815 0.008
v -0.0104 -0.012 0.0064
v -0.0104 -0.012 0.008
v -0.010217299999999999 -0.0129185 0.0064
v -0.010217299999999999 -0.0129185 0.008
v -0.009697 -0.013697 0.0064
v -0.009697 -0.013697 0.008
v -0.0089185 -0.0142174 0.0064
v -0.0089185 -0.0142174 0.008
v -0.008 -0.0144 0.0064
v -0.008 -0.0144 0.008
v -0.007081500000000001 -0.0142174 0.0064
v -0.007081500000000001 -0.0142174 0.008
v -0.0063029 -0.013697 0.0064
v -0.0063029 -0.013697 0.008
v -0.005782599999999999 -0.0129185 0.0064
v -0.005782599999999999 -0.0129185 0.008
v -0.005600000000000001 -0.012 0.0064
v -0.005600000000000001 -0.012 0.008
v -0.005782599999999999 -0.0110815 0.0064
v -0.005782599999999999 -0.0110815 0.008
v -0.0063029 -0.010303 0.0064
v -0.0063029 -0.010303 0.008
v -0.007081500000000001 -0.0097826 0.0064
v -0.007081500000000001 -0.0097826 0.008
v -0.0089185 -0.0097826 0.008
v -0.008 -0.0096 0.008
v -0.008 -0.012 0.008
v -0.009697 -0.010303 0.008
v -0.010217299999999999 -0.0110815 0.008
v -0.0104 -0.012 0.008
v -0.010217299999999999 -0.0129185 0.008
v -0.009697 -0.013697 0.008
v -0.0089185 -0.0142174 0.008
v -0.008 -0.0144 0.008
v -0.007081500000000001 -0.0142174 0.008
v -0.0063029 -0.013697 0.008
v -0.005782599999999999 -0.0129185 0.008
v -0.005600000000000001 -0.012 0.008
v -0.005782599999999999 -0.0110815 0.008
v -0.0063029 -0.010303 0.008
v -0.007081500000000001 -0.0097826 0.008
v 0.008 -0.0016 0.0064
v 0.0070815 -0.0017826 0.0064
v 0.0070815 -0.0017826 0.008
v 0.008 -0.0016 0.008
v 0.0063030000000000004 -0.002303 0.0064
v 0.0063030000000000004 -0.002303 0.008
v 0.0057827 -0.0030815 0.0064
v 0.0057827 -0.0030815 0.008
v 0.0056 -0.004 0.0064
v 0.0056 -0.004 0.008
v 0.0057827 -0.0049185 0.0064
v 0.0057827 -0.0049185 0.008
v 0.0063030000000000004 -0.005697 0.0064
v 0.0063030000000000004 -0.005697 0.008
v 0.0070815 -0.0062174 0.0064
v 0.0070815 -0.0062174 0.008
v 0.008 -0.0064 0.0064
v 0.008 -0.0064 0.008
v 0.0089185 -0.0062174 0.0064
v 0.0089185 -0.0062174 0.008
v 0.0096971 -0.005697 0.0064
v 0.0096971 -0.005697 0.008
v 0.0102174 -0.0049185 0.0064
v 0.0102174 -0.0049185 0.008
v 0.0104 -0.004 0.0064
v 0.0104 -0.004 0.008
v 0.0102174 -0.0030815 0.0064
v 0.0102174 -0.0030815 0.008
v 0.0096971 -0.002303 0.0064
v 0.0096971 -0.002303 0.008
v 0.0089185 -0.0017826 0.0064
v 0.0089185 -0.0017826 0.008
v 0.0070815 -0.0017826 0.008
v 0.008 -0.0016 0.008
v 0.008 -0.004 0.008
v 0.0063030000000000004 -0.002303 0.008
v 0.0057827 -0.0030815 0.008
v 0.0056 -0.004 0.008
v 0.0057827 -0.0049185 0.008
v 0.0063030000000000004 -0.005697 0.008
v 0.0070815 -0.0062174 0.008
v 0.008 -0.0064 0.008
v 0.0089185 -0.0062174 0.008
v 0.0096971 -0.005697 0.008
v 0.0102174 -0.0049185 0.008
v 0.0104 -0.004 0.008
v 0.0102174 -0.0030815 0.008
v 0.0096971 -0.002303 0.008
v 0.0089185 -0.0017826 0.008
v 0.0 -0.0016 0.0064
v -0.0009184999999999992 -0.0017826 0.0064
v -0.0009184999999999992 -0.0017826 0.008
v 0.0 -0.0016 0.008
v -0.0016970000000000006 -0.002303 0.0064
v -0.0016970000000000006 -0.002303 0.008
v -0.0022173 -0.0030815 0.0064
v -0.0022173 -0.0030815 0.008
v -0.0023999999999999994 -0.004 0.0064
v -0.0023999999999999994 -0.004 0.008
v -0.0022173 -0.0049185 0.0064
v -0.0022173 -0.0049185 0.008
v -0.0016970000000000006 -0.005697 0.0064
v -0.0016970000000000006 -0.005697 0.008
v -0.0009184999999999992 -0.0062174 0.0064
v -0.0009184999999999992 -0.0062174 0.008
v 0.0 -0.0064 0.0064
v 0.0 -0.0064 0.008
v 0.0009185000000000009 -0.0062174 0.0064
v 0.0009185000000000009 -0.0062174 0.008
v 0.0016971 -0.005697 0.0064
v 0.0016971 -0.005697 0.008
v 0.0022173999999999996 -0.0049185 0.0064
v 0.0022173999999999996 -0.0049185 0.008
v 0.002400000000000001 -0.004 0.0064
v 0.002400000000000001 -0.004 0.008
v 0.0022173999999999996 -0.0030815 0.0064
v 0.0022173999999999996 -0.0030815 0.008
v 0.0016971 -0.002303 0.0064
v 0.0016971 -0.002303 0.008
v 0.0009185000000000009 -0.0017826 0.0064
v 0.0009185000000000009 -0.0017826 0.008
v -0.0009184999999999992 -0.0017826 0.008
v 0.0 -0.0016 0.008
v 0.0 -0.004 0.008
v -0.0016970000000000006 -0.002303 0.008
v -0.0022173 -0.0030815 0.008
v -0.0023999999999999994 -0.004 0.008
v -0.0022173 -0.0049185 0.008
v -0.0016970000000000006 -0.005697 0.008
v -0.0009184999999999992 -0.0062174 0.008
v 0.0 -0.0064 0.008
v 0.0009185000000000009 -0.0062174 0.008
v 0.0016971 -0.005697 0.008
v 0.0022173999999999996 -0.0049185 0.008
v 0.002400000000000001 -0.004 0.008
v 0.0022173999999999996 -0.0030815 0.008
v 0.0016971 -0.002303 0.008
v 0.0009185000000000009 -0.0017826 0.008
v -0.008 -0.0016 0.0064
v -0.0089185 -0.0017826 0.0064
v -0.0089185 -0.0017826 0.008
v -0.008 -0.0016 0.008
v -0.009697 -0.002303 0.0064
v -0.009697 -0.002303 0.008
v -0.010217299999999999 -0.0030815 0.0064
v -0.010217299999999999 -0.0030815 0.008
v -0.0104 -0.004 0.0064
v -0.0104 -0.004 0.008
v -0.010217299999999999 -0.0049185 0.0064
v -0.010217299999999999 -0.0049185 0.008
v -0.009697 -0.005697 0.0064
v -0.009697 -0.005697 0.008
v -0.0089185 -0.0062174 0.0064
v -0.0089185 -0.0062174 0.008
v -0.008 -0.0064 0.0064
v -0.008 -0.0064 0.008
v -0.007081500000000001 -0.0062174 0.0064
v -0.007081500000000001 -0.0062174 0.008
v -0.0063029 -0.005697 0.0064
v -0.0063029 -0.005697 0.008
v -0.005782599999999999 -0.0049185 0.0064
v -0.005782599999999999 -0.0049185 0.008
v -0.005600000000000001 -0.004 0.0064
v -0.005600000000000001 -0.004 0.008
v -0.005782599999999999 -0.0030815 0.0064
v -0.005782599999999999 -0.0030815 0.008
v -0.0063029 -0.002303 0.0064
v -0.0063029 -0.002303 0.008
v -0.007081500000000001 -0.0017826 0.0064
v -0.007081500000000001 -0.0017826 0.008
v -0.0089185 -0.0017826 0.008
v -0.008 -0.0016 0.008
v -0.008 -0.004 0.008
v -0.009697 -0.002303 0.008
v -0.010217299999999999 -0.0030815 0.008
v -0.0104 -0.004 0.008
v -0.010217299999999999 -0.0049185 0.008
v -0.009697 -0.005697 0.008
v -0.0089185 -0.0062174 0.008
v -0.008 -0.0064 0.008
v -0.007081500000000001 -0.0062174 0.008
v -0.0063029 -0.005697 0.008
v -0.005782599999999999 -0.0049185 0.008
v -0.005600000000000001 -0.004 0.008
v -0.005782599999999999 -0.0030815 0.008
v -0.0063029 -0.002303 0.008
v -0.007081500000000001 -0.0017826 0.008
v 0.008 0.0064 0.0064
v 0.0070815 0.0062174 0.0064
v 0.0070815 0.0062174 0.008
v 0.008 0.0064 0.008
v 0.0063030000000000004 0.005697 0.0064
v 0.0063030000000000004 0.005697 0.008
v 0.0057827 0.0049185 0.0064
v 0.0057827 0.0049185 0.008
v 0.0056 0.004 0.0064
v 0.0056 0.004 0.008
v 0.0057827 0.0030815 0.0064
v 0.0057827 0.0030815 0.008
v 0.0063030000000000004 0.002303 0.0064
v 0.0063030000000000004 0.002303 0.008
v 0.0070815 0.0017826 0.0064
v 0.0070815 0.0017826 0.008
v 0.008 0.0016 0.0064
v 0.008 0.0016 0.008
v 0.0089185 0.0017826 0.0064
v 0.0089185 0.0017826 0.008
v 0.0096971 0.002303 0.0064
v 0.0096971 0.002303 0.008
v 0.0102174 0.0030815 0.0064
v 0.0102174 0.0030815 0.008
v 0.0104 0.004 0.0064
v 0.0104 0.004 0.008
v 0.0102174 0.0049185 0.0064
v 0.0102174 0.0049185 0.008
v 0.0096971 0.005697 0.0064
v 0.0096971 0.005697 0.008
v 0.0089185 0.0062174 0.0064
v 0.0089185 0.0062174 0.008
v 0.0070815 0.0062174 0.008
v 0.008 0.0064 0.008
v 0.008 0.004 0.008
v 0.0063030000000000004 0.005697 0.008
v 0.0057827 0.0049185 0.008
v 0.0056 0.004 0.008
v 0.0057827 0.0030815 0.008
v 0.0063030000000000004 0.002303 0.008
v 0.0070815 0.0017826 0.008
v 0.008 0.0016 0.008
v 0.0089185 0.0017826 0.008
v 0.0096971 0.002303 0.008
v 0.0102174 0.0030815 0.008
v 0.0104 0.004 0.008
v 0.0102174 0.0049185 0.008
v 0.0096971 0.005697 0.008
v 0.0089185 0.0062174 0.008
v 0.0 0.0064 0.0064
v -0.0009184999999999992 0.0062174 0.0064
v -0.0009184999999999992 0.0062174 0.008
v 0.0 0.0064 0.008
v -0.0016970000000000006 0.005697 0.0064
v -0.0016970000000000006 0.005697 0.008
v -0.0022173 0.0049185 0.0064
v -0.0022173 0.0049185 0.008
v -0.0023999999999999994 0.004 0.0064
v -0.0023999999999999994 0.004 0.008
v -0.0022173 0.0030815 0.0064
v -0.0022173 0.0030815 0.008
v -0.0016970000000000006 0.002303 0.0064
v -0.0016970000000000006 0.002303 0.008
v -0.0009184999999999992 0.0017826 0.0064
v -0.0009184999999999992 0.0017826 0.008
v 0.0 0.0016 0.0064
v 0.0 0.0016 0.008
v 0.0009185000000000009 0.0017826 0.0064
v 0.0009185000000000009 0.0017826 0.008
v 0.0016971 0.002303 0.0064
v 0.0016971 0.002303 0.008
v 0.0022173999999999996 0.0030815 0.0064
v 0.0022173999999999996 0.0030815 0.008
v 0.002400000000000001 0.004 0.0064
v 0.002400000000000001 0.004 0.008
v 0.0022173999999999996 0.0049185 0.0064
v 0.0022173999999999996 0.0049185 0.008
v 0.0016971 0.005697 0.0064
v 0.0016971 0.005697 0.008
v 0.0009185000000000009 0.0062174 0.0064
v 0.0009185000000000009 0.0062174 0.008
v -0.0009184999999999992 0.0062174 0.008
v 0.0 0.0064 0.008
v 0.0 0.004 0.008
v -0.0016970000000000006 0.005697 0.008
v -0.0022173 0.0049185 0.008
v -0.0023999999999999994 0.004 0.008
v -0.0022173 0.0030815 0.008
v -0.0016970000000000006 0.002303 0.008
v -0.0009184999999999992 0.0017826 0.008
v 0.0 0.0016 0.008
v 0.0009185000000000009 0.0017826 0.008
v 0.0016971 0.002303 0.008
v 0.0022173999999999996 0.0030815 0.008
v 0.002400000000000001 0.004 0.008
v 0.0022173999999999996 0.0049185 0.008
v 0.0016971 0.005697 0.008
v 0.0009185000000000009 0.0062174 0.008
v -0.008 0.0064 0.0064
v -0.0089185 0.0062174 0.0064
v -0.0089185 0.0062174 0.008
v -0.008 0.0064 0.008
v -0.009697 0.005697 0.0064
v -0.009697 0.005697 0.008
v -0.010217299999999999 0.0049185 0.0064
v -0.010217299999999999 0.0049185 0.008
v -0.0104 0.004 0.0064
v -0.0104 0.004 0.008
v -0.010217299999999999 0.0030815 0.0064
v -0.010217299999999999 0.0030815 0.008
v -0.009697 0.002303 0.0064
v -0.009697 0.002303 0.008
v -0.0089185 0.0017826 0.0064
v -0.0089185 0.0017826 0.008
v -0.008 0.0016 0.0064
v -0.008 0.0016 0.008
v -0.007081500000000001 0.0017826 0.0064
v -0.007081500000000001 0.0017826 0.008
v -0.0063029 0.002303 0.0064
v -0.0063029 0.002303 0.008
v -0.005782599999999999 0.0030815 0.0064
v -0.005782599999999999 0.0030815 0.008
v -0.005600000000000001 0.004 0.0064
v -0.005600000000000001 0.004 0.008
v -0.005782599999999999 0.0049185 0.0064
v -0.005782599999999999 0.0049185 0.008
v -0.0063029 0.005697 0.0064
v -0.0063029 0.005697 0.008
v -0.007081500000000001 0.0062174 0.0064
v -0.007081500000000001 0.0062174 0.008
v -0.0089185 0.0062174 0.008
v -0.008 0.0064 0.008
v -0.008 0.004 0.008
v -0.009697 0.005697 0.008
v -0.010217299999999999 0.0049185 0.008
v -0.0104 0.004 0.008
v -0.010217299999999999 0.0030815 0.008
v -0.009697 0.002303 0.008
v -0.0089185 0.0017826 0.008
v -0.008 0.0016 0.008
v -0.007081500000000001 0.0017826 0.008
v -0.0063029 0.002303 0.008
v -0.005782599999999999 0.0030815 0.008
v -0.005600000000000001 0.004 0.008
v -0.005782599999999999 0.0049185 0.008
v -0.0063029 0.005697 0.008
v -0.007081500000000001 0.0062174 0.008
v 0.0104 -0.0384 0.0048000000000000004
v 0.0104 0.0064 0.0048000000000000004
v -0.0344 0.0064 0.0048000000000000004
v -0.0344 -0.0384 0.0048000000000000004
v -0.0344 0.0064 0.0048000000000000004
v -0.0344 0.0064 0.0032
v -0.0344 -0.0384 0.0032
v -0.0344 -0.0384 0.0048000000000000004
v -0.0344 -0.0384 0.0048000000000000004
v -0.0344 -0.0384 0.0032
v 0.0104 -0.0384 0.0032
v 0.0104 -0.0384 0.0048000000000000004
v 0.0104 -0.0384 0.0048000000000000004
v 0.0104 -0.0384 0.0032
v 0.0104 0.0064 0.0032
v 0.0104 0.0064 0.0048000000000000004
v 0.0104 0.0064 0.0048000000000000004
v 0.0104 0.0064 0.0032
v -0.0344 0.0064 0.0032
v -0.0344 0.0064 0.0048000000000000004
v -0.036000000000000004 -0.04 0.0032
v -0.0344 -0.0384 0.0032
v -0.0344 0.0064 0.0032
v -0.036000000000000004 0.008 0.0032
v 0.012 -0.04 0.0032
v 0.0104 -0.0384 0.0032
v 0.012 0.008 0.0032
v 0.0104 0.0064 0.0032
v 0.012 -0.04 0.0064
v 0.012 0.008 0.0064
v -0.036000000000000004 0.008 0.0064
v -0.036000000000000004 -0.04 0.0064
v -0.036000000000000004 0.008 0.0064
v -0.036000000000000004 0.008 0.0032
v -0.036000000000000004 -0.04 0.0032
v -0.036000000000000004 -0.04 0.0064
v -0.036000000000000004 -0.04 0.0064
v -0.036000000000000004 -0.04 0.0032
v 0.012 -0.04 0.0032
v 0.012 -0.04 0.0064
v 0.012 -0.04 0.0064
v 0.012 -0.04 0.0032
v 0.012 0.008 0.0032
v 0.012 0.008 0.0064
v 0.012 0.008 0.0064
v 0.012 0.008 0.0032
v -0.036000000000000004 0.008 0.0032
v -0.036000000000000004 0.008 0.0064
v 0.004 -0.0296 0.0032
v 0.003081500000000001 -0.0297826 0.0032
v 0.003081500000000001 -0.0297826 0.0048000000000000004
v 0.004 -0.0296 0.0048000000000000004
v 0.0023029999999999995 -0.030303 0.0032
v 0.0023029999999999995 -0.030303 0.0048000000000000004
v 0.0017827 -0.0310815 0.0032
v 0.0017827 -0.0310815 0.0048000000000000004
v 0.0016000000000000007 -0.032 0.0032
v 0.0016000000000000007 -0.032 0.0048000000000000004
v 0.0017827 -0.0329185 0.0032
v 0.0017827 -0.0329185 0.0048000000000000004
v 0.0023029999999999995 -0.033697 0.0032
v 0.0023029999999999995 -0.033697 0.0048000000000000004
v 0.003081500000000001 -0.0342174 0.0032
v 0.003081500000000001 -0.0342174 0.0048000000000000004
v 0.004 -0.0344 0.0032
v 0.004 -0.0344 0.0048000000000000004
v 0.0049185 -0.0342174 0.0032
v 0.0049185 -0.0342174 0.0048000000000000004
v 0.0056971 -0.033697 0.0032
v 0.0056971 -0.033697 0.0048000000000000004
v 0.0062174000000000005 -0.0329185 0.0032
v 0.0062174000000000005 -0.0329185 0.0048000000000000004
v 0.0064 -0.032 0.0032
v 0.0064 -0.032 0.0048000000000000004
v 0.0062174000000000005 -0.0310815 0.0032
v 0.0062174000000000005 -0.0310815 0.0048000000000000004
v 0.0056971 -0.030303 0.0032
v 0.0056971 -0.030303 0.0048000000000000004
v 0.0049185 -0.0297826 0.0032
v 0.0049185 -0.0297826 0.0048000000000000004
v 0.004 -0.0288 0.0032
v 0.0027754000000000008 -0.0290435 0.0032
v 0.0027754000000000008 -0.0290435 0.0048000000000000004
v 0.004 -0.0288 0.0048000000000000004
v 0.0017373000000000006 -0.0297373 0.0032
v 0.0017373000000000006 -0.0297373 0.0048000000000000004
v 0.001043500000000001 -0.0307754 0.0032
v 0.001043500000000001 -0.0307754 0.0048000000000000004
v 0.0008000000000000004 -0.032 0.0032
v 0.0008000000000000004 -0.032 0.0048000000000000004
v 0.001043500000000001 -0.0332246 0.0032
v 0.001043500000000001 -0.0332246 0.0048000000000000004
v 0.0017373000000000006 -0.0342627 0.0032
v 0.0017373000000000006 -0.0342627 0.0048000000000000004
v 0.0027754000000000008 -0.0349565 0.0032
v 0.0027754000000000008 -0.0349565 0.0048000000000000004
v 0.004 -0.0352 0.0032
v 0.004 -0.0352 0.0048000000000000004
v 0.0052247000000000005 -0.0349565 0.0032
v 0.0052247000000000005 -0.0349565 0.0048000000000000004
v 0.0062627 -0.0342627 0.0032
v 0.0062627 -0.0342627 0.0048000000000000004
v 0.0069565 -0.0332246 0.0032
v 0.0069565 -0.0332246 0.0048000000000000004
v 0.007200000000000001 -0.032 0.0032
v 0.007200000000000001 -0.032 0.0048000000000000004
v 0.0069565 -0.0307754 0.0032
v 0.0069565 -0.0307754 0.0048000000000000004
v 0.0062627 -0.0297373 0.0032
v 0.0062627 -0.0297373 0.0048000000000000004
v 0.0052247000000000005 -0.0290435 0.0032
v 0.0052247000000000005 -0.0290435 0.0048000000000000004
v 0.0008000000000000004 -0.032 0.0032
v 0.0016000000000000007 -0.032 0.0032
v 0.0017827 -0.0329185 0.0032
v 0.001043500000000001 -0.0332246 0.0032
v 0.0023029999999999995 -0.033697 0.0032
v 0.0017373000000000006 -0.0342627 0.0032
v 0.003081500000000001 -0.0342174 0.0032
v 0.0027754000000000008 -0.0349565 0.0032
v 0.004 -0.0344 0.0032
v 0.004 -0.0352 0.0032
v 0.0049185 -0.0342174 0.0032
v 0.0052247000000000005 -0.0349565 0.0032
v 0.0056971 -0.033697 0.0032
v 0.0062627 -0.0342627 0.0032
v 0.0062174000000000005 -0.0329185 0.0032
v 0.0069565 -0.0332246 0.0032
v 0.0064 -0.032 0.0032
v 0.007200000000000001 -0.032 0.0032
v 0.0062174000000000005 -0.0310815 0.0032
v 0.0069565 -0.0307754 0.0032
v 0.0056971 -0.030303 0.0032
v 0.0062627 -0.0297373 0.0032
v 0.0049185 -0.0297826 0.0032
v 0.0052247000000000005 -0.0290435 0.0032
v 0.004 -0.0296 0.0032
v 0.004 -0.0288 0.0032
v 0.003081500000000001 -0.0297826 0.0032
v 0.0027754000000000008 -0.0290435 0.0032
v 0.0023029999999999995 -0.030303 0.0032
v 0.0017373000000000006 -0.0297373 0.0032
v 0.0017827 -0.0310815 0.0032
v 0.001043500000000001 -0.0307754 0.0032
v 0.004 -0.0216 0.0032
v 0.003081500000000001 -0.0217826 0.0032
v 0.003081500000000001 -0.0217826 0.0048000000000000004
v 0.004 -0.0216 0.0048000000000000004
v 0.0023029999999999995 -0.022303 0.0032
v 0.0023029999999999995 -0.022303 0.0048000000000000004
v 0.0017827 -0.0230815 0.0032
v 0.0017827 -0.0230815 0.0048000000000000004
v 0.0016000000000000007 -0.024 0.0032
v 0.0016000000000000007 -0.024 0.0048000000000000004
v 0.0017827 -0.0249185 0.0032
v 0.0017827 -0.0249185 0.0048000000000000004
v 0.0023029999999999995 -0.025697 0.0032
v 0.0023029999999999995 -0.025697 0.0048000000000000004
v 0.003081500000000001 -0.0262174 0.0032
v 0.003081500000000001 -0.0262174 0.0048000000000000004
v 0.004 -0.0264 0.0032
v 0.004 -0.0264 0.0048000000000000004
v 0.0049185 -0.0262174 0.0032
v 0.0049185 -0.0262174 0.0048000000000000004
v 0.0056971 -0.025697 0.0032
v 0.0056971 -0.025697 0.0048000000000000004
v 0.0062174000000000005 -0.0249185 0.0032
v 0.0062174000000000005 -0.0249185 0.0048000000000000004
v 0.0064 -0.024 0.0032
v 0.0064 -0.024 0.0048000000000000004
v 0.0062174000000000005 -0.0230815 0.0032
v 0.0062174000000000005 -0.0230815 0.0048000000000000004
v 0.0056971 -0.022303 0.0032
v 0.0056971 -0.022303 0.0048000000000000004
v 0.0049185 -0.0217826 0.0032
v 0.0049185 -0.0217826 0.0048000000000000004
v 0.004 -0.0208 0.0032
v 0.0027754000000000008 -0.0210435 0.0032
v 0.0027754000000000008 -0.0210435 0.0048000000000000004
v 0.004 -0.0208 0.0048000000000000004
v 0.0017373000000000006 -0.0217373 0.0032
v 0.0017373000000000006 -0.0217373 0.0048000000000000004
v 0.001043500000000001 -0.0227754 0.0032
v 0.001043500000000001 -0.0227754 0.0048000000000000004
v 0.0008000000000000004 -0.024 0.0032
v 0.0008000000000000004 -0.024 0.0048000000000000004
v 0.001043500000000001 -0.0252246 0.0032
v 0.001043500000000001 -0.0252246 0.0048000000000000004
v 0.0017373000000000006 -0.0262627 0.0032
v 0.0017373000000000006 -0.0262627 0.0048000000000000004
v 0.0027754000000000008 -0.0269565 0.0032
v 0.0027754000000000008 -0.0269565 0.0048000000000000004
v 0.004 -0.0272 0.0032
v 0.004 -0.0272 0.0048000000000000004
v 0.0052247000000000005 -0.0269565 0.0032
v 0.0052247000000000005 -0.0269565 0.0048000000000000004
v 0.0062627 -0.0262627 0.0032
v 0.0062627 -0.0262627 0.0048000000000000004
v 0.0069565 -0.0252246 0.0032
v 0.0069565 -0.0252246 0.0048000000000000004
v 0.007200000000000001 -0.024 0.0032
v 0.007200000000000001 -0.024 0.0048000000000000004
v 0.0069565 -0.0227754 0.0032
v 0.0069565 -0.0227754 0.0048000000000000004
v 0.0062627 -0.0217373 0.0032
v 0.0062627 -0.0217373 0.0048000000000000004
v 0.0052247000000000005 -0.0210435 0.0032
v 0.0052247000000000005 -0.0210435 0.0048000000000000004
v 0.0008000000000000004 -0.024 0.0032
v 0.0016000000000000007 -0.024 0.0032
v 0.0017827 -0.0249185 0.0032
v 0.001043500000000001 -0.0252246 0.0032
v 0.0023029999999999995 -0.025697 0.0032
v 0.0017373000000000006 -0.0262627 0.0032
v 0.003081500000000001 -0.0262174 0.0032
v 0.0027754000000000008 -0.0269565 0.0032
v 0.004 -0.0264 0.0032
v 0.004 -0.0272 0.0032
v 0.0049185 -0.0262174 0.0032
v 0.0052247000000000005 -0.0269565 0.0032
v 0.0056971 -0.025697 0.0032
v 0.0062627 -0.0262627 0.0032
v 0.0062174000000000005 -0.0249185 0.0032
v 0.0069565 -0.0252246 0.0032
v 0.0064 -0.024 0.0032
v 0.007200000000000001 -0.024 0.0032
v 0.0062174000000000005 -0.0230815 0.0032
v 0.0069565 -0.0227754 0.0032
v 0.0056971 -0.022303 0.0032
v 0.0062627 -0.0217373 0.0032
v 0.0049185 -0.0217826 0.0032
v 0.0052247000000000005 -0.0210435 0.0032
v 0.004 -0.0216 0.0032
v 0.004 -0.0208 0.0032
v 0.003081500000000001 -0.0217826 0.0032
v 0.0027754000000000008 -0.0210435 0.0032
v 0.0023029999999999995 -0.022303 0.0032
v 0.0017373000000000006 -0.0217373 0.0032
v 0.0017827 -0.0230815 0.0032
v 0.001043500000000001 -0.0227754 0.0032
v -0.004 -0.0296 0.0032
v -0.004918499999999999 -0.0297826 0.0032
v -0.004918499999999999 -0.0297826 0.0048000000000000004
v -0.004 -0.0296 0.0048000000000000004
v -0.005697000000000001 -0.030303 0.0032
v -0.005697000000000001 -0.030303 0.0048000000000000004
v -0.0062172999999999985 -0.0310815 0.0032
v -0.0062172999999999985 -0.0310815 0.0048000000000000004
v -0.0063999999999999994 -0.032 0.0032
v -0.0063999999999999994 -0.032 0.0048000000000000004
v -0.0062172999999999985 -0.0329185 0.0032
v -0.0062172999999999985 -0.0329185 0.0048000000000000004
v -0.005697000000000001 -0.033697 0.0032
v -0.005697000000000001 -0.033697 0.0048000000000000004
v -0.004918499999999999 -0.0342174 0.0032
v -0.004918499999999999 -0.0342174 0.0048000000000000004
v -0.004 -0.0344 0.0032
v -0.004 -0.0344 0.0048000000000000004
v -0.003081499999999999 -0.0342174 0.0032
v -0.003081499999999999 -0.0342174 0.0048000000000000004
v -0.0023029 -0.033697 0.0032
v -0.0023029 -0.033697 0.0048000000000000004
v -0.0017826000000000005 -0.0329185 0.0032
v -0.0017826000000000005 -0.0329185 0.0048000000000000004
v -0.001599999999999999 -0.032 0.0032
v -0.001599999999999999 -0.032 0.0048000000000000004
v -0.0017826000000000005 -0.0310815 0.0032
v -0.0017826000000000005 -0.0310815 0.0048000000000000004
v -0.0023029 -0.030303 0.0032
v -0.0023029 -0.030303 0.0048000000000000004
v -0.003081499999999999 -0.0297826 0.0032
v -0.003081499999999999 -0.0297826 0.0048000000000000004
v -0.004 -0.0288 0.0032
v -0.005224599999999999 -0.0290435 0.0032
v -0.005224599999999999 -0.0290435 0.0048000000000000004
v -0.004 -0.0288 0.0048000000000000004
v -0.0062626999999999995 -0.0297373 0.0032
v -0.0062626999999999995 -0.0297373 0.0048000000000000004
v -0.006956500000000001 -0.0307754 0.0032
v -0.006956500000000001 -0.0307754 0.0048000000000000004
v -0.007199999999999998 -0.032 0.0032
v -0.007199999999999998 -0.032 0.0048000000000000004
v -0.006956500000000001 -0.0332246 0.0032
v -0.006956500000000001 -0.0332246 0.0048000000000000004
v -0.0062626999999999995 -0.0342627 0.0032
v -0.0062626999999999995 -0.0342627 0.0048000000000000004
v -0.005224599999999999 -0.0349565 0.0032
v -0.005224599999999999 -0.0349565 0.0048000000000000004
v -0.004 -0.0352 0.0032
v -0.004 -0.0352 0.0048000000000000004
v -0.0027752999999999996 -0.0349565 0.0032
v -0.0027752999999999996 -0.0349565 0.0048000000000000004
v -0.001737299999999999 -0.0342627 0.0032
v -0.001737299999999999 -0.0342627 0.0048000000000000004
v -0.0010434999999999993 -0.0332246 0.0032
v -0.0010434999999999993 -0.0332246 0.0048000000000000004
v -0.0008000000000000004 -0.032 0.0032
v -0.0008000000000000004 -0.032 0.0048000000000000004
v -0.0010434999999999993 -0.0307754 0.0032
v -0.0010434999999999993 -0.0307754 0.0048000000000000004
v -0.001737299999999999 -0.0297373 0.0032
v -0.001737299999999999 -0.0297373 0.0048000000000000004
v -0.0027752999999999996 -0.0290435 0.0032
v -0.0027752999999999996 -0.0290435 0.0048000000000000004
v -0.007199999999999998 -0.032 0.0032
v -0.0063999999999999994 -0.032 0.0032
v -0.0062172999999999985 -0.0329185 0.0032
v -0.006956500000000001 -0.0332246 0.0032
v -0.005697000000000001 -0.033697 0.0032
v -0.0062626999999999995 -0.0342627 0.0032
v -0.004918499999999999 -0.0342174 0.0032
v -0.005224599999999999 -0.0349565 0.0032
v -0.004 -0.0344 0.0032
v -0.004 -0.0352 0.0032
v -0.003081499999999999 -0.0342174 0.0032
v -0.0027752999999999996 -0.0349565 0.0032
v -0.0023029 -0.033697 0.0032
v -0.001737299999999999 -0.0342627 0.0032
v -0.0017826000000000005 -0.0329185 0.0032
v -0.0010434999999999993 -0.0332246 0.0032
v -0.001599999999999999 -0.032 0.0032
v -0.0008000000000000004 -0.032 0.0032
v -0.0017826000000000005 -0.0310815 0.0032
v -0.0010434999999999993 -0.0307754 0.0032
v -0.0023029 -0.030303 0.0032
v -0.001737299999999999 -0.0297373 0.0032
v -0.003081499999999999 -0.0297826 0.0032
v -0.0027752999999999996 -0.0290435 0.0032
v -0.004 -0.0296 0.0032
v -0.004 -0.0288 0.0032
v -0.004918499999999999 -0.0297826 0.0032
v -0.005224599999999999 -0.0290435 0.0032
v -0.005697000000000001 -0.030303 0.0032
v -0.0062626999999999995 -0.0297373 0.0032
v -0.0062172999999999985 -0.0310815 0.0032
v -0.006956500000000001 -0.0307754 0.0032
v -0.004 -0.0216 0.0032
v -0.004918499999999999 -0.0217826 0.0032
v -0.004918499999999999 -0.0217826 0.0048000000000000004
v -0.004 -0.0216 0.0048000000000000004
v -0.005697000000000001 -0.022303 0.0032
v -0.005697000000000001 -0.022303 0.0048000000000000004
v -0.0062172999999999985 -0.0230815 0.0032
v -0.0062172999999999985 -0.0230815 0.0048000000000000004
v -0.0063999999999999994 -0.024 0.0032
v -0.0063999999999999994 -0.024 0.0048000000000000004
v -0.0062172999999999985 -0.0249185 0.0032
v -0.0062172999999999985 -0.0249185 0.0048000000000000004
v -0.005697000000000001 -0.025697 0.0032
v -0.005697000000000001 -0.025697 0.0048000000000000004
v -0.004918499999999999 -0.0262174 0.0032
v -0.004918499999999999 -0.0262174 0.0048000000000000004
v -0.004 -0.0264 0.0032
v -0.004 -0.0264 0.0048000000000000004
v -0.003081499999999999 -0.0262174 0.0032
v -0.003081499999999999 -0.0262174 0.0048000000000000004
v -0.0023029 -0.025697 0.0032
v -0.0023029 -0.025697 0.0048000000000000004
v -0.0017826000000000005 -0.0249185 0.0032
v -0.0017826000000000005 -0.0249185 0.0048000000000000004
v -0.001599999999999999 -0.024 0.0032
v -0.001599999999999999 -0.024 0.0048000000000000004
v -0.0017826000000000005 -0.0230815 0.0032
v -0.0017826000000000005 -0.0230815 0.0048000000000000004
v -0.0023029 -0.022303 0.0032
v -0.0023029 -0.022303 0.0048000000000000004
v -0.003081499999999999 -0.0217826 0.0032
v -0.003081499999999999 -0.0217826 0.0048000000000000004
v -0.004 -0.0208 0.0032
v -0.005224599999999999 -0.0210435 0.0032
v -0.005224599999999999 -0.0210435 0.0048000000000000004
v -0.004 -0.0208 0.0048000000000000004
v -0.0062626999999999995 -0.0217373 0.0032
v -0.0062626999999999995 -0.0217373 0.0048000000000000004
v -0.006956500000000001 -0.0227754 0.0032
v -0.006956500000000001 -0.0227754 0.0048000000000000004
v -0.007199999999999998 -0.024 0.0032
v -0.007199999999999998 -0.024 0.0048000000000000004
v -0.006956500000000001 -0.0252246 0.0032
v -0.006956500000000001 -0.0252246 0.0048000000000000004
v -0.0062626999999999995 -0.0262627 0.0032
v -0.0062626999999999995 -0.0262627 0.0048000000000000004
v -0.005224599999999999 -0.0269565 0.0032
v -0.005224599999999999 -0.0269565 0.0048000000000000004
v -0.004 -0.0272 0.0032
v -0.004 -0.0272 0.0048000000000000004
v -0.0027752999999999996 -0.0269565 0.0032
v -0.0027752999999999996 -0.0269565 0.0048000000000000004
v -0.001737299999999999 -0.0262627 0.0032
v -0.001737299999999999 -0.0262627 0.0048000000000000004
v -0.0010434999999999993 -0.0252246 0.0032
v -0.0010434999999999993 -0.0252246 0.0048000000000000004
v -0.0008000000000000004 -0.024 0.0032
v -0.0008000000000000004 -0.024 0.0048000000000000004
v -0.0010434999999999993 -0.0227754 0.0032
v -0.0010434999999999993 -0.0227754 0.0048000000000000004
v -0.001737299999999999 -0.0217373 0.0032
v -0.001737299999999999 -0.0217373 0.0048000000000000004
v -0.0027752999999999996 -0.0210435 0.0032
v -0.0027752999999999996 -0.0210435 0.0048000000000000004
v -0.007199999999999998 -0.024 0.0032
v -0.0063999999999999994 -0.024 0.0032
v -0.0062172999999999985 -0.0249185 0.0032
v -0.006956500000000001 -0.0252246 0.0032
v -0.005697000000000001 -0.025697 0.0032
v -0.0062626999999999995 -0.0262627 0.0032
v -0.004918499999999999 -0.0262174 0.0032
v -0.005224599999999999 -0.0269565 0.0032
v -0.004 -0.0264 0.0032
v -0.004 -0.0272 0.0032
v -0.003081499999999999 -0.0262174 0.0032
v -0.0027752999999999996 -0.0269565 0.0032
v -0.0023029 -0.025697 0.0032
v -0.001737299999999999 -0.0262627 0.0032
v -0.0017826000000000005 -0.0249185 0.0032
v -0.0010434999999999993 -0.0252246 0.0032
v -0.001599999999999999 -0.024 0.0032
v -0.0008000000000000004 -0.024 0.0032
v -0.0017826000000000005 -0.0230815 0.0032
v -0.0010434999999999993 -0.0227754 0.0032
v -0.0023029 -0.022303 0.0032
v -0.001737299999999999 -0.0217373 0.0032
v -0.003081499999999999 -0.0217826 0.0032
v -0.0027752999999999996 -0.0210435 0.0032
v -0.004 -0.0216 0.0032
v -0.004 -0.0208 0.0032
v -0.004918499999999999 -0.0217826 0.0032
v -0.005224599999999999 -0.0210435 0.0032
v -0.005697000000000001 -0.022303 0.0032
v -0.0062626999999999995 -0.0217373 0.0032
v -0.0062172999999999985 -0.0230815 0.0032
v -0.006956500000000001 -0.0227754 0.0032
v -0.012 -0.0296 0.0032
v -0.0129185 -0.0297826 0.0032
v -0.0129185 -0.0297826 0.0048000000000000004
v -0.012 -0.0296 0.0048000000000000004
v -0.013697 -0.030303 0.0032
v -0.013697 -0.030303 0.0048000000000000004
v -0.014217299999999999 -0.0310815 0.0032
v -0.014217299999999999 -0.0310815 0.0048000000000000004
v -0.0144 -0.032 0.0032
v -0.0144 -0.032 0.0048000000000000004
v -0.014217299999999999 -0.0329185 0.0032
v -0.014217299999999999 -0.0329185 0.0048000000000000004
v -0.013697 -0.033697 0.0032
v -0.013697 -0.033697 0.0048000000000000004
v -0.0129185 -0.0342174 0.0032
v -0.0129185 -0.0342174 0.0048000000000000004
v -0.012 -0.0344 0.0032
v -0.012 -0.0344 0.0048000000000000004
v -0.011081500000000001 -0.0342174 0.0032
v -0.011081500000000001 -0.0342174 0.0048000000000000004
v -0.0103029 -0.033697 0.0032
v -0.0103029 -0.033697 0.0048000000000000004
v -0.009782599999999999 -0.0329185 0.0032
v -0.009782599999999999 -0.0329185 0.0048000000000000004
v -0.009600000000000001 -0.032 0.0032
v -0.009600000000000001 -0.032 0.0048000000000000004
v -0.009782599999999999 -0.0310815 0.0032
v -0.009782599999999999 -0.0310815 0.0048000000000000004
v -0.0103029 -0.030303 0.0032
v -0.0103029 -0.030303 0.0048000000000000004
v -0.011081500000000001 -0.0297826 0.0032
v -0.011081500000000001 -0.0297826 0.0048000000000000004
v -0.012 -0.0288 0.0032
v -0.0132246 -0.0290435 0.0032
v -0.0132246 -0.0290435 0.0048000000000000004
v -0.012 -0.0288 0.0048000000000000004
v -0.0142627 -0.0297373 0.0032
v -0.0142627 -0.0297373 0.0048000000000000004
v -0.014956500000000001 -0.0307754 0.0032
v -0.014956500000000001 -0.0307754 0.0048000000000000004
v -0.015199999999999998 -0.032 0.0032
v -0.015199999999999998 -0.032 0.0048000000000000004
v -0.014956500000000001 -0.0332246 0.0032
v -0.014956500000000001 -0.0332246 0.0048000000000000004
v -0.0142627 -0.0342627 0.0032
v -0.0142627 -0.0342627 0.0048000000000000004
v -0.0132246 -0.0349565 0.0032
v -0.0132246 -0.0349565 0.0048000000000000004
v -0.012 -0.0352 0.0032
v -0.012 -0.0352 0.0048000000000000004
v -0.010775299999999998 -0.0349565 0.0032
v -0.010775299999999998 -0.0349565 0.0048000000000000004
v -0.0097373 -0.0342627 0.0032
v -0.0097373 -0.0342627 0.0048000000000000004
v -0.0090435 -0.0332246 0.0032
v -0.0090435 -0.0332246 0.0048000000000000004
v -0.008799999999999999 -0.032 0.0032
v -0.008799999999999999 -0.032 0.0048000000000000004
v -0.0090435 -0.0307754 0.0032
v -0.0090435 -0.0307754 0.0048000000000000004
v -0.0097373 -0.0297373 0.0032
v -0.0097373 -0.0297373 0.0048000000000000004
v -0.010775299999999998 -0.0290435 0.0032
v -0.010775299999999998 -0.0290435 0.0048000000000000004
v -0.015199999999999998 -0.032 0.0032
v -0.0144 -0.032 0.0032
v -0.014217299999999999 -0.0329185 0.0032
v -0.014956500000000001 -0.0332246 0.0032
v -0.013697 -0.033697 0.0032
v -0.0142627 -0.0342627 0.0032
v -0.0129185 -0.0342174 0.0032
v -0.0132246 -0.0349565 0.0032
v -0.012 -0.0344 0.0032
v -0.012 -0.0352 0.0032
v -0.011081500000000001 -0.0342174 0.0032
v -0.010775299999999998 -0.0349565 0.0032
v -0.0103029 -0.033697 0.0032
v -0.0097373 -0.0342627 0.0032
v -0.009782599999999999 -0.0329185 0.0032
v -0.0090435 -0.0332246 0.0032
v -0.009600000000000001 -0.032 0.0032
v -0.008799999999999999 -0.032 0.0032
v -0.009782599999999999 -0.0310815 0.0032
v -0.0090435 -0.0307754 0.0032
v -0.0103029 -0.030303 0.0032
v -0.0097373 -0.0297373 0.0032
v -0.011081500000000001 -0.0297826 0.0032
v -0.010775299999999998 -0.0290435 0.0032
v -0.012 -0.0296 0.0032
v -0.012 -0.0288 0.0032
v -0.0129185 -0.0297826 0.0032
v -0.0132246 -0.0290435 0.0032
v -0.013697 -0.030303 0.0032
v -0.0142627 -0.0297373 0.0032
v -0.014217299999999999 -0.0310815 0.0032
v -0.014956500000000001 -0.0307754 0.0032
v -0.012 -0.0216 0.0032
v -0.0129185 -0.0217826 0.0032
v -0.0129185 -0.0217826 0.0048000000000000004
v -0.012 -0.0216 0.0048000000000000004
v -0.013697 -0.022303 0.0032
v -0.013697 -0.022303 0.0048000000000000004
v -0.014217299999999999 -0.0230815 0.0032
v -0.014217299999999999 -0.0230815 0.0048000000000000004
v -0.0144 -0.024 0.0032
v -0.0144 -0.024 0.0048000000000000004
v -0.014217299999999999 -0.0249185 0.0032
v -0.014217299999999999 -0.0249185 0.0048000000000000004
v -0.013697 -0.025697 0.0032
v -0.013697 -0.025697 0.0048000000000000004
v -0.0129185 -0.0262174 0.0032
v -0.0129185 -0.0262174 0.0048000000000000004
v -0.012 -0.0264 0.0032
v -0.012 -0.0264 0.0048000000000000004
v -0.011081500000000001 -0.0262174 0.0032
v -0.011081500000000001 -0.0262174 0.0048000000000000004
v -0.0103029 -0.025697 0.0032
v -0.0103029 -0.025697 0.0048000000000000004
v -0.009782599999999999 -0.0249185 0.0032
v -0.009782599999999999 -0.0249185 0.0048000000000000004
v -0.009600000000000001 -0.024 0.0032
v -0.009600000000000001 -0.024 0.0048000000000000004
v -0.009782599999999999 -0.0230815 0.0032
v -0.009782599999999999 -0.0230815 0.0048000000000000004
v -0.0103029 -0.022303 0.0032
v -0.0103029 -0.022303 0.0048000000000000004
v -0.011081500000000001 -0.0217826 0.0032
v -0.011081500000000001 -0.0217826 0.0048000000000000004
v -0.012 -0.0208 0.0032
v -0.0132246 -0.0210435 0.0032
v -0.0132246 -0.0210435 0.0048000000000000004
v -0.012 -0.0208 0.0048000000000000004
v -0.0142627 -0.0217373 0.0032
v -0.0142627 -0.0217373 0.0048000000000000004
v -0.014956500000000001 -0.0227754 0.0032
v -0.014956500000000001 -0.0227754 0.0048000000000000004
v -0.015199999999999998 -0.024 0.0032
v -0.015199999999999998 -0.024 0.0048000000000000004
v -0.014956500000000001 -0.0252246 0.0032
v -0.014956500000000001 -0.0252246 0.0048000000000000004
v -0.0142627 -0.0262627 0.0032
v -0.0142627 -0.0262627 0.0048000000000000004
v -0.0132246 -0.0269565 0.0032
v -0.0132246 -0.0269565 0.0048000000000000004
v -0.012 -0.0272 0.0032
v -0.012 -0.0272 0.0048000000000000004
v -0.010775299999999998 -0.0269565 0.0032
v -0.010775299999999998 -0.0269565 0.0048000000000000004
v -0.0097373 -0.0262627 0.0032
v -0.0097373 -0.0262627 0.0048000000000000004
v -0.0090435 -0.0252246 0.0032
v -0.0090435 -0.0252246 0.0048000000000000004
v -0.008799999999999999 -0.024 0.0032
v -0.008799999999999999 -0.024 0.0048000000000000004
v -0.0090435 -0.0227754 0.0032
v -0.0090435 -0.0227754 0.0048000000000000004
v -0.0097373 -0.0217373 0.0032
v -0.0097373 -0.0217373 0.0048000000000000004
v -0.010775299999999998 -0.0210435 0.0032
v -0.010775299999999998 -0.0210435 0.0048000000000000004
v -0.015199999999999998 -0.024 0.0032
v -0.0144 -0.024 0.0032
v -0.014217299999999999 -0.0249185 0.0032
v -0.014956500000000001 -0.0252246 0.0032
v -0.013697 -0.025697 0.0032
v -0.0142627 -0.0262627 0.0032
v -0.0129185 -0.0262174 0.0032
v -0.0132246 -0.0269565 0.0032
v -0.012 -0.0264 0.0032
v -0.012 -0.0272 0.0032
v -0.011081500000000001 -0.0262174 0.0032
v -0.010775299999999998 -0.0269565 0.0032
v -0.0103029 -0.025697 0.0032
v -0.0097373 -0.0262627 0.0032
v -0.009782599999999999 -0.0249185 0.0032
v -0.0090435 -0.0252246 0.0032
v -0.009600000000000001 -0.024 0.0032
v -0.008799999999999999 -0.024 0.0032
v -0.009782599999999999 -0.0230815 0.0032
v -0.0090435 -0.0227754 0.0032
v -0.0103029 -0.022303 0.0032
v -0.0097373 -0.0217373 0.0032
v -0.011081500000000001 -0.0217826 0.0032
v -0.010775299999999998 -0.0210435 0.0032
v -0.012 -0.0216 0.0032
v -0.012 -0.0208 0.0032
v -0.0129185 -0.0217826 0.0032
v -0.0132246 -0.0210435 0.0032
v -0.013697 -0.022303 0.0032
v -0.0142627 -0.0217373 0.0032
v -0.014217299999999999 -0.0230815 0.0032
v -0.014956500000000001 -0.0227754 0.0032
v -0.02 -0.0296 0.0032
v -0.0209184 -0.0297826 0.0032
v -0.0209184 -0.0297826 0.0048000000000000004
v -0.02 -0.0296 0.0048000000000000004
v -0.021696999999999998 -0.030303 0.0032
v -0.021696999999999998 -0.030303 0.0048000000000000004
v -0.0222173 -0.0310815 0.0032
v -0.0222173 -0.0310815 0.0048000000000000004
v -0.0224 -0.032 0.0032
v -0.0224 -0.032 0.0048000000000000004
v -0.0222173 -0.0329185 0.0032
v -0.0222173 -0.0329185 0.0048000000000000004
v -0.021696999999999998 -0.033697 0.0032
v -0.021696999999999998 -0.033697 0.0048000000000000004
v -0.0209184 -0.0342174 0.0032
v -0.0209184 -0.0342174 0.0048000000000000004
v -0.02 -0.0344 0.0032
v -0.02 -0.0344 0.0048000000000000004
v -0.0190815 -0.0342174 0.0032
v -0.0190815 -0.0342174 0.0048000000000000004
v -0.0183029 -0.033697 0.0032
v -0.0183029 -0.033697 0.0048000000000000004
v -0.0177826 -0.0329185 0.0032
v -0.0177826 -0.0329185 0.0048000000000000004
v -0.0176 -0.032 0.0032
v -0.0176 -0.032 0.0048000000000000004
v -0.0177826 -0.0310815 0.0032
v -0.0177826 -0.0310815 0.0048000000000000004
v -0.0183029 -0.030303 0.0032
v -0.0183029 -0.030303 0.0048000000000000004
v -0.0190815 -0.0297826 0.0032
v -0.0190815 -0.0297826 0.0048000000000000004
v -0.02 -0.0288 0.0032
v -0.0212246 -0.0290435 0.0032
v -0.0212246 -0.0290435 0.0048000000000000004
v -0.02 -0.0288 0.0048000000000000004
v -0.0222627 -0.0297373 0.0032
v -0.0222627 -0.0297373 0.0048000000000000004
v -0.0229565 -0.0307754 0.0032
v -0.0229565 -0.0307754 0.0048000000000000004
v -0.023200000000000002 -0.032 0.0032
v -0.023200000000000002 -0.032 0.0048000000000000004
v -0.0229565 -0.0332246 0.0032
v -0.0229565 -0.0332246 0.0048000000000000004
v -0.0222627 -0.0342627 0.0032
v -0.0222627 -0.0342627 0.0048000000000000004
v -0.0212246 -0.0349565 0.0032
v -0.0212246 -0.0349565 0.0048000000000000004
v -0.02 -0.0352 0.0032
v -0.02 -0.0352 0.0048000000000000004
v -0.018775299999999998 -0.0349565 0.0032
v -0.018775299999999998 -0.0349565 0.0048000000000000004
v -0.0177373 -0.0342627 0.0032
v -0.0177373 -0.0342627 0.0048000000000000004
v -0.0170435 -0.0332246 0.0032
v -0.0170435 -0.0332246 0.0048000000000000004
v -0.0168 -0.032 0.0032
v -0.0168 -0.032 0.0048000000000000004
v -0.0170435 -0.0307754 0.0032
v -0.0170435 -0.0307754 0.0048000000000000004
v -0.0177373 -0.0297373 0.0032
v -0.0177373 -0.0297373 0.0048000000000000004
v -0.018775299999999998 -0.0290435 0.0032
v -0.018775299999999998 -0.0290435 0.0048000000000000004
v -0.023200000000000002 -0.032 0.0032
v -0.0224 -0.032 0.0032
v -0.0222173 -0.0329185 0.0032
v -0.0229565 -0.0332246 0.0032
v -0.021696999999999998 -0.033697 0.0032
v -0.0222627 -0.0342627 0.0032
v -0.0209184 -0.0342174 0.0032
v -0.0212246 -0.0349565 0.0032
v -0.02 -0.0344 0.0032
v -0.02 -0.0352 0.0032
v -0.0190815 -0.0342174 0.0032
v -0.018775299999999998 -0.0349565 0.0032
v -0.0183029 -0.033697 0.0032
v -0.0177373 -0.0342627 0.0032
v -0.0177826 -0.0329185 0.0032
v -0.0170435 -0.0332246 0.0032
v -0.0176 -0.032 0.0032
v -0.0168 -0.032 0.0032
v -0.0177826 -0.0310815 0.0032
v -0.0170435 -0.0307754 0.0032
v -0.0183029 -0.030303 0.0032
v -0.0177373 -0.0297373 0.0032
v -0.0190815 -0.0297826 0.0032
v -0.018775299999999998 -0.0290435 0.0032
v -0.02 -0.0296 0.0032
v -0.02 -0.0288 0.0032
v -0.0209184 -0.0297826 0.0032
v -0.0212246 -0.0290435 0.0032
v -0.021696999999999998 -0.030303 0.0032
v -0.0222627 -0.0297373 0.0032
v -0.0222173 -0.0310815 0.0032
v -0.0229565 -0.0307754 0.0032
v -0.02 -0.0216 0.0032
v -0.0209184 -0.0217826 0.0032
v -0.0209184 -0.0217826 0.0048000000000000004
v -0.02 -0.0216 0.0048000000000000004
v -0.021696999999999998 -0.022303 0.0032
v -0.021696999999999998 -0.022303 0.0048000000000000004
v -0.0222173 -0.0230815 0.0032
v -0.0222173 -0.0230815 0.0048000000000000004
v -0.0224 -0.024 0.0032
v -0.0224 -0.024 0.0048000000000000004
v -0.0222173 -0.0249185 0.0032
v -0.0222173 -0.0249185 0.0048000000000000004
v -0.021696999999999998 -0.025697 0.0032
v -0.021696999999999998 -0.025697 0.0048000000000000004
v -0.0209184 -0.0262174 0.0032
v -0.0209184 -0.0262174 0.0048000000000000004
v -0.02 -0.0264 0.0032
v -0.02 -0.0264 0.0048000000000000004
v -0.0190815 -0.0262174 0.0032
v -0.0190815 -0.0262174 0.0048000000000000004
v -0.0183029 -0.025697 0.0032
v -0.0183029 -0.025697 0.0048000000000000004
v -0.0177826 -0.0249185 0.0032
v -0.0177826 -0.0249185 0.0048000000000000004
v -0.0176 -0.024 0.0032
v -0.0176 -0.024 0.0048000000000000004
v -0.0177826 -0.0230815 0.0032
v -0.0177826 -0.0230815 0.0048000000000000004
v -0.0183029 -0.022303 0.0032
v -0.0183029 -0.022303 0.0048000000000000004
v -0.0190815 -0.0217826 0.0032
v -0.0190815 -0.0217826 0.0048000000000000004
v -0.02 -0.0208 0.0032
v -0.0212246 -0.0210435 0.0032
v -0.0212246 -0.0210435 0.0048000000000000004
v -0.02 -0.0208 0.0048000000000000004
v -0.0222627 -0.0217373 0.0032
v -0.0222627 -0.0217373 0.0048000000000000004
v -0.0229565 -0.0227754 0.0032
v -0.0229565 -0.0227754 0.0048000000000000004
v -0.023200000000000002 -0.024 0.0032
v -0.023200000000000002 -0.024 0.0048000000000000004
v -0.0229565 -0.0252246 0.0032
v -0.0229565 -0.0252246 0.0048000000000000004
v -0.0222627 -0.0262627 0.0032
v -0.0222627 -0.0262627 0.0048000000000000004
v -0.0212246 -0.0269565 0.0032
v -0.0212246 -0.0269565 0.0048000000000000004
v -0.02 -0.0272 0.0032
v -0.02 -0.0272 0.0048000000000000004
v -0.018775299999999998 -0.0269565 0.0032
v -0.018775299999999998 -0.0269565 0.0048000000000000004
v -0.0177373 -0.0262627 0.0032
v -0.0177373 -0.0262627 0.0048000000000000004
v -0.0170435 -0.0252246 0.0032
v -0.0170435 -0.0252246 0.0048000000000000004
v -0.0168 -0.024 0.0032
v -0.0168 -0.024 0.0048000000000000004
v -0.0170435 -0.0227754 0.0032
v -0.0170435 -0.0227754 0.0048000000000000004
v -0.0177373 -0.0217373 0.0032
v -0.0177373 -0.0217373 0.0048000000000000004
v -0.018775299999999998 -0.0210435 0.0032
v -0.018775299999999998 -0.0210435 0.0048000000000000004
v -0.023200000000000002 -0.024 0.0032
v -0.0224 -0.024 0.0032
v -0.0222173 -0.0249185 0.0032
v -0.0229565 -0.0252246 0.0032
v -0.021696999999999998 -0.025697 0.0032
v -0.0222627 -0.0262627 0.0032
v -0.0209184 -0.0262174 0.0032
v -0.0212246 -0.0269565 0.0032
v -0.02 -0.0264 0.0032
v -0.02 -0.0272 0.0032
v -0.0190815 -0.0262174 0.0032
v -0.018775299999999998 -0.0269565 0.0032
v -0.0183029 -0.025697 0.0032
v -0.0177373 -0.0262627 0.0032
v -0.0177826 -0.0249185 0.0032
v -0.0170435 -0.0252246 0.0032
v -0.0176 -0.024 0.0032
v -0.0168 -0.024 0.0032
v -0.0177826 -0.0230815 0.0032
v -0.0170435 -0.0227754 0.0032
v -0.0183029 -0.022303 0.0032
v -0.0177373 -0.0217373 0.0032
v -0.0190815 -0.0217826 0.0032
v -0.018775299999999998 -0.0210435 0.0032
v -0.02 -0.0216 0.0032
v -0.02 -0.0208 0.0032
v -0.0209184 -0.0217826 0.0032
v -0.0212246 -0.0210435 0.0032
v -0.021696999999999998 -0.022303 0.0032
v -0.0222627 -0.0217373 0.0032
v -0.0222173 -0.0230815 0.0032
v -0.0229565 -0.0227754 0.0032
v -0.012 -0.0136 0.0032
v -0.0129185 -0.0137826 0.0032
v -0.0129185 -0.0137826 0.0048000000000000004
v -0.012 -0.0136 0.0048000000000000004
v -0.013697 -0.014303 0.0032
v -0.013697 -0.014303 0.0048000000000000004
v -0.014217299999999999 -0.0150815 0.0032
v -0.014217299999999999 -0.0150815 0.0048000000000000004
v -0.0144 -0.016 0.0032
v -0.0144 -0.016 0.0048000000000000004
v -0.014217299999999999 -0.0169185 0.0032
v -0.014217299999999999 -0.0169185 0.0048000000000000004
v -0.013697 -0.017697 0.0032
v -0.013697 -0.017697 0.0048000000000000004
v -0.0129185 -0.0182174 0.0032
v -0.0129185 -0.0182174 0.0048000000000000004
v -0.012 -0.0184 0.0032
v -0.012 -0.0184 0.0048000000000000004
v -0.011081500000000001 -0.0182174 0.0032
v -0.011081500000000001 -0.0182174 0.0048000000000000004
v -0.0103029 -0.017697 0.0032
v -0.0103029 -0.017697 0.0048000000000000004
v -0.009782599999999999 -0.0169185 0.0032
v -0.009782599999999999 -0.0169185 0.0048000000000000004
v -0.009600000000000001 -0.016 0.0032
v -0.009600000000000001 -0.016 0.0048000000000000004
v -0.009782599999999999 -0.0150815 0.0032
v -0.009782599999999999 -0.0150815 0.0048000000000000004
v -0.0103029 -0.014303 0.0032
v -0.0103029 -0.014303 0.0048000000000000004
v -0.011081500000000001 -0.0137826 0.0032
v -0.011081500000000001 -0.0137826 0.0048000000000000004
v -0.012 -0.0128 0.0032
v -0.0132246 -0.0130435 0.0032
v -0.0132246 -0.0130435 0.0048000000000000004
v -0.012 -0.0128 0.0048000000000000004
v -0.0142627 -0.0137373 0.0032
v -0.0142627 -0.0137373 0.0048000000000000004
v -0.014956500000000001 -0.0147754 0.0032
v -0.014956500000000001 -0.0147754 0.0048000000000000004
v -0.015199999999999998 -0.016 0.0032
v -0.015199999999999998 -0.016 0.0048000000000000004
v -0.014956500000000001 -0.0172246 0.0032
v -0.014956500000000001 -0.0172246 0.0048000000000000004
v -0.0142627 -0.0182627 0.0032
v -0.0142627 -0.0182627 0.0048000000000000004
v -0.0132246 -0.0189565 0.0032
v -0.0132246 -0.0189565 0.0048000000000000004
v -0.012 -0.0192 0.0032
v -0.012 -0.0192 0.0048000000000000004
v -0.010775299999999998 -0.0189565 0.0032
v -0.010775299999999998 -0.0189565 0.0048000000000000004
v -0.0097373 -0.0182627 0.0032
v -0.0097373 -0.0182627 0.0048000000000000004
v -0.0090435 -0.0172246 0.0032
v -0.0090435 -0.0172246 0.0048000000000000004
v -0.008799999999999999 -0.016 0.0032
v -0.008799999999999999 -0.016 0.0048000000000000004
v -0.0090435 -0.0147754 0.0032
v -0.0090435 -0.0147754 0.0048000000000000004
v -0.0097373 -0.0137373 0.0032
v -0.0097373 -0.0137373 0.0048000000000000004
v -0.010775299999999998 -0.0130435 0.0032
v -0.010775299999999998 -0.0130435 0.0048000000000000004
v -0.015199999999999998 -0.016 0.0032
v -0.0144 -0.016 0.0032
v -0.014217299999999999 -0.0169185 0.0032
v -0.014956500000000001 -0.0172246 0.0032
v -0.013697 -0.017697 0.0032
v -0.0142627 -0.0182627 0.0032
v -0.0129185 -0.0182174 0.0032
v -0.0132246 -0.0189565 0.0032
v -0.012 -0.0184 0.0032
v -0.012 -0.0192 0.0032
v -0.011081500000000001 -0.0182174 0.0032
v -0.010775299999999998 -0.0189565 0.0032
v -0.0103029 -0.017697 0.0032
v -0.0097373 -0.0182627 0.0032
v -0.009782599999999999 -0.0169185 0.0032
v -0.0090435 -0.0172246 0.0032
v -0.009600000000000001 -0.016 0.0032
v -0.008799999999999999 -0.016 0.0032
v -0.009782599999999999 -0.0150815 0.0032
v -0.0090435 -0.0147754 0.0032
v -0.0103029 -0.014303 0.0032
v -0.0097373 -0.0137373 0.0032
v -0.011081500000000001 -0.0137826 0.0032
v -0.010775299999999998 -0.0130435 0.0032
v -0.012 -0.0136 0.0032
v -0.012 -0.0128 0.0032
v -0.0129185 -0.0137826 0.0032
v -0.0132246 -0.0130435 0.0032
v -0.013697 -0.014303 0.0032
v -0.0142627 -0.0137373 0.0032
v -0.014217299999999999 -0.0150815 0.0032
v -0.014956500000000001 -0.0147754 0.0032
v -0.012 -0.0056 0.0032
v -0.0129185 -0.0057826 0.0032
v -0.0129185 -0.0057826 0.0048000000000000004
v -0.012 -0.0056 0.0048000000000000004
v -0.013697 -0.006303 0.0032
v -0.013697 -0.006303 0.0048000000000000004
v -0.014217299999999999 -0.0070815 0.0032
v -0.014217299999999999 -0.0070815 0.0048000000000000004
v -0.0144 -0.008 0.0032
v -0.0144 -0.008 0.0048000000000000004
v -0.014217299999999999 -0.0089185 0.0032
v -0.014217299999999999 -0.0089185 0.0048000000000000004
v -0.013697 -0.009697 0.0032
v -0.013697 -0.009697 0.0048000000000000004
v -0.0129185 -0.0102174 0.0032
v -0.0129185 -0.0102174 0.0048000000000000004
v -0.012 -0.0104 0.0032
v -0.012 -0.0104 0.0048000000000000004
v -0.011081500000000001 -0.0102174 0.0032
v -0.011081500000000001 -0.0102174 0.0048000000000000004
v -0.0103029 -0.009697 0.0032
v -0.0103029 -0.009697 0.0048000000000000004
v -0.009782599999999999 -0.0089185 0.0032
v -0.009782599999999999 -0.0089185 0.0048000000000000004
v -0.009600000000000001 -0.008 0.0032
v -0.009600000000000001 -0.008 0.0048000000000000004
v -0.009782599999999999 -0.0070815 0.0032
v -0.009782599999999999 -0.0070815 0.0048000000000000004
v -0.0103029 -0.006303 0.0032
v -0.0103029 -0.006303 0.0048000000000000004
v -0.011081500000000001 -0.0057826 0.0032
v -0.011081500000000001 -0.0057826 0.0048000000000000004
v -0.012 -0.0048 0.0032
v -0.0132246 -0.0050435 0.0032
v -0.0132246 -0.0050435 0.0048000000000000004
v -0.012 -0.0048 0.0048000000000000004
v -0.0142627 -0.0057373 0.0032
v -0.0142627 -0.0057373 0.0048000000000000004
v -0.014956500000000001 -0.0067754 0.0032
v -0.014956500000000001 -0.0067754 0.0048000000000000004
v -0.015199999999999998 -0.008 0.0032
v -0.015199999999999998 -0.008 0.0048000000000000004
v -0.014956500000000001 -0.0092246 0.0032
v -0.014956500000000001 -0.0092246 0.0048000000000000004
v -0.0142627 -0.0102627 0.0032
v -0.0142627 -0.0102627 0.0048000000000000004
v -0.0132246 -0.0109565 0.0032
v -0.0132246 -0.0109565 0.0048000000000000004
v -0.012 -0.0112 0.0032
v -0.012 -0.0112 0.0048000000000000004
v -0.010775299999999998 -0.0109565 0.0032
v -0.010775299999999998 -0.0109565 0.0048000000000000004
v -0.0097373 -0.0102627 0.0032
v -0.0097373 -0.0102627 0.0048000000000000004
v -0.0090435 -0.0092246 0.0032
v -0.0090435 -0.0092246 0.0048000000000000004
v -0.008799999999999999 -0.008 0.0032
v -0.008799999999999999 -0.008 0.0048000000000000004
v -0.0090435 -0.0067754 0.0032
v -0.0090435 -0.0067754 0.0048000000000000004
v -0.0097373 -0.0057373 0.0032
v -0.0097373 -0.0057373 0.0048000000000000004
v -0.010775299999999998 -0.0050435 0.0032
v -0.010775299999999998 -0.0050435 0.0048000000000000004
v -0.015199999999999998 -0.008 0.0032
v -0.0144 -0.008 0.0032
v -0.014217299999999999 -0.0089185 0.0032
v -0.014956500000000001 -0.0092246 0.0032
v -0.013697 -0.009697 0.0032
v -0.0142627 -0.0102627 0.0032
v -0.0129185 -0.0102174 0.0032
v -0.0132246 -0.0109565 0.0032
v -0.012 -0.0104 0.0032
v -0.012 -0.0112 0.0032
v -0.011081500000000001 -0.0102174 0.0032
v -0.010775299999999998 -0.0109565 0.0032
v -0.0103029 -0.009697 0.0032
v -0.0097373 -0.0102627 0.0032
v -0.009782599999999999 -0.0089185 0.0032
v -0.0090435 -0.0092246 0.0032
v -0.009600000000000001 -0.008 0.0032
v -0.008799999999999999 -0.008 0.0032
v -0.009782599999999999 -0.0070815 0.0032
v -0.0090435 -0.0067754 0.0032
v -0.0103029 -0.006303 0.0032
v -0.0097373 -0.0057373 0.0032
v -0.011081500000000001 -0.0057826 0.0032
v -0.010775299999999998 -0.0050435 0.0032
v -0.012 -0.0056 0.0032
v -0.012 -0.0048 0.0032
v -0.0129185 -0.0057826 0.0032
v -0.0132246 -0.0050435 0.0032
v -0.013697 -0.006303 0.0032
v -0.0142627 -0.0057373 0.0032
v -0.014217299999999999 -0.0070815 0.0032
v -0.014956500000000001 -0.0067754 0.0032
v -0.02 -0.0136 0.0032
v -0.0209184 -0.0137826 0.0032
v -0.0209184 -0.0137826 0.0048000000000000004
v -0.02 -0.0136 0.0048000000000000004
v -0.021696999999999998 -0.014303 0.0032
v -0.021696999999999998 -0.014303 0.0048000000000000004
v -0.0222173 -0.0150815 0.0032
v -0.0222173 -0.0150815 0.0048000000000000004
v -0.0224 -0.016 0.0032
v -0.0224 -0.016 0.0048000000000000004
v -0.0222173 -0.0169185 0.0032
v -0.0222173 -0.0169185 0.0048000000000000004
v -0.021696999999999998 -0.017697 0.0032
v -0.021696999999999998 -0.017697 0.0048000000000000004
v -0.0209184 -0.0182174 0.0032
v -0.0209184 -0.0182174 0.0048000000000000004
v -0.02 -0.0184 0.0032
v -0.02 -0.0184 0.0048000000000000004
v -0.0190815 -0.0182174 0.0032
v -0.0190815 -0.0182174 0.0048000000000000004
v -0.0183029 -0.017697 0.0032
v -0.0183029 -0.017697 0.0048000000000000004
v -0.0177826 -0.0169185 0.0032
v -0.0177826 -0.0169185 0.0048000000000000004
v -0.0176 -0.016 0.0032
v -0.0176 -0.016 0.0048000000000000004
v -0.0177826 -0.0150815 0.0032
v -0.0177826 -0.0150815 0.0048000000000000004
v -0.0183029 -0.014303 0.0032
v -0.0183029 -0.014303 0.0048000000000000004
v -0.0190815 -0.0137826 0.0032
v -0.0190815 -0.0137826 0.0048000000000000004
v -0.02 -0.0128 0.0032
v -0.0212246 -0.0130435 0.0032
v -0.0212246 -0.0130435 0.0048000000000000004
v -0.02 -0.0128 0.0048000000000000004
v -0.0222627 -0.0137373 0.0032
v -0.0222627 -0.0137373 0.0048000000000000004
v -0.0229565 -0.0147754 0.0032
v -0.0229565 -0.0147754 0.0048000000000000004
v -0.023200000000000002 -0.016 0.0032
v -0.023200000000000002 -0.016 0.0048000000000000004
v -0.0229565 -0.0172246 0.0032
v -0.0229565 -0.0172246 0.0048000000000000004
v -0.0222627 -0.0182627 0.0032
v -0.0222627 -0.0182627 0.0048000000000000004
v -0.0212246 -0.0189565 0.0032
v -0.0212246 -0.0189565 0.0048000000000000004
v -0.02 -0.0192 0.0032
v -0.02 -0.0192 0.0048000000000000004
v -0.018775299999999998 -0.0189565 0.0032
v -0.018775299999999998 -0.0189565 0.0048000000000000004
v -0.0177373 -0.0182627 0.0032
v -0.0177373 -0.0182627 0.0048000000000000004
v -0.0170435 -0.0172246 0.0032
v -0.0170435 -0.0172246 0.0048000000000000004
v -0.0168 -0.016 0.0032
v -0.0168 -0.016 0.0048000000000000004
v -0.0170435 -0.0147754 0.0032
v -0.0170435 -0.0147754 0.0048000000000000004
v -0.0177373 -0.0137373 0.0032
v -0.0177373 -0.0137373 0.0048000000000000004
v -0.018775299999999998 -0.0130435 0.0032
v -0.018775299999999998 -0.0130435 0.0048000000000000004
v -0.023200000000000002 -0.016 0.0032
v -0.0224 -0.016 0.0032
v -0.0222173 -0.0169185 0.0032
v -0.0229565 -0.0172246 0.0032
v -0.021696999999999998 -0.017697 0.0032
v -0.0222627 -0.0182627 0.0032
v -0.0209184 -0.0182174 0.0032
v -0.0212246 -0.0189565 0.0032
v -0.02 -0.0184 0.0032
v -0.02 -0.0192 0.0032
v -0.0190815 -0.0182174 0.0032
v -0.018775299999999998 -0.0189565 0.0032
v -0.0183029 -0.017697 0.0032
v -0.0177373 -0.0182627 0.0032
v -0.0177826 -0.0169185 0.0032
v -0.0170435 -0.0172246 0.0032
v -0.0176 -0.016 0.0032
v -0.0168 -0.016 0.0032
v -0.0177826 -0.0150815 0.0032
v -0.0170435 -0.0147754 0.0032
v -0.0183029 -0.014303 0.0032
v -0.0177373 -0.0137373 0.0032
v -0.0190815 -0.0137826 0.0032
v -0.018775299999999998 -0.0130435 0.0032
v -0.02 -0.0136 0.0032
v -0.02 -0.0128 0.0032
v -0.0209184 -0.0137826 0.0032
v -0.0212246 -0.0130435 0.0032
v -0.021696999999999998 -0.014303 0.0032
v -0.0222627 -0.0137373 0.0032
v -0.0222173 -0.0150815 0.0032
v -0.0229565 -0.0147754 0.0032
v -0.02 -0.0056 0.0032
v -0.0209184 -0.0057826 0.0032
v -0.0209184 -0.0057826 0.0048000000000000004
v -0.02 -0.0056 0.0048000000000000004
v -0.021696999999999998 -0.006303 0.0032
v -0.021696999999999998 -0.006303 0.0048000000000000004
v -0.0222173 -0.0070815 0.0032
v -0.0222173 -0.0070815 0.0048000000000000004
v -0.0224 -0.008 0.0032
v -0.0224 -0.008 0.0048000000000000004
v -0.0222173 -0.0089185 0.0032
v -0.0222173 -0.0089185 0.0048000000000000004
v -0.021696999999999998 -0.009697 0.0032
v -0.021696999999999998 -0.009697 0.0048000000000000004
v -0.0209184 -0.0102174 0.0032
v -0.0209184 -0.0102174 0.0048000000000000004
v -0.02 -0.0104 0.0032
v -0.02 -0.0104 0.0048000000000000004
v -0.0190815 -0.0102174 0.0032
v -0.0190815 -0.0102174 0.0048000000000000004
v -0.0183029 -0.009697 0.0032
v -0.0183029 -0.009697 0.0048000000000000004
v -0.0177826 -0.0089185 0.0032
v -0.0177826 -0.0089185 0.0048000000000000004
v -0.0176 -0.008 0.0032
v -0.0176 -0.008 0.0048000000000000004
v -0.0177826 -0.0070815 0.0032
v -0.0177826 -0.0070815 0.0048000000000000004
v -0.0183029 -0.006303 0.0032
v -0.0183029 -0.006303 0.0048000000000000004
v -0.0190815 -0.0057826 0.0032
v -0.0190815 -0.0057826 0.0048000000000000004
v -0.02 -0.0048 0.0032
v -0.0212246 -0.0050435 0.0032
v -0.0212246 -0.0050435 0.0048000000000000004
v -0.02 -0.0048 0.0048000000000000004
v -0.0222627 -0.0057373 0.0032
v -0.0222627 -0.0057373 0.0048000000000000004
v -0.0229565 -0.0067754 0.0032
v -0.0229565 -0.0067754 0.0048000000000000004
v -0.023200000000000002 -0.008 0.0032
v -0.023200000000000002 -0.008 0.0048000000000000004
v -0.0229565 -0.0092246 0.0032
v -0.0229565 -0.0092246 0.0048000000000000004
v -0.0222627 -0.0102627 0.0032
v -0.0222627 -0.0102627 0.0048000000000000004
v -0.0212246 -0.0109565 0.0032
v -0.0212246 -0.0109565 0.0048000000000000004
v -0.02 -0.0112 0.0032
v -0.02 -0.0112 0.0048000000000000004
v -0.018775299999999998 -0.0109565 0.0032
v -0.018775299999999998 -0.0109565 0.0048000000000000004
v -0.0177373 -0.0102627 0.0032
v -0.0177373 -0.0102627 0.0048000000000000004
v -0.0170435 -0.0092246 0.0032
v -0.0170435 -0.0092246 0.0048000000000000004
v -0.0168 -0.008 0.0032
v -0.0168 -0.008 0.0048000000000000004
v -0.0170435 -0.0067754 0.0032
v -0.0170435 -0.0067754 0.0048000000000000004
v -0.0177373 -0.0057373 0.0032
v -0.0177373 -0.0057373 0.0048000000000000004
v -0.018775299999999998 -0.0050435 0.0032
v -0.018775299999999998 -0.0050435 0.0048000000000000004
v -0.023200000000000002 -0.008 0.0032
v -0.0224 -0.008 0.0032
v -0.0222173 -0.0089185 0.0032
v -0.0229565 -0.0092246 0.0032
v -0.021696999999999998 -0.009697 0.0032
v -0.0222627 -0.0102627 0.0032
v -0.0209184 -0.0102174 0.0032
v -0.0212246 -0.0109565 0.0032
v -0.02 -0.0104 0.0032
v -0.02 -0.0112 0.0032
v -0.0190815 -0.0102174 0.0032
v -0.018775299999999998 -0.0109565 0.0032
v -0.0183029 -0.009697 0.0032
v -0.0177373 -0.0102627 0.0032
v -0.0177826 -0.0089185 0.0032
v -0.0170435 -0.0092246 0.0032
v -0.0176 -0.008 0.0032
v -0.0168 -0.008 0.0032
v -0.0177826 -0.0070815 0.0032
v -0.0170435 -0.0067754 0.0032
v -0.0183029 -0.006303 0.0032
v -0.0177373 -0.0057373 0.0032
v -0.0190815 -0.0057826 0.0032
v -0.018775299999999998 -0.0050435 0.0032
v -0.02 -0.0056 0.0032
v -0.02 -0.0048 0.0032
v -0.0209184 -0.0057826 0.0032
v -0.0212246 -0.0050435 0.0032
v -0.021696999999999998 -0.006303 0.0032
v -0.0222627 -0.0057373 0.0032
v -0.0222173 -0.0070815 0.0032
v -0.0229565 -0.0067754 0.0032
v 0.004 -0.0136 0.0032
v 0.003081500000000001 -0.0137826 0.0032
v 0.003081500000000001 -0.0137826 0.0048000000000000004
v 0.004 -0.0136 0.0048000000000000004
v 0.0023029999999999995 -0.014303 0.0032
v 0.0023029999999999995 -0.014303 0.0048000000000000004
v 0.0017827 -0.0150815 0.0032
v 0.0017827 -0.0150815 0.0048000000000000004
v 0.0016000000000000007 -0.016 0.0032
v 0.0016000000000000007 -0.016 0.0048000000000000004
v 0.0017827 -0.0169185 0.0032
v 0.0017827 -0.0169185 0.0048000000000000004
v 0.0023029999999999995 -0.017697 0.0032
v 0.0023029999999999995 -0.017697 0.0048000000000000004
v 0.003081500000000001 -0.0182174 0.0032
v 0.003081500000000001 -0.0182174 0.0048000000000000004
v 0.004 -0.0184 0.0032
v 0.004 -0.0184 0.0048000000000000004
v 0.0049185 -0.0182174 0.0032
v 0.0049185 -0.0182174 0.0048000000000000004
v 0.0056971 -0.017697 0.0032
v 0.0056971 -0.017697 0.0048000000000000004
v 0.0062174000000000005 -0.0169185 0.0032
v 0.0062174000000000005 -0.0169185 0.0048000000000000004
v 0.0064 -0.016 0.0032
v 0.0064 -0.016 0.0048000000000000004
v 0.0062174000000000005 -0.0150815 0.0032
v 0.0062174000000000005 -0.0150815 0.0048000000000000004
v 0.0056971 -0.014303 0.0032
v 0.0056971 -0.014303 0.0048000000000000004
v 0.0049185 -0.0137826 0.0032
v 0.0049185 -0.0137826 0.0048000000000000004
v 0.004 -0.0128 0.0032
v 0.0027754000000000008 -0.0130435 0.0032
v 0.0027754000000000008 -0.0130435 0.0048000000000000004
v 0.004 -0.0128 0.0048000000000000004
v 0.0017373000000000006 -0.0137373 0.0032
v 0.0017373000000000006 -0.0137373 0.0048000000000000004
v 0.001043500000000001 -0.0147754 0.0032
v 0.001043500000000001 -0.0147754 0.0048000000000000004
v 0.0008000000000000004 -0.016 0.0032
v 0.0008000000000000004 -0.016 0.0048000000000000004
v 0.001043500000000001 -0.0172246 0.0032
v 0.001043500000000001 -0.0172246 0.0048000000000000004
v 0.0017373000000000006 -0.0182627 0.0032
v 0.0017373000000000006 -0.0182627 0.0048000000000000004
v 0.0027754000000000008 -0.0189565 0.0032
v 0.0027754000000000008 -0.0189565 0.0048000000000000004
v 0.004 -0.0192 0.0032
v 0.004 -0.0192 0.0048000000000000004
v 0.0052247000000000005 -0.0189565 0.0032
v 0.0052247000000000005 -0.0189565 0.0048000000000000004
v 0.0062627 -0.0182627 0.0032
v 0.0062627 -0.0182627 0.0048000000000000004
v 0.0069565 -0.0172246 0.0032
v 0.0069565 -0.0172246 0.0048000000000000004
v 0.007200000000000001 -0.016 0.0032
v 0.007200000000000001 -0.016 0.0048000000000000004
v 0.0069565 -0.0147754 0.0032
v 0.0069565 -0.0147754 0.0048000000000000004
v 0.0062627 -0.0137373 0.0032
v 0.0062627 -0.0137373 0.0048000000000000004
v 0.0052247000000000005 -0.0130435 0.0032
v 0.0052247000000000005 -0.0130435 0.0048000000000000004
v 0.0008000000000000004 -0.016 0.0032
v 0.0016000000000000007 -0.016 0.0032
v 0.0017827 -0.0169185 0.0032
v 0.001043500000000001 -0.0172246 0.0032
v 0.0023029999999999995 -0.017697 0.0032
v 0.0017373000000000006 -0.0182627 0.0032
v 0.003081500000000001 -0.0182174 0.0032
v 0.0027754000000000008 -0.0189565 0.0032
v 0.004 -0.0184 0.0032
v 0.004 -0.0192 0.0032
v 0.0049185 -0.0182174 0.0032
v 0.0052247000000000005 -0.0189565 0.0032
v 0.0056971 -0.017697 0.0032
v 0.0062627 -0.0182627 0.0032
v 0.0062174000000000005 -0.0169185 0.0032
v 0.0069565 -0.0172246 0.0032
v 0.0064 -0.016 0.0032
v 0.007200000000000001 -0.016 0.0032
v 0.0062174000000000005 -0.0150815 0.0032
v 0.0069565 -0.0147754 0.0032
v 0.0056971 -0.014303 0.0032
v 0.0062627 -0.0137373 0.0032
v 0.0049185 -0.0137826 0.0032
v 0.0052247000000000005 -0.0130435 0.0032
v 0.004 -0.0136 0.0032
v 0.004 -0.0128 0.0032
v 0.003081500000000001 -0.0137826 0.0032
v 0.0027754000000000008 -0.0130435 0.0032
v 0.0023029999999999995 -0.014303 0.0032
v 0.0017373000000000006 -0.0137373 0.0032
v 0.0017827 -0.0150815 0.0032
v 0.001043500000000001 -0.0147754 0.0032
v 0.004 -0.0056 0.0032
v 0.003081500000000001 -0.0057826 0.0032
v 0.003081500000000001 -0.0057826 0.0048000000000000004
v 0.004 -0.0056 0.0048000000000000004
v 0.0023029999999999995 -0.006303 0.0032
v 0.0023029999999999995 -0.006303 0.0048000000000000004
v 0.0017827 -0.0070815 0.0032
v 0.0017827 -0.0070815 0.0048000000000000004
v 0.0016000000000000007 -0.008 0.0032
v 0.0016000000000000007 -0.008 0.0048000000000000004
v 0.0017827 -0.0089185 0.0032
v 0.0017827 -0.0089185 0.0048000000000000004
v 0.0023029999999999995 -0.009697 0.0032
v 0.0023029999999999995 -0.009697 0.0048000000000000004
v 0.003081500000000001 -0.0102174 0.0032
v 0.003081500000000001 -0.0102174 0.0048000000000000004
v 0.004 -0.0104 0.0032
v 0.004 -0.0104 0.0048000000000000004
v 0.0049185 -0.0102174 0.0032
v 0.0049185 -0.0102174 0.0048000000000000004
v 0.0056971 -0.009697 0.0032
v 0.0056971 -0.009697 0.0048000000000000004
v 0.0062174000000000005 -0.0089185 0.0032
v 0.0062174000000000005 -0.0089185 0.0048000000000000004
v 0.0064 -0.008 0.0032
v 0.0064 -0.008 0.0048000000000000004
v 0.0062174000000000005 -0.0070815 0.0032
v 0.0062174000000000005 -0.0070815 0.0048000000000000004
v 0.0056971 -0.006303 0.0032
v 0.0056971 -0.006303 0.0048000000000000004
v 0.0049185 -0.0057826 0.0032
v 0.0049185 -0.0057826 0.0048000000000000004
v 0.004 -0.0048 0.0032
v 0.0027754000000000008 -0.0050435 0.0032
v 0.0027754000000000008 -0.0050435 0.0048000000000000004
v 0.004 -0.0048 0.0048000000000000004
v 0.0017373000000000006 -0.0057373 0.0032
v 0.0017373000000000006 -0.0057373 0.0048000000000000004
v 0.001043500000000001 -0.0067754 0.0032
v 0.001043500000000001 -0.0067754 0.0048000000000000004
v 0.0008000000000000004 -0.008 0.0032
v 0.0008000000000000004 -0.008 0.0048000000000000004
v 0.001043500000000001 -0.0092246 0.0032
v 0.001043500000000001 -0.0092246 0.0048000000000000004
v 0.0017373000000000006 -0.0102627 0.0032
v 0.0017373000000000006 -0.0102627 0.0048000000000000004
v 0.0027754000000000008 -0.0109565 0.0032
v 0.0027754000000000008 -0.0109565 0.0048000000000000004
v 0.004 -0.0112 0.0032
v 0.004 -0.0112 0.0048000000000000004
v 0.0052247000000000005 -0.0109565 0.0032
v 0.0052247000000000005 -0.0109565 0.0048000000000000004
v 0.0062627 -0.0102627 0.0032
v 0.0062627 -0.0102627 0.0048000000000000004
v 0.0069565 -0.0092246 0.0032
v 0.0069565 -0.0092246 0.0048000000000000004
v 0.007200000000000001 -0.008 0.0032
v 0.007200000000000001 -0.008 0.0048000000000000004
v 0.0069565 -0.0067754 0.0032
v 0.0069565 -0.0067754 0.0048000000000000004
v 0.0062627 -0.0057373 0.0032
v 0.0062627 -0.0057373 0.0048000000000000004
v 0.0052247000000000005 -0.0050435 0.0032
v 0.0052247000000000005 -0.0050435 0.0048000000000000004
v 0.0008000000000000004 -0.008 0.0032
v 0.0016000000000000007 -0.008 0.0032
v 0.0017827 -0.0089185 0.0032
v 0.001043500000000001 -0.0092246 0.0032
v 0.0023029999999999995 -0.009697 0.0032
v 0.0017373000000000006 -0.0102627 0.0032
v 0.003081500000000001 -0.0102174 0.0032
v 0.0027754000000000008 -0.0109565 0.0032
v 0.004 -0.0104 0.0032
v 0.004 -0.0112 0.0032
v 0.0049185 -0.0102174 0.0032
v 0.0052247000000000005 -0.0109565 0.0032
v 0.0056971 -0.009697 0.0032
v 0.0062627 -0.0102627 0.0032
v 0.0062174000000000005 -0.0089185 0.0032
v 0.0069565 -0.0092246 0.0032
v 0.0064 -0.008 0.0032
v 0.007200000000000001 -0.008 0.0032
v 0.0062174000000000005 -0.0070815 0.0032
v 0.0069565 -0.0067754 0.0032
v 0.0056971 -0.006303 0.0032
v 0.0062627 -0.0057373 0.0032
v 0.0049185 -0.0057826 0.0032
v 0.0052247000000000005 -0.0050435 0.0032
v 0.004 -0.0056 0.0032
v 0.004 -0.0048 0.0032
v 0.003081500000000001 -0.0057826 0.0032
v 0.0027754000000000008 -0.0050435 0.0032
v 0.0023029999999999995 -0.006303 0.0032
v 0.0017373000000000006 -0.0057373 0.0032
v 0.0017827 -0.0070815 0.0032
v 0.001043500000000001 -0.0067754 0.0032
v -0.004 -0.0136 0.0032
v -0.004918499999999999 -0.0137826 0.0032
v -0.004918499999999999 -0.0137826 0.0048000000000000004
v -0.004 -0.0136 0.0048000000000000004
v -0.005697000000000001 -0.014303 0.0032
v -0.005697000000000001 -0.014303 0.0048000000000000004
v -0.0062172999999999985 -0.0150815 0.0032
v -0.0062172999999999985 -0.0150815 0.0048000000000000004
v -0.0063999999999999994 -0.016 0.0032
v -0.0063999999999999994 -0.016 0.0048000000000000004
v -0.0062172999999999985 -0.0169185 0.0032
v -0.0062172999999999985 -0.0169185 0.0048000000000000004
v -0.005697000000000001 -0.017697 0.0032
v -0.005697000000000001 -0.017697 0.0048000000000000004
v -0.004918499999999999 -0.0182174 0.0032
v -0.004918499999999999 -0.0182174 0.0048000000000000004
v -0.004 -0.0184 0.0032
v -0.004 -0.0184 0.0048000000000000004
v -0.003081499999999999 -0.0182174 0.0032
v -0.003081499999999999 -0.0182174 0.0048000000000000004
v -0.0023029 -0.017697 0.0032
v -0.0023029 -0.017697 0.0048000000000000004
v -0.0017826000000000005 -0.0169185 0.0032
v -0.0017826000000000005 -0.0169185 0.0048000000000000004
v -0.001599999999999999 -0.016 0.0032
v -0.001599999999999999 -0.016 0.0048000000000000004
v -0.0017826000000000005 -0.0150815 0.0032
v -0.0017826000000000005 -0.0150815 0.0048000000000000004
v -0.0023029 -0.014303 0.0032
v -0.0023029 -0.014303 0.0048000000000000004
v -0.003081499999999999 -0.0137826 0.0032
v -0.003081499999999999 -0.0137826 0.0048000000000000004
v -0.004 -0.0128 0.0032
v -0.005224599999999999 -0.0130435 0.0032
v -0.005224599999999999 -0.0130435 0.0048000000000000004
v -0.004 -0.0128 0.0048000000000000004
v -0.0062626999999999995 -0.0137373 0.0032
v -0.0062626999999999995 -0.0137373 0.0048000000000000004
v -0.006956500000000001 -0.0147754 0.0032
v -0.006956500000000001 -0.0147754 0.0048000000000000004
v -0.007199999999999998 -0.016 0.0032
v -0.007199999999999998 -0.016 0.0048000000000000004
v -0.006956500000000001 -0.0172246 0.0032
v -0.006956500000000001 -0.0172246 0.0048000000000000004
v -0.0062626999999999995 -0.0182627 0.0032
v -0.0062626999999999995 -0.0182627 0.0048000000000000004
v -0.005224599999999999 -0.0189565 0.0032
v -0.005224599999999999 -0.0189565 0.0048000000000000004
v -0.004 -0.0192 0.0032
v -0.004 -0.0192 0.0048000000000000004
v -0.0027752999999999996 -0.0189565 0.0032
v -0.0027752999999999996 -0.0189565 0.0048000000000000004
v -0.001737299999999999 -0.0182627 0.0032
v -0.001737299999999999 -0.0182627 0.0048000000000000004
v -0.0010434999999999993 -0.0172246 0.0032
v -0.0010434999999999993 -0.0172246 0.0048000000000000004
v -0.0008000000000000004 -0.016 0.0032
v -0.0008000000000000004 -0.016 0.0048000000000000004
v -0.0010434999999999993 -0.0147754 0.0032
v -0.0010434999999999993 -0.0147754 0.0048000000000000004
v -0.001737299999999999 -0.0137373 0.0032
v -0.001737299999999999 -0.0137373 0.0048000000000000004
v -0.0027752999999999996 -0.0130435 0.0032
v -0.0027752999999999996 -0.0130435 0.0048000000000000004
v -0.007199999999999998 -0.016 0.0032
v -0.0063999999999999994 -0.016 0.0032
v -0.0062172999999999985 -0.0169185 0.0032
v -0.006956500000000001 -0.0172246 0.0032
v -0.005697000000000001 -0.017697 0.0032
v -0.0062626999999999995 -0.0182627 0.0032
v -0.004918499999999999 -0.0182174 0.0032
v -0.005224599999999999 -0.0189565 0.0032
v -0.004 -0.0184 0.0032
v -0.004 -0.0192 0.0032
v -0.003081499999999999 -0.0182174 0.0032
v -0.0027752999999999996 -0.0189565 0.0032
v -0.0023029 -0.017697 0.0032
v -0.001737299999999999 -0.0182627 0.0032
v -0.0017826000000000005 -0.0169185 0.0032
v -0.0010434999999999993 -0.0172246 0.0032
v -0.001599999999999999 -0.016 0.0032
v -0.0008000000000000004 -0.016 0.0032
v -0.0017826000000000005 -0.0150815 0.0032
v -0.0010434999999999993 -0.0147754 0.0032
v -0.0023029 -0.014303 0.0032
v -0.001737299999999999 -0.0137373 0.0032
v -0.003081499999999999 -0.0137826 0.0032
v -0.0027752999999999996 -0.0130435 0.0032
v -0.004 -0.0136 0.0032
v -0.004 -0.0128 0.0032
v -0.004918499999999999 -0.0137826 0.0032
v -0.005224599999999999 -0.0130435 0.0032
v -0.005697000000000001 -0.014303 0.0032
v -0.0062626999999999995 -0.0137373 0.0032
v -0.0062172999999999985 -0.0150815 0.0032
v -0.006956500000000001 -0.0147754 0.0032
v -0.004 -0.0056 0.0032
v -0.004918499999999999 -0.0057826 0.0032
v -0.004918499999999999 -0.0057826 0.0048000000000000004
v -0.004 -0.0056 0.0048000000000000004
v -0.005697000000000001 -0.006303 0.0032
v -0.005697000000000001 -0.006303 0.0048000000000000004
v -0.0062172999999999985 -0.0070815 0.0032
v -0.0062172999999999985 -0.0070815 0.0048000000000000004
v -0.0063999999999999994 -0.008 0.0032
v -0.0063999999999999994 -0.008 0.0048000000000000004
v -0.0062172999999999985 -0.0089185 0.0032
v -0.0062172999999999985 -0.0089185 0.0048000000000000004
v -0.005697000000000001 -0.009697 0.0032
v -0.005697000000000001 -0.009697 0.0048000000000000004
v -0.004918499999999999 -0.0102174 0.0032
v -0.004918499999999999 -0.0102174 0.0048000000000000004
v -0.004 -0.0104 0.0032
v -0.004 -0.0104 0.0048000000000000004
v -0.003081499999999999 -0.0102174 0.0032
v -0.003081499999999999 -0.0102174 0.0048000000000000004
v -0.0023029 -0.009697 0.0032
v -0.0023029 -0.009697 0.0048000000000000004
v -0.0017826000000000005 -0.0089185 0.0032
v -0.0017826000000000005 -0.0089185 0.0048000000000000004
v -0.001599999999999999 -0.008 0.0032
v -0.001599999999999999 -0.008 0.0048000000000000004
v -0.0017826000000000005 -0.0070815 0.0032
v -0.0017826000000000005 -0.0070815 0.0048000000000000004
v -0.0023029 -0.006303 0.0032
v -0.0023029 -0.006303 0.0048000000000000004
v -0.003081499999999999 -0.0057826 0.0032
v -0.003081499999999999 -0.0057826 0.0048000000000000004
v -0.004 -0.0048 0.0032
v -0.005224599999999999 -0.0050435 0.0032
v -0.005224599999999999 -0.0050435 0.0048000000000000004
v -0.004 -0.0048 0.0048000000000000004
v -0.0062626999999999995 -0.0057373 0.0032
v -0.0062626999999999995 -0.0057373 0.0048000000000000004
v -0.006956500000000001 -0.0067754 0.0032
v -0.006956500000000001 -0.0067754 0.0048000000000000004
v -0.007199999999999998 -0.008 0.0032
v -0.007199999999999998 -0.008 0.0048000000000000004
v -0.006956500000000001 -0.0092246 0.0032
v -0.006956500000000001 -0.0092246 0.0048000000000000004
v -0.0062626999999999995 -0.0102627 0.0032
v -0.0062626999999999995 -0.0102627 0.0048000000000000004
v -0.005224599999999999 -0.0109565 0.0032
v -0.005224599999999999 -0.0109565 0.0048000000000000004
v -0.004 -0.0112 0.0032
v -0.004 -0.0112 0.0048000000000000004
v -0.0027752999999999996 -0.0109565 0.0032
v -0.0027752999999999996 -0.0109565 0.0048000000000000004
v -0.001737299999999999 -0.0102627 0.0032
v -0.001737299999999999 -0.0102627 0.0048000000000000004
v -0.0010434999999999993 -0.0092246 0.0032
v -0.0010434999999999993 -0.0092246 0.0048000000000000004
v -0.0008000000000000004 -0.008 0.0032
v -0.0008000000000000004 -0.008 0.0048000000000000004
v -0.0010434999999999993 -0.0067754 0.0032
v -0.0010434999999999993 -0.0067754 0.0048000000000000004
v -0.001737299999999999 -0.0057373 0.0032
v -0.001737299999999999 -0.0057373 0.0048000000000000004
v -0.0027752999999999996 -0.0050435 0.0032
v -0.0027752999999999996 -0.0050435 0.0048000000000000004
v -0.007199999999999998 -0.008 0.0032
v -0.0063999999999999994 -0.008 0.0032
v -0.0062172999999999985 -0.0089185 0.0032
v -0.006956500000000001 -0.0092246 0.0032
v -0.005697000000000001 -0.009697 0.0032
v -0.0062626999999999995 -0.0102627 0.0032
v -0.004918499999999999 -0.0102174 0.0032
v -0.005224599999999999 -0.0109565 0.0032
v -0.004 -0.0104 0.0032
v -0.004 -0.0112 0.0032
v -0.003081499999999999 -0.0102174 0.0032
v -0.0027752999999999996 -0.0109565 0.0032
v -0.0023029 -0.009697 0.0032
v -0.001737299999999999 -0.0102627 0.0032
v -0.0017826000000000005 -0.0089185 0.0032
v -0.0010434999999999993 -0.0092246 0.0032
v -0.001599999999999999 -0.008 0.0032
v -0.0008000000000000004 -0.008 0.0032
v -0.0017826000000000005 -0.0070815 0.0032
v -0.0010434999999999993 -0.0067754 0.0032
v -0.0023029 -0.006303 0.0032
v -0.001737299999999999 -0.0057373 0.0032
v -0.003081499999999999 -0.0057826 0.0032
v -0.0027752999999999996 -0.0050435 0.0032
v -0.004 -0.0056 0.0032
v -0.004 -0.0048 0.0032
v -0.004918499999999999 -0.0057826 0.0032
v -0.005224599999999999 -0.0050435 0.0032
v -0.005697000000000001 -0.006303 0.0032
v -0.0062626999999999995 -0.0057373 0.0032
v -0.0062172999999999985 -0.0070815 0.0032
v -0.006956500000000001 -0.0067754 0.0032
v -0.028 -0.0296 0.0032
v -0.0289184 -0.0297826 0.0032
v -0.0289184 -0.0297826 0.0048000000000000004
v -0.028 -0.0296 0.0048000000000000004
v -0.029696999999999998 -0.030303 0.0032
v -0.029696999999999998 -0.030303 0.0048000000000000004
v -0.0302173 -0.0310815 0.0032
v -0.0302173 -0.0310815 0.0048000000000000004
v -0.0304 -0.032 0.0032
v -0.0304 -0.032 0.0048000000000000004
v -0.0302173 -0.0329185 0.0032
v -0.0302173 -0.0329185 0.0048000000000000004
v -0.029696999999999998 -0.033697 0.0032
v -0.029696999999999998 -0.033697 0.0048000000000000004
v -0.0289184 -0.0342174 0.0032
v -0.0289184 -0.0342174 0.0048000000000000004
v -0.028 -0.0344 0.0032
v -0.028 -0.0344 0.0048000000000000004
v -0.027081499999999998 -0.0342174 0.0032
v -0.027081499999999998 -0.0342174 0.0048000000000000004
v -0.0263029 -0.033697 0.0032
v -0.0263029 -0.033697 0.0048000000000000004
v -0.0257826 -0.0329185 0.0032
v -0.0257826 -0.0329185 0.0048000000000000004
v -0.0256 -0.032 0.0032
v -0.0256 -0.032 0.0048000000000000004
v -0.0257826 -0.0310815 0.0032
v -0.0257826 -0.0310815 0.0048000000000000004
v -0.0263029 -0.030303 0.0032
v -0.0263029 -0.030303 0.0048000000000000004
v -0.027081499999999998 -0.0297826 0.0032
v -0.027081499999999998 -0.0297826 0.0048000000000000004
v -0.028 -0.0288 0.0032
v -0.0292246 -0.0290435 0.0032
v -0.0292246 -0.0290435 0.0048000000000000004
v -0.028 -0.0288 0.0048000000000000004
v -0.0302627 -0.0297373 0.0032
v -0.0302627 -0.0297373 0.0048000000000000004
v -0.0309564 -0.0307754 0.0032
v -0.0309564 -0.0307754 0.0048000000000000004
v -0.031200000000000002 -0.032 0.0032
v -0.031200000000000002 -0.032 0.0048000000000000004
v -0.0309564 -0.0332246 0.0032
v -0.0309564 -0.0332246 0.0048000000000000004
v -0.0302627 -0.0342627 0.0032
v -0.0302627 -0.0342627 0.0048000000000000004
v -0.0292246 -0.0349565 0.0032
v -0.0292246 -0.0349565 0.0048000000000000004
v -0.028 -0.0352 0.0032
v -0.028 -0.0352 0.0048000000000000004
v -0.0267753 -0.0349565 0.0032
v -0.0267753 -0.0349565 0.0048000000000000004
v -0.0257373 -0.0342627 0.0032
v -0.0257373 -0.0342627 0.0048000000000000004
v -0.0250435 -0.0332246 0.0032
v -0.0250435 -0.0332246 0.0048000000000000004
v -0.0248 -0.032 0.0032
v -0.0248 -0.032 0.0048000000000000004
v -0.0250435 -0.0307754 0.0032
v -0.0250435 -0.0307754 0.0048000000000000004
v -0.0257373 -0.0297373 0.0032
v -0.0257373 -0.0297373 0.0048000000000000004
v -0.0267753 -0.0290435 0.0032
v -0.0267753 -0.0290435 0.0048000000000000004
v -0.031200000000000002 -0.032 0.0032
v -0.0304 -0.032 0.0032
v -0.0302173 -0.0329185 0.0032
v -0.0309564 -0.0332246 0.0032
v -0.029696999999999998 -0.033697 0.0032
v -0.0302627 -0.0342627 0.0032
v -0.0289184 -0.0342174 0.0032
v -0.0292246 -0.0349565 0.0032
v -0.028 -0.0344 0.0032
v -0.028 -0.0352 0.0032
v -0.027081499999999998 -0.0342174 0.0032
v -0.0267753 -0.0349565 0.0032
v -0.0263029 -0.033697 0.0032
v -0.0257373 -0.0342627 0.0032
v -0.0257826 -0.0329185 0.0032
v -0.0250435 -0.0332246 0.0032
v -0.0256 -0.032 0.0032
v -0.0248 -0.032 0.0032
v -0.0257826 -0.0310815 0.0032
v -0.0250435 -0.0307754 0.0032
v -0.0263029 -0.030303 0.0032
v -0.0257373 -0.0297373 0.0032
v -0.027081499999999998 -0.0297826 0.0032
v -0.0267753 -0.0290435 0.0032
v -0.028 -0.0296 0.0032
v -0.028 -0.0288 0.0032
v -0.0289184 -0.0297826 0.0032
v -0.0292246 -0.0290435 0.0032
v -0.029696999999999998 -0.030303 0.0032
v -0.0302627 -0.0297373 0.0032
v -0.0302173 -0.0310815 0.0032
v -0.0309564 -0.0307754 0.0032
v -0.028 -0.0216 0.0032
v -0.0289184 -0.0217826 0.0032
v -0.0289184 -0.0217826 0.0048000000000000004
v -0.028 -0.0216 0.0048000000000000004
v -0.029696999999999998 -0.022303 0.0032
v -0.029696999999999998 -0.022303 0.0048000000000000004
v -0.0302173 -0.0230815 0.0032
v -0.0302173 -0.0230815 0.0048000000000000004
v -0.0304 -0.024 0.0032
v -0.0304 -0.024 0.0048000000000000004
v -0.0302173 -0.0249185 0.0032
v -0.0302173 -0.0249185 0.0048000000000000004
v -0.029696999999999998 -0.025697 0.0032
v -0.029696999999999998 -0.025697 0.0048000000000000004
v -0.0289184 -0.0262174 0.0032
v -0.0289184 -0.0262174 0.0048000000000000004
v -0.028 -0.0264 0.0032
v -0.028 -0.0264 0.0048000000000000004
v -0.027081499999999998 -0.0262174 0.0032
v -0.027081499999999998 -0.0262174 0.0048000000000000004
v -0.0263029 -0.025697 0.0032
v -0.0263029 -0.025697 0.0048000000000000004
v -0.0257826 -0.0249185 0.0032
v -0.0257826 -0.0249185 0.0048000000000000004
v -0.0256 -0.024 0.0032
v -0.0256 -0.024 0.0048000000000000004
v -0.0257826 -0.0230815 0.0032
v -0.0257826 -0.0230815 0.0048000000000000004
v -0.0263029 -0.022303 0.0032
v -0.0263029 -0.022303 0.0048000000000000004
v -0.027081499999999998 -0.0217826 0.0032
v -0.027081499999999998 -0.0217826 0.0048000000000000004
v -0.028 -0.0208 0.0032
v -0.0292246 -0.0210435 0.0032
v -0.0292246 -0.0210435 0.0048000000000000004
v -0.028 -0.0208 0.0048000000000000004
v -0.0302627 -0.0217373 0.0032
v -0.0302627 -0.0217373 0.0048000000000000004
v -0.0309564 -0.0227754 0.0032
v -0.0309564 -0.0227754 0.0048000000000000004
v -0.031200000000000002 -0.024 0.0032
v -0.031200000000000002 -0.024 0.0048000000000000004
v -0.0309564 -0.0252246 0.0032
v -0.0309564 -0.0252246 0.0048000000000000004
v -0.0302627 -0.0262627 0.0032
v -0.0302627 -0.0262627 0.0048000000000000004
v -0.0292246 -0.0269565 0.0032
v -0.0292246 -0.0269565 0.0048000000000000004
v -0.028 -0.0272 0.0032
v -0.028 -0.0272 0.0048000000000000004
v -0.0267753 -0.0269565 0.0032
v -0.0267753 -0.0269565 0.0048000000000000004
v -0.0257373 -0.0262627 0.0032
v -0.0257373 -0.0262627 0.0048000000000000004
v -0.0250435 -0.0252246 0.0032
v -0.0250435 -0.0252246 0.0048000000000000004
v -0.0248 -0.024 0.0032
v -0.0248 -0.024 0.0048000000000000004
v -0.0250435 -0.0227754 0.0032
v -0.0250435 -0.0227754 0.0048000000000000004
v -0.0257373 -0.0217373 0.0032
v -0.0257373 -0.0217373 0.0048000000000000004
v -0.0267753 -0.0210435 0.0032
v -0.0267753 -0.0210435 0.0048000000000000004
v -0.031200000000000002 -0.024 0.0032
v -0.0304 -0.024 0.0032
v -0.0302173 -0.0249185 0.0032
v -0.0309564 -0.0252246 0.0032
v -0.029696999999999998 -0.025697 0.0032
v -0.0302627 -0.0262627 0.0032
v -0.0289184 -0.0262174 0.0032
v -0.0292246 -0.0269565 0.0032
v -0.028 -0.0264 0.0032
v -0.028 -0.0272 0.0032
v -0.027081499999999998 -0.0262174 0.0032
v -0.0267753 -0.0269565 0.0032
v -0.0263029 -0.025697 0.0032
v -0.0257373 -0.0262627 0.0032
v -0.0257826 -0.0249185 0.0032
v -0.0250435 -0.0252246 0.0032
v -0.0256 -0.024 0.0032
v -0.0248 -0.024 0.0032
v -0.0257826 -0.0230815 0.0032
v -0.0250435 -0.0227754 0.0032
v -0.0263029 -0.022303 0.0032
v -0.0257373 -0.0217373 0.0032
v -0.027081499999999998 -0.0217826 0.0032
v -0.0267753 -0.0210435 0.0032
v -0.028 -0.0216 0.0032
v -0.028 -0.0208 0.0032
v -0.0289184 -0.0217826 0.0032
v -0.0292246 -0.0210435 0.0032
v -0.029696999999999998 -0.022303 0.0032
v -0.0302627 -0.0217373 0.0032
v -0.0302173 -0.0230815 0.0032
v -0.0309564 -0.0227754 0.0032
v -0.028 -0.0136 0.0032
v -0.0289184 -0.0137826 0.0032
v -0.0289184 -0.0137826 0.0048000000000000004
v -0.028 -0.0136 0.0048000000000000004
v -0.029696999999999998 -0.014303 0.0032
v -0.029696999999999998 -0.014303 0.0048000000000000004
v -0.0302173 -0.0150815 0.0032
v -0.0302173 -0.0150815 0.0048000000000000004
v -0.0304 -0.016 0.0032
v -0.0304 -0.016 0.0048000000000000004
v -0.0302173 -0.0169185 0.0032
v -0.0302173 -0.0169185 0.0048000000000000004
v -0.029696999999999998 -0.017697 0.0032
v -0.029696999999999998 -0.017697 0.0048000000000000004
v -0.0289184 -0.0182174 0.0032
v -0.0289184 -0.0182174 0.0048000000000000004
v -0.028 -0.0184 0.0032
v -0.028 -0.0184 0.0048000000000000004
v -0.027081499999999998 -0.0182174 0.0032
v -0.027081499999999998 -0.0182174 0.0048000000000000004
v -0.0263029 -0.017697 0.0032
v -0.0263029 -0.017697 0.0048000000000000004
v -0.0257826 -0.0169185 0.0032
v -0.0257826 -0.0169185 0.0048000000000000004
v -0.0256 -0.016 0.0032
v -0.0256 -0.016 0.0048000000000000004
v -0.0257826 -0.0150815 0.0032
v -0.0257826 -0.0150815 0.0048000000000000004
v -0.0263029 -0.014303 0.0032
v -0.0263029 -0.014303 0.0048000000000000004
v -0.027081499999999998 -0.0137826 0.0032
v -0.027081499999999998 -0.0137826 0.0048000000000000004
v -0.028 -0.0128 0.0032
v -0.0292246 -0.0130435 0.0032
v -0.0292246 -0.0130435 0.0048000000000000004
v -0.028 -0.0128 0.0048000000000000004
v -0.0302627 -0.0137373 0.0032
v -0.0302627 -0.0137373 0.0048000000000000004
v -0.0309564 -0.0147754 0.0032
v -0.0309564 -0.0147754 0.0048000000000000004
v -0.031200000000000002 -0.016 0.0032
v -0.031200000000000002 -0.016 0.0048000000000000004
v -0.0309564 -0.0172246 0.0032
v -0.0309564 -0.0172246 0.0048000000000000004
v -0.0302627 -0.0182627 0.0032
v -0.0302627 -0.0182627 0.0048000000000000004
v -0.0292246 -0.0189565 0.0032
v -0.0292246 -0.0189565 0.0048000000000000004
v -0.028 -0.0192 0.0032
v -0.028 -0.0192 0.0048000000000000004
v -0.0267753 -0.0189565 0.0032
v -0.0267753 -0.0189565 0.0048000000000000004
v -0.0257373 -0.0182627 0.0032
v -0.0257373 -0.0182627 0.0048000000000000004
v -0.0250435 -0.0172246 0.0032
v -0.0250435 -0.0172246 0.0048000000000000004
v -0.0248 -0.016 0.0032
v -0.0248 -0.016 0.0048000000000000004
v -0.0250435 -0.0147754 0.0032
v -0.0250435 -0.0147754 0.0048000000000000004
v -0.0257373 -0.0137373 0.0032
v -0.0257373 -0.0137373 0.0048000000000000004
v -0.0267753 -0.0130435 0.0032
v -0.0267753 -0.0130435 0.0048000000000000004
v -0.031200000000000002 -0.016 0.0032
v -0.0304 -0.016 0.0032
v -0.0302173 -0.0169185 0.0032
v -0.0309564 -0.0172246 0.0032
v -0.029696999999999998 -0.017697 0.0032
v -0.0302627 -0.0182627 0.0032
v -0.0289184 -0.0182174 0.0032
v -0.0292246 -0.0189565 0.0032
v -0.028 -0.0184 0.0032
v -0.028 -0.0192 0.0032
v -0.027081499999999998 -0.0182174 0.0032
v -0.0267753 -0.0189565 0.0032
v -0.0263029 -0.017697 0.0032
v -0.0257373 -0.0182627 0.0032
v -0.0257826 -0.0169185 0.0032
v -0.0250435 -0.0172246 0.0032
v -0.0256 -0.016 0.0032
v -0.0248 -0.016 0.0032
v -0.0257826 -0.0150815 0.0032
v -0.0250435 -0.0147754 0.0032
v -0.0263029 -0.014303 0.0032
v -0.0257373 -0.0137373 0.0032
v -0.027081499999999998 -0.0137826 0.0032
v -0.0267753 -0.0130435 0.0032
v -0.028 -0.0136 0.0032
v -0.028 -0.0128 0.0032
v -0.0289184 -0.0137826 0.0032
v -0.0292246 -0.0130435 0.0032
v -0.029696999999999998 -0.014303 0.0032
v -0.0302627 -0.0137373 0.0032
v -0.0302173 -0.0150815 0.0032
v -0.0309564 -0.0147754 0.0032
v -0.028 -0.0056 0.0032
v -0.0289184 -0.0057826 0.0032
v -0.0289184 -0.0057826 0.0048000000000000004
v -0.028 -0.0056 0.0048000000000000004
v -0.029696999999999998 -0.006303 0.0032
v -0.029696999999999998 -0.006303 0.0048000000000000004
v -0.0302173 -0.0070815 0.0032
v -0.0302173 -0.0070815 0.0048000000000000004
v -0.0304 -0.008 0.0032
v -0.0304 -0.008 0.0048000000000000004
v -0.0302173 -0.0089185 0.0032
v -0.0302173 -0.0089185 0.0048000000000000004
v -0.029696999999999998 -0.009697 0.0032
v -0.029696999999999998 -0.009697 0.0048000000000000004
v -0.0289184 -0.0102174 0.0032
v -0.0289184 -0.0102174 0.0048000000000000004
v -0.028 -0.0104 0.0032
v -0.028 -0.0104 0.0048000000000000004
v -0.027081499999999998 -0.0102174 0.0032
v -0.027081499999999998 -0.0102174 0.0048000000000000004
v -0.0263029 -0.009697 0.0032
v -0.0263029 -0.009697 0.0048000000000000004
v -0.0257826 -0.0089185 0.0032
v -0.0257826 -0.0089185 0.0048000000000000004
v -0.0256 -0.008 0.0032
v -0.0256 -0.008 0.0048000000000000004
v -0.0257826 -0.0070815 0.0032
v -0.0257826 -0.0070815 0.0048000000000000004
v -0.0263029 -0.006303 0.0032
v -0.0263029 -0.006303 0.0048000000000000004
v -0.027081499999999998 -0.0057826 0.0032
v -0.027081499999999998 -0.0057826 0.0048000000000000004
v -0.028 -0.0048 0.0032
v -0.0292246 -0.0050435 0.0032
v -0.0292246 -0.0050435 0.0048000000000000004
v -0.028 -0.0048 0.0048000000000000004
v -0.0302627 -0.0057373 0.0032
v -0.0302627 -0.0057373 0.0048000000000000004
v -0.0309564 -0.0067754 0.0032
v -0.0309564 -0.0067754 0.0048000000000000004
v -0.031200000000000002 -0.008 0.0032
v -0.031200000000000002 -0.008 0.0048000000000000004
v -0.0309564 -0.0092246 0.0032
v -0.0309564 -0.0092246 0.0048000000000000004
v -0.0302627 -0.0102627 0.0032
v -0.0302627 -0.0102627 0.0048000000000000004
v -0.0292246 -0.0109565 0.0032
v -0.0292246 -0.0109565 0.0048000000000000004
v -0.028 -0.0112 0.0032
v -0.028 -0.0112 0.0048000000000000004
v -0.0267753 -0.0109565 0.0032
v -0.0267753 -0.0109565 0.0048000000000000004
v -0.0257373 -0.0102627 0.0032
v -0.0257373 -0.0102627 0.0048000000000000004
v -0.0250435 -0.0092246 0.0032
v -0.0250435 -0.0092246 0.0048000000000000004
v -0.0248 -0.008 0.0032
v -0.0248 -0.008 0.0048000000000000004
v -0.0250435 -0.0067754 0.0032
v -0.0250435 -0.0067754 0.0048000000000000004
v -0.0257373 -0.0057373 0.0032
v -0.0257373 -0.0057373 0.0048000000000000004
v -0.0267753 -0.0050435 0.0032
v -0.0267753 -0.0050435 0.0048000000000000004
v -0.031200000000000002 -0.008 0.0032
v -0.0304 -0.008 0.0032
v -0.0302173 -0.0089185 0.0032
v -0.0309564 -0.0092246 0.0032
v -0.029696999999999998 -0.009697 0.0032
v -0.0302627 -0.0102627 0.0032
v -0.0289184 -0.0102174 0.0032
v -0.0292246 -0.0109565 0.0032
v -0.028 -0.0104 0.0032
v -0.028 -0.0112 0.0032
v -0.027081499999999998 -0.0102174 0.0032
v -0.0267753 -0.0109565 0.0032
v -0.0263029 -0.009697 0.0032
v -0.0257373 -0.0102627 0.0032
v -0.0257826 -0.0089185 0.0032
v -0.0250435 -0.0092246 0.0032
v -0.0256 -0.008 0.0032
v -0.0248 -0.008 0.0032
v -0.0257826 -0.0070815 0.0032
v -0.0250435 -0.0067754 0.0032
v -0.0263029 -0.006303 0.0032
v -0.0257373 -0.0057373 0.0032
v -0.027081499999999998 -0.0057826 0.0032
v -0.0267753 -0.0050435 0.0032
v -0.028 -0.0056 0.0032
v -0.028 -0.0048 0.0032
v -0.0289184 -0.0057826 0.0032
v -0.0292246 -0.0050435 0.0032
v -0.029696999999999998 -0.006303 0.0032
v -0.0302627 -0.0057373 0.0032
v -0.0302173 -0.0070815 0.0032
v -0.0309564 -0.0067754 0.0032
v 0.0016000000000000007 0.0 0.0032
v 0.0017827 -0.0009185 0.0032
v 0.0017827 -0.0009185 0.0048000000000000004
v 0.0016000000000000007 0.0 0.0048000000000000004
v 0.0023029999999999995 -0.001697 0.0032
v 0.0023029999999999995 -0.001697 0.0048000000000000004
v 0.003081500000000001 -0.0022174 0.0032
v 0.003081500000000001 -0.0022174 0.0048000000000000004
v 0.004 -0.0024 0.0032
v 0.004 -0.0024 0.0048000000000000004
v 0.0049185 -0.0022174 0.0032
v 0.0049185 -0.0022174 0.0048000000000000004
v 0.0056971 -0.001697 0.0032
v 0.0056971 -0.001697 0.0048000000000000004
v 0.0062174000000000005 -0.0009185 0.0032
v 0.0062174000000000005 -0.0009185 0.0048000000000000004
v 0.0064 0.0 0.0032
v 0.0064 0.0 0.0048000000000000004
v 0.0062174000000000005 0.0009185 0.0032
v 0.0062174000000000005 0.0009185 0.0048000000000000004
v 0.0056971 0.001697 0.0032
v 0.0056971 0.001697 0.0048000000000000004
v 0.0049185 0.0022174 0.0032
v 0.0049185 0.0022174 0.0048000000000000004
v 0.004 0.0024 0.0032
v 0.004 0.0024 0.0048000000000000004
v 0.003081500000000001 0.0022174 0.0032
v 0.003081500000000001 0.0022174 0.0048000000000000004
v 0.0023029999999999995 0.001697 0.0032
v 0.0023029999999999995 0.001697 0.0048000000000000004
v 0.0017827 0.0009185 0.0032
v 0.0017827 0.0009185 0.0048000000000000004
v 0.0008000000000000004 0.0 0.0032
v 0.001043500000000001 -0.0012246 0.0032
v 0.001043500000000001 -0.0012246 0.0048000000000000004
v 0.0008000000000000004 0.0 0.0048000000000000004
v 0.0017373000000000006 -0.0022627 0.0032
v 0.0017373000000000006 -0.0022627 0.0048000000000000004
v 0.0027754000000000008 -0.0029565 0.0032
v 0.0027754000000000008 -0.0029565 0.0048000000000000004
v 0.004 -0.0032 0.0032
v 0.004 -0.0032 0.0048000000000000004
v 0.0052247000000000005 -0.0029565 0.0032
v 0.0052247000000000005 -0.0029565 0.0048000000000000004
v 0.0062627 -0.0022627 0.0032
v 0.0062627 -0.0022627 0.0048000000000000004
v 0.0069565 -0.0012246 0.0032
v 0.0069565 -0.0012246 0.0048000000000000004
v 0.007200000000000001 0.0 0.0032
v 0.007200000000000001 0.0 0.0048000000000000004
v 0.0069565 0.0012246 0.0032
v 0.0069565 0.0012246 0.0048000000000000004
v 0.0062627 0.0022627 0.0032
v 0.0062627 0.0022627 0.0048000000000000004
v 0.0052247000000000005 0.0029565 0.0032
v 0.0052247000000000005 0.0029565 0.0048000000000000004
v 0.004 0.0032 0.0032
v 0.004 0.0032 0.0048000000000000004
v 0.0027754000000000008 0.0029565 0.0032
v 0.0027754000000000008 0.0029565 0.0048000000000000004
v 0.0017373000000000006 0.0022627 0.0032
v 0.0017373000000000006 0.0022627 0.0048000000000000004
v 0.001043500000000001 0.0012246 0.0032
v 0.001043500000000001 0.0012246 0.0048000000000000004
v 0.004 -0.0032 0.0032
v 0.004 -0.0024 0.0032
v 0.0049185 -0.0022174 0.0032
v 0.0052247000000000005 -0.0029565 0.0032
v 0.0056971 -0.001697 0.0032
v 0.0062627 -0.0022627 0.0032
v 0.0062174000000000005 -0.0009185 0.0032
v 0.0069565 -0.0012246 0.0032
v 0.0064 0.0 0.0032
v 0.007200000000000001 0.0 0.0032
v 0.0062174000000000005 0.0009185 0.0032
v 0.0069565 0.0012246 0.0032
v 0.0056971 0.001697 0.0032
v 0.0062627 0.0022627 0.0032
v 0.0049185 0.0022174 0.0032
v 0.0052247000000000005 0.0029565 0.0032
v 0.004 0.0024 0.0032
v 0.004 0.0032 0.0032
v 0.003081500000000001 0.0022174 0.0032
v 0.0027754000000000008 0.0029565 0.0032
v 0.0023029999999999995 0.001697 0.0032
v 0.0017373000000000006 0.0022627 0.0032
v 0.0017827 0.0009185 0.0032
v 0.001043500000000001 0.0012246 0.0032
v 0.0016000000000000007 0.0 0.0032
v 0.0008000000000000004 0.0 0.0032
v 0.0017827 -0.0009185 0.0032
v 0.001043500000000001 -0.0012246 0.0032
v 0.0023029999999999995 -0.001697 0.0032
v 0.0017373000000000006 -0.0022627 0.0032
v 0.003081500000000001 -0.0022174 0.0032
v 0.0027754000000000008 -0.0029565 0.0032
v -0.0063999999999999994 0.0 0.0032
v -0.0062172999999999985 -0.0009185 0.0032
v -0.0062172999999999985 -0.0009185 0.0048000000000000004
v -0.0063999999999999994 0.0 0.0048000000000000004
v -0.005697000000000001 -0.001697 0.0032
v -0.005697000000000001 -0.001697 0.0048000000000000004
v -0.004918499999999999 -0.0022174 0.0032
v -0.004918499999999999 -0.0022174 0.0048000000000000004
v -0.004 -0.0024 0.0032
v -0.004 -0.0024 0.0048000000000000004
v -0.003081499999999999 -0.0022174 0.0032
v -0.003081499999999999 -0.0022174 0.0048000000000000004
v -0.0023029 -0.001697 0.0032
v -0.0023029 -0.001697 0.0048000000000000004
v -0.0017826000000000005 -0.0009185 0.0032
v -0.0017826000000000005 -0.0009185 0.0048000000000000004
v -0.001599999999999999 0.0 0.0032
v -0.001599999999999999 0.0 0.0048000000000000004
v -0.0017826000000000005 0.0009185 0.0032
v -0.0017826000000000005 0.0009185 0.0048000000000000004
v -0.0023029 0.001697 0.0032
v -0.0023029 0.001697 0.0048000000000000004
v -0.003081499999999999 0.0022174 0.0032
v -0.003081499999999999 0.0022174 0.0048000000000000004
v -0.004 0.0024 0.0032
v -0.004 0.0024 0.0048000000000000004
v -0.004918499999999999 0.0022174 0.0032
v -0.004918499999999999 0.0022174 0.0048000000000000004
v -0.005697000000000001 0.001697 0.0032
v -0.005697000000000001 0.001697 0.0048000000000000004
v -0.0062172999999999985 0.0009185 0.0032
v -0.0062172999999999985 0.0009185 0.0048000000000000004
v -0.007199999999999998 0.0 0.0032
v -0.006956500000000001 -0.0012246 0.0032
v -0.006956500000000001 -0.0012246 0.0048000000000000004
v -0.007199999999999998 0.0 0.0048000000000000004
v -0.0062626999999999995 -0.0022627 0.0032
v -0.0062626999999999995 -0.0022627 0.0048000000000000004
v -0.005224599999999999 -0.0029565 0.0032
v -0.005224599999999999 -0.0029565 0.0048000000000000004
v -0.004 -0.0032 0.0032
v -0.004 -0.0032 0.0048000000000000004
v -0.0027752999999999996 -0.0029565 0.0032
v -0.0027752999999999996 -0.0029565 0.0048000000000000004
v -0.001737299999999999 -0.0022627 0.0032
v -0.001737299999999999 -0.0022627 0.0048000000000000004
v -0.0010434999999999993 -0.0012246 0.0032
v -0.0010434999999999993 -0.0012246 0.0048000000000000004
v -0.0008000000000000004 0.0 0.0032
v -0.0008000000000000004 0.0 0.0048000000000000004
v -0.0010434999999999993 0.0012246 0.0032
v -0.0010434999999999993 0.0012246 0.0048000000000000004
v -0.001737299999999999 0.0022627 0.0032
v -0.001737299999999999 0.0022627 0.0048000000000000004
v -0.0027752999999999996 0.0029565 0.0032
v -0.0027752999999999996 0.0029565 0.0048000000000000004
v -0.004 0.0032 0.0032
v -0.004 0.0032 0.0048000000000000004
v -0.005224599999999999 0.0029565 0.0032
v -0.005224599999999999 0.0029565 0.0048000000000000004
v -0.0062626999999999995 0.0022627 0.0032
v -0.0062626999999999995 0.0022627 0.0048000000000000004
v -0.006956500000000001 0.0012246 0.0032
v -0.006956500000000001 0.0012246 0.0048000000000000004
v -0.004 -0.0032 0.0032
v -0.004 -0.0024 0.0032
v -0.003081499999999999 -0.0022174 0.0032
v -0.0027752999999999996 -0.0029565 0.0032
v -0.0023029 -0.001697 0.0032
v -0.001737299999999999 -0.0022627 0.0032
v -0.0017826000000000005 -0.0009185 0.0032
v -0.0010434999999999993 -0.0012246 0.0032
v -0.001599999999999999 0.0 0.0032
v -0.0008000000000000004 0.0 0.0032
v -0.0017826000000000005 0.0009185 0.0032
v -0.0010434999999999993 0.0012246 0.0032
v -0.0023029 0.001697 0.0032
v -0.001737299999999999 0.0022627 0.0032
v -0.003081499999999999 0.0022174 0.0032
v -0.0027752999999999996 0.0029565 0.0032
v -0.004 0.0024 0.0032
v -0.004 0.0032 0.0032
v -0.004918499999999999 0.0022174 0.0032
v -0.005224599999999999 0.0029565 0.0032
v -0.005697000000000001 0.001697 0.0032
v -0.0062626999999999995 0.0022627 0.0032
v -0.0062172999999999985 0.0009185 0.0032
v -0.006956500000000001 0.0012246 0.0032
v -0.0063999999999999994 0.0 0.0032
v -0.007199999999999998 0.0 0.0032
v -0.0062172999999999985 -0.0009185 0.0032
v -0.006956500000000001 -0.0012246 0.0032
v -0.005697000000000001 -0.001697 0.0032
v -0.0062626999999999995 -0.0022627 0.0032
v -0.004918499999999999 -0.0022174 0.0032
v -0.005224599999999999 -0.0029565 0.0032
v -0.0144 0.0 0.0032
v -0.014217299999999999 -0.0009185 0.0032
v -0.014217299999999999 -0.0009185 0.0048000000000000004
v -0.0144 0.0 0.0048000000000000004
v -0.013697 -0.001697 0.0032
v -0.013697 -0.001697 0.0048000000000000004
v -0.0129185 -0.0022174 0.0032
v -0.0129185 -0.0022174 0.0048000000000000004
v -0.012 -0.0024 0.0032
v -0.012 -0.0024 0.0048000000000000004
v -0.011081500000000001 -0.0022174 0.0032
v -0.011081500000000001 -0.0022174 0.0048000000000000004
v -0.0103029 -0.001697 0.0032
v -0.0103029 -0.001697 0.0048000000000000004
v -0.009782599999999999 -0.0009185 0.0032
v -0.009782599999999999 -0.0009185 0.0048000000000000004
v -0.009600000000000001 0.0 0.0032
v -0.009600000000000001 0.0 0.0048000000000000004
v -0.009782599999999999 0.0009185 0.0032
v -0.009782599999999999 0.0009185 0.0048000000000000004
v -0.0103029 0.001697 0.0032
v -0.0103029 0.001697 0.0048000000000000004
v -0.011081500000000001 0.0022174 0.0032
v -0.011081500000000001 0.0022174 0.0048000000000000004
v -0.012 0.0024 0.0032
v -0.012 0.0024 0.0048000000000000004
v -0.0129185 0.0022174 0.0032
v -0.0129185 0.0022174 0.0048000000000000004
v -0.013697 0.001697 0.0032
v -0.013697 0.001697 0.0048000000000000004
v -0.014217299999999999 0.0009185 0.0032
v -0.014217299999999999 0.0009185 0.0048000000000000004
v -0.015199999999999998 0.0 0.0032
v -0.014956500000000001 -0.0012246 0.0032
v -0.014956500000000001 -0.0012246 0.0048000000000000004
v -0.015199999999999998 0.0 0.0048000000000000004
v -0.0142627 -0.0022627 0.0032
v -0.0142627 -0.0022627 0.0048000000000000004
v -0.0132246 -0.0029565 0.0032
v -0.0132246 -0.0029565 0.0048000000000000004
v -0.012 -0.0032 0.0032
v -0.012 -0.0032 0.0048000000000000004
v -0.010775299999999998 -0.0029565 0.0032
v -0.010775299999999998 -0.0029565 0.0048000000000000004
v -0.0097373 -0.0022627 0.0032
v -0.0097373 -0.0022627 0.0048000000000000004
v -0.0090435 -0.0012246 0.0032
v -0.0090435 -0.0012246 0.0048000000000000004
v -0.008799999999999999 0.0 0.0032
v -0.008799999999999999 0.0 0.0048000000000000004
v -0.0090435 0.0012246 0.0032
v -0.0090435 0.0012246 0.0048000000000000004
v -0.0097373 0.0022627 0.0032
v -0.0097373 0.0022627 0.0048000000000000004
v -0.010775299999999998 0.0029565 0.0032
v -0.010775299999999998 0.0029565 0.0048000000000000004
v -0.012 0.0032 0.0032
v -0.012 0.0032 0.0048000000000000004
v -0.0132246 0.0029565 0.0032
v -0.0132246 0.0029565 0.0048000000000000004
v -0.0142627 0.0022627 0.0032
v -0.0142627 0.0022627 0.0048000000000000004
v -0.014956500000000001 0.0012246 0.0032
v -0.014956500000000001 0.0012246 0.0048000000000000004
v -0.012 -0.0032 0.0032
v -0.012 -0.0024 0.0032
v -0.011081500000000001 -0.0022174 0.0032
v -0.010775299999999998 -0.0029565 0.0032
v -0.0103029 -0.001697 0.0032
v -0.0097373 -0.0022627 0.0032
v -0.009782599999999999 -0.0009185 0.0032
v -0.0090435 -0.0012246 0.0032
v -0.009600000000000001 0.0 0.0032
v -0.008799999999999999 0.0 0.0032
v -0.009782599999999999 0.0009185 0.0032
v -0.0090435 0.0012246 0.0032
v -0.0103029 0.001697 0.0032
v -0.0097373 0.0022627 0.0032
v -0.011081500000000001 0.0022174 0.0032
v -0.010775299999999998 0.0029565 0.0032
v -0.012 0.0024 0.0032
v -0.012 0.0032 0.0032
v -0.0129185 0.0022174 0.0032
v -0.0132246 0.0029565 0.0032
v -0.013697 0.001697 0.0032
v -0.0142627 0.0022627 0.0032
v -0.014217299999999999 0.0009185 0.0032
v -0.014956500000000001 0.0012246 0.0032
v -0.0144 0.0 0.0032
v -0.015199999999999998 0.0 0.0032
v -0.014217299999999999 -0.0009185 0.0032
v -0.014956500000000001 -0.0012246 0.0032
v -0.013697 -0.001697 0.0032
v -0.0142627 -0.0022627 0.0032
v -0.0129185 -0.0022174 0.0032
v -0.0132246 -0.0029565 0.0032
v -0.0224 0.0 0.0032
v -0.0222173 -0.0009185 0.0032
v -0.0222173 -0.0009185 0.0048000000000000004
v -0.0224 0.0 0.0048000000000000004
v -0.021696999999999998 -0.001697 0.0032
v -0.021696999999999998 -0.001697 0.0048000000000000004
v -0.0209184 -0.0022174 0.0032
v -0.0209184 -0.0022174 0.0048000000000000004
v -0.02 -0.0024 0.0032
v -0.02 -0.0024 0.0048000000000000004
v -0.0190815 -0.0022174 0.0032
v -0.0190815 -0.0022174 0.0048000000000000004
v -0.0183029 -0.001697 0.0032
v -0.0183029 -0.001697 0.0048000000000000004
v -0.0177826 -0.0009185 0.0032
v -0.0177826 -0.0009185 0.0048000000000000004
v -0.0176 0.0 0.0032
v -0.0176 0.0 0.0048000000000000004
v -0.0177826 0.0009185 0.0032
v -0.0177826 0.0009185 0.0048000000000000004
v -0.0183029 0.001697 0.0032
v -0.0183029 0.001697 0.0048000000000000004
v -0.0190815 0.0022174 0.0032
v -0.0190815 0.0022174 0.0048000000000000004
v -0.02 0.0024 0.0032
v -0.02 0.0024 0.0048000000000000004
v -0.0209184 0.0022174 0.0032
v -0.0209184 0.0022174 0.0048000000000000004
v -0.021696999999999998 0.001697 0.0032
v -0.021696999999999998 0.001697 0.0048000000000000004
v -0.0222173 0.0009185 0.0032
v -0.0222173 0.0009185 0.0048000000000000004
v -0.023200000000000002 0.0 0.0032
v -0.0229565 -0.0012246 0.0032
v -0.0229565 -0.0012246 0.0048000000000000004
v -0.023200000000000002 0.0 0.0048000000000000004
v -0.0222627 -0.0022627 0.0032
v -0.0222627 -0.0022627 0.0048000000000000004
v -0.0212246 -0.0029565 0.0032
v -0.0212246 -0.0029565 0.0048000000000000004
v -0.02 -0.0032 0.0032
v -0.02 -0.0032 0.0048000000000000004
v -0.018775299999999998 -0.0029565 0.0032
v -0.018775299999999998 -0.0029565 0.0048000000000000004
v -0.0177373 -0.0022627 0.0032
v -0.0177373 -0.0022627 0.0048000000000000004
v -0.0170435 -0.0012246 0.0032
v -0.0170435 -0.0012246 0.0048000000000000004
v -0.0168 0.0 0.0032
v -0.0168 0.0 0.0048000000000000004
v -0.0170435 0.0012246 0.0032
v -0.0170435 0.0012246 0.0048000000000000004
v -0.0177373 0.0022627 0.0032
v -0.0177373 0.0022627 0.0048000000000000004
v -0.018775299999999998 0.0029565 0.0032
v -0.018775299999999998 0.0029565 0.0048000000000000004
v -0.02 0.0032 0.0032
v -0.02 0.0032 0.0048000000000000004
v -0.0212246 0.0029565 0.0032
v -0.0212246 0.0029565 0.0048000000000000004
v -0.0222627 0.0022627 0.0032
v -0.0222627 0.0022627 0.0048000000000000004
v -0.0229565 0.0012246 0.0032
v -0.0229565 0.0012246 0.0048000000000000004
v -0.02 -0.0032 0.0032
v -0.02 -0.0024 0.0032
v -0.0190815 -0.0022174 0.0032
v -0.018775299999999998 -0.0029565 0.0032
v -0.0183029 -0.001697 0.0032
v -0.0177373 -0.0022627 0.0032
v -0.0177826 -0.0009185 0.0032
v -0.0170435 -0.0012246 0.0032
v -0.0176 0.0 0.0032
v -0.0168 0.0 0.0032
v -0.0177826 0.0009185 0.0032
v -0.0170435 0.0012246 0.0032
v -0.0183029 0.001697 0.0032
v -0.0177373 0.0022627 0.0032
v -0.0190815 0.0022174 0.0032
v -0.018775299999999998 0.0029565 0.0032
v -0.02 0.0024 0.0032
v -0.02 0.0032 0.0032
v -0.0209184 0.0022174 0.0032
v -0.0212246 0.0029565 0.0032
v -0.021696999999999998 0.001697 0.0032
v -0.0222627 0.0022627 0.0032
v -0.0222173 0.0009185 0.0032
v -0.0229565 0.0012246 0.0032
v -0.0224 0.0 0.0032
v -0.023200000000000002 0.0 0.0032
v -0.0222173 -0.0009185 0.0032
v -0.0229565 -0.0012246 0.0032
v -0.021696999999999998 -0.001697 0.0032
v -0.0222627 -0.0022627 0.0032
v -0.0209184 -0.0022174 0.0032
v -0.0212246 -0.0029565 0.0032
v -0.0304 0.0 0.0032
v -0.0302173 -0.0009185 0.0032
v -0.0302173 -0.0009185 0.0048000000000000004
v -0.0304 0.0 0.0048000000000000004
v -0.029696999999999998 -0.001697 0.0032
v -0.029696999999999998 -0.001697 0.0048000000000000004
v -0.0289184 -0.0022174 0.0032
v -0.0289184 -0.0022174 0.0048000000000000004
v -0.028 -0.0024 0.0032
v -0.028 -0.0024 0.0048000000000000004
v -0.027081499999999998 -0.0022174 0.0032
v -0.027081499999999998 -0.0022174 0.0048000000000000004
v -0.0263029 -0.001697 0.0032
v -0.0263029 -0.001697 0.0048000000000000004
v -0.0257826 -0.0009185 0.0032
v -0.0257826 -0.0009185 0.0048000000000000004
v -0.0256 0.0 0.0032
v -0.0256 0.0 0.0048000000000000004
v -0.0257826 0.0009185 0.0032
v -0.0257826 0.0009185 0.0048000000000000004
v -0.0263029 0.001697 0.0032
v -0.0263029 0.001697 0.0048000000000000004
v -0.027081499999999998 0.0022174 0.0032
v -0.027081499999999998 0.0022174 0.0048000000000000004
v -0.028 0.0024 0.0032
v -0.028 0.0024 0.0048000000000000004
v -0.0289184 0.0022174 0.0032
v -0.0289184 0.0022174 0.0048000000000000004
v -0.029696999999999998 0.001697 0.0032
v -0.029696999999999998 0.001697 0.0048000000000000004
v -0.0302173 0.0009185 0.0032
v -0.0302173 0.0009185 0.0048000000000000004
v -0.031200000000000002 0.0 0.0032
v -0.0309564 -0.0012246 0.0032
v -0.0309564 -0.0012246 0.0048000000000000004
v -0.031200000000000002 0.0 0.0048000000000000004
v -0.0302627 -0.0022627 0.0032
v -0.0302627 -0.0022627 0.0048000000000000004
v -0.0292246 -0.0029565 0.0032
v -0.0292246 -0.0029565 0.0048000000000000004
v -0.028 -0.0032 0.0032
v -0.028 -0.0032 0.0048000000000000004
v -0.0267753 -0.0029565 0.0032
v -0.0267753 -0.0029565 0.0048000000000000004
v -0.0257373 -0.0022627 0.0032
v -0.0257373 -0.0022627 0.0048000000000000004
v -0.0250435 -0.0012246 0.0032
v -0.0250435 -0.0012246 0.0048000000000000004
v -0.0248 0.0 0.0032
v -0.0248 0.0 0.0048000000000000004
v -0.0250435 0.0012246 0.0032
v -0.0250435 0.0012246 0.0048000000000000004
v -0.0257373 0.0022627 0.0032
v -0.0257373 0.0022627 0.0048000000000000004
v -0.0267753 0.0029565 0.0032
v -0.0267753 0.0029565 0.0048000000000000004
v -0.028 0.0032 0.0032
v -0.028 0.0032 0.0048000000000000004
v -0.0292246 0.0029565 0.0032
v -0.0292246 0.0029565 0.0048000000000000004
v -0.0302627 0.0022627 0.0032
v -0.0302627 0.0022627 0.0048000000000000004
v -0.0309564 0.0012246 0.0032
v -0.0309564 0.0012246 0.0048000000000000004
v -0.028 -0.0032 0.0032
v -0.028 -0.0024 0.0032
v -0.027081499999999998 -0.0022174 0.0032
v -0.0267753 -0.0029565 0.0032
v -0.0263029 -0.001697 0.0032
v -0.0257373 -0.0022627 0.0032
v -0.0257826 -0.0009185 0.0032
v -0.0250435 -0.0012246 0.0032
v -0.0256 0.0 0.0032
v -0.0248 0.0 0.0032
v -0.0257826 0.0009185 0.0032
v -0.0250435 0.0012246 0.0032
v -0.0263029 0.001697 0.0032
v -0.0257373 0.0022627 0.0032
v -0.027081499999999998 0.0022174 0.0032
v -0.0267753 0.0029565 0.0032
v -0.028 0.0024 0.0032
v -0.028 0.0032 0.0032
v -0.0289184 0.0022174 0.0032
v -0.0292246 0.0029565 0.0032
v -0.029696999999999998 0.001697 0.0032
v -0.0302627 0.0022627 0.0032
v -0.0302173 0.0009185 0.0032
v -0.0309564 0.0012246 0.0032
v -0.0304 0.0 0.0032
v -0.031200000000000002 0.0 0.0032
v -0.0302173 -0.0009185 0.0032
v -0.0309564 -0.0012246 0.0032
v -0.029696999999999998 -0.001697 0.0032
v -0.0302627 -0.0022627 0.0032
v -0.0289184 -0.0022174 0.0032
v -0.0292246 -0.0029565 0.0032
v 0.02 0.0264 0.0064
v 0.0190815 0.0262174 0.0064
v 0.0190815 0.0262174 0.0144
v 0.02 0.0264 0.0144
v 0.018303 0.025697 0.0064
v 0.018303 0.025697 0.0144
v 0.0177826 0.0249185 0.0064
v 0.0177826 0.0249185 0.0144
v 0.0176 0.024 0.0064
v 0.0176 0.024 0.0144
v 0.0177826 0.0230815 0.0064
v 0.0177826 0.0230815 0.0144
v 0.018303 0.022303 0.0064
v 0.018303 0.022303 0.0144
v 0.0190815 0.0217826 0.0064
v 0.0190815 0.0217826 0.0144
v 0.02 0.0216 0.0064
v 0.02 0.0216 0.0144
v 0.0209185 0.0217826 0.0064
v 0.0209185 0.0217826 0.0144
v 0.021697 0.022303 0.0064
v 0.021697 0.022303 0.0144
v 0.022217399999999998 0.0230815 0.0064
v 0.022217399999999998 0.0230815 0.0144
v 0.0224 0.024 0.0064
v 0.0224 0.024 0.0144
v 0.022217399999999998 0.0249185 0.0064
v 0.022217399999999998 0.0249185 0.0144
v 0.021697 0.025697 0.0064
v 0.021697 0.025697 0.0144
v 0.0209185 0.0262174 0.0064
v 0.0209185 0.0262174 0.0144
v 0.02 0.0272 0.0064
v 0.0187754 0.0269565 0.0064
v 0.0187754 0.0269565 0.0144
v 0.02 0.0272 0.0144
v 0.0177373 0.0262627 0.0064
v 0.0177373 0.0262627 0.0144
v 0.0170435 0.0252246 0.0064
v 0.0170435 0.0252246 0.0144
v 0.0168 0.024 0.0064
v 0.0168 0.024 0.0144
v 0.0170435 0.0227754 0.0064
v 0.0170435 0.0227754 0.0144
v 0.0177373 0.0217373 0.0064
v 0.0177373 0.0217373 0.0144
v 0.0187754 0.0210435 0.0064
v 0.0187754 0.0210435 0.0144
v 0.02 0.0208 0.0064
v 0.02 0.0208 0.0144
v 0.0212246 0.0210435 0.0064
v 0.0212246 0.0210435 0.0144
v 0.0222627 0.0217373 0.0064
v 0.0222627 0.0217373 0.0144
v 0.022956499999999998 0.0227754 0.0064
v 0.022956499999999998 0.0227754 0.0144
v 0.0232 0.024 0.0064
v 0.0232 0.024 0.0144
v 0.022956499999999998 0.0252246 0.0064
v 0.022956499999999998 0.0252246 0.0144
v 0.0222627 0.0262627 0.0064
v 0.0222627 0.0262627 0.0144
v 0.0212246 0.0269565 0.0064
v 0.0212246 0.0269565 0.0144
v 0.0168 0.024 0.0064
v 0.0176 0.024 0.0064
v 0.0177826 0.0230815 0.0064
v 0.0170435 0.0227754 0.0064
v 0.018303 0.022303 0.0064
v 0.0177373 0.0217373 0.0064
v 0.0190815 0.0217826 0.0064
v 0.0187754 0.0210435 0.0064
v 0.02 0.0216 0.0064
v 0.02 0.0208 0.0064
v 0.0209185 0.0217826 0.0064
v 0.0212246 0.0210435 0.0064
v 0.021697 0.022303 0.0064
v 0.0222627 0.0217373 0.0064
v 0.022217399999999998 0.0230815 0.0064
v 0.022956499999999998 0.0227754 0.0064
v 0.0224 0.024 0.0064
v 0.0232 0.024 0.0064
v 0.022217399999999998 0.0249185 0.0064
v 0.022956499999999998 0.0252246 0.0064
v 0.021697 0.025697 0.0064
v 0.0222627 0.0262627 0.0064
v 0.0209185 0.0262174 0.0064
v 0.0212246 0.0269565 0.0064
v 0.02 0.0264 0.0064
v 0.02 0.0272 0.0064
v 0.0190815 0.0262174 0.0064
v 0.0187754 0.0269565 0.0064
v 0.018303 0.025697 0.0064
v 0.0177373 0.0262627 0.0064
v 0.0177826 0.0249185 0.0064
v 0.0170435 0.0252246 0.0064
v 0.0264 0.0176 0.0144
v 0.0264 0.0304 0.0144
v 0.013600000000000001 0.0304 0.0144
v 0.013600000000000001 0.0176 0.0144
v 0.013600000000000001 0.0304 0.0144
v 0.013600000000000001 0.0304 0.0064
v 0.013600000000000001 0.0176 0.0064
v 0.013600000000000001 0.0176 0.0144
v 0.013600000000000001 0.0176 0.0144
v 0.013600000000000001 0.0176 0.0064
v 0.0264 0.0176 0.0064
v 0.0264 0.0176 0.0144
v 0.0264 0.0176 0.0144
v 0.0264 0.0176 0.0064
v 0.0264 0.0304 0.0064
v 0.0264 0.0304 0.0144
v 0.0264 0.0304 0.0144
v 0.0264 0.0304 0.0064
v 0.013600000000000001 0.0304 0.0064
v 0.013600000000000001 0.0304 0.0144
v 0.012 0.016 0.0064
v 0.013600000000000001 0.0176 0.0064
v 0.013600000000000001 0.0304 0.0064
v 0.012 0.032 0.0064
v 0.028 0.016 0.0064
v 0.0264 0.0176 0.0064
v 0.028 0.032 0.0064
v 0.0264 0.0304 0.0064
v 0.028 0.016 0.016
v 0.028 0.032 0.016
v 0.012 0.032 0.016
v 0.012 0.016 0.016
v 0.012 0.032 0.016
v 0.012 0.032 0.0064
v 0.012 0.016 0.0064
v 0.012 0.016 0.016
v 0.012 0.016 0.016
v 0.012 0.016 0.0064
v 0.028 0.016 0.0064
v 0.028 0.016 0.016
v 0.028 0.016 0.016
v 0.028 0.016 0.0064
v 0.028 0.032 0.0064
v 0.028 0.032 0.016
v 0.028 0.032 0.016
v 0.028 0.032 0.0064
v 0.012 0.032 0.0064
v 0.012 0.032 0.016
v 0.016 0.0304 0.016
v 0.015081500000000001 0.0302174 0.016
v 0.015081500000000001 0.0302174 0.0176
v 0.016 0.0304 0.0176
v 0.014303 0.029697 0.016
v 0.014303 0.029697 0.0176
v 0.0137826 0.0289185 0.016
v 0.0137826 0.0289185 0.0176
v 0.013600000000000001 0.028 0.016
v 0.013600000000000001 0.028 0.0176
v 0.0137826 0.0270815 0.016
v 0.0137826 0.0270815 0.0176
v 0.014303 0.026303 0.016
v 0.014303 0.026303 0.0176
v 0.015081500000000001 0.0257826 0.016
v 0.015081500000000001 0.0257826 0.0176
v 0.016 0.0256 0.016
v 0.016 0.0256 0.0176
v 0.0169185 0.0257826 0.016
v 0.0169185 0.0257826 0.0176
v 0.017697 0.026303 0.016
v 0.017697 0.026303 0.0176
v 0.0182174 0.0270815 0.016
v 0.0182174 0.0270815 0.0176
v 0.0184 0.028 0.016
v 0.0184 0.028 0.0176
v 0.0182174 0.0289185 0.016
v 0.0182174 0.0289185 0.0176
v 0.017697 0.029697 0.016
v 0.017697 0.029697 0.0176
v 0.0169185 0.0302174 0.016
v 0.0169185 0.0302174 0.0176
v 0.015081500000000001 0.0302174 0.0176
v 0.016 0.0304 0.0176
v 0.016 0.028 0.0176
v 0.014303 0.029697 0.0176
v 0.0137826 0.0289185 0.0176
v 0.013600000000000001 0.028 0.0176
v 0.0137826 0.0270815 0.0176
v 0.014303 0.026303 0.0176
v 0.015081500000000001 0.0257826 0.0176
v 0.016 0.0256 0.0176
v 0.0169185 0.0257826 0.0176
v 0.017697 0.026303 0.0176
v 0.0182174 0.0270815 0.0176
v 0.0184 0.028 0.0176
v 0.0182174 0.0289185 0.0176
v 0.017697 0.029697 0.0176
v 0.0169185 0.0302174 0.0176
v 0.016 0.0224 0.016
v 0.015081500000000001 0.0222174 0.016
v 0.015081500000000001 0.0222174 0.0176
v 0.016 0.0224 0.0176
v 0.014303 0.021697 0.016
v 0.014303 0.021697 0.0176
v 0.0137826 0.0209185 0.016
v 0.0137826 0.0209185 0.0176
v 0.013600000000000001 0.02 0.016
v 0.013600000000000001 0.02 0.0176
v 0.0137826 0.0190815 0.016
v 0.0137826 0.0190815 0.0176
v 0.014303 0.018303 0.016
v 0.014303 0.018303 0.0176
v 0.015081500000000001 0.0177826 0.016
v 0.015081500000000001 0.0177826 0.0176
v 0.016 0.0176 0.016
v 0.016 0.0176 0.0176
v 0.0169185 0.0177826 0.016
v 0.0169185 0.0177826 0.0176
v 0.017697 0.018303 0.016
v 0.017697 0.018303 0.0176
v 0.0182174 0.0190815 0.016
v 0.0182174 0.0190815 0.0176
v 0.0184 0.02 0.016
v 0.0184 0.02 0.0176
v 0.0182174 0.0209185 0.016
v 0.0182174 0.0209185 0.0176
v 0.017697 0.021697 0.016
v 0.017697 0.021697 0.0176
v 0.0169185 0.0222174 0.016
v 0.0169185 0.0222174 0.0176
v 0.015081500000000001 0.0222174 0.0176
v 0.016 0.0224 0.0176
v 0.016 0.02 0.0176
v 0.014303 0.021697 0.0176
v 0.0137826 0.0209185 0.0176
v 0.013600000000000001 0.02 0.0176
v 0.0137826 0.0190815 0.0176
v 0.014303 0.018303 0.0176
v 0.015081500000000001 0.0177826 0.0176
v 0.016 0.0176 0.0176
v 0.0169185 0.0177826 0.0176
v 0.017697 0.018303 0.0176
v 0.0182174 0.0190815 0.0176
v 0.0184 0.02 0.0176
v 0.0182174 0.0209185 0.0176
v 0.017697 0.021697 0.0176
v 0.0169185 0.0222174 0.0176
v 0.024 0.0304 0.016
v 0.023081499999999998 0.0302174 0.016
v 0.023081499999999998 0.0302174 0.0176
v 0.024 0.0304 0.0176
v 0.022303 0.029697 0.016
v 0.022303 0.029697 0.0176
v 0.0217826 0.0289185 0.016
v 0.0217826 0.0289185 0.0176
v 0.0216 0.028 0.016
v 0.0216 0.028 0.0176
v 0.0217826 0.0270815 0.016
v 0.0217826 0.0270815 0.0176
v 0.022303 0.026303 0.016
v 0.022303 0.026303 0.0176
v 0.023081499999999998 0.0257826 0.016
v 0.023081499999999998 0.0257826 0.0176
v 0.024 0.0256 0.016
v 0.024 0.0256 0.0176
v 0.0249185 0.0257826 0.016
v 0.0249185 0.0257826 0.0176
v 0.025697 0.026303 0.016
v 0.025697 0.026303 0.0176
v 0.026217400000000002 0.0270815 0.016
v 0.026217400000000002 0.0270815 0.0176
v 0.0264 0.028 0.016
v 0.0264 0.028 0.0176
v 0.026217400000000002 0.0289185 0.016
v 0.026217400000000002 0.0289185 0.0176
v 0.025697 0.029697 0.016
v 0.025697 0.029697 0.0176
v 0.0249185 0.0302174 0.016
v 0.0249185 0.0302174 0.0176
v 0.023081499999999998 0.0302174 0.0176
v 0.024 0.0304 0.0176
v 0.024 0.028 0.0176
v 0.022303 0.029697 0.0176
v 0.0217826 0.0289185 0.0176
v 0.0216 0.028 0.0176
v 0.0217826 0.0270815 0.0176
v 0.022303 0.026303 0.0176
v 0.023081499999999998 0.0257826 0.0176
v 0.024 0.0256 0.0176
v 0.0249185 0.0257826 0.0176
v 0.025697 0.026303 0.0176
v 0.026217400000000002 0.0270815 0.0176
v 0.0264 0.028 0.0176
v 0.026217400000000002 0.0289185 0.0176
v 0.025697 0.029697 0.0176
v 0.0249185 0.0302174 0.0176
v 0.024 0.0224 0.016
v 0.023081499999999998 0.0222174 0.016
v 0.023081499999999998 0.0222174 0.0176
v 0.024 0.0224 0.0176
v 0.022303 0.021697 0.016
v 0.022303 0.021697 0.0176
v 0.0217826 0.0209185 0.016
v 0.0217826 0.0209185 0.0176
v 0.0216 0.02 0.016
v 0.0216 0.02 0.0176
v 0.0217826 0.0190815 0.016
v 0.0217826 0.0190815 0.0176
v 0.022303 0.018303 0.016
v 0.022303 0.018303 0.0176
v 0.023081499999999998 0.0177826 0.016
v 0.023081499999999998 0.0177826 0.0176
v 0.024 0.0176 0.016
v 0.024 0.0176 0.0176
v 0.0249185 0.0177826 0.016
v 0.0249185 0.0177826 0.0176
v 0.025697 0.018303 0.016
v 0.025697 0.018303 0.0176
v 0.026217400000000002 0.0190815 0.016
v 0.026217400000000002 0.0190815 0.0176
v 0.0264 0.02 0.016
v 0.0264 0.02 0.0176
v 0.026217400000000002 0.0209185 0.016
v 0.026217400000000002 0.0209185 0.0176
v 0.025697 0.021697 0.016
v 0.025697 0.021697 0.0176
v 0.0249185 0.0222174 0.016
v 0.0249185 0.0222174 0.0176
v 0.023081499999999998 0.0222174 0.0176
v 0.024 0.0224 0.0176
v 0.024 0.02 0.0176
v 0.022303 0.021697 0.0176
v 0.0217826 0.0209185 0.0176
v 0.0216 0.02 0.0176
v 0.0217826 0.0190815 0.0176
v 0.022303 0.018303 0.0176
v 0.023081499999999998 0.0177826 0.0176
v 0.024 0.0176 0.0176
v 0.0249185 0.0177826 0.0176
v 0.025697 0.018303 0.0176
v 0.026217400000000002 0.0190815 0.0176
v 0.0264 0.02 0.0176
v 0.026217400000000002 0.0209185 0.0176
v 0.025697 0.021697 0.0176
v 0.0249185 0.0222174 0.0176
v 0.02 0.0264 0.016
v 0.0190815 0.0262174 0.016
v 0.0190815 0.0262174 0.024
v 0.02 0.0264 0.024
v 0.018303 0.025697 0.016
v 0.018303 0.025697 0.024
v 0.0177826 0.0249185 0.016
v 0.0177826 0.0249185 0.024
v 0.0176 0.024 0.016
v 0.0176 0.024 0.024
v 0.0177826 0.0230815 0.016
v 0.0177826 0.0230815 0.024
v 0.018303 0.022303 0.016
v 0.018303 0.022303 0.024
v 0.0190815 0.0217826 0.016
v 0.0190815 0.0217826 0.024
v 0.02 0.0216 0.016
v 0.02 0.0216 0.024
v 0.0209185 0.0217826 0.016
v 0.0209185 0.0217826 0.024
v 0.021697 0.022303 0.016
v 0.021697 0.022303 0.024
v 0.022217399999999998 0.0230815 0.016
v 0.022217399999999998 0.0230815 0.024
v 0.0224 0.024 0.016
v 0.0224 0.024 0.024
v 0.022217399999999998 0.0249185 0.016
v 0.022217399999999998 0.0249185 0.024
v 0.021697 0.025697 0.016
v 0.021697 0.025697 0.024
v 0.0209185 0.0262174 0.016
v 0.0209185 0.0262174 0.024
v 0.02 0.0272 0.016
v 0.0187754 0.0269565 0.016
v 0.0187754 0.0269565 0.024
v 0.02 0.0272 0.024
v 0.0177373 0.0262627 0.016
v 0.0177373 0.0262627 0.024
v 0.0170435 0.0252246 0.016
v 0.0170435 0.0252246 0.024
v 0.0168 0.024 0.016
v 0.0168 0.024 0.024
v 0.0170435 0.0227754 0.016
v 0.0170435 0.0227754 0.024
v 0.0177373 0.0217373 0.016
v 0.0177373 0.0217373 0.024
v 0.0187754 0.0210435 0.016
v 0.0187754 0.0210435 0.024
v 0.02 0.0208 0.016
v 0.02 0.0208 0.024
v 0.0212246 0.0210435 0.016
v 0.0212246 0.0210435 0.024
v 0.0222627 0.0217373 0.016
v 0.0222627 0.0217373 0.024
v 0.022956499999999998 0.0227754 0.016
v 0.022956499999999998 0.0227754 0.024
v 0.0232 0.024 0.016
v 0.0232 0.024 0.024
v 0.022956499999999998 0.0252246 0.016
v 0.022956499999999998 0.0252246 0.024
v 0.0222627 0.0262627 0.016
v 0.0222627 0.0262627 0.024
v 0.0212246 0.0269565 0.016
v 0.0212246 0.0269565 0.024
v 0.0168 0.024 0.016
v 0.0176 0.024 0.016
v 0.0177826 0.0230815 0.016
v 0.0170435 0.0227754 0.016
v 0.018303 0.022303 0.016
v 0.0177373 0.0217373 0.016
v 0.0190815 0.0217826 0.016
v 0.0187754 0.0210435 0.016
v 0.02 0.0216 0.016
v 0.02 0.0208 0.016
v 0.0209185 0.0217826 0.016
v 0.0212246 0.0210435 0.016
v 0.021697 0.022303 0.016
v 0.0222627 0.0217373 0.016
v 0.022217399999999998 0.0230815 0.016
v 0.022956499999999998 0.0227754 0.016
v 0.0224 0.024 0.016
v 0.0232 0.024 0.016
v 0.022217399999999998 0.0249185 0.016
v 0.022956499999999998 0.0252246 0.016
v 0.021697 0.025697 0.016
v 0.0222627 0.0262627 0.016
v 0.0209185 0.0262174 0.016
v 0.0212246 0.0269565 0.016
v 0.02 0.0264 0.016
v 0.02 0.0272 0.016
v 0.0190815 0.0262174 0.016
v 0.0187754 0.0269565 0.016
v 0.018303 0.025697 0.016
v 0.0177373 0.0262627 0.016
v 0.0177826 0.0249185 0.016
v 0.0170435 0.0252246 0.016
v 0.0264 0.0176 0.024
v 0.0264 0.0304 0.024
v 0.013600000000000001 0.0304 0.024
v 0.013600000000000001 0.0176 0.024
v 0.013600000000000001 0.0304 0.024
v 0.013600000000000001 0.0304 0.016
v 0.013600000000000001 0.0176 0.016
v 0.013600000000000001 0.0176 0.024
v 0.013600000000000001 0.0176 0.024
v 0.013600000000000001 0.0176 0.016
v 0.0264 0.0176 0.016
v 0.0264 0.0176 0.024
v 0.0264 0.0176 0.024
v 0.0264 0.0176 0.016
v 0.0264 0.0304 0.016
v 0.0264 0.0304 0.024
v 0.0264 0.0304 0.024
v 0.0264 0.0304 0.016
v 0.013600000000000001 0.0304 0.016
v 0.013600000000000001 0.0304 0.024
v 0.012 0.016 0.016
v 0.013600000000000001 0.0176 0.016
v 0.013600000000000001 0.0304 0.016
v 0.012 0.032 0.016
v 0.028 0.016 0.016
v 0.0264 0.0176 0.016
v 0.028 0.032 0.016
v 0.0264 0.0304 0.016
v 0.028 0.016 0.0256
v 0.028 0.032 0.0256
v 0.012 0.032 0.0256
v 0.012 0.016 0.0256
v 0.012 0.032 0.0256
v 0.012 0.032 0.016
v 0.012 0.016 0.016
v 0.012 0.016 0.0256
v 0.012 0.016 0.0256
v 0.012 0.016 0.016
v 0.028 0.016 0.016
v 0.028 0.016 0.0256
v 0.028 0.016 0.0256
v 0.028 0.016 0.016
v 0.028 0.032 0.016
v 0.028 0.032 0.0256
v 0.028 0.032 0.0256
v 0.028 0.032 0.016
v 0.012 0.032 0.016
v 0.012 0.032 0.0256
v 0.016 0.0304 0.0256
v 0.015081500000000001 0.0302174 0.0256
v 0.015081500000000001 0.0302174 0.027200000000000002
v 0.016 0.0304 0.027200000000000002
v 0.014303 0.029697 0.0256
v 0.014303 0.029697 0.027200000000000002
v 0.0137826 0.0289185 0.0256
v 0.0137826 0.0289185 0.027200000000000002
v 0.013600000000000001 0.028 0.0256
v 0.013600000000000001 0.028 0.027200000000000002
v 0.0137826 0.0270815 0.0256
v 0.0137826 0.0270815 0.027200000000000002
v 0.014303 0.026303 0.0256
v 0.014303 0.026303 0.027200000000000002
v 0.015081500000000001 0.0257826 0.0256
v 0.015081500000000001 0.0257826 0.027200000000000002
v 0.016 0.0256 0.0256
v 0.016 0.0256 0.027200000000000002
v 0.0169185 0.0257826 0.0256
v 0.0169185 0.0257826 0.027200000000000002
v 0.017697 0.026303 0.0256
v 0.017697 0.026303 0.027200000000000002
v 0.0182174 0.0270815 0.0256
v 0.0182174 0.0270815 0.027200000000000002
v 0.0184 0.028 0.0256
v 0.0184 0.028 0.027200000000000002
v 0.0182174 0.0289185 0.0256
v 0.0182174 0.0289185 0.027200000000000002
v 0.017697 0.029697 0.0256
v 0.017697 0.029697 0.027200000000000002
v 0.0169185 0.0302174 0.0256
v 0.0169185 0.0302174 0.027200000000000002
v 0.015081500000000001 0.0302174 0.027200000000000002
v 0.016 0.0304 0.027200000000000002
v 0.016 0.028 0.027200000000000002
v 0.014303 0.029697 0.027200000000000002
v 0.0137826 0.0289185 0.027200000000000002
v 0.013600000000000001 0.028 0.027200000000000002
v 0.0137826 0.0270815 0.027200000000000002
v 0.014303 0.026303 0.027200000000000002
v 0.015081500000000001 0.0257826 0.027200000000000002
v 0.016 0.0256 0.027200000000000002
v 0.0169185 0.0257826 0.027200000000000002
v 0.017697 0.026303 0.027200000000000002
v 0.0182174 0.0270815 0.027200000000000002
v 0.0184 0.028 0.027200000000000002
v 0.0182174 0.0289185 0.027200000000000002
v 0.017697 0.029697 0.027200000000000002
v 0.0169185 0.0302174 0.027200000000000002
v 0.016 0.0224 0.0256
v 0.015081500000000001 0.0222174 0.0256
v 0.015081500000000001 0.0222174 0.027200000000000002
v 0.016 0.0224 0.027200000000000002
v 0.014303 0.021697 0.0256
v 0.014303 0.021697 0.027200000000000002
v 0.0137826 0.0209185 0.0256
v 0.0137826 0.0209185 0.027200000000000002
v 0.013600000000000001 0.02 0.0256
v 0.013600000000000001 0.02 0.027200000000000002
v 0.0137826 0.0190815 0.0256
v 0.0137826 0.0190815 0.027200000000000002
v 0.014303 0.018303 0.0256
v 0.014303 0.018303 0.027200000000000002
v 0.015081500000000001 0.0177826 0.0256
v 0.015081500000000001 0.0177826 0.027200000000000002
v 0.016 0.0176 0.0256
v 0.016 0.0176 0.027200000000000002
v 0.0169185 0.0177826 0.0256
v 0.0169185 0.0177826 0.027200000000000002
v 0.017697 0.018303 0.0256
v 0.017697 0.018303 0.027200000000000002
v 0.0182174 0.0190815 0.0256
v 0.0182174 0.0190815 0.027200000000000002
v 0.0184 0.02 0.0256
v 0.0184 0.02 0.027200000000000002
v 0.0182174 0.0209185 0.0256
v 0.0182174 0.0209185 0.027200000000000002
v 0.017697 0.021697 0.0256
v 0.017697 0.021697 0.027200000000000002
v 0.0169185 0.0222174 0.0256
v 0.0169185 0.0222174 0.027200000000000002
v 0.015081500000000001 0.0222174 0.027200000000000002
v 0.016 0.0224 0.027200000000000002
v 0.016 0.02 0.027200000000000002
v 0.014303 0.021697 0.027200000000000002
v 0.0137826 0.0209185 0.027200000000000002
v 0.013600000000000001 0.02 0.027200000000000002
v 0.0137826 0.0190815 0.027200000000000002
v 0.014303 0.018303 0.027200000000000002
v 0.015081500000000001 0.0177826 0.027200000000000002
v 0.016 0.0176 0.027200000000000002
v 0.0169185 0.0177826 0.027200000000000002
v 0.017697 0.018303 0.027200000000000002
v 0.0182174 0.0190815 0.027200000000000002
v 0.0184 0.02 0.027200000000000002
v 0.0182174 0.0209185 0.027200000000000002
v 0.017697 0.021697 0.027200000000000002
v 0.0169185 0.0222174 0.027200000000000002
v 0.024 0.0304 0.0256
v 0.023081499999999998 0.0302174 0.0256
v 0.023081499999999998 0.0302174 0.027200000000000002
v 0.024 0.0304 0.027200000000000002
v 0.022303 0.029697 0.0256
v 0.022303 0.029697 0.027200000000000002
v 0.0217826 0.0289185 0.0256
v 0.0217826 0.0289185 0.027200000000000002
v 0.0216 0.028 0.0256
v 0.0216 0.028 0.027200000000000002
v 0.0217826 0.0270815 0.0256
v 0.0217826 0.0270815 0.027200000000000002
v 0.022303 0.026303 0.0256
v 0.022303 0.026303 0.027200000000000002
v 0.023081499999999998 0.0257826 0.0256
v 0.023081499999999998 0.0257826 0.027200000000000002
v 0.024 0.0256 0.0256
v 0.024 0.0256 0.027200000000000002
v 0.0249185 0.0257826 0.0256
v 0.0249185 0.0257826 0.027200000000000002
v 0.025697 0.026303 0.0256
v 0.025697 0.026303 0.027200000000000002
v 0.026217400000000002 0.0270815 0.0256
v 0.026217400000000002 0.0270815 0.027200000000000002
v 0.0264 0.028 0.0256
v 0.0264 0.028 0.027200000000000002
v 0.026217400000000002 0.0289185 0.0256
v 0.026217400000000002 0.0289185 0.027200000000000002
v 0.025697 0.029697 0.0256
v 0.025697 0.029697 0.027200000000000002
v 0.0249185 0.0302174 0.0256
v 0.0249185 0.0302174 0.027200000000000002
v 0.023081499999999998 0.0302174 0.027200000000000002
v 0.024 0.0304 0.027200000000000002
v 0.024 0.028 0.027200000000000002
v 0.022303 0.029697 0.027200000000000002
v 0.0217826 0.0289185 0.027200000000000002
v 0.0216 0.028 0.027200000000000002
v 0.0217826 0.0270815 0.027200000000000002
v 0.022303 0.026303 0.027200000000000002
v 0.023081499999999998 0.0257826 0.027200000000000002
v 0.024 0.0256 0.027200000000000002
v 0.0249185 0.0257826 0.027200000000000002
v 0.025697 0.026303 0.027200000000000002
v 0.026217400000000002 0.0270815 0.027200000000000002
v 0.0264 0.028 0.027200000000000002
v 0.026217400000000002 0.0289185 0.027200000000000002
v 0.025697 0.029697 0.027200000000000002
v 0.0249185 0.0302174 0.027200000000000002
v 0.024 0.0224 0.0256
v 0.023081499999999998 0.0222174 0.0256
v 0.023081499999999998 0.0222174 0.027200000000000002
v 0.024 0.0224 0.027200000000000002
v 0.022303 0.021697 0.0256
v 0.022303 0.021697 0.027200000000000002
v 0.0217826 0.0209185 0.0256
v 0.0217826 0.0209185 0.027200000000000002
v 0.0216 0.02 0.0256
v 0.0216 0.02 0.027200000000000002
v 0.0217826 0.0190815 0.0256
v 0.0217826 0.0190815 0.027200000000000002
v 0.022303 0.018303 0.0256
v 0.022303 0.018303 0.027200000000000002
v 0.023081499999999998 0.0177826 0.0256
v 0.023081499999999998 0.0177826 0.027200000000000002
v 0.024 0.0176 0.0256
v 0.024 0.0176 0.027200000000000002
v 0.0249185 0.0177826 0.0256
v 0.0249185 0.0177826 0.027200000000000002
v 0.025697 0.018303 0.0256
v 0.025697 0.018303 0.027200000000000002
v 0.026217400000000002 0.0190815 0.0256
v 0.026217400000000002 0.0190815 0.027200000000000002
v 0.0264 0.02 0.0256
v 0.0264 0.02 0.027200000000000002
v 0.026217400000000002 0.0209185 0.0256
v 0.026217400000000002 0.0209185 0.027200000000000002
v 0.025697 0.021697 0.0256
v 0.025697 0.021697 0.027200000000000002
v 0.0249185 0.0222174 0.0256
v 0.0249185 0.0222174 0.027200000000000002
v 0.023081499999999998 0.0222174 0.027200000000000002
v 0.024 0.0224 0.027200000000000002
v 0.024 0.02 0.027200000000000002
v 0.022303 0.021697 0.027200000000000002
v 0.0217826 0.0209185 0.027200000000000002
v 0.0216 0.02 0.027200000000000002
v 0.0217826 0.0190815 0.027200000000000002
v 0.022303 0.018303 0.027200000000000002
v 0.023081499999999998 0.0177826 0.027200000000000002
v 0.024 0.0176 0.027200000000000002
v 0.0249185 0.0177826 0.027200000000000002
v 0.025697 0.018303 0.027200000000000002
v 0.026217400000000002 0.0190815 0.027200000000000002
v 0.0264 0.02 0.027200000000000002
v 0.026217400000000002 0.0209185 0.027200000000000002
v 0.025697 0.021697 0.027200000000000002
v 0.0249185 0.0222174 0.027200000000000002
v -0.02 -0.0056 0.0064
v -0.020918500000000003 -0.0057826 0.0064
v -0.020918500000000003 -0.0057826 0.008
v -0.02 -0.0056 0.008
v -0.021696999999999998 -0.006303 0.0064
v -0.021696999999999998 -0.006303 0.008
v -0.0222174 -0.0070815 0.0064
v -0.0222174 -0.0070815 0.008
v -0.0224 -0.008 0.0064
v -0.0224 -0.008 0.008
v -0.0222174 -0.0089185 0.0064
v -0.0222174 -0.0089185 0.008
v -0.021696999999999998 -0.009697 0.0064
v -0.021696999999999998 -0.009697 0.008
v -0.020918500000000003 -0.0102174 0.0064
v -0.020918500000000003 -0.0102174 0.008
v -0.02 -0.0104 0.0064
v -0.02 -0.0104 0.008
v -0.0190815 -0.0102174 0.0064
v -0.0190815 -0.0102174 0.008
v -0.018303 -0.009697 0.0064
v -0.018303 -0.009697 0.008
v -0.0177826 -0.0089185 0.0064
v -0.0177826 -0.0089185 0.008
v -0.0176 -0.008 0.0064
v -0.0176 -0.008 0.008
v -0.0177826 -0.0070815 0.0064
v -0.0177826 -0.0070815 0.008
v -0.018303 -0.006303 0.0064
v -0.018303 -0.006303 0.008
v -0.0190815 -0.0057826 0.0064
v -0.0190815 -0.0057826 0.008
v -0.02 -0.0048 0.0064
v -0.0212246 -0.0050435 0.0064
v -0.0212246 -0.0050435 0.008
v -0.02 -0.0048 0.008
v -0.0222627 -0.0057373 0.0064
v -0.0222627 -0.0057373 0.008
v -0.0229565 -0.0067754 0.0064
v -0.0229565 -0.0067754 0.008
v -0.023200000000000002 -0.008 0.0064
v -0.023200000000000002 -0.008 0.008
v -0.0229565 -0.0092246 0.0064
v -0.0229565 -0.0092246 0.008
v -0.0222627 -0.0102627 0.0064
v -0.0222627 -0.0102627 0.008
v -0.0212246 -0.0109565 0.0064
v -0.0212246 -0.0109565 0.008
v -0.02 -0.0112 0.0064
v -0.02 -0.0112 0.008
v -0.0187754 -0.0109565 0.0064
v -0.0187754 -0.0109565 0.008
v -0.0177373 -0.0102627 0.0064
v -0.0177373 -0.0102627 0.008
v -0.0170435 -0.0092246 0.0064
v -0.0170435 -0.0092246 0.008
v -0.0168 -0.008 0.0064
v -0.0168 -0.008 0.008
v -0.0170435 -0.0067754 0.0064
v -0.0170435 -0.0067754 0.008
v -0.0177373 -0.0057373 0.0064
v -0.0177373 -0.0057373 0.008
v -0.0187754 -0.0050435 0.0064
v -0.0187754 -0.0050435 0.008
v -0.023200000000000002 -0.008 0.0064
v -0.0224 -0.008 0.0064
v -0.0222174 -0.0089185 0.0064
v -0.0229565 -0.0092246 0.0064
v -0.021696999999999998 -0.009697 0.0064
v -0.0222627 -0.0102627 0.0064
v -0.020918500000000003 -0.0102174 0.0064
v -0.0212246 -0.0109565 0.0064
v -0.02 -0.0104 0.0064
v -0.02 -0.0112 0.0064
v -0.0190815 -0.0102174 0.0064
v -0.0187754 -0.0109565 0.0064
v -0.018303 -0.009697 0.0064
v -0.0177373 -0.0102627 0.0064
v -0.0177826 -0.0089185 0.0064
v -0.0170435 -0.0092246 0.0064
v -0.0176 -0.008 0.0064
v -0.0168 -0.008 0.0064
v -0.0177826 -0.0070815 0.0064
v -0.0170435 -0.0067754 0.0064
v -0.018303 -0.006303 0.0064
v -0.0177373 -0.0057373 0.0064
v -0.0190815 -0.0057826 0.0064
v -0.0187754 -0.0050435 0.0064
v -0.02 -0.0056 0.0064
v -0.02 -0.0048 0.0064
v -0.020918500000000003 -0.0057826 0.0064
v -0.0212246 -0.0050435 0.0064
v -0.021696999999999998 -0.006303 0.0064
v -0.0222627 -0.0057373 0.0064
v -0.0222174 -0.0070815 0.0064
v -0.0229565 -0.0067754 0.0064
v -0.02 -0.0136 0.0064
v -0.020918500000000003 -0.0137826 0.0064
v -0.020918500000000003 -0.0137826 0.008
v -0.02 -0.0136 0.008
v -0.021696999999999998 -0.014303 0.0064
v -0.021696999999999998 -0.014303 0.008
v -0.0222174 -0.0150815 0.0064
v -0.0222174 -0.0150815 0.008
v -0.0224 -0.016 0.0064
v -0.0224 -0.016 0.008
v -0.0222174 -0.0169185 0.0064
v -0.0222174 -0.0169185 0.008
v -0.021696999999999998 -0.017697 0.0064
v -0.021696999999999998 -0.017697 0.008
v -0.020918500000000003 -0.0182174 0.0064
v -0.020918500000000003 -0.0182174 0.008
v -0.02 -0.0184 0.0064
v -0.02 -0.0184 0.008
v -0.0190815 -0.0182174 0.0064
v -0.0190815 -0.0182174 0.008
v -0.018303 -0.017697 0.0064
v -0.018303 -0.017697 0.008
v -0.0177826 -0.0169185 0.0064
v -0.0177826 -0.0169185 0.008
v -0.0176 -0.016 0.0064
v -0.0176 -0.016 0.008
v -0.0177826 -0.0150815 0.0064
v -0.0177826 -0.0150815 0.008
v -0.018303 -0.014303 0.0064
v -0.018303 -0.014303 0.008
v -0.0190815 -0.0137826 0.0064
v -0.0190815 -0.0137826 0.008
v -0.02 -0.0128 0.0064
v -0.0212246 -0.0130435 0.0064
v -0.0212246 -0.0130435 0.008
v -0.02 -0.0128 0.008
v -0.0222627 -0.0137373 0.0064
v -0.0222627 -0.0137373 0.008
v -0.0229565 -0.0147754 0.0064
v -0.0229565 -0.0147754 0.008
v -0.023200000000000002 -0.016 0.0064
v -0.023200000000000002 -0.016 0.008
v -0.0229565 -0.0172246 0.0064
v -0.0229565 -0.0172246 0.008
v -0.0222627 -0.0182627 0.0064
v -0.0222627 -0.0182627 0.008
v -0.0212246 -0.0189565 0.0064
v -0.0212246 -0.0189565 0.008
v -0.02 -0.0192 0.0064
v -0.02 -0.0192 0.008
v -0.0187754 -0.0189565 0.0064
v -0.0187754 -0.0189565 0.008
v -0.0177373 -0.0182627 0.0064
v -0.0177373 -0.0182627 0.008
v -0.0170435 -0.0172246 0.0064
v -0.0170435 -0.0172246 0.008
v -0.0168 -0.016 0.0064
v -0.0168 -0.016 0.008
v -0.0170435 -0.0147754 0.0064
v -0.0170435 -0.0147754 0.008
v -0.0177373 -0.0137373 0.0064
v -0.0177373 -0.0137373 0.008
v -0.0187754 -0.0130435 0.0064
v -0.0187754 -0.0130435 0.008
v -0.023200000000000002 -0.016 0.0064
v -0.0224 -0.016 0.0064
v -0.0222174 -0.0169185 0.0064
v -0.0229565 -0.0172246 0.0064
v -0.021696999999999998 -0.017697 0.0064
v -0.0222627 -0.0182627 0.0064
v -0.020918500000000003 -0.0182174 0.0064
v -0.0212246 -0.0189565 0.0064
v -0.02 -0.0184 0.0064
v -0.02 -0.0192 0.0064
v -0.0190815 -0.0182174 0.0064
v -0.0187754 -0.0189565 0.0064
v -0.018303 -0.017697 0.0064
v -0.0177373 -0.0182627 0.0064
v -0.0177826 -0.0169185 0.0064
v -0.0170435 -0.0172246 0.0064
v -0.0176 -0.016 0.0064
v -0.0168 -0.016 0.0064
v -0.0177826 -0.0150815 0.0064
v -0.0170435 -0.0147754 0.0064
v -0.018303 -0.014303 0.0064
v -0.0177373 -0.0137373 0.0064
v -0.0190815 -0.0137826 0.0064
v -0.0187754 -0.0130435 0.0064
v -0.02 -0.0136 0.0064
v -0.02 -0.0128 0.0064
v -0.020918500000000003 -0.0137826 0.0064
v -0.0212246 -0.0130435 0.0064
v -0.021696999999999998 -0.014303 0.0064
v -0.0222627 -0.0137373 0.0064
v -0.0222174 -0.0150815 0.0064
v -0.0229565 -0.0147754 0.0064
v -0.02 -0.0216 0.0064
v -0.020918500000000003 -0.0217826 0.0064
v -0.020918500000000003 -0.0217826 0.008
v -0.02 -0.0216 0.008
v -0.021696999999999998 -0.022303 0.0064
v -0.021696999999999998 -0.022303 0.008
v -0.0222174 -0.0230815 0.0064
v -0.0222174 -0.0230815 0.008
v -0.0224 -0.024 0.0064
v -0.0224 -0.024 0.008
v -0.0222174 -0.0249185 0.0064
v -0.0222174 -0.0249185 0.008
v -0.021696999999999998 -0.025697 0.0064
v -0.021696999999999998 -0.025697 0.008
v -0.020918500000000003 -0.0262174 0.0064
v -0.020918500000000003 -0.0262174 0.008
v -0.02 -0.0264 0.0064
v -0.02 -0.0264 0.008
v -0.0190815 -0.0262174 0.0064
v -0.0190815 -0.0262174 0.008
v -0.018303 -0.025697 0.0064
v -0.018303 -0.025697 0.008
v -0.0177826 -0.0249185 0.0064
v -0.0177826 -0.0249185 0.008
v -0.0176 -0.024 0.0064
v -0.0176 -0.024 0.008
v -0.0177826 -0.0230815 0.0064
v -0.0177826 -0.0230815 0.008
v -0.018303 -0.022303 0.0064
v -0.018303 -0.022303 0.008
v -0.0190815 -0.0217826 0.0064
v -0.0190815 -0.0217826 0.008
v -0.02 -0.0208 0.0064
v -0.0212246 -0.0210435 0.0064
v -0.0212246 -0.0210435 0.008
v -0.02 -0.0208 0.008
v -0.0222627 -0.0217373 0.0064
v -0.0222627 -0.0217373 0.008
v -0.0229565 -0.0227754 0.0064
v -0.0229565 -0.0227754 0.008
v -0.023200000000000002 -0.024 0.0064
v -0.023200000000000002 -0.024 0.008
v -0.0229565 -0.0252246 0.0064
v -0.0229565 -0.0252246 0.008
v -0.0222627 -0.0262627 0.0064
v -0.0222627 -0.0262627 0.008
v -0.0212246 -0.0269565 0.0064
v -0.0212246 -0.0269565 0.008
v -0.02 -0.0272 0.0064
v -0.02 -0.0272 0.008
v -0.0187754 -0.0269565 0.0064
v -0.0187754 -0.0269565 0.008
v -0.0177373 -0.0262627 0.0064
v -0.0177373 -0.0262627 0.008
v -0.0170435 -0.0252246 0.0064
v -0.0170435 -0.0252246 0.008
v -0.0168 -0.024 0.0064
v -0.0168 -0.024 0.008
v -0.0170435 -0.0227754 0.0064
v -0.0170435 -0.0227754 0.008
v -0.0177373 -0.0217373 0.0064
v -0.0177373 -0.0217373 0.008
v -0.0187754 -0.0210435 0.0064
v -0.0187754 -0.0210435 0.008
v -0.023200000000000002 -0.024 0.0064
v -0.0224 -0.024 0.0064
v -0.0222174 -0.0249185 0.0064
v -0.0229565 -0.0252246 0.0064
v -0.021696999999999998 -0.025697 0.0064
v -0.0222627 -0.0262627 0.0064
v -0.020918500000000003 -0.0262174 0.0064
v -0.0212246 -0.0269565 0.0064
v -0.02 -0.0264 0.0064
v -0.02 -0.0272 0.0064
v -0.0190815 -0.0262174 0.0064
v -0.0187754 -0.0269565 0.0064
v -0.018303 -0.025697 0.0064
v -0.0177373 -0.0262627 0.0064
v -0.0177826 -0.0249185 0.0064
v -0.0170435 -0.0252246 0.0064
v -0.0176 -0.024 0.0064
v -0.0168 -0.024 0.0064
v -0.0177826 -0.0230815 0.0064
v -0.0170435 -0.0227754 0.0064
v -0.018303 -0.022303 0.0064
v -0.0177373 -0.0217373 0.0064
v -0.0190815 -0.0217826 0.0064
v -0.0187754 -0.0210435 0.0064
v -0.02 -0.0216 0.0064
v -0.02 -0.0208 0.0064
v -0.020918500000000003 -0.0217826 0.0064
v -0.0212246 -0.0210435 0.0064
v -0.021696999999999998 -0.022303 0.0064
v -0.0222627 -0.0217373 0.0064
v -0.0222174 -0.0230815 0.0064
v -0.0229565 -0.0227754 0.0064
v -0.012 -0.0056 0.0064
v -0.0129185 -0.0057826 0.0064
v -0.0129185 -0.0057826 0.008
v -0.012 -0.0056 0.008
v -0.013697 -0.006303 0.0064
v -0.013697 -0.006303 0.008
v -0.014217399999999998 -0.0070815 0.0064
v -0.014217399999999998 -0.0070815 0.008
v -0.0144 -0.008 0.0064
v -0.0144 -0.008 0.008
v -0.014217399999999998 -0.0089185 0.0064
v -0.014217399999999998 -0.0089185 0.008
v -0.013697 -0.009697 0.0064
v -0.013697 -0.009697 0.008
v -0.0129185 -0.0102174 0.0064
v -0.0129185 -0.0102174 0.008
v -0.012 -0.0104 0.0064
v -0.012 -0.0104 0.008
v -0.011081500000000001 -0.0102174 0.0064
v -0.011081500000000001 -0.0102174 0.008
v -0.010303 -0.009697 0.0064
v -0.010303 -0.009697 0.008
v -0.009782599999999999 -0.0089185 0.0064
v -0.009782599999999999 -0.0089185 0.008
v -0.009600000000000001 -0.008 0.0064
v -0.009600000000000001 -0.008 0.008
v -0.009782599999999999 -0.0070815 0.0064
v -0.009782599999999999 -0.0070815 0.008
v -0.010303 -0.006303 0.0064
v -0.010303 -0.006303 0.008
v -0.011081500000000001 -0.0057826 0.0064
v -0.011081500000000001 -0.0057826 0.008
v -0.012 -0.0048 0.0064
v -0.0132246 -0.0050435 0.0064
v -0.0132246 -0.0050435 0.008
v -0.012 -0.0048 0.008
v -0.0142627 -0.0057373 0.0064
v -0.0142627 -0.0057373 0.008
v -0.014956500000000001 -0.0067754 0.0064
v -0.014956500000000001 -0.0067754 0.008
v -0.015199999999999998 -0.008 0.0064
v -0.015199999999999998 -0.008 0.008
v -0.014956500000000001 -0.0092246 0.0064
v -0.014956500000000001 -0.0092246 0.008
v -0.0142627 -0.0102627 0.0064
v -0.0142627 -0.0102627 0.008
v -0.0132246 -0.0109565 0.0064
v -0.0132246 -0.0109565 0.008
v -0.012 -0.0112 0.0064
v -0.012 -0.0112 0.008
v -0.010775400000000001 -0.0109565 0.0064
v -0.010775400000000001 -0.0109565 0.008
v -0.0097373 -0.0102627 0.0064
v -0.0097373 -0.0102627 0.008
v -0.0090435 -0.0092246 0.0064
v -0.0090435 -0.0092246 0.008
v -0.008799999999999999 -0.008 0.0064
v -0.008799999999999999 -0.008 0.008
v -0.0090435 -0.0067754 0.0064
v -0.0090435 -0.0067754 0.008
v -0.0097373 -0.0057373 0.0064
v -0.0097373 -0.0057373 0.008
v -0.010775400000000001 -0.0050435 0.0064
v -0.010775400000000001 -0.0050435 0.008
v -0.015199999999999998 -0.008 0.0064
v -0.0144 -0.008 0.0064
v -0.014217399999999998 -0.0089185 0.0064
v -0.014956500000000001 -0.0092246 0.0064
v -0.013697 -0.009697 0.0064
v -0.0142627 -0.0102627 0.0064
v -0.0129185 -0.0102174 0.0064
v -0.0132246 -0.0109565 0.0064
v -0.012 -0.0104 0.0064
v -0.012 -0.0112 0.0064
v -0.011081500000000001 -0.0102174 0.0064
v -0.010775400000000001 -0.0109565 0.0064
v -0.010303 -0.009697 0.0064
v -0.0097373 -0.0102627 0.0064
v -0.009782599999999999 -0.0089185 0.0064
v -0.0090435 -0.0092246 0.0064
v -0.009600000000000001 -0.008 0.0064
v -0.008799999999999999 -0.008 0.0064
v -0.009782599999999999 -0.0070815 0.0064
v -0.0090435 -0.0067754 0.0064
v -0.010303 -0.006303 0.0064
v -0.0097373 -0.0057373 0.0064
v -0.011081500000000001 -0.0057826 0.0064
v -0.010775400000000001 -0.0050435 0.0064
v -0.012 -0.0056 0.0064
v -0.012 -0.0048 0.0064
v -0.0129185 -0.0057826 0.0064
v -0.0132246 -0.0050435 0.0064
v -0.013697 -0.006303 0.0064
v -0.0142627 -0.0057373 0.0064
v -0.014217399999999998 -0.0070815 0.0064
v -0.014956500000000001 -0.0067754 0.0064
v -0.012 -0.0136 0.0064
v -0.0129185 -0.0137826 0.0064
v -0.0129185 -0.0137826 0.008
v -0.012 -0.0136 0.008
v -0.013697 -0.014303 0.0064
v -0.013697 -0.014303 0.008
v -0.014217399999999998 -0.0150815 0.0064
v -0.014217399999999998 -0.0150815 0.008
v -0.0144 -0.016 0.0064
v -0.0144 -0.016 0.008
v -0.014217399999999998 -0.0169185 0.0064
v -0.014217399999999998 -0.0169185 0.008
v -0.013697 -0.017697 0.0064
v -0.013697 -0.017697 0.008
v -0.0129185 -0.0182174 0.0064
v -0.0129185 -0.0182174 0.008
v -0.012 -0.0184 0.0064
v -0.012 -0.0184 0.008
v -0.011081500000000001 -0.0182174 0.0064
v -0.011081500000000001 -0.0182174 0.008
v -0.010303 -0.017697 0.0064
v -0.010303 -0.017697 0.008
v -0.009782599999999999 -0.0169185 0.0064
v -0.009782599999999999 -0.0169185 0.008
v -0.009600000000000001 -0.016 0.0064
v -0.009600000000000001 -0.016 0.008
v -0.009782599999999999 -0.0150815 0.0064
v -0.009782599999999999 -0.0150815 0.008
v -0.010303 -0.014303 0.0064
v -0.010303 -0.014303 0.008
v -0.011081500000000001 -0.0137826 0.0064
v -0.011081500000000001 -0.0137826 0.008
v -0.012 -0.0128 0.0064
v -0.0132246 -0.0130435 0.0064
v -0.0132246 -0.0130435 0.008
v -0.012 -0.0128 0.008
v -0.0142627 -0.0137373 0.0064
v -0.0142627 -0.0137373 0.008
v -0.014956500000000001 -0.0147754 0.0064
v -0.014956500000000001 -0.0147754 0.008
v -0.015199999999999998 -0.016 0.0064
v -0.015199999999999998 -0.016 0.008
v -0.014956500000000001 -0.0172246 0.0064
v -0.014956500000000001 -0.0172246 0.008
v -0.0142627 -0.0182627 0.0064
v -0.0142627 -0.0182627 0.008
v -0.0132246 -0.0189565 0.0064
v -0.0132246 -0.0189565 0.008
v -0.012 -0.0192 0.0064
v -0.012 -0.0192 0.008
v -0.010775400000000001 -0.0189565 0.0064
v -0.010775400000000001 -0.0189565 0.008
v -0.0097373 -0.0182627 0.0064
v -0.0097373 -0.0182627 0.008
v -0.0090435 -0.0172246 0.0064
v -0.0090435 -0.0172246 0.008
v -0.008799999999999999 -0.016 0.0064
v -0.008799999999999999 -0.016 0.008
v -0.0090435 -0.0147754 0.0064
v -0.0090435 -0.0147754 0.008
v -0.0097373 -0.0137373 0.0064
v -0.0097373 -0.0137373 0.008
v -0.010775400000000001 -0.0130435 0.0064
v -0.010775400000000001 -0.0130435 0.008
v -0.015199999999999998 -0.016 0.0064
v -0.0144 -0.016 0.0064
v -0.014217399999999998 -0.0169185 0.0064
v -0.014956500000000001 -0.0172246 0.0064
v -0.013697 -0.017697 0.0064
v -0.0142627 -0.0182627 0.0064
v -0.0129185 -0.0182174 0.0064
v -0.0132246 -0.0189565 0.0064
v -0.012 -0.0184 0.0064
v -0.012 -0.0192 0.0064
v -0.011081500000000001 -0.0182174 0.0064
v -0.010775400000000001 -0.0189565 0.0064
v -0.010303 -0.017697 0.0064
v -0.0097373 -0.0182627 0.0064
v -0.009782599999999999 -0.0169185 0.0064
v -0.0090435 -0.0172246 0.0064
v -0.009600000000000001 -0.016 0.0064
v -0.008799999999999999 -0.016 0.0064
v -0.009782599999999999 -0.0150815 0.0064
v -0.0090435 -0.0147754 0.0064
v -0.010303 -0.014303 0.0064
v -0.0097373 -0.0137373 0.0064
v -0.011081500000000001 -0.0137826 0.0064
v -0.010775400000000001 -0.0130435 0.0064
v -0.012 -0.0136 0.0064
v -0.012 -0.0128 0.0064
v -0.0129185 -0.0137826 0.0064
v -0.0132246 -0.0130435 0.0064
v -0.013697 -0.014303 0.0064
v -0.0142627 -0.0137373 0.0064
v -0.014217399999999998 -0.0150815 0.0064
v -0.014956500000000001 -0.0147754 0.0064
v -0.012 -0.0216 0.0064
v -0.0129185 -0.0217826 0.0064
v -0.0129185 -0.0217826 0.008
v -0.012 -0.0216 0.008
v -0.013697 -0.022303 0.0064
v -0.013697 -0.022303 0.008
v -0.014217399999999998 -0.0230815 0.0064
v -0.014217399999999998 -0.0230815 0.008
v -0.0144 -0.024 0.0064
v -0.0144 -0.024 0.008
v -0.014217399999999998 -0.0249185 0.0064
v -0.014217399999999998 -0.0249185 0.008
v -0.013697 -0.025697 0.0064
v -0.013697 -0.025697 0.008
v -0.0129185 -0.0262174 0.0064
v -0.0129185 -0.0262174 0.008
v -0.012 -0.0264 0.0064
v -0.012 -0.0264 0.008
v -0.011081500000000001 -0.0262174 0.0064
v -0.011081500000000001 -0.0262174 0.008
v -0.010303 -0.025697 0.0064
v -0.010303 -0.025697 0.008
v -0.009782599999999999 -0.0249185 0.0064
v -0.009782599999999999 -0.0249185 0.008
v -0.009600000000000001 -0.024 0.0064
v -0.009600000000000001 -0.024 0.008
v -0.009782599999999999 -0.0230815 0.0064
v -0.009782599999999999 -0.0230815 0.008
v -0.010303 -0.022303 0.0064
v -0.010303 -0.022303 0.008
v -0.011081500000000001 -0.0217826 0.0064
v -0.011081500000000001 -0.0217826 0.008
v -0.012 -0.0208 0.0064
v -0.0132246 -0.0210435 0.0064
v -0.0132246 -0.0210435 0.008
v -0.012 -0.0208 0.008
v -0.0142627 -0.0217373 0.0064
v -0.0142627 -0.0217373 0.008
v -0.014956500000000001 -0.0227754 0.0064
v -0.014956500000000001 -0.0227754 0.008
v -0.015199999999999998 -0.024 0.0064
v -0.015199999999999998 -0.024 0.008
v -0.014956500000000001 -0.0252246 0.0064
v -0.014956500000000001 -0.0252246 0.008
v -0.0142627 -0.0262627 0.0064
v -0.0142627 -0.0262627 0.008
v -0.0132246 -0.0269565 0.0064
v -0.0132246 -0.0269565 0.008
v -0.012 -0.0272 0.0064
v -0.012 -0.0272 0.008
v -0.010775400000000001 -0.0269565 0.0064
v -0.010775400000000001 -0.0269565 0.008
v -0.0097373 -0.0262627 0.0064
v -0.0097373 -0.0262627 0.008
v -0.0090435 -0.0252246 0.0064
v -0.0090435 -0.0252246 0.008
v -0.008799999999999999 -0.024 0.0064
v -0.008799999999999999 -0.024 0.008
v -0.0090435 -0.0227754 0.0064
v -0.0090435 -0.0227754 0.008
v -0.0097373 -0.0217373 0.0064
v -0.0097373 -0.0217373 0.008
v -0.010775400000000001 -0.0210435 0.0064
v -0.010775400000000001 -0.0210435 0.008
v -0.015199999999999998 -0.024 0.0064
v -0.0144 -0.024 0.0064
v -0.014217399999999998 -0.0249185 0.0064
v -0.014956500000000001 -0.0252246 0.0064
v -0.013697 -0.025697 0.0064
v -0.0142627 -0.0262627 0.0064
v -0.0129185 -0.0262174 0.0064
v -0.0132246 -0.0269565 0.0064
v -0.012 -0.0264 0.0064
v -0.012 -0.0272 0.0064
v -0.011081500000000001 -0.0262174 0.0064
v -0.010775400000000001 -0.0269565 0.0064
v -0.010303 -0.025697 0.0064
v -0.0097373 -0.0262627 0.0064
v -0.009782599999999999 -0.0249185 0.0064
v -0.0090435 -0.0252246 0.0064
v -0.009600000000000001 -0.024 0.0064
v -0.008799999999999999 -0.024 0.0064
v -0.009782599999999999 -0.0230815 0.0064
v -0.0090435 -0.0227754 0.0064
v -0.010303 -0.022303 0.0064
v -0.0097373 -0.0217373 0.0064
v -0.011081500000000001 -0.0217826 0.0064
v -0.010775400000000001 -0.0210435 0.0064
v -0.012 -0.0216 0.0064
v -0.012 -0.0208 0.0064
v -0.0129185 -0.0217826 0.0064
v -0.0132246 -0.0210435 0.0064
v -0.013697 -0.022303 0.0064
v -0.0142627 -0.0217373 0.0064
v -0.014217399999999998 -0.0230815 0.0064
v -0.014956500000000001 -0.0227754 0.0064
v -0.004 -0.0056 0.0064
v -0.004918499999999999 -0.0057826 0.0064
v -0.004918499999999999 -0.0057826 0.008
v -0.004 -0.0056 0.008
v -0.005697000000000001 -0.006303 0.0064
v -0.005697000000000001 -0.006303 0.008
v -0.006217400000000001 -0.0070815 0.0064
v -0.006217400000000001 -0.0070815 0.008
v -0.0063999999999999994 -0.008 0.0064
v -0.0063999999999999994 -0.008 0.008
v -0.006217400000000001 -0.0089185 0.0064
v -0.006217400000000001 -0.0089185 0.008
v -0.005697000000000001 -0.009697 0.0064
v -0.005697000000000001 -0.009697 0.008
v -0.004918499999999999 -0.0102174 0.0064
v -0.004918499999999999 -0.0102174 0.008
v -0.004 -0.0104 0.0064
v -0.004 -0.0104 0.008
v -0.003081499999999999 -0.0102174 0.0064
v -0.003081499999999999 -0.0102174 0.008
v -0.0023029999999999995 -0.009697 0.0064
v -0.0023029999999999995 -0.009697 0.008
v -0.0017826000000000005 -0.0089185 0.0064
v -0.0017826000000000005 -0.0089185 0.008
v -0.001599999999999999 -0.008 0.0064
v -0.001599999999999999 -0.008 0.008
v -0.0017826000000000005 -0.0070815 0.0064
v -0.0017826000000000005 -0.0070815 0.008
v -0.0023029999999999995 -0.006303 0.0064
v -0.0023029999999999995 -0.006303 0.008
v -0.003081499999999999 -0.0057826 0.0064
v -0.003081499999999999 -0.0057826 0.008
v -0.004 -0.0048 0.0064
v -0.005224599999999999 -0.0050435 0.0064
v -0.005224599999999999 -0.0050435 0.008
v -0.004 -0.0048 0.008
v -0.0062626999999999995 -0.0057373 0.0064
v -0.0062626999999999995 -0.0057373 0.008
v -0.006956500000000001 -0.0067754 0.0064
v -0.006956500000000001 -0.0067754 0.008
v -0.007199999999999998 -0.008 0.0064
v -0.007199999999999998 -0.008 0.008
v -0.006956500000000001 -0.0092246 0.0064
v -0.006956500000000001 -0.0092246 0.008
v -0.0062626999999999995 -0.0102627 0.0064
v -0.0062626999999999995 -0.0102627 0.008
v -0.005224599999999999 -0.0109565 0.0064
v -0.005224599999999999 -0.0109565 0.008
v -0.004 -0.0112 0.0064
v -0.004 -0.0112 0.008
v -0.002775399999999999 -0.0109565 0.0064
v -0.002775399999999999 -0.0109565 0.008
v -0.001737299999999999 -0.0102627 0.0064
v -0.001737299999999999 -0.0102627 0.008
v -0.0010434999999999993 -0.0092246 0.0064
v -0.0010434999999999993 -0.0092246 0.008
v -0.0008000000000000004 -0.008 0.0064
v -0.0008000000000000004 -0.008 0.008
v -0.0010434999999999993 -0.0067754 0.0064
v -0.0010434999999999993 -0.0067754 0.008
v -0.001737299999999999 -0.0057373 0.0064
v -0.001737299999999999 -0.0057373 0.008
v -0.002775399999999999 -0.0050435 0.0064
v -0.002775399999999999 -0.0050435 0.008
v -0.007199999999999998 -0.008 0.0064
v -0.0063999999999999994 -0.008 0.0064
v -0.006217400000000001 -0.0089185 0.0064
v -0.006956500000000001 -0.0092246 0.0064
v -0.005697000000000001 -0.009697 0.0064
v -0.0062626999999999995 -0.0102627 0.0064
v -0.004918499999999999 -0.0102174 0.0064
v -0.005224599999999999 -0.0109565 0.0064
v -0.004 -0.0104 0.0064
v -0.004 -0.0112 0.0064
v -0.003081499999999999 -0.0102174 0.0064
v -0.002775399999999999 -0.0109565 0.0064
v -0.0023029999999999995 -0.009697 0.0064
v -0.001737299999999999 -0.0102627 0.0064
v -0.0017826000000000005 -0.0089185 0.0064
v -0.0010434999999999993 -0.0092246 0.0064
v -0.001599999999999999 -0.008 0.0064
v -0.0008000000000000004 -0.008 0.0064
v -0.0017826000000000005 -0.0070815 0.0064
v -0.0010434999999999993 -0.0067754 0.0064
v -0.0023029999999999995 -0.006303 0.0064
v -0.001737299999999999 -0.0057373 0.0064
v -0.003081499999999999 -0.0057826 0.0064
v -0.002775399999999999 -0.0050435 0.0064
v -0.004 -0.0056 0.0064
v -0.004 -0.0048 0.0064
v -0.004918499999999999 -0.0057826 0.0064
v -0.005224599999999999 -0.0050435 0.0064
v -0.005697000000000001 -0.006303 0.0064
v -0.0062626999999999995 -0.0057373 0.0064
v -0.006217400000000001 -0.0070815 0.0064
v -0.006956500000000001 -0.0067754 0.0064
v -0.004 -0.0136 0.0064
v -0.004918499999999999 -0.0137826 0.0064
v -0.004918499999999999 -0.0137826 0.008
v -0.004 -0.0136 0.008
v -0.005697000000000001 -0.014303 0.0064
v -0.005697000000000001 -0.014303 0.008
v -0.006217400000000001 -0.0150815 0.0064
v -0.006217400000000001 -0.0150815 0.008
v -0.0063999999999999994 -0.016 0.0064
v -0.0063999999999999994 -0.016 0.008
v -0.006217400000000001 -0.0169185 0.0064
v -0.006217400000000001 -0.0169185 0.008
v -0.005697000000000001 -0.017697 0.0064
v -0.005697000000000001 -0.017697 0.008
v -0.004918499999999999 -0.0182174 0.0064
v -0.004918499999999999 -0.0182174 0.008
v -0.004 -0.0184 0.0064
v -0.004 -0.0184 0.008
v -0.003081499999999999 -0.0182174 0.0064
v -0.003081499999999999 -0.0182174 0.008
v -0.0023029999999999995 -0.017697 0.0064
v -0.0023029999999999995 -0.017697 0.008
v -0.0017826000000000005 -0.0169185 0.0064
v -0.0017826000000000005 -0.0169185 0.008
v -0.001599999999999999 -0.016 0.0064
v -0.001599999999999999 -0.016 0.008
v -0.0017826000000000005 -0.0150815 0.0064
v -0.0017826000000000005 -0.0150815 0.008
v -0.0023029999999999995 -0.014303 0.0064
v -0.0023029999999999995 -0.014303 0.008
v -0.003081499999999999 -0.0137826 0.0064
v -0.003081499999999999 -0.0137826 0.008
v -0.004 -0.0128 0.0064
v -0.005224599999999999 -0.0130435 0.0064
v -0.005224599999999999 -0.0130435 0.008
v -0.004 -0.0128 0.008
v -0.0062626999999999995 -0.0137373 0.0064
v -0.0062626999999999995 -0.0137373 0.008
v -0.006956500000000001 -0.0147754 0.0064
v -0.006956500000000001 -0.0147754 0.008
v -0.007199999999999998 -0.016 0.0064
v -0.007199999999999998 -0.016 0.008
v -0.006956500000000001 -0.0172246 0.0064
v -0.006956500000000001 -0.0172246 0.008
v -0.0062626999999999995 -0.0182627 0.0064
v -0.0062626999999999995 -0.0182627 0.008
v -0.005224599999999999 -0.0189565 0.0064
v -0.005224599999999999 -0.0189565 0.008
v -0.004 -0.0192 0.0064
v -0.004 -0.0192 0.008
v -0.002775399999999999 -0.0189565 0.0064
v -0.002775399999999999 -0.0189565 0.008
v -0.001737299999999999 -0.0182627 0.0064
v -0.001737299999999999 -0.0182627 0.008
v -0.0010434999999999993 -0.0172246 0.0064
v -0.0010434999999999993 -0.0172246 0.008
v -0.0008000000000000004 -0.016 0.0064
v -0.0008000000000000004 -0.016 0.008
v -0.0010434999999999993 -0.0147754 0.0064
v -0.0010434999999999993 -0.0147754 0.008
v -0.001737299999999999 -0.0137373 0.0064
v -0.001737299999999999 -0.0137373 0.008
v -0.002775399999999999 -0.0130435 0.0064
v -0.002775399999999999 -0.0130435 0.008
v -0.007199999999999998 -0.016 0.0064
v -0.0063999999999999994 -0.016 0.0064
v -0.006217400000000001 -0.0169185 0.0064
v -0.006956500000000001 -0.0172246 0.0064
v -0.005697000000000001 -0.017697 0.0064
v -0.0062626999999999995 -0.0182627 0.0064
v -0.004918499999999999 -0.0182174 0.0064
v -0.005224599999999999 -0.0189565 0.0064
v -0.004 -0.0184 0.0064
v -0.004 -0.0192 0.0064
v -0.003081499999999999 -0.0182174 0.0064
v -0.002775399999999999 -0.0189565 0.0064
v -0.0023029999999999995 -0.017697 0.0064
v -0.001737299999999999 -0.0182627 0.0064
v -0.0017826000000000005 -0.0169185 0.0064
v -0.0010434999999999993 -0.0172246 0.0064
v -0.001599999999999999 -0.016 0.0064
v -0.0008000000000000004 -0.016 0.0064
v -0.0017826000000000005 -0.0150815 0.0064
v -0.0010434999999999993 -0.0147754 0.0064
v -0.0023029999999999995 -0.014303 0.0064
v -0.001737299999999999 -0.0137373 0.0064
v -0.003081499999999999 -0.0137826 0.0064
v -0.002775399999999999 -0.0130435 0.0064
v -0.004 -0.0136 0.0064
v -0.004 -0.0128 0.0064
v -0.004918499999999999 -0.0137826 0.0064
v -0.005224599999999999 -0.0130435 0.0064
v -0.005697000000000001 -0.014303 0.0064
v -0.0062626999999999995 -0.0137373 0.0064
v -0.006217400000000001 -0.0150815 0.0064
v -0.006956500000000001 -0.0147754 0.0064
v -0.004 -0.0216 0.0064
v -0.004918499999999999 -0.0217826 0.0064
v -0.004918499999999999 -0.0217826 0.008
v -0.004 -0.0216 0.008
v -0.005697000000000001 -0.022303 0.0064
v -0.005697000000000001 -0.022303 0.008
v -0.006217400000000001 -0.0230815 0.0064
v -0.006217400000000001 -0.0230815 0.008
v -0.0063999999999999994 -0.024 0.0064
v -0.0063999999999999994 -0.024 0.008
v -0.006217400000000001 -0.0249185 0.0064
v -0.006217400000000001 -0.0249185 0.008
v -0.005697000000000001 -0.025697 0.0064
v -0.005697000000000001 -0.025697 0.008
v -0.004918499999999999 -0.0262174 0.0064
v -0.004918499999999999 -0.0262174 0.008
v -0.004 -0.0264 0.0064
v -0.004 -0.0264 0.008
v -0.003081499999999999 -0.0262174 0.0064
v -0.003081499999999999 -0.0262174 0.008
v -0.0023029999999999995 -0.025697 0.0064
v -0.0023029999999999995 -0.025697 0.008
v -0.0017826000000000005 -0.0249185 0.0064
v -0.0017826000000000005 -0.0249185 0.008
v -0.001599999999999999 -0.024 0.0064
v -0.001599999999999999 -0.024 0.008
v -0.0017826000000000005 -0.0230815 0.0064
v -0.0017826000000000005 -0.0230815 0.008
v -0.0023029999999999995 -0.022303 0.0064
v -0.0023029999999999995 -0.022303 0.008
v -0.003081499999999999 -0.0217826 0.0064
v -0.003081499999999999 -0.0217826 0.008
v -0.004 -0.0208 0.0064
v -0.005224599999999999 -0.0210435 0.0064
v -0.005224599999999999 -0.0210435 0.008
v -0.004 -0.0208 0.008
v -0.0062626999999999995 -0.0217373 0.0064
v -0.0062626999999999995 -0.0217373 0.008
v -0.006956500000000001 -0.0227754 0.0064
v -0.006956500000000001 -0.0227754 0.008
v -0.007199999999999998 -0.024 0.0064
v -0.007199999999999998 -0.024 0.008
v -0.006956500000000001 -0.0252246 0.0064
v -0.006956500000000001 -0.0252246 0.008
v -0.0062626999999999995 -0.0262627 0.0064
v -0.0062626999999999995 -0.0262627 0.008
v -0.005224599999999999 -0.0269565 0.0064
v -0.005224599999999999 -0.0269565 0.008
v -0.004 -0.0272 0.0064
v -0.004 -0.0272 0.008
v -0.002775399999999999 -0.0269565 0.0064
v -0.002775399999999999 -0.0269565 0.008
v -0.001737299999999999 -0.0262627 0.0064
v -0.001737299999999999 -0.0262627 0.008
v -0.0010434999999999993 -0.0252246 0.0064
v -0.0010434999999999993 -0.0252246 0.008
v -0.0008000000000000004 -0.024 0.0064
v -0.0008000000000000004 -0.024 0.008
v -0.0010434999999999993 -0.0227754 0.0064
v -0.0010434999999999993 -0.0227754 0.008
v -0.001737299999999999 -0.0217373 0.0064
v -0.001737299999999999 -0.0217373 0.008
v -0.002775399999999999 -0.0210435 0.0064
v -0.002775399999999999 -0.0210435 0.008
v -0.007199999999999998 -0.024 0.0064
v -0.0063999999999999994 -0.024 0.0064
v -0.006217400000000001 -0.0249185 0.0064
v -0.006956500000000001 -0.0252246 0.0064
v -0.005697000000000001 -0.025697 0.0064
v -0.0062626999999999995 -0.0262627 0.0064
v -0.004918499999999999 -0.0262174 0.0064
v -0.005224599999999999 -0.0269565 0.0064
v -0.004 -0.0264 0.0064
v -0.004 -0.0272 0.0064
v -0.003081499999999999 -0.0262174 0.0064
v -0.002775399999999999 -0.0269565 0.0064
v -0.0023029999999999995 -0.025697 0.0064
v -0.001737299999999999 -0.0262627 0.0064
v -0.0017826000000000005 -0.0249185 0.0064
v -0.0010434999999999993 -0.0252246 0.0064
v -0.001599999999999999 -0.024 0.0064
v -0.0008000000000000004 -0.024 0.0064
v -0.0017826000000000005 -0.0230815 0.0064
v -0.0010434999999999993 -0.0227754 0.0064
v -0.0023029999999999995 -0.022303 0.0064
v -0.001737299999999999 -0.0217373 0.0064
v -0.003081499999999999 -0.0217826 0.0064
v -0.002775399999999999 -0.0210435 0.0064
v -0.004 -0.0216 0.0064
v -0.004 -0.0208 0.0064
v -0.004918499999999999 -0.0217826 0.0064
v -0.005224599999999999 -0.0210435 0.0064
v -0.005697000000000001 -0.022303 0.0064
v -0.0062626999999999995 -0.0217373 0.0064
v -0.006217400000000001 -0.0230815 0.0064
v -0.006956500000000001 -0.0227754 0.0064
v 0.002400000000000001 -0.0304 0.008
v 0.002400000000000001 -0.0016 0.008
v -0.026399999999999996 -0.0016 0.008
v -0.026399999999999996 -0.0304 0.008
v -0.026399999999999996 -0.0016 0.008
v -0.026399999999999996 -0.0016 0.0064
v -0.026399999999999996 -0.0304 0.0064
v -0.026399999999999996 -0.0304 0.008
v -0.026399999999999996 -0.0304 0.008
v -0.026399999999999996 -0.0304 0.0064
v 0.002400000000000001 -0.0304 0.0064
v 0.002400000000000001 -0.0304 0.008
v 0.002400000000000001 -0.0304 0.008
v 0.002400000000000001 -0.0304 0.0064
v 0.002400000000000001 -0.0016 0.0064
v 0.002400000000000001 -0.0016 0.008
v 0.002400000000000001 -0.0016 0.008
v 0.002400000000000001 -0.0016 0.0064
v -0.026399999999999996 -0.0016 0.0064
v -0.026399999999999996 -0.0016 0.008
v -0.028 -0.032 0.0064
v -0.026399999999999996 -0.0304 0.0064
v -0.026399999999999996 -0.0016 0.0064
v -0.028 0.0 0.0064
v 0.004 0.0 0.0064
v 0.002400000000000001 -0.0016 0.0064
v 0.002400000000000001 -0.0304 0.0064
v 0.004 -0.032 0.0064
v 0.004 -0.032 0.009600000000000001
v 0.004 0.0 0.009600000000000001
v -0.028 0.0 0.009600000000000001
v -0.028 -0.032 0.009600000000000001
v -0.028 0.0 0.009600000000000001
v -0.028 0.0 0.0064
v -0.028 -0.032 0.0064
v -0.028 -0.032 0.009600000000000001
v -0.028 -0.032 0.009600000000000001
v -0.028 -0.032 0.0064
v 0.004 -0.032 0.0064
v 0.004 -0.032 0.009600000000000001
v 0.004 -0.032 0.009600000000000001
v 0.004 -0.032 0.0064
v 0.004 0.0 0.0064
v 0.004 0.0 0.009600000000000001
v 0.004 0.0 0.009600000000000001
v 0.004 0.0 0.0064
v -0.028 0.0 0.0064
v -0.028 0.0 0.009600000000000001
v -0.023999999999999997 -0.0016 0.009600000000000001
v -0.0249185 -0.0017826 0.009600000000000001
v -0.0249185 -0.0017826 0.0112
v -0.023999999999999997 -0.0016 0.0112
v -0.025697 -0.002303 0.009600000000000001
v -0.025697 -0.002303 0.0112
v -0.0262174 -0.0030815 0.009600000000000001
v -0.0262174 -0.0030815 0.0112
v -0.026399999999999996 -0.004 0.009600000000000001
v -0.026399999999999996 -0.004 0.0112
v -0.0262174 -0.0049185 0.009600000000000001
v -0.0262174 -0.0049185 0.0112
v -0.025697 -0.005697 0.009600000000000001
v -0.025697 -0.005697 0.0112
v -0.0249185 -0.0062174 0.009600000000000001
v -0.0249185 -0.0062174 0.0112
v -0.023999999999999997 -0.0064 0.009600000000000001
v -0.023999999999999997 -0.0064 0.0112
v -0.0230815 -0.0062174 0.009600000000000001
v -0.0230815 -0.0062174 0.0112
v -0.022303 -0.005697 0.009600000000000001
v -0.022303 -0.005697 0.0112
v -0.021782600000000003 -0.0049185 0.009600000000000001
v -0.021782600000000003 -0.0049185 0.0112
v -0.021599999999999998 -0.004 0.009600000000000001
v -0.021599999999999998 -0.004 0.0112
v -0.021782600000000003 -0.0030815 0.009600000000000001
v -0.021782600000000003 -0.0030815 0.0112
v -0.022303 -0.002303 0.009600000000000001
v -0.022303 -0.002303 0.0112
v -0.0230815 -0.0017826 0.009600000000000001
v -0.0230815 -0.0017826 0.0112
v -0.0249185 -0.0017826 0.0112
v -0.023999999999999997 -0.0016 0.0112
v -0.023999999999999997 -0.004 0.0112
v -0.025697 -0.002303 0.0112
v -0.0262174 -0.0030815 0.0112
v -0.026399999999999996 -0.004 0.0112
v -0.0262174 -0.0049185 0.0112
v -0.025697 -0.005697 0.0112
v -0.0249185 -0.0062174 0.0112
v -0.023999999999999997 -0.0064 0.0112
v -0.0230815 -0.0062174 0.0112
v -0.022303 -0.005697 0.0112
v -0.021782600000000003 -0.0049185 0.0112
v -0.021599999999999998 -0.004 0.0112
v -0.021782600000000003 -0.0030815 0.0112
v -0.022303 -0.002303 0.0112
v -0.0230815 -0.0017826 0.0112
v -0.023999999999999997 -0.0096 0.009600000000000001
v -0.0249185 -0.0097826 0.009600000000000001
v -0.0249185 -0.0097826 0.0112
v -0.023999999999999997 -0.0096 0.0112
v -0.025697 -0.010303 0.009600000000000001
v -0.025697 -0.010303 0.0112
v -0.0262174 -0.0110815 0.009600000000000001
v -0.0262174 -0.0110815 0.0112
v -0.026399999999999996 -0.012 0.009600000000000001
v -0.026399999999999996 -0.012 0.0112
v -0.0262174 -0.0129185 0.009600000000000001
v -0.0262174 -0.0129185 0.0112
v -0.025697 -0.013697 0.009600000000000001
v -0.025697 -0.013697 0.0112
v -0.0249185 -0.0142174 0.009600000000000001
v -0.0249185 -0.0142174 0.0112
v -0.023999999999999997 -0.0144 0.009600000000000001
v -0.023999999999999997 -0.0144 0.0112
v -0.0230815 -0.0142174 0.009600000000000001
v -0.0230815 -0.0142174 0.0112
v -0.022303 -0.013697 0.009600000000000001
v -0.022303 -0.013697 0.0112
v -0.021782600000000003 -0.0129185 0.009600000000000001
v -0.021782600000000003 -0.0129185 0.0112
v -0.021599999999999998 -0.012 0.009600000000000001
v -0.021599999999999998 -0.012 0.0112
v -0.021782600000000003 -0.0110815 0.009600000000000001
v -0.021782600000000003 -0.0110815 0.0112
v -0.022303 -0.010303 0.009600000000000001
v -0.022303 -0.010303 0.0112
v -0.0230815 -0.0097826 0.009600000000000001
v -0.0230815 -0.0097826 0.0112
v -0.0249185 -0.0097826 0.0112
v -0.023999999999999997 -0.0096 0.0112
v -0.023999999999999997 -0.012 0.0112
v -0.025697 -0.010303 0.0112
v -0.0262174 -0.0110815 0.0112
v -0.026399999999999996 -0.012 0.0112
v -0.0262174 -0.0129185 0.0112
v -0.025697 -0.013697 0.0112
v -0.0249185 -0.0142174 0.0112
v -0.023999999999999997 -0.0144 0.0112
v -0.0230815 -0.0142174 0.0112
v -0.022303 -0.013697 0.0112
v -0.021782600000000003 -0.0129185 0.0112
v -0.021599999999999998 -0.012 0.0112
v -0.021782600000000003 -0.0110815 0.0112
v -0.022303 -0.010303 0.0112
v -0.0230815 -0.0097826 0.0112
v -0.023999999999999997 -0.0176 0.009600000000000001
v -0.0249185 -0.0177826 0.009600000000000001
v -0.0249185 -0.0177826 0.0112
v -0.023999999999999997 -0.0176 0.0112
v -0.025697 -0.018303 0.009600000000000001
v -0.025697 -0.018303 0.0112
v -0.0262174 -0.0190815 0.009600000000000001
v -0.0262174 -0.0190815 0.0112
v -0.026399999999999996 -0.02 0.009600000000000001
v -0.026399999999999996 -0.02 0.0112
v -0.0262174 -0.0209185 0.009600000000000001
v -0.0262174 -0.0209185 0.0112
v -0.025697 -0.021697 0.009600000000000001
v -0.025697 -0.021697 0.0112
v -0.0249185 -0.0222174 0.009600000000000001
v -0.0249185 -0.0222174 0.0112
v -0.023999999999999997 -0.0224 0.009600000000000001
v -0.023999999999999997 -0.0224 0.0112
v -0.0230815 -0.0222174 0.009600000000000001
v -0.0230815 -0.0222174 0.0112
v -0.022303 -0.021697 0.009600000000000001
v -0.022303 -0.021697 0.0112
v -0.021782600000000003 -0.0209185 0.009600000000000001
v -0.021782600000000003 -0.0209185 0.0112
v -0.021599999999999998 -0.02 0.009600000000000001
v -0.021599999999999998 -0.02 0.0112
v -0.021782600000000003 -0.0190815 0.009600000000000001
v -0.021782600000000003 -0.0190815 0.0112
v -0.022303 -0.018303 0.009600000000000001
v -0.022303 -0.018303 0.0112
v -0.0230815 -0.0177826 0.009600000000000001
v -0.0230815 -0.0177826 0.0112
v -0.0249185 -0.0177826 0.0112
v -0.023999999999999997 -0.0176 0.0112
v -0.023999999999999997 -0.02 0.0112
v -0.025697 -0.018303 0.0112
v -0.0262174 -0.0190815 0.0112
v -0.026399999999999996 -0.02 0.0112
v -0.0262174 -0.0209185 0.0112
v -0.025697 -0.021697 0.0112
v -0.0249185 -0.0222174 0.0112
v -0.023999999999999997 -0.0224 0.0112
v -0.0230815 -0.0222174 0.0112
v -0.022303 -0.021697 0.0112
v -0.021782600000000003 -0.0209185 0.0112
v -0.021599999999999998 -0.02 0.0112
v -0.021782600000000003 -0.0190815 0.0112
v -0.022303 -0.018303 0.0112
v -0.0230815 -0.0177826 0.0112
v -0.023999999999999997 -0.0256 0.009600000000000001
v -0.0249185 -0.0257826 0.009600000000000001
v -0.0249185 -0.0257826 0.0112
v -0.023999999999999997 -0.0256 0.0112
v -0.025697 -0.026303 0.009600000000000001
v -0.025697 -0.026303 0.0112
v -0.0262174 -0.0270815 0.009600000000000001
v -0.0262174 -0.0270815 0.0112
v -0.026399999999999996 -0.028 0.009600000000000001
v -0.026399999999999996 -0.028 0.0112
v -0.0262174 -0.0289185 0.009600000000000001
v -0.0262174 -0.0289185 0.0112
v -0.025697 -0.029697 0.009600000000000001
v -0.025697 -0.029697 0.0112
v -0.0249185 -0.0302174 0.009600000000000001
v -0.0249185 -0.0302174 0.0112
v -0.023999999999999997 -0.0304 0.009600000000000001
v -0.023999999999999997 -0.0304 0.0112
v -0.0230815 -0.0302174 0.009600000000000001
v -0.0230815 -0.0302174 0.0112
v -0.022303 -0.029697 0.009600000000000001
v -0.022303 -0.029697 0.0112
v -0.021782600000000003 -0.0289185 0.009600000000000001
v -0.021782600000000003 -0.0289185 0.0112
v -0.021599999999999998 -0.028 0.009600000000000001
v -0.021599999999999998 -0.028 0.0112
v -0.021782600000000003 -0.0270815 0.009600000000000001
v -0.021782600000000003 -0.0270815 0.0112
v -0.022303 -0.026303 0.009600000000000001
v -0.022303 -0.026303 0.0112
v -0.0230815 -0.0257826 0.009600000000000001
v -0.0230815 -0.0257826 0.0112
v -0.0249185 -0.0257826 0.0112
v -0.023999999999999997 -0.0256 0.0112
v -0.023999999999999997 -0.028 0.0112
v -0.025697 -0.026303 0.0112
v -0.0262174 -0.0270815 0.0112
v -0.026399999999999996 -0.028 0.0112
v -0.0262174 -0.0289185 0.0112
v -0.025697 -0.029697 0.0112
v -0.0249185 -0.0302174 0.0112
v -0.023999999999999997 -0.0304 0.0112
v -0.0230815 -0.0302174 0.0112
v -0.022303 -0.029697 0.0112
v -0.021782600000000003 -0.0289185 0.0112
v -0.021599999999999998 -0.028 0.0112
v -0.021782600000000003 -0.0270815 0.0112
v -0.022303 -0.026303 0.0112
v -0.0230815 -0.0257826 0.0112
v -0.016 -0.0016 0.009600000000000001
v -0.0169185 -0.0017826 0.009600000000000001
v -0.0169185 -0.0017826 0.0112
v -0.016 -0.0016 0.0112
v -0.017697 -0.002303 0.009600000000000001
v -0.017697 -0.002303 0.0112
v -0.018217399999999998 -0.0030815 0.009600000000000001
v -0.018217399999999998 -0.0030815 0.0112
v -0.0184 -0.004 0.009600000000000001
v -0.0184 -0.004 0.0112
v -0.018217399999999998 -0.0049185 0.009600000000000001
v -0.018217399999999998 -0.0049185 0.0112
v -0.017697 -0.005697 0.009600000000000001
v -0.017697 -0.005697 0.0112
v -0.0169185 -0.0062174 0.009600000000000001
v -0.0169185 -0.0062174 0.0112
v -0.016 -0.0064 0.009600000000000001
v -0.016 -0.0064 0.0112
v -0.015081500000000001 -0.0062174 0.009600000000000001
v -0.015081500000000001 -0.0062174 0.0112
v -0.014303 -0.005697 0.009600000000000001
v -0.014303 -0.005697 0.0112
v -0.013782599999999999 -0.0049185 0.009600000000000001
v -0.013782599999999999 -0.0049185 0.0112
v -0.013600000000000001 -0.004 0.009600000000000001
v -0.013600000000000001 -0.004 0.0112
v -0.013782599999999999 -0.0030815 0.009600000000000001
v -0.013782599999999999 -0.0030815 0.0112
v -0.014303 -0.002303 0.009600000000000001
v -0.014303 -0.002303 0.0112
v -0.015081500000000001 -0.0017826 0.009600000000000001
v -0.015081500000000001 -0.0017826 0.0112
v -0.0169185 -0.0017826 0.0112
v -0.016 -0.0016 0.0112
v -0.016 -0.004 0.0112
v -0.017697 -0.002303 0.0112
v -0.018217399999999998 -0.0030815 0.0112
v -0.0184 -0.004 0.0112
v -0.018217399999999998 -0.0049185 0.0112
v -0.017697 -0.005697 0.0112
v -0.0169185 -0.0062174 0.0112
v -0.016 -0.0064 0.0112
v -0.015081500000000001 -0.0062174 0.0112
v -0.014303 -0.005697 0.0112
v -0.013782599999999999 -0.0049185 0.0112
v -0.013600000000000001 -0.004 0.0112
v -0.013782599999999999 -0.0030815 0.0112
v -0.014303 -0.002303 0.0112
v -0.015081500000000001 -0.0017826 0.0112
v -0.016 -0.0096 0.009600000000000001
v -0.0169185 -0.0097826 0.009600000000000001
v -0.0169185 -0.0097826 0.0112
v -0.016 -0.0096 0.0112
v -0.017697 -0.010303 0.009600000000000001
v -0.017697 -0.010303 0.0112
v -0.018217399999999998 -0.0110815 0.009600000000000001
v -0.018217399999999998 -0.0110815 0.0112
v -0.0184 -0.012 0.009600000000000001
v -0.0184 -0.012 0.0112
v -0.018217399999999998 -0.0129185 0.009600000000000001
v -0.018217399999999998 -0.0129185 0.0112
v -0.017697 -0.013697 0.009600000000000001
v -0.017697 -0.013697 0.0112
v -0.0169185 -0.0142174 0.009600000000000001
v -0.0169185 -0.0142174 0.0112
v -0.016 -0.0144 0.009600000000000001
v -0.016 -0.0144 0.0112
v -0.015081500000000001 -0.0142174 0.009600000000000001
v -0.015081500000000001 -0.0142174 0.0112
v -0.014303 -0.013697 0.009600000000000001
v -0.014303 -0.013697 0.0112
v -0.013782599999999999 -0.0129185 0.009600000000000001
v -0.013782599999999999 -0.0129185 0.0112
v -0.013600000000000001 -0.012 0.009600000000000001
v -0.013600000000000001 -0.012 0.0112
v -0.013782599999999999 -0.0110815 0.009600000000000001
v -0.013782599999999999 -0.0110815 0.0112
v -0.014303 -0.010303 0.009600000000000001
v -0.014303 -0.010303 0.0112
v -0.015081500000000001 -0.0097826 0.009600000000000001
v -0.015081500000000001 -0.0097826 0.0112
v -0.0169185 -0.0097826 0.0112
v -0.016 -0.0096 0.0112
v -0.016 -0.012 0.0112
v -0.017697 -0.010303 0.0112
v -0.018217399999999998 -0.0110815 0.0112
v -0.0184 -0.012 0.0112
v -0.018217399999999998 -0.0129185 0.0112
v -0.017697 -0.013697 0.0112
v -0.0169185 -0.0142174 0.0112
v -0.016 -0.0144 0.0112
v -0.015081500000000001 -0.0142174 0.0112
v -0.014303 -0.013697 0.0112
v -0.013782599999999999 -0.0129185 0.0112
v -0.013600000000000001 -0.012 0.0112
v -0.013782599999999999 -0.0110815 0.0112
v -0.014303 -0.010303 0.0112
v -0.015081500000000001 -0.0097826 0.0112
v -0.016 -0.0176 0.009600000000000001
v -0.0169185 -0.0177826 0.009600000000000001
v -0.0169185 -0.0177826 0.0112
v -0.016 -0.0176 0.0112
v -0.017697 -0.018303 0.009600000000000001
v -0.017697 -0.018303 0.0112
v -0.018217399999999998 -0.0190815 0.009600000000000001
v -0.018217399999999998 -0.0190815 0.0112
v -0.0184 -0.02 0.009600000000000001
v -0.0184 -0.02 0.0112
v -0.018217399999999998 -0.0209185 0.009600000000000001
v -0.018217399999999998 -0.0209185 0.0112
v -0.017697 -0.021697 0.009600000000000001
v -0.017697 -0.021697 0.0112
v -0.0169185 -0.0222174 0.009600000000000001
v -0.0169185 -0.0222174 0.0112
v -0.016 -0.0224 0.009600000000000001
v -0.016 -0.0224 0.0112
v -0.015081500000000001 -0.0222174 0.009600000000000001
v -0.015081500000000001 -0.0222174 0.0112
v -0.014303 -0.021697 0.009600000000000001
v -0.014303 -0.021697 0.0112
v -0.013782599999999999 -0.0209185 0.009600000000000001
v -0.013782599999999999 -0.0209185 0.0112
v -0.013600000000000001 -0.02 0.009600000000000001
v -0.013600000000000001 -0.02 0.0112
v -0.013782599999999999 -0.0190815 0.009600000000000001
v -0.013782599999999999 -0.0190815 0.0112
v -0.014303 -0.018303 0.009600000000000001
v -0.014303 -0.018303 0.0112
v -0.015081500000000001 -0.0177826 0.009600000000000001
v -0.015081500000000001 -0.0177826 0.0112
v -0.0169185 -0.0177826 0.0112
v -0.016 -0.0176 0.0112
v -0.016 -0.02 0.0112
v -0.017697 -0.018303 0.0112
v -0.018217399999999998 -0.0190815 0.0112
v -0.0184 -0.02 0.0112
v -0.018217399999999998 -0.0209185 0.0112
v -0.017697 -0.021697 0.0112
v -0.0169185 -0.0222174 0.0112
v -0.016 -0.0224 0.0112
v -0.015081500000000001 -0.0222174 0.0112
v -0.014303 -0.021697 0.0112
v -0.013782599999999999 -0.0209185 0.0112
v -0.013600000000000001 -0.02 0.0112
v -0.013782599999999999 -0.0190815 0.0112
v -0.014303 -0.018303 0.0112
v -0.015081500000000001 -0.0177826 0.0112
v -0.016 -0.0256 0.009600000000000001
v -0.0169185 -0.0257826 0.009600000000000001
v -0.0169185 -0.0257826 0.0112
v -0.016 -0.0256 0.0112
v -0.017697 -0.026303 0.009600000000000001
v -0.017697 -0.026303 0.0112
v -0.018217399999999998 -0.0270815 0.009600000000000001
v -0.018217399999999998 -0.0270815 0.0112
v -0.0184 -0.028 0.009600000000000001
v -0.0184 -0.028 0.0112
v -0.018217399999999998 -0.0289185 0.009600000000000001
v -0.018217399999999998 -0.0289185 0.0112
v -0.017697 -0.029697 0.009600000000000001
v -0.017697 -0.029697 0.0112
v -0.0169185 -0.0302174 0.009600000000000001
v -0.0169185 -0.0302174 0.0112
v -0.016 -0.0304 0.009600000000000001
v -0.016 -0.0304 0.0112
v -0.015081500000000001 -0.0302174 0.009600000000000001
v -0.015081500000000001 -0.0302174 0.0112
v -0.014303 -0.029697 0.009600000000000001
v -0.014303 -0.029697 0.0112
v -0.013782599999999999 -0.0289185 0.009600000000000001
v -0.013782599999999999 -0.0289185 0.0112
v -0.013600000000000001 -0.028 0.009600000000000001
v -0.013600000000000001 -0.028 0.0112
v -0.013782599999999999 -0.0270815 0.009600000000000001
v -0.013782599999999999 -0.0270815 0.0112
v -0.014303 -0.026303 0.009600000000000001
v -0.014303 -0.026303 0.0112
v -0.015081500000000001 -0.0257826 0.009600000000000001
v -0.015081500000000001 -0.0257826 0.0112
v -0.0169185 -0.0257826 0.0112
v -0.016 -0.0256 0.0112
v -0.016 -0.028 0.0112
v -0.017697 -0.026303 0.0112
v -0.018217399999999998 -0.0270815 0.0112
v -0.0184 -0.028 0.0112
v -0.018217399999999998 -0.0289185 0.0112
v -0.017697 -0.029697 0.0112
v -0.0169185 -0.0302174 0.0112
v -0.016 -0.0304 0.0112
v -0.015081500000000001 -0.0302174 0.0112
v -0.014303 -0.029697 0.0112
v -0.013782599999999999 -0.0289185 0.0112
v -0.013600000000000001 -0.028 0.0112
v -0.013782599999999999 -0.0270815 0.0112
v -0.014303 -0.026303 0.0112
v -0.015081500000000001 -0.0257826 0.0112
v -0.008 -0.0016 0.009600000000000001
v -0.0089185 -0.0017826 0.009600000000000001
v -0.0089185 -0.0017826 0.0112
v -0.008 -0.0016 0.0112
v -0.009697 -0.002303 0.009600000000000001
v -0.009697 -0.002303 0.0112
v -0.010217400000000001 -0.0030815 0.009600000000000001
v -0.010217400000000001 -0.0030815 0.0112
v -0.0104 -0.004 0.009600000000000001
v -0.0104 -0.004 0.0112
v -0.010217400000000001 -0.0049185 0.009600000000000001
v -0.010217400000000001 -0.0049185 0.0112
v -0.009697 -0.005697 0.009600000000000001
v -0.009697 -0.005697 0.0112
v -0.0089185 -0.0062174 0.009600000000000001
v -0.0089185 -0.0062174 0.0112
v -0.008 -0.0064 0.009600000000000001
v -0.008 -0.0064 0.0112
v -0.007081500000000001 -0.0062174 0.009600000000000001
v -0.007081500000000001 -0.0062174 0.0112
v -0.006303 -0.005697 0.009600000000000001
v -0.006303 -0.005697 0.0112
v -0.005782599999999999 -0.0049185 0.009600000000000001
v -0.005782599999999999 -0.0049185 0.0112
v -0.005600000000000001 -0.004 0.009600000000000001
v -0.005600000000000001 -0.004 0.0112
v -0.005782599999999999 -0.0030815 0.009600000000000001
v -0.005782599999999999 -0.0030815 0.0112
v -0.006303 -0.002303 0.009600000000000001
v -0.006303 -0.002303 0.0112
v -0.007081500000000001 -0.0017826 0.009600000000000001
v -0.007081500000000001 -0.0017826 0.0112
v -0.0089185 -0.0017826 0.0112
v -0.008 -0.0016 0.0112
v -0.008 -0.004 0.0112
v -0.009697 -0.002303 0.0112
v -0.010217400000000001 -0.0030815 0.0112
v -0.0104 -0.004 0.0112
v -0.010217400000000001 -0.0049185 0.0112
v -0.009697 -0.005697 0.0112
v -0.0089185 -0.0062174 0.0112
v -0.008 -0.0064 0.0112
v -0.007081500000000001 -0.0062174 0.0112
v -0.006303 -0.005697 0.0112
v -0.005782599999999999 -0.0049185 0.0112
v -0.005600000000000001 -0.004 0.0112
v -0.005782599999999999 -0.0030815 0.0112
v -0.006303 -0.002303 0.0112
v -0.007081500000000001 -0.0017826 0.0112
v -0.008 -0.0096 0.009600000000000001
v -0.0089185 -0.0097826 0.009600000000000001
v -0.0089185 -0.0097826 0.0112
v -0.008 -0.0096 0.0112
v -0.009697 -0.010303 0.009600000000000001
v -0.009697 -0.010303 0.0112
v -0.010217400000000001 -0.0110815 0.009600000000000001
v -0.010217400000000001 -0.0110815 0.0112
v -0.0104 -0.012 0.009600000000000001
v -0.0104 -0.012 0.0112
v -0.010217400000000001 -0.0129185 0.009600000000000001
v -0.010217400000000001 -0.0129185 0.0112
v -0.009697 -0.013697 0.009600000000000001
v -0.009697 -0.013697 0.0112
v -0.0089185 -0.0142174 0.009600000000000001
v -0.0089185 -0.0142174 0.0112
v -0.008 -0.0144 0.009600000000000001
v -0.008 -0.0144 0.0112
v -0.007081500000000001 -0.0142174 0.009600000000000001
v -0.007081500000000001 -0.0142174 0.0112
v -0.006303 -0.013697 0.009600000000000001
v -0.006303 -0.013697 0.0112
v -0.005782599999999999 -0.0129185 0.009600000000000001
v -0.005782599999999999 -0.0129185 0.0112
v -0.005600000000000001 -0.012 0.009600000000000001
v -0.005600000000000001 -0.012 0.0112
v -0.005782599999999999 -0.0110815 0.009600000000000001
v -0.005782599999999999 -0.0110815 0.0112
v -0.006303 -0.010303 0.009600000000000001
v -0.006303 -0.010303 0.0112
v -0.007081500000000001 -0.0097826 0.009600000000000001
v -0.007081500000000001 -0.0097826 0.0112
v -0.0089185 -0.0097826 0.0112
v -0.008 -0.0096 0.0112
v -0.008 -0.012 0.0112
v -0.009697 -0.010303 0.0112
v -0.010217400000000001 -0.0110815 0.0112
v -0.0104 -0.012 0.0112
v -0.010217400000000001 -0.0129185 0.0112
v -0.009697 -0.013697 0.0112
v -0.0089185 -0.0142174 0.0112
v -0.008 -0.0144 0.0112
v -0.007081500000000001 -0.0142174 0.0112
v -0.006303 -0.013697 0.0112
v -0.005782599999999999 -0.0129185 0.0112
v -0.005600000000000001 -0.012 0.0112
v -0.005782599999999999 -0.0110815 0.0112
v -0.006303 -0.010303 0.0112
v -0.007081500000000001 -0.0097826 0.0112
v -0.008 -0.0176 0.009600000000000001
v -0.0089185 -0.0177826 0.009600000000000001
v -0.0089185 -0.0177826 0.0112
v -0.008 -0.0176 0.0112
v -0.009697 -0.018303 0.009600000000000001
v -0.009697 -0.018303 0.0112
v -0.010217400000000001 -0.0190815 0.009600000000000001
v -0.010217400000000001 -0.0190815 0.0112
v -0.0104 -0.02 0.009600000000000001
v -0.0104 -0.02 0.0112
v -0.010217400000000001 -0.0209185 0.009600000000000001
v -0.010217400000000001 -0.0209185 0.0112
v -0.009697 -0.021697 0.009600000000000001
v -0.009697 -0.021697 0.0112
v -0.0089185 -0.0222174 0.009600000000000001
v -0.0089185 -0.0222174 0.0112
v -0.008 -0.0224 0.009600000000000001
v -0.008 -0.0224 0.0112
v -0.007081500000000001 -0.0222174 0.009600000000000001
v -0.007081500000000001 -0.0222174 0.0112
v -0.006303 -0.021697 0.009600000000000001
v -0.006303 -0.021697 0.0112
v -0.005782599999999999 -0.0209185 0.009600000000000001
v -0.005782599999999999 -0.0209185 0.0112
v -0.005600000000000001 -0.02 0.009600000000000001
v -0.005600000000000001 -0.02 0.0112
v -0.005782599999999999 -0.0190815 0.009600000000000001
v -0.005782599999999999 -0.0190815 0.0112
v -0.006303 -0.018303 0.009600000000000001
v -0.006303 -0.018303 0.0112
v -0.007081500000000001 -0.0177826 0.009600000000000001
v -0.007081500000000001 -0.0177826 0.0112
v -0.0089185 -0.0177826 0.0112
v -0.008 -0.0176 0.0112
v -0.008 -0.02 0.0112
v -0.009697 -0.018303 0.0112
v -0.010217400000000001 -0.0190815 0.0112
v -0.0104 -0.02 0.0112
v -0.010217400000000001 -0.0209185 0.0112
v -0.009697 -0.021697 0.0112
v -0.0089185 -0.0222174 0.0112
v -0.008 -0.0224 0.0112
v -0.007081500000000001 -0.0222174 0.0112
v -0.006303 -0.021697 0.0112
v -0.005782599999999999 -0.0209185 0.0112
v -0.005600000000000001 -0.02 0.0112
v -0.005782599999999999 -0.0190815 0.0112
v -0.006303 -0.018303 0.0112
v -0.007081500000000001 -0.0177826 0.0112
v -0.008 -0.0256 0.009600000000000001
v -0.0089185 -0.0257826 0.009600000000000001
v -0.0089185 -0.0257826 0.0112
v -0.008 -0.0256 0.0112
v -0.009697 -0.026303 0.009600000000000001
v -0.009697 -0.026303 0.0112
v -0.010217400000000001 -0.0270815 0.009600000000000001
v -0.010217400000000001 -0.0270815 0.0112
v -0.0104 -0.028 0.009600000000000001
v -0.0104 -0.028 0.0112
v -0.010217400000000001 -0.0289185 0.009600000000000001
v -0.010217400000000001 -0.0289185 0.0112
v -0.009697 -0.029697 0.009600000000000001
v -0.009697 -0.029697 0.0112
v -0.0089185 -0.0302174 0.009600000000000001
v -0.0089185 -0.0302174 0.0112
v -0.008 -0.0304 0.009600000000000001
v -0.008 -0.0304 0.0112
v -0.007081500000000001 -0.0302174 0.009600000000000001
v -0.007081500000000001 -0.0302174 0.0112
v -0.006303 -0.029697 0.009600000000000001
v -0.006303 -0.029697 0.0112
v -0.005782599999999999 -0.0289185 0.009600000000000001
v -0.005782599999999999 -0.0289185 0.0112
v -0.005600000000000001 -0.028 0.009600000000000001
v -0.005600000000000001 -0.028 0.0112
v -0.005782599999999999 -0.0270815 0.009600000000000001
v -0.005782599999999999 -0.0270815 0.0112
v -0.006303 -0.026303 0.009600000000000001
v -0.006303 -0.026303 0.0112
v -0.007081500000000001 -0.0257826 0.009600000000000001
v -0.007081500000000001 -0.0257826 0.0112
v -0.0089185 -0.0257826 0.0112
v -0.008 -0.0256 0.0112
v -0.008 -0.028 0.0112
v -0.009697 -0.026303 0.0112
v -0.010217400000000001 -0.0270815 0.0112
v -0.0104 -0.028 0.0112
v -0.010217400000000001 -0.0289185 0.0112
v -0.009697 -0.029697 0.0112
v -0.0089185 -0.0302174 0.0112
v -0.008 -0.0304 0.0112
v -0.007081500000000001 -0.0302174 0.0112
v -0.006303 -0.029697 0.0112
v -0.005782599999999999 -0.0289185 0.0112
v -0.005600000000000001 -0.028 0.0112
v -0.005782599999999999 -0.0270815 0.0112
v -0.006303 -0.026303 0.0112
v -0.007081500000000001 -0.0257826 0.0112
v 0.0 -0.0016 0.009600000000000001
v -0.0009184999999999992 -0.0017826 0.009600000000000001
v -0.0009184999999999992 -0.0017826 0.0112
v 0.0 -0.0016 0.0112
v -0.0016970000000000006 -0.002303 0.009600000000000001
v -0.0016970000000000006 -0.002303 0.0112
v -0.0022173999999999996 -0.0030815 0.009600000000000001
v -0.0022173999999999996 -0.0030815 0.0112
v -0.0023999999999999994 -0.004 0.009600000000000001
v -0.0023999999999999994 -0.004 0.0112
v -0.0022173999999999996 -0.0049185 0.009600000000000001
v -0.0022173999999999996 -0.0049185 0.0112
v -0.0016970000000000006 -0.005697 0.009600000000000001
v -0.0016970000000000006 -0.005697 0.0112
v -0.0009184999999999992 -0.0062174 0.009600000000000001
v -0.0009184999999999992 -0.0062174 0.0112
v 0.0 -0.0064 0.009600000000000001
v 0.0 -0.0064 0.0112
v 0.0009185000000000009 -0.0062174 0.009600000000000001
v 0.0009185000000000009 -0.0062174 0.0112
v 0.0016970000000000006 -0.005697 0.009600000000000001
v 0.0016970000000000006 -0.005697 0.0112
v 0.0022173999999999996 -0.0049185 0.009600000000000001
v 0.0022173999999999996 -0.0049185 0.0112
v 0.002400000000000001 -0.004 0.009600000000000001
v 0.002400000000000001 -0.004 0.0112
v 0.0022173999999999996 -0.0030815 0.009600000000000001
v 0.0022173999999999996 -0.0030815 0.0112
v 0.0016970000000000006 -0.002303 0.009600000000000001
v 0.0016970000000000006 -0.002303 0.0112
v 0.0009185000000000009 -0.0017826 0.009600000000000001
v 0.0009185000000000009 -0.0017826 0.0112
v -0.0009184999999999992 -0.0017826 0.0112
v 0.0 -0.0016 0.0112
v 0.0 -0.004 0.0112
v -0.0016970000000000006 -0.002303 0.0112
v -0.0022173999999999996 -0.0030815 0.0112
v -0.0023999999999999994 -0.004 0.0112
v -0.0022173999999999996 -0.0049185 0.0112
v -0.0016970000000000006 -0.005697 0.0112
v -0.0009184999999999992 -0.0062174 0.0112
v 0.0 -0.0064 0.0112
v 0.0009185000000000009 -0.0062174 0.0112
v 0.0016970000000000006 -0.005697 0.0112
v 0.0022173999999999996 -0.0049185 0.0112
v 0.002400000000000001 -0.004 0.0112
v 0.0022173999999999996 -0.0030815 0.0112
v 0.0016970000000000006 -0.002303 0.0112
v 0.0009185000000000009 -0.0017826 0.0112
v 0.0 -0.0096 0.009600000000000001
v -0.0009184999999999992 -0.0097826 0.009600000000000001
v -0.0009184999999999992 -0.0097826 0.0112
v 0.0 -0.0096 0.0112
v -0.0016970000000000006 -0.010303 0.009600000000000001
v -0.0016970000000000006 -0.010303 0.0112
v -0.0022173999999999996 -0.0110815 0.009600000000000001
v -0.0022173999999999996 -0.0110815 0.0112
v -0.0023999999999999994 -0.012 0.009600000000000001
v -0.0023999999999999994 -0.012 0.0112
v -0.0022173999999999996 -0.0129185 0.009600000000000001
v -0.0022173999999999996 -0.0129185 0.0112
v -0.0016970000000000006 -0.013697 0.009600000000000001
v -0.0016970000000000006 -0.013697 0.0112
v -0.0009184999999999992 -0.0142174 0.009600000000000001
v -0.0009184999999999992 -0.0142174 0.0112
v 0.0 -0.0144 0.009600000000000001
v 0.0 -0.0144 0.0112
v 0.0009185000000000009 -0.0142174 0.009600000000000001
v 0.0009185000000000009 -0.0142174 0.0112
v 0.0016970000000000006 -0.013697 0.009600000000000001
v 0.0016970000000000006 -0.013697 0.0112
v 0.0022173999999999996 -0.0129185 0.009600000000000001
v 0.0022173999999999996 -0.0129185 0.0112
v 0.002400000000000001 -0.012 0.009600000000000001
v 0.002400000000000001 -0.012 0.0112
v 0.0022173999999999996 -0.0110815 0.009600000000000001
v 0.0022173999999999996 -0.0110815 0.0112
v 0.0016970000000000006 -0.010303 0.009600000000000001
v 0.0016970000000000006 -0.010303 0.0112
v 0.0009185000000000009 -0.0097826 0.009600000000000001
v 0.0009185000000000009 -0.0097826 0.0112
v -0.0009184999999999992 -0.0097826 0.0112
v 0.0 -0.0096 0.0112
v 0.0 -0.012 0.0112
v -0.0016970000000000006 -0.010303 0.0112
v -0.0022173999999999996 -0.0110815 0.0112
v -0.0023999999999999994 -0.012 0.0112
v -0.0022173999999999996 -0.0129185 0.0112
v -0.0016970000000000006 -0.013697 0.0112
v -0.0009184999999999992 -0.0142174 0.0112
v 0.0 -0.0144 0.0112
v 0.0009185000000000009 -0.0142174 0.0112
v 0.0016970000000000006 -0.013697 0.0112
v 0.0022173999999999996 -0.0129185 0.0112
v 0.002400000000000001 -0.012 0.0112
v 0.0022173999999999996 -0.0110815 0.0112
v 0.0016970000000000006 -0.010303 0.0112
v 0.0009185000000000009 -0.0097826 0.0112
v 0.0 -0.0176 0.009600000000000001
v -0.0009184999999999992 -0.0177826 0.009600000000000001
v -0.0009184999999999992 -0.0177826 0.0112
v 0.0 -0.0176 0.0112
v -0.0016970000000000006 -0.018303 0.009600000000000001
v -0.0016970000000000006 -0.018303 0.0112
v -0.0022173999999999996 -0.0190815 0.009600000000000001
v -0.0022173999999999996 -0.0190815 0.0112
v -0.0023999999999999994 -0.02 0.009600000000000001
v -0.0023999999999999994 -0.02 0.0112
v -0.0022173999999999996 -0.0209185 0.009600000000000001
v -0.0022173999999999996 -0.0209185 0.0112
v -0.0016970000000000006 -0.021697 0.009600000000000001
v -0.0016970000000000006 -0.021697 0.0112
v -0.0009184999999999992 -0.0222174 0.009600000000000001
v -0.0009184999999999992 -0.0222174 0.0112
v 0.0 -0.0224 0.009600000000000001
v 0.0 -0.0224 0.0112
v 0.0009185000000000009 -0.0222174 0.009600000000000001
v 0.0009185000000000009 -0.0222174 0.0112
v 0.0016970000000000006 -0.021697 0.009600000000000001
v 0.0016970000000000006 -0.021697 0.0112
v 0.0022173999999999996 -0.0209185 0.009600000000000001
v 0.0022173999999999996 -0.0209185 0.0112
v 0.002400000000000001 -0.02 0.009600000000000001
v 0.002400000000000001 -0.02 0.0112
v 0.0022173999999999996 -0.0190815 0.009600000000000001
v 0.0022173999999999996 -0.0190815 0.0112
v 0.0016970000000000006 -0.018303 0.009600000000000001
v 0.0016970000000000006 -0.018303 0.0112
v 0.0009185000000000009 -0.0177826 0.009600000000000001
v 0.0009185000000000009 -0.0177826 0.0112
v -0.0009184999999999992 -0.0177826 0.0112
v 0.0 -0.0176 0.0112
v 0.0 -0.02 0.0112
v -0.0016970000000000006 -0.018303 0.0112
v -0.0022173999999999996 -0.0190815 0.0112
v -0.0023999999999999994 -0.02 0.0112
v -0.0022173999999999996 -0.0209185 0.0112
v -0.0016970000000000006 -0.021697 0.0112
v -0.0009184999999999992 -0.0222174 0.0112
v 0.0 -0.0224 0.0112
v 0.0009185000000000009 -0.0222174 0.0112
v 0.0016970000000000006 -0.021697 0.0112
v 0.0022173999999999996 -0.0209185 0.0112
v 0.002400000000000001 -0.02 0.0112
v 0.0022173999999999996 -0.0190815 0.0112
v 0.0016970000000000006 -0.018303 0.0112
v 0.0009185000000000009 -0.0177826 0.0112
v 0.0 -0.0256 0.009600000000000001
v -0.0009184999999999992 -0.0257826 0.009600000000000001
v -0.0009184999999999992 -0.0257826 0.0112
v 0.0 -0.0256 0.0112
v -0.0016970000000000006 -0.026303 0.009600000000000001
v -0.0016970000000000006 -0.026303 0.0112
v -0.0022173999999999996 -0.0270815 0.009600000000000001
v -0.0022173999999999996 -0.0270815 0.0112
v -0.0023999999999999994 -0.028 0.009600000000000001
v -0.0023999999999999994 -0.028 0.0112
v -0.0022173999999999996 -0.0289185 0.009600000000000001
v -0.0022173999999999996 -0.0289185 0.0112
v -0.0016970000000000006 -0.029697 0.009600000000000001
v -0.0016970000000000006 -0.029697 0.0112
v -0.0009184999999999992 -0.0302174 0.009600000000000001
v -0.0009184999999999992 -0.0302174 0.0112
v 0.0 -0.0304 0.009600000000000001
v 0.0 -0.0304 0.0112
v 0.0009185000000000009 -0.0302174 0.009600000000000001
v 0.0009185000000000009 -0.0302174 0.0112
v 0.0016970000000000006 -0.029697 0.009600000000000001
v 0.0016970000000000006 -0.029697 0.0112
v 0.0022173999999999996 -0.0289185 0.009600000000000001
v 0.0022173999999999996 -0.0289185 0.0112
v 0.002400000000000001 -0.028 0.009600000000000001
v 0.002400000000000001 -0.028 0.0112
v 0.0022173999999999996 -0.0270815 0.009600000000000001
v 0.0022173999999999996 -0.0270815 0.0112
v 0.0016970000000000006 -0.026303 0.009600000000000001
v 0.0016970000000000006 -0.026303 0.0112
v 0.0009185000000000009 -0.0257826 0.009600000000000001
v 0.0009185000000000009 -0.0257826 0.0112
v -0.0009184999999999992 -0.0257826 0.0112
v 0.0 -0.0256 0.0112
v 0.0 -0.028 0.0112
v -0.0016970000000000006 -0.026303 0.0112
v -0.0022173999999999996 -0.0270815 0.0112
v -0.0023999999999999994 -0.028 0.0112
v -0.0022173999999999996 -0.0289185 0.0112
v -0.0016970000000000006 -0.029697 0.0112
v -0.0009184999999999992 -0.0302174 0.0112
v 0.0 -0.0304 0.0112
v 0.0009185000000000009 -0.0302174 0.0112
v 0.0016970000000000006 -0.029697 0.0112
v 0.0022173999999999996 -0.0289185 0.0112
v 0.002400000000000001 -0.028 0.0112
v 0.0022173999999999996 -0.0270815 0.0112
v 0.0016970000000000006 -0.026303 0.0112
v 0.0009185000000000009 -0.0257826 0.0112
v 0.0233877 -0.0225217 0.0032
v 0.024 -0.0224 0.0032
v 0.024 -0.024 0.0032
v 0.022868600000000003 -0.0228686 0.0032
v 0.0225218 -0.0233877 0.0032
v 0.0224 -0.024 0.0032
v 0.0225218 -0.0246123 0.0032
v 0.022868600000000003 -0.0251313 0.0032
v 0.0233877 -0.0254782 0.0032
v 0.024 -0.0256 0.0032
v 0.0246123 -0.0254782 0.0032
v 0.025131399999999998 -0.0251313 0.0032
v 0.0254782 -0.0246123 0.0032
v 0.025599999999999998 -0.024 0.0032
v 0.0254782 -0.0233877 0.0032
v 0.025131399999999998 -0.0228686 0.0032
v 0.0246123 -0.0225217 0.0032
v 0.024 -0.0224 0.0032
v 0.0233877 -0.0225217 0.0032
v 0.0233877 -0.0225217 0.0112
v 0.024 -0.0224 0.0112
v 0.022868600000000003 -0.0228686 0.0032
v 0.022868600000000003 -0.0228686 0.0112
v 0.0225218 -0.0233877 0.0032
v 0.0225218 -0.0233877 0.0112
v 0.0224 -0.024 0.0032
v 0.0224 -0.024 0.0112
v 0.0225218 -0.0246123 0.0032
v 0.0225218 -0.0246123 0.0112
v 0.022868600000000003 -0.0251313 0.0032
v 0.022868600000000003 -0.0251313 0.0112
v 0.0233877 -0.0254782 0.0032
v 0.0233877 -0.0254782 0.0112
v 0.024 -0.0256 0.0032
v 0.024 -0.0256 0.0112
v 0.0246123 -0.0254782 0.0032
v 0.0246123 -0.0254782 0.0112
v 0.025131399999999998 -0.0251313 0.0032
v 0.025131399999999998 -0.0251313 0.0112
v 0.0254782 -0.0246123 0.0032
v 0.0254782 -0.0246123 0.0112
v 0.025599999999999998 -0.024 0.0032
v 0.025599999999999998 -0.024 0.0112
v 0.0254782 -0.0233877 0.0032
v 0.0254782 -0.0233877 0.0112
v 0.025131399999999998 -0.0228686 0.0032
v 0.025131399999999998 -0.0228686 0.0112
v 0.0246123 -0.0225217 0.0032
v 0.0246123 -0.0225217 0.0112
v 0.0264 -0.0304 0.0112
v 0.0264 -0.0176 0.0112
v 0.0216 -0.0176 0.0112
v 0.0216 -0.0304 0.0112
v 0.0216 -0.0176 0.0112
v 0.0216 -0.0176 0.0032
v 0.0216 -0.0304 0.0032
v 0.0216 -0.0304 0.0112
v 0.0216 -0.0304 0.0112
v 0.0216 -0.0304 0.0032
v 0.0264 -0.0304 0.0032
v 0.0264 -0.0304 0.0112
v 0.0264 -0.0304 0.0112
v 0.0264 -0.0304 0.0032
v 0.0264 -0.0176 0.0032
v 0.0264 -0.0176 0.0112
v 0.0264 -0.0176 0.0112
v 0.0264 -0.0176 0.0032
v 0.0216 -0.0176 0.0032
v 0.0216 -0.0176 0.0112
v 0.02 -0.032 0.0032
v 0.0216 -0.0304 0.0032
v 0.0216 -0.0176 0.0032
v 0.02 -0.016 0.0032
v 0.028 -0.032 0.0032
v 0.0264 -0.0304 0.0032
v 0.028 -0.016 0.0032
v 0.0264 -0.0176 0.0032
v 0.028 -0.032 0.012799999999999999
v 0.028 -0.016 0.012799999999999999
v 0.02 -0.016 0.012799999999999999
v 0.02 -0.032 0.012799999999999999
v 0.02 -0.016 0.012799999999999999
v 0.02 -0.016 0.0032
v 0.02 -0.032 0.0032
v 0.02 -0.032 0.012799999999999999
v 0.02 -0.032 0.012799999999999999
v 0.02 -0.032 0.0032
v 0.028 -0.032 0.0032
v 0.028 -0.032 0.012799999999999999
v 0.028 -0.032 0.012799999999999999
v 0.028 -0.032 0.0032
v 0.028 -0.016 0.0032
v 0.028 -0.016 0.012799999999999999
v 0.028 -0.016 0.012799999999999999
v 0.028 -0.016 0.0032
v 0.02 -0.016 0.0032
v 0.02 -0.016 0.012799999999999999
v 0.024 -0.0176 0.012799999999999999
v 0.023081499999999998 -0.0177826 0.012799999999999999
v 0.023081499999999998 -0.0177826 0.0144
v 0.024 -0.0176 0.0144
v 0.022303 -0.0183029 0.012799999999999999
v 0.022303 -0.0183029 0.0144
v 0.0217826 -0.0190815 0.012799999999999999
v 0.0217826 -0.0190815 0.0144
v 0.0216 -0.02 0.012799999999999999
v 0.0216 -0.02 0.0144
v 0.0217826 -0.0209185 0.012799999999999999
v 0.0217826 -0.0209185 0.0144
v 0.022303 -0.021697 0.012799999999999999
v 0.022303 -0.021697 0.0144
v 0.023081499999999998 -0.0222173 0.012799999999999999
v 0.023081499999999998 -0.0222173 0.0144
v 0.024 -0.0224 0.012799999999999999
v 0.024 -0.0224 0.0144
v 0.0249185 -0.0222173 0.012799999999999999
v 0.0249185 -0.0222173 0.0144
v 0.025697 -0.021697 0.012799999999999999
v 0.025697 -0.021697 0.0144
v 0.026217400000000002 -0.0209185 0.012799999999999999
v 0.026217400000000002 -0.0209185 0.0144
v 0.0264 -0.02 0.012799999999999999
v 0.0264 -0.02 0.0144
v 0.026217400000000002 -0.0190815 0.012799999999999999
v 0.026217400000000002 -0.0190815 0.0144
v 0.025697 -0.0183029 0.012799999999999999
v 0.025697 -0.0183029 0.0144
v 0.0249185 -0.0177826 0.012799999999999999
v 0.0249185 -0.0177826 0.0144
v 0.023081499999999998 -0.0177826 0.0144
v 0.024 -0.0176 0.0144
v 0.024 -0.02 0.0144
v 0.022303 -0.0183029 0.0144
v 0.0217826 -0.0190815 0.0144
v 0.0216 -0.02 0.0144
v 0.0217826 -0.0209185 0.0144
v 0.022303 -0.021697 0.0144
v 0.023081499999999998 -0.0222173 0.0144
v 0.024 -0.0224 0.0144
v 0.0249185 -0.0222173 0.0144
v 0.025697 -0.021697 0.0144
v 0.026217400000000002 -0.0209185 0.0144
v 0.0264 -0.02 0.0144
v 0.026217400000000002 -0.0190815 0.0144
v 0.025697 -0.0183029 0.0144
v 0.0249185 -0.0177826 0.0144
v 0.024 -0.0256 0.012799999999999999
v 0.023081499999999998 -0.0257826 0.012799999999999999
v 0.023081499999999998 -0.0257826 0.0144
v 0.024 -0.0256 0.0144
v 0.022303 -0.0263029 0.012799999999999999
v 0.022303 -0.0263029 0.0144
v 0.0217826 -0.0270815 0.012799999999999999
v 0.0217826 -0.0270815 0.0144
v 0.0216 -0.028 0.012799999999999999
v 0.0216 -0.028 0.0144
v 0.0217826 -0.0289185 0.012799999999999999
v 0.0217826 -0.0289185 0.0144
v 0.022303 -0.029697 0.012799999999999999
v 0.022303 -0.029697 0.0144
v 0.023081499999999998 -0.0302173 0.012799999999999999
v 0.023081499999999998 -0.0302173 0.0144
v 0.024 -0.0304 0.012799999999999999
v 0.024 -0.0304 0.0144
v 0.0249185 -0.0302173 0.012799999999999999
v 0.0249185 -0.0302173 0.0144
v 0.025697 -0.029697 0.012799999999999999
v 0.025697 -0.029697 0.0144
v 0.026217400000000002 -0.0289185 0.012799999999999999
v 0.026217400000000002 -0.0289185 0.0144
v 0.0264 -0.028 0.012799999999999999
v 0.0264 -0.028 0.0144
v 0.026217400000000002 -0.0270815 0.012799999999999999
v 0.026217400000000002 -0.0270815 0.0144
v 0.025697 -0.0263029 0.012799999999999999
v 0.025697 -0.0263029 0.0144
v 0.0249185 -0.0257826 0.012799999999999999
v 0.0249185 -0.0257826 0.0144
v 0.023081499999999998 -0.0257826 0.0144
v 0.024 -0.0256 0.0144
v 0.024 -0.028 0.0144
v 0.022303 -0.0263029 0.0144
v 0.0217826 -0.0270815 0.0144
v 0.0216 -0.028 0.0144
v 0.0217826 -0.0289185 0.0144
v 0.022303 -0.029697 0.0144
v 0.023081499999999998 -0.0302173 0.0144
v 0.024 -0.0304 0.0144
v 0.0249185 -0.0302173 0.0144
v 0.025697 -0.029697 0.0144
v 0.026217400000000002 -0.0289185 0.0144
v 0.0264 -0.028 0.0144
v 0.026217400000000002 -0.0270815 0.0144
v 0.025697 -0.0263029 0.0144
v 0.0249185 -0.0257826 0.0144
v -0.012 -0.0136 0.009600000000000001
v -0.0129185 -0.0137826 0.009600000000000001
v -0.0129185 -0.0137826 0.0176
v -0.012 -0.0136 0.0176
v -0.013697 -0.014303 0.009600000000000001
v -0.013697 -0.014303 0.0176
v -0.014217399999999998 -0.0150815 0.009600000000000001
v -0.014217399999999998 -0.0150815 0.0176
v -0.0144 -0.016 0.009600000000000001
v -0.0144 -0.016 0.0176
v -0.014217399999999998 -0.0169185 0.009600000000000001
v -0.014217399999999998 -0.0169185 0.0176
v -0.013697 -0.017697 0.009600000000000001
v -0.013697 -0.017697 0.0176
v -0.0129185 -0.0182174 0.009600000000000001
v -0.0129185 -0.0182174 0.0176
v -0.012 -0.0184 0.009600000000000001
v -0.012 -0.0184 0.0176
v -0.011081500000000001 -0.0182174 0.009600000000000001
v -0.011081500000000001 -0.0182174 0.0176
v -0.010303 -0.017697 0.009600000000000001
v -0.010303 -0.017697 0.0176
v -0.009782599999999999 -0.0169185 0.009600000000000001
v -0.009782599999999999 -0.0169185 0.0176
v -0.009600000000000001 -0.016 0.009600000000000001
v -0.009600000000000001 -0.016 0.0176
v -0.009782599999999999 -0.0150815 0.009600000000000001
v -0.009782599999999999 -0.0150815 0.0176
v -0.010303 -0.014303 0.009600000000000001
v -0.010303 -0.014303 0.0176
v -0.011081500000000001 -0.0137826 0.009600000000000001
v -0.011081500000000001 -0.0137826 0.0176
v -0.012 -0.0128 0.009600000000000001
v -0.0132246 -0.0130435 0.009600000000000001
v -0.0132246 -0.0130435 0.0176
v -0.012 -0.0128 0.0176
v -0.0142627 -0.0137373 0.009600000000000001
v -0.0142627 -0.0137373 0.0176
v -0.014956500000000001 -0.0147754 0.009600000000000001
v -0.014956500000000001 -0.0147754 0.0176
v -0.015199999999999998 -0.016 0.009600000000000001
v -0.015199999999999998 -0.016 0.0176
v -0.014956500000000001 -0.0172246 0.009600000000000001
v -0.014956500000000001 -0.0172246 0.0176
v -0.0142627 -0.0182627 0.009600000000000001
v -0.0142627 -0.0182627 0.0176
v -0.0132246 -0.0189565 0.009600000000000001
v -0.0132246 -0.0189565 0.0176
v -0.012 -0.0192 0.009600000000000001
v -0.012 -0.0192 0.0176
v -0.010775400000000001 -0.0189565 0.009600000000000001
v -0.010775400000000001 -0.0189565 0.0176
v -0.0097373 -0.0182627 0.009600000000000001
v -0.0097373 -0.0182627 0.0176
v -0.0090435 -0.0172246 0.009600000000000001
v -0.0090435 -0.0172246 0.0176
v -0.008799999999999999 -0.016 0.009600000000000001
v -0.008799999999999999 -0.016 0.0176
v -0.0090435 -0.0147754 0.009600000000000001
v -0.0090435 -0.0147754 0.0176
v -0.0097373 -0.0137373 0.009600000000000001
v -0.0097373 -0.0137373 0.0176
v -0.010775400000000001 -0.0130435 0.009600000000000001
v -0.010775400000000001 -0.0130435 0.0176
v -0.015199999999999998 -0.016 0.009600000000000001
v -0.0144 -0.016 0.009600000000000001
v -0.014217399999999998 -0.0169185 0.009600000000000001
v -0.014956500000000001 -0.0172246 0.009600000000000001
v -0.013697 -0.017697 0.009600000000000001
v -0.0142627 -0.0182627 0.009600000000000001
v -0.0129185 -0.0182174 0.009600000000000001
v -0.0132246 -0.0189565 0.009600000000000001
v -0.012 -0.0184 0.009600000000000001
v -0.012 -0.0192 0.009600000000000001
v -0.011081500000000001 -0.0182174 0.009600000000000001
v -0.010775400000000001 -0.0189565 0.009600000000000001
v -0.010303 -0.017697 0.009600000000000001
v -0.0097373 -0.0182627 0.009600000000000001
v -0.009782599999999999 -0.0169185 0.009600000000000001
v -0.0090435 -0.0172246 0.009600000000000001
v -0.009600000000000001 -0.016 0.009600000000000001
v -0.008799999999999999 -0.016 0.009600000000000001
v -0.009782599999999999 -0.0150815 0.009600000000000001
v -0.0090435 -0.0147754 0.009600000000000001
v -0.010303 -0.014303 0.009600000000000001
v -0.0097373 -0.0137373 0.009600000000000001
v -0.011081500000000001 -0.0137826 0.009600000000000001
v -0.010775400000000001 -0.0130435 0.009600000000000001
v -0.012 -0.0136 0.009600000000000001
v -0.012 -0.0128 0.009600000000000001
v -0.0129185 -0.0137826 0.009600000000000001
v -0.0132246 -0.0130435 0.009600000000000001
v -0.013697 -0.014303 0.009600000000000001
v -0.0142627 -0.0137373 0.009600000000000001
v -0.014217399999999998 -0.0150815 0.009600000000000001
v -0.014956500000000001 -0.0147754 0.009600000000000001
v -0.005600000000000001 -0.0224 0.0176
v -0.005600000000000001 -0.0096 0.0176
v -0.0184 -0.0096 0.0176
v -0.0184 -0.0224 0.0176
v -0.0184 -0.0096 0.0176
v -0.0184 -0.0096 0.009600000000000001
v -0.0184 -0.0224 0.009600000000000001
v -0.0184 -0.0224 0.0176
v -0.0184 -0.0224 0.0176
v -0.0184 -0.0224 0.009600000000000001
v -0.005600000000000001 -0.0224 0.009600000000000001
v -0.005600000000000001 -0.0224 0.0176
v -0.005600000000000001 -0.0224 0.0176
v -0.005600000000000001 -0.0224 0.009600000000000001
v -0.005600000000000001 -0.0096 0.009600000000000001
v -0.005600000000000001 -0.0096 0.0176
v -0.005600000000000001 -0.0096 0.0176
v -0.005600000000000001 -0.0096 0.009600000000000001
v -0.0184 -0.0096 0.009600000000000001
v -0.0184 -0.0096 0.0176
v -0.02 -0.024 0.009600000000000001
v -0.0184 -0.0224 0.009600000000000001
v -0.0184 -0.0096 0.009600000000000001
v -0.02 -0.008 0.009600000000000001
v -0.004 -0.024 0.009600000000000001
v -0.005600000000000001 -0.0224 0.009600000000000001
v -0.004 -0.008 0.009600000000000001
v -0.005600000000000001 -0.0096 0.009600000000000001
v -0.004 -0.024 0.019200000000000002
v -0.004 -0.008 0.019200000000000002
v -0.02 -0.008 0.019200000000000002
v -0.02 -0.024 0.019200000000000002
v -0.02 -0.008 0.019200000000000002
v -0.02 -0.008 0.009600000000000001
v -0.02 -0.024 0.009600000000000001
v -0.02 -0.024 0.019200000000000002
v -0.02 -0.024 0.019200000000000002
v -0.02 -0.024 0.009600000000000001
v -0.004 -0.024 0.009600000000000001
v -0.004 -0.024 0.019200000000000002
v -0.004 -0.024 0.019200000000000002
v -0.004 -0.024 0.009600000000000001
v -0.004 -0.008 0.009600000000000001
v -0.004 -0.008 0.019200000000000002
v -0.004 -0.008 0.019200000000000002
v -0.004 -0.008 0.009600000000000001
v -0.02 -0.008 0.009600000000000001
v -0.02 -0.008 0.019200000000000002
v -0.016 -0.0096 0.019200000000000002
v -0.0169185 -0.0097826 0.019200000000000002
v -0.0169185 -0.0097826 0.020800000000000003
v -0.016 -0.0096 0.020800000000000003
v -0.017697 -0.010303 0.019200000000000002
v -0.017697 -0.010303 0.020800000000000003
v -0.018217399999999998 -0.0110815 0.019200000000000002
v -0.018217399999999998 -0.0110815 0.020800000000000003
v -0.0184 -0.012 0.019200000000000002
v -0.0184 -0.012 0.020800000000000003
v -0.018217399999999998 -0.0129185 0.019200000000000002
v -0.018217399999999998 -0.0129185 0.020800000000000003
v -0.017697 -0.013697 0.019200000000000002
v -0.017697 -0.013697 0.020800000000000003
v -0.0169185 -0.0142174 0.019200000000000002
v -0.0169185 -0.0142174 0.020800000000000003
v -0.016 -0.0144 0.019200000000000002
v -0.016 -0.0144 0.020800000000000003
v -0.015081500000000001 -0.0142174 0.019200000000000002
v -0.015081500000000001 -0.0142174 0.020800000000000003
v -0.014303 -0.013697 0.019200000000000002
v -0.014303 -0.013697 0.020800000000000003
v -0.013782599999999999 -0.0129185 0.019200000000000002
v -0.013782599999999999 -0.0129185 0.020800000000000003
v -0.013600000000000001 -0.012 0.019200000000000002
v -0.013600000000000001 -0.012 0.020800000000000003
v -0.013782599999999999 -0.0110815 0.019200000000000002
v -0.013782599999999999 -0.0110815 0.020800000000000003
v -0.014303 -0.010303 0.019200000000000002
v -0.014303 -0.010303 0.020800000000000003
v -0.015081500000000001 -0.0097826 0.019200000000000002
v -0.015081500000000001 -0.0097826 0.020800000000000003
v -0.0169185 -0.0097826 0.020800000000000003
v -0.016 -0.0096 0.020800000000000003
v -0.016 -0.012 0.020800000000000003
v -0.017697 -0.010303 0.020800000000000003
v -0.018217399999999998 -0.0110815 0.020800000000000003
v -0.0184 -0.012 0.020800000000000003
v -0.018217399999999998 -0.0129185 0.020800000000000003
v -0.017697 -0.013697 0.020800000000000003
v -0.0169185 -0.0142174 0.020800000000000003
v -0.016 -0.0144 0.020800000000000003
v -0.015081500000000001 -0.0142174 0.020800000000000003
v -0.014303 -0.013697 0.020800000000000003
v -0.013782599999999999 -0.0129185 0.020800000000000003
v -0.013600000000000001 -0.012 0.020800000000000003
v -0.013782599999999999 -0.0110815 0.020800000000000003
v -0.014303 -0.010303 0.020800000000000003
v -0.015081500000000001 -0.0097826 0.020800000000000003
v -0.016 -0.0176 0.019200000000000002
v -0.0169185 -0.0177826 0.019200000000000002
v -0.0169185 -0.0177826 0.020800000000000003
v -0.016 -0.0176 0.020800000000000003
v -0.017697 -0.018303 0.019200000000000002
v -0.017697 -0.018303 0.020800000000000003
v -0.018217399999999998 -0.0190815 0.019200000000000002
v -0.018217399999999998 -0.0190815 0.020800000000000003
v -0.0184 -0.02 0.019200000000000002
v -0.0184 -0.02 0.020800000000000003
v -0.018217399999999998 -0.0209185 0.019200000000000002
v -0.018217399999999998 -0.0209185 0.020800000000000003
v -0.017697 -0.021697 0.019200000000000002
v -0.017697 -0.021697 0.020800000000000003
v -0.0169185 -0.0222174 0.019200000000000002
v -0.0169185 -0.0222174 0.020800000000000003
v -0.016 -0.0224 0.019200000000000002
v -0.016 -0.0224 0.020800000000000003
v -0.015081500000000001 -0.0222174 0.019200000000000002
v -0.015081500000000001 -0.0222174 0.020800000000000003
v -0.014303 -0.021697 0.019200000000000002
v -0.014303 -0.021697 0.020800000000000003
v -0.013782599999999999 -0.0209185 0.019200000000000002
v -0.013782599999999999 -0.0209185 0.020800000000000003
v -0.013600000000000001 -0.02 0.019200000000000002
v -0.013600000000000001 -0.02 0.020800000000000003
v -0.013782599999999999 -0.0190815 0.019200000000000002
v -0.013782599999999999 -0.0190815 0.020800000000000003
v -0.014303 -0.018303 0.019200000000000002
v -0.014303 -0.018303 0.020800000000000003
v -0.015081500000000001 -0.0177826 0.019200000000000002
v -0.015081500000000001 -0.0177826 0.020800000000000003
v -0.0169185 -0.0177826 0.020800000000000003
v -0.016 -0.0176 0.020800000000000003
v -0.016 -0.02 0.020800000000000003
v -0.017697 -0.018303 0.020800000000000003
v -0.018217399999999998 -0.0190815 0.020800000000000003
v -0.0184 -0.02 0.020800000000000003
v -0.018217399999999998 -0.0209185 0.020800000000000003
v -0.017697 -0.021697 0.020800000000000003
v -0.0169185 -0.0222174 0.020800000000000003
v -0.016 -0.0224 0.020800000000000003
v -0.015081500000000001 -0.0222174 0.020800000000000003
v -0.014303 -0.021697 0.020800000000000003
v -0.013782599999999999 -0.0209185 0.020800000000000003
v -0.013600000000000001 -0.02 0.020800000000000003
v -0.013782599999999999 -0.0190815 0.020800000000000003
v -0.014303 -0.018303 0.020800000000000003
v -0.015081500000000001 -0.0177826 0.020800000000000003
v -0.008 -0.0096 0.019200000000000002
v -0.0089185 -0.0097826 0.019200000000000002
v -0.0089185 -0.0097826 0.020800000000000003
v -0.008 -0.0096 0.020800000000000003
v -0.009697 -0.010303 0.019200000000000002
v -0.009697 -0.010303 0.020800000000000003
v -0.010217400000000001 -0.0110815 0.019200000000000002
v -0.010217400000000001 -0.0110815 0.020800000000000003
v -0.0104 -0.012 0.019200000000000002
v -0.0104 -0.012 0.020800000000000003
v -0.010217400000000001 -0.0129185 0.019200000000000002
v -0.010217400000000001 -0.0129185 0.020800000000000003
v -0.009697 -0.013697 0.019200000000000002
v -0.009697 -0.013697 0.020800000000000003
v -0.0089185 -0.0142174 0.019200000000000002
v -0.0089185 -0.0142174 0.020800000000000003
v -0.008 -0.0144 0.019200000000000002
v -0.008 -0.0144 0.020800000000000003
v -0.007081500000000001 -0.0142174 0.019200000000000002
v -0.007081500000000001 -0.0142174 0.020800000000000003
v -0.006303 -0.013697 0.019200000000000002
v -0.006303 -0.013697 0.020800000000000003
v -0.005782599999999999 -0.0129185 0.019200000000000002
v -0.005782599999999999 -0.0129185 0.020800000000000003
v -0.005600000000000001 -0.012 0.019200000000000002
v -0.005600000000000001 -0.012 0.020800000000000003
v -0.005782599999999999 -0.0110815 0.019200000000000002
v -0.005782599999999999 -0.0110815 0.020800000000000003
v -0.006303 -0.010303 0.019200000000000002
v -0.006303 -0.010303 0.020800000000000003
v -0.007081500000000001 -0.0097826 0.019200000000000002
v -0.007081500000000001 -0.0097826 0.020800000000000003
v -0.0089185 -0.0097826 0.020800000000000003
v -0.008 -0.0096 0.020800000000000003
v -0.008 -0.012 0.020800000000000003
v -0.009697 -0.010303 0.020800000000000003
v -0.010217400000000001 -0.0110815 0.020800000000000003
v -0.0104 -0.012 0.020800000000000003
v -0.010217400000000001 -0.0129185 0.020800000000000003
v -0.009697 -0.013697 0.020800000000000003
v -0.0089185 -0.0142174 0.020800000000000003
v -0.008 -0.0144 0.020800000000000003
v -0.007081500000000001 -0.0142174 0.020800000000000003
v -0.006303 -0.013697 0.020800000000000003
v -0.005782599999999999 -0.0129185 0.020800000000000003
v -0.005600000000000001 -0.012 0.020800000000000003
v -0.005782599999999999 -0.0110815 0.020800000000000003
v -0.006303 -0.010303 0.020800000000000003
v -0.007081500000000001 -0.0097826 0.020800000000000003
v -0.008 -0.0176 0.019200000000000002
v -0.0089185 -0.0177826 0.019200000000000002
v -0.0089185 -0.0177826 0.020800000000000003
v -0.008 -0.0176 0.020800000000000003
v -0.009697 -0.018303 0.019200000000000002
v -0.009697 -0.018303 0.020800000000000003
v -0.010217400000000001 -0.0190815 0.019200000000000002
v -0.010217400000000001 -0.0190815 0.020800000000000003
v -0.0104 -0.02 0.019200000000000002
v -0.0104 -0.02 0.020800000000000003
v -0.010217400000000001 -0.0209185 0.019200000000000002
v -0.010217400000000001 -0.0209185 0.020800000000000003
v -0.009697 -0.021697 0.019200000000000002
v -0.009697 -0.021697 0.020800000000000003
v -0.0089185 -0.0222174 0.019200000000000002
v -0.0089185 -0.0222174 0.020800000000000003
v -0.008 -0.0224 0.019200000000000002
v -0.008 -0.0224 0.020800000000000003
v -0.007081500000000001 -0.0222174 0.019200000000000002
v -0.007081500000000001 -0.0222174 0.020800000000000003
v -0.006303 -0.021697 0.019200000000000002
v -0.006303 -0.021697 0.020800000000000003
v -0.005782599999999999 -0.0209185 0.019200000000000002
v -0.005782599999999999 -0.0209185 0.020800000000000003
v -0.005600000000000001 -0.02 0.019200000000000002
v -0.005600000000000001 -0.02 0.020800000000000003
v -0.005782599999999999 -0.0190815 0.019200000000000002
v -0.005782599999999999 -0.0190815 0.020800000000000003
v -0.006303 -0.018303 0.019200000000000002
v -0.006303 -0.018303 0.020800000000000003
v -0.007081500000000001 -0.0177826 0.019200000000000002
v -0.007081500000000001 -0.0177826 0.020800000000000003
v -0.0089185 -0.0177826 0.020800000000000003
v -0.008 -0.0176 0.020800000000000003
v -0.008 -0.02 0.020800000000000003
v -0.009697 -0.018303 0.020800000000000003
v -0.010217400000000001 -0.0190815 0.020800000000000003
v -0.0104 -0.02 0.020800000000000003
v -0.010217400000000001 -0.0209185 0.020800000000000003
v -0.009697 -0.021697 0.020800000000000003
v -0.0089185 -0.0222174 0.020800000000000003
v -0.008 -0.0224 0.020800000000000003
v -0.007081500000000001 -0.0222174 0.020800000000000003
v -0.006303 -0.021697 0.020800000000000003
v -0.005782599999999999 -0.0209185 0.020800000000000003
v -0.005600000000000001 -0.02 0.020800000000000003
v -0.005782599999999999 -0.0190815 0.020800000000000003
v -0.006303 -0.018303 0.020800000000000003
v -0.007081500000000001 -0.0177826 0.020800000000000003
v -0.012 -0.0136 0.019200000000000002
v -0.0129185 -0.0137826 0.019200000000000002
v -0.0129185 -0.0137826 0.027200000000000002
v -0.012 -0.0136 0.027200000000000002
v -0.013697 -0.014303 0.019200000000000002
v -0.013697 -0.014303 0.027200000000000002
v -0.014217299999999999 -0.0150815 0.019200000000000002
v -0.014217299999999999 -0.0150815 0.027200000000000002
v -0.0144 -0.016 0.019200000000000002
v -0.0144 -0.016 0.027200000000000002
v -0.014217299999999999 -0.0169185 0.019200000000000002
v -0.014217299999999999 -0.0169185 0.027200000000000002
v -0.013697 -0.017697 0.019200000000000002
v -0.013697 -0.017697 0.027200000000000002
v -0.0129185 -0.0182174 0.019200000000000002
v -0.0129185 -0.0182174 0.027200000000000002
v -0.012 -0.0184 0.019200000000000002
v -0.012 -0.0184 0.027200000000000002
v -0.011081500000000001 -0.0182174 0.019200000000000002
v -0.011081500000000001 -0.0182174 0.027200000000000002
v -0.0103029 -0.017697 0.019200000000000002
v -0.0103029 -0.017697 0.027200000000000002
v -0.009782599999999999 -0.0169185 0.019200000000000002
v -0.009782599999999999 -0.0169185 0.027200000000000002
v -0.009600000000000001 -0.016 0.019200000000000002
v -0.009600000000000001 -0.016 0.027200000000000002
v -0.009782599999999999 -0.0150815 0.019200000000000002
v -0.009782599999999999 -0.0150815 0.027200000000000002
v -0.0103029 -0.014303 0.019200000000000002
v -0.0103029 -0.014303 0.027200000000000002
v -0.011081500000000001 -0.0137826 0.019200000000000002
v -0.011081500000000001 -0.0137826 0.027200000000000002
v -0.012 -0.0128 0.019200000000000002
v -0.0132246 -0.0130435 0.019200000000000002
v -0.0132246 -0.0130435 0.027200000000000002
v -0.012 -0.0128 0.027200000000000002
v -0.0142627 -0.0137373 0.019200000000000002
v -0.0142627 -0.0137373 0.027200000000000002
v -0.014956500000000001 -0.0147754 0.019200000000000002
v -0.014956500000000001 -0.0147754 0.027200000000000002
v -0.015199999999999998 -0.016 0.019200000000000002
v -0.015199999999999998 -0.016 0.027200000000000002
v -0.014956500000000001 -0.0172246 0.019200000000000002
v -0.014956500000000001 -0.0172246 0.027200000000000002
v -0.0142627 -0.0182627 0.019200000000000002
v -0.0142627 -0.0182627 0.027200000000000002
v -0.0132246 -0.0189565 0.019200000000000002
v -0.0132246 -0.0189565 0.027200000000000002
v -0.012 -0.0192 0.019200000000000002
v -0.012 -0.0192 0.027200000000000002
v -0.010775299999999998 -0.0189565 0.019200000000000002
v -0.010775299999999998 -0.0189565 0.027200000000000002
v -0.0097373 -0.0182627 0.019200000000000002
v -0.0097373 -0.0182627 0.027200000000000002
v -0.0090435 -0.0172246 0.019200000000000002
v -0.0090435 -0.0172246 0.027200000000000002
v -0.008799999999999999 -0.016 0.019200000000000002
v -0.008799999999999999 -0.016 0.027200000000000002
v -0.0090435 -0.0147754 0.019200000000000002
v -0.0090435 -0.0147754 0.027200000000000002
v -0.0097373 -0.0137373 0.019200000000000002
v -0.0097373 -0.0137373 0.027200000000000002
v -0.010775299999999998 -0.0130435 0.019200000000000002
v -0.010775299999999998 -0.0130435 0.027200000000000002
v -0.015199999999999998 -0.016 0.019200000000000002
v -0.0144 -0.016 0.019200000000000002
v -0.014217299999999999 -0.0169185 0.019200000000000002
v -0.014956500000000001 -0.0172246 0.019200000000000002
v -0.013697 -0.017697 0.019200000000000002
v -0.0142627 -0.0182627 0.019200000000000002
v -0.0129185 -0.0182174 0.019200000000000002
v -0.0132246 -0.0189565 0.019200000000000002
v -0.012 -0.0184 0.019200000000000002
v -0.012 -0.0192 0.019200000000000002
v -0.011081500000000001 -0.0182174 0.019200000000000002
v -0.010775299999999998 -0.0189565 0.019200000000000002
v -0.0103029 -0.017697 0.019200000000000002
v -0.0097373 -0.0182627 0.019200000000000002
v -0.009782599999999999 -0.0169185 0.019200000000000002
v -0.0090435 -0.0172246 0.019200000000000002
v -0.009600000000000001 -0.016 0.019200000000000002
v -0.008799999999999999 -0.016 0.019200000000000002
v -0.009782599999999999 -0.0150815 0.019200000000000002
v -0.0090435 -0.0147754 0.019200000000000002
v -0.0103029 -0.014303 0.019200000000000002
v -0.0097373 -0.0137373 0.019200000000000002
v -0.011081500000000001 -0.0137826 0.019200000000000002
v -0.010775299999999998 -0.0130435 0.019200000000000002
v -0.012 -0.0136 0.019200000000000002
v -0.012 -0.0128 0.019200000000000002
v -0.0129185 -0.0137826 0.019200000000000002
v -0.0132246 -0.0130435 0.019200000000000002
v -0.013697 -0.014303 0.019200000000000002
v -0.0142627 -0.0137373 0.019200000000000002
v -0.014217299999999999 -0.0150815 0.019200000000000002
v -0.014956500000000001 -0.0147754 0.019200000000000002
v -0.005600000000000001 -0.0224 0.027200000000000002
v -0.005600000000000001 -0.0096 0.027200000000000002
v -0.0184 -0.0096 0.027200000000000002
v -0.0184 -0.0224 0.027200000000000002
v -0.0184 -0.0096 0.027200000000000002
v -0.0184 -0.0096 0.019200000000000002
v -0.0184 -0.0224 0.019200000000000002
v -0.0184 -0.0224 0.027200000000000002
v -0.0184 -0.0224 0.027200000000000002
v -0.0184 -0.0224 0.019200000000000002
v -0.005600000000000001 -0.0224 0.019200000000000002
v -0.005600000000000001 -0.0224 0.027200000000000002
v -0.005600000000000001 -0.0224 0.027200000000000002
v -0.005600000000000001 -0.0224 0.019200000000000002
v -0.005600000000000001 -0.0096 0.019200000000000002
v -0.005600000000000001 -0.0096 0.027200000000000002
v -0.005600000000000001 -0.0096 0.027200000000000002
v -0.005600000000000001 -0.0096 0.019200000000000002
v -0.0184 -0.0096 0.019200000000000002
v -0.0184 -0.0096 0.027200000000000002
v -0.02 -0.024 0.019200000000000002
v -0.0184 -0.0224 0.019200000000000002
v -0.0184 -0.0096 0.019200000000000002
v -0.02 -0.008 0.019200000000000002
v -0.004 -0.024 0.019200000000000002
v -0.005600000000000001 -0.0224 0.019200000000000002
v -0.004 -0.008 0.019200000000000002
v -0.005600000000000001 -0.0096 0.019200000000000002
v -0.004 -0.024 0.028800000000000003
v -0.004 -0.008 0.028800000000000003
v -0.02 -0.008 0.028800000000000003
v -0.02 -0.024 0.028800000000000003
v -0.02 -0.008 0.028800000000000003
v -0.02 -0.008 0.019200000000000002
v -0.02 -0.024 0.019200000000000002
v -0.02 -0.024 0.028800000000000003
v -0.02 -0.024 0.028800000000000003
v -0.02 -0.024 0.019200000000000002
v -0.004 -0.024 0.019200000000000002
v -0.004 -0.024 0.028800000000000003
v -0.004 -0.024 0.028800000000000003
v -0.004 -0.024 0.019200000000000002
v -0.004 -0.008 0.019200000000000002
v -0.004 -0.008 0.028800000000000003
v -0.004 -0.008 0.028800000000000003
v -0.004 -0.008 0.019200000000000002
v -0.02 -0.008 0.019200000000000002
v -0.02 -0.008 0.028800000000000003
v -0.016 -0.0096 0.028800000000000003
v -0.0169185 -0.0097826 0.028800000000000003
v -0.0169185 -0.0097826 0.0304
v -0.016 -0.0096 0.0304
v -0.017697 -0.010303 0.028800000000000003
v -0.017697 -0.010303 0.0304
v -0.0182173 -0.0110815 0.028800000000000003
v -0.0182173 -0.0110815 0.0304
v -0.0184 -0.012 0.028800000000000003
v -0.0184 -0.012 0.0304
v -0.0182173 -0.0129185 0.028800000000000003
v -0.0182173 -0.0129185 0.0304
v -0.017697 -0.013697 0.028800000000000003
v -0.017697 -0.013697 0.0304
v -0.0169185 -0.0142174 0.028800000000000003
v -0.0169185 -0.0142174 0.0304
v -0.016 -0.0144 0.028800000000000003
v -0.016 -0.0144 0.0304
v -0.015081500000000001 -0.0142174 0.028800000000000003
v -0.015081500000000001 -0.0142174 0.0304
v -0.0143029 -0.013697 0.028800000000000003
v -0.0143029 -0.013697 0.0304
v -0.013782599999999999 -0.0129185 0.028800000000000003
v -0.013782599999999999 -0.0129185 0.0304
v -0.013600000000000001 -0.012 0.028800000000000003
v -0.013600000000000001 -0.012 0.0304
v -0.013782599999999999 -0.0110815 0.028800000000000003
v -0.013782599999999999 -0.0110815 0.0304
v -0.0143029 -0.010303 0.028800000000000003
v -0.0143029 -0.010303 0.0304
v -0.015081500000000001 -0.0097826 0.028800000000000003
v -0.015081500000000001 -0.0097826 0.0304
v -0.0169185 -0.0097826 0.0304
v -0.016 -0.0096 0.0304
v -0.016 -0.012 0.0304
v -0.017697 -0.010303 0.0304
v -0.0182173 -0.0110815 0.0304
v -0.0184 -0.012 0.0304
v -0.0182173 -0.0129185 0.0304
v -0.017697 -0.013697 0.0304
v -0.0169185 -0.0142174 0.0304
v -0.016 -0.0144 0.0304
v -0.015081500000000001 -0.0142174 0.0304
v -0.0143029 -0.013697 0.0304
v -0.013782599999999999 -0.0129185 0.0304
v -0.013600000000000001 -0.012 0.0304
v -0.013782599999999999 -0.0110815 0.0304
v -0.0143029 -0.010303 0.0304
v -0.015081500000000001 -0.0097826 0.0304
v -0.016 -0.0176 0.028800000000000003
v -0.0169185 -0.0177826 0.028800000000000003
v -0.0169185 -0.0177826 0.0304
v -0.016 -0.0176 0.0304
v -0.017697 -0.018303 0.028800000000000003
v -0.017697 -0.018303 0.0304
v -0.0182173 -0.0190815 0.028800000000000003
v -0.0182173 -0.0190815 0.0304
v -0.0184 -0.02 0.028800000000000003
v -0.0184 -0.02 0.0304
v -0.0182173 -0.0209185 0.028800000000000003
v -0.0182173 -0.0209185 0.0304
v -0.017697 -0.021697 0.028800000000000003
v -0.017697 -0.021697 0.0304
v -0.0169185 -0.0222174 0.028800000000000003
v -0.0169185 -0.0222174 0.0304
v -0.016 -0.0224 0.028800000000000003
v -0.016 -0.0224 0.0304
v -0.015081500000000001 -0.0222174 0.028800000000000003
v -0.015081500000000001 -0.0222174 0.0304
v -0.0143029 -0.021697 0.028800000000000003
v -0.0143029 -0.021697 0.0304
v -0.013782599999999999 -0.0209185 0.028800000000000003
v -0.013782599999999999 -0.0209185 0.0304
v -0.013600000000000001 -0.02 0.028800000000000003
v -0.013600000000000001 -0.02 0.0304
v -0.013782599999999999 -0.0190815 0.028800000000000003
v -0.013782599999999999 -0.0190815 0.0304
v -0.0143029 -0.018303 0.028800000000000003
v -0.0143029 -0.018303 0.0304
v -0.015081500000000001 -0.0177826 0.028800000000000003
v -0.015081500000000001 -0.0177826 0.0304
v -0.0169185 -0.0177826 0.0304
v -0.016 -0.0176 0.0304
v -0.016 -0.02 0.0304
v -0.017697 -0.018303 0.0304
v -0.0182173 -0.0190815 0.0304
v -0.0184 -0.02 0.0304
v -0.0182173 -0.0209185 0.0304
v -0.017697 -0.021697 0.0304
v -0.0169185 -0.0222174 0.0304
v -0.016 -0.0224 0.0304
v -0.015081500000000001 -0.0222174 0.0304
v -0.0143029 -0.021697 0.0304
v -0.013782599999999999 -0.0209185 0.0304
v -0.013600000000000001 -0.02 0.0304
v -0.013782599999999999 -0.0190815 0.0304
v -0.0143029 -0.018303 0.0304
v -0.015081500000000001 -0.0177826 0.0304
v -0.008 -0.0096 0.028800000000000003
v -0.0089185 -0.0097826 0.028800000000000003
v -0.0089185 -0.0097826 0.0304
v -0.008 -0.0096 0.0304
v -0.009697 -0.010303 0.028800000000000003
v -0.009697 -0.010303 0.0304
v -0.010217299999999999 -0.0110815 0.028800000000000003
v -0.010217299999999999 -0.0110815 0.0304
v -0.0104 -0.012 0.028800000000000003
v -0.0104 -0.012 0.0304
v -0.010217299999999999 -0.0129185 0.028800000000000003
v -0.010217299999999999 -0.0129185 0.0304
v -0.009697 -0.013697 0.028800000000000003
v -0.009697 -0.013697 0.0304
v -0.0089185 -0.0142174 0.028800000000000003
v -0.0089185 -0.0142174 0.0304
v -0.008 -0.0144 0.028800000000000003
v -0.008 -0.0144 0.0304
v -0.007081500000000001 -0.0142174 0.028800000000000003
v -0.007081500000000001 -0.0142174 0.0304
v -0.0063029 -0.013697 0.028800000000000003
v -0.0063029 -0.013697 0.0304
v -0.005782599999999999 -0.0129185 0.028800000000000003
v -0.005782599999999999 -0.0129185 0.0304
v -0.005600000000000001 -0.012 0.028800000000000003
v -0.005600000000000001 -0.012 0.0304
v -0.005782599999999999 -0.0110815 0.028800000000000003
v -0.005782599999999999 -0.0110815 0.0304
v -0.0063029 -0.010303 0.028800000000000003
v -0.0063029 -0.010303 0.0304
v -0.007081500000000001 -0.0097826 0.028800000000000003
v -0.007081500000000001 -0.0097826 0.0304
v -0.0089185 -0.0097826 0.0304
v -0.008 -0.0096 0.0304
v -0.008 -0.012 0.0304
v -0.009697 -0.010303 0.0304
v -0.010217299999999999 -0.0110815 0.0304
v -0.0104 -0.012 0.0304
v -0.010217299999999999 -0.0129185 0.0304
v -0.009697 -0.013697 0.0304
v -0.0089185 -0.0142174 0.0304
v -0.008 -0.0144 0.0304
v -0.007081500000000001 -0.0142174 0.0304
v -0.0063029 -0.013697 0.0304
v -0.005782599999999999 -0.0129185 0.0304
v -0.005600000000000001 -0.012 0.0304
v -0.005782599999999999 -0.0110815 0.0304
v -0.0063029 -0.010303 0.0304
v -0.007081500000000001 -0.0097826 0.0304
v -0.008 -0.0176 0.028800000000000003
v -0.0089185 -0.0177826 0.028800000000000003
v -0.0089185 -0.0177826 0.0304
v -0.008 -0.0176 0.0304
v -0.009697 -0.018303 0.028800000000000003
v -0.009697 -0.018303 0.0304
v -0.010217299999999999 -0.0190815 0.028800000000000003
v -0.010217299999999999 -0.0190815 0.0304
v -0.0104 -0.02 0.028800000000000003
v -0.0104 -0.02 0.0304
v -0.010217299999999999 -0.0209185 0.028800000000000003
v -0.010217299999999999 -0.0209185 0.0304
v -0.009697 -0.021697 0.028800000000000003
v -0.009697 -0.021697 0.0304
v -0.0089185 -0.0222174 0.028800000000000003
v -0.0089185 -0.0222174 0.0304
v -0.008 -0.0224 0.028800000000000003
v -0.008 -0.0224 0.0304
v -0.007081500000000001 -0.0222174 0.028800000000000003
v -0.007081500000000001 -0.0222174 0.0304
v -0.0063029 -0.021697 0.028800000000000003
v -0.0063029 -0.021697 0.0304
v -0.005782599999999999 -0.0209185 0.028800000000000003
v -0.005782599999999999 -0.0209185 0.0304
v -0.005600000000000001 -0.02 0.028800000000000003
v -0.005600000000000001 -0.02 0.0304
v -0.005782599999999999 -0.0190815 0.028800000000000003
v -0.005782599999999999 -0.0190815 0.0304
v -0.0063029 -0.018303 0.028800000000000003
v -0.0063029 -0.018303 0.0304
v -0.007081500000000001 -0.0177826 0.028800000000000003
v -0.007081500000000001 -0.0177826 0.0304
v -0.0089185 -0.0177826 0.0304
v -0.008 -0.0176 0.0304
v -0.008 -0.02 0.0304
v -0.009697 -0.018303 0.0304
v -0.010217299999999999 -0.0190815 0.0304
v -0.0104 -0.02 0.0304
v -0.010217299999999999 -0.0209185 0.0304
v -0.009697 -0.021697 0.0304
v -0.0089185 -0.0222174 0.0304
v -0.008 -0.0224 0.0304
v -0.007081500000000001 -0.0222174 0.0304
v -0.0063029 -0.021697 0.0304
v -0.005782599999999999 -0.0209185 0.0304
v -0.005600000000000001 -0.02 0.0304
v -0.005782599999999999 -0.0190815 0.0304
v -0.0063029 -0.018303 0.0304
v -0.007081500000000001 -0.0177826 0.0304
v -0.012 -0.0136 0.028800000000000003
v -0.0129185 -0.0137826 0.028800000000000003
v -0.0129185 -0.0137826 0.0368
v -0.012 -0.0136 0.0368
v -0.013697 -0.014303 0.028800000000000003
v -0.013697 -0.014303 0.0368
v -0.014217299999999999 -0.0150815 0.028800000000000003
v -0.014217299999999999 -0.0150815 0.0368
v -0.0144 -0.016 0.028800000000000003
v -0.0144 -0.016 0.0368
v -0.014217299999999999 -0.0169185 0.028800000000000003
v -0.014217299999999999 -0.0169185 0.0368
v -0.013697 -0.017697 0.028800000000000003
v -0.013697 -0.017697 0.0368
v -0.0129185 -0.0182174 0.028800000000000003
v -0.0129185 -0.0182174 0.0368
v -0.012 -0.0184 0.028800000000000003
v -0.012 -0.0184 0.0368
v -0.011081500000000001 -0.0182174 0.028800000000000003
v -0.011081500000000001 -0.0182174 0.0368
v -0.0103029 -0.017697 0.028800000000000003
v -0.0103029 -0.017697 0.0368
v -0.009782599999999999 -0.0169185 0.028800000000000003
v -0.009782599999999999 -0.0169185 0.0368
v -0.009600000000000001 -0.016 0.028800000000000003
v -0.009600000000000001 -0.016 0.0368
v -0.009782599999999999 -0.0150815 0.028800000000000003
v -0.009782599999999999 -0.0150815 0.0368
v -0.0103029 -0.014303 0.028800000000000003
v -0.0103029 -0.014303 0.0368
v -0.011081500000000001 -0.0137826 0.028800000000000003
v -0.011081500000000001 -0.0137826 0.0368
v -0.012 -0.0128 0.028800000000000003
v -0.0132246 -0.0130435 0.028800000000000003
v -0.0132246 -0.0130435 0.0368
v -0.012 -0.0128 0.0368
v -0.0142627 -0.0137373 0.028800000000000003
v -0.0142627 -0.0137373 0.0368
v -0.014956500000000001 -0.0147754 0.028800000000000003
v -0.014956500000000001 -0.0147754 0.0368
v -0.015199999999999998 -0.016 0.028800000000000003
v -0.015199999999999998 -0.016 0.0368
v -0.014956500000000001 -0.0172246 0.028800000000000003
v -0.014956500000000001 -0.0172246 0.0368
v -0.0142627 -0.0182627 0.028800000000000003
v -0.0142627 -0.0182627 0.0368
v -0.0132246 -0.0189565 0.028800000000000003
v -0.0132246 -0.0189565 0.0368
v -0.012 -0.0192 0.028800000000000003
v -0.012 -0.0192 0.0368
v -0.010775299999999998 -0.0189565 0.028800000000000003
v -0.010775299999999998 -0.0189565 0.0368
v -0.0097373 -0.0182627 0.028800000000000003
v -0.0097373 -0.0182627 0.0368
v -0.0090435 -0.0172246 0.028800000000000003
v -0.0090435 -0.0172246 0.0368
v -0.008799999999999999 -0.016 0.028800000000000003
v -0.008799999999999999 -0.016 0.0368
v -0.0090435 -0.0147754 0.028800000000000003
v -0.0090435 -0.0147754 0.0368
v -0.0097373 -0.0137373 0.028800000000000003
v -0.0097373 -0.0137373 0.0368
v -0.010775299999999998 -0.0130435 0.028800000000000003
v -0.010775299999999998 -0.0130435 0.0368
v -0.015199999999999998 -0.016 0.028800000000000003
v -0.0144 -0.016 0.028800000000000003
v -0.014217299999999999 -0.0169185 0.028800000000000003
v -0.014956500000000001 -0.0172246 0.028800000000000003
v -0.013697 -0.017697 0.028800000000000003
v -0.0142627 -0.0182627 0.028800000000000003
v -0.0129185 -0.0182174 0.028800000000000003
v -0.0132246 -0.0189565 0.028800000000000003
v -0.012 -0.0184 0.028800000000000003
v -0.012 -0.0192 0.028800000000000003
v -0.011081500000000001 -0.0182174 0.028800000000000003
v -0.010775299999999998 -0.0189565 0.028800000000000003
v -0.0103029 -0.017697 0.028800000000000003
v -0.0097373 -0.0182627 0.028800000000000003
v -0.009782599999999999 -0.0169185 0.028800000000000003
v -0.0090435 -0.0172246 0.028800000000000003
v -0.009600000000000001 -0.016 0.028800000000000003
v -0.008799999999999999 -0.016 0.028800000000000003
v -0.009782599999999999 -0.0150815 0.028800000000000003
v -0.0090435 -0.0147754 0.028800000000000003
v -0.0103029 -0.014303 0.028800000000000003
v -0.0097373 -0.0137373 0.028800000000000003
v -0.011081500000000001 -0.0137826 0.028800000000000003
v -0.010775299999999998 -0.0130435 0.028800000000000003
v -0.012 -0.0136 0.028800000000000003
v -0.012 -0.0128 0.028800000000000003
v -0.0129185 -0.0137826 0.028800000000000003
v -0.0132246 -0.0130435 0.028800000000000003
v -0.013697 -0.014303 0.028800000000000003
v -0.0142627 -0.0137373 0.028800000000000003
v -0.014217299999999999 -0.0150815 0.028800000000000003
v -0.014956500000000001 -0.0147754 0.028800000000000003
v -0.005600000000000001 -0.0224 0.0368
v -0.005600000000000001 -0.0096 0.0368
v -0.0184 -0.0096 0.0368
v -0.0184 -0.0224 0.0368
v -0.0184 -0.0096 0.0368
v -0.0184 -0.0096 0.028800000000000003
v -0.0184 -0.0224 0.028800000000000003
v -0.0184 -0.0224 0.0368
v -0.0184 -0.0224 0.0368
v -0.0184 -0.0224 0.028800000000000003
v -0.005600000000000001 -0.0224 0.028800000000000003
v -0.005600000000000001 -0.0224 0.0368
v -0.005600000000000001 -0.0224 0.0368
v -0.005600000000000001 -0.0224 0.028800000000000003
v -0.005600000000000001 -0.0096 0.028800000000000003
v -0.005600000000000001 -0.0096 0.0368
v -0.005600000000000001 -0.0096 0.0368
v -0.005600000000000001 -0.0096 0.028800000000000003
v -0.0184 -0.0096 0.028800000000000003
v -0.0184 -0.0096 0.0368
v -0.02 -0.024 0.028800000000000003
v -0.0184 -0.0224 0.028800000000000003
v -0.0184 -0.0096 0.028800000000000003
v -0.02 -0.008 0.028800000000000003
v -0.004 -0.024 0.028800000000000003
v -0.005600000000000001 -0.0224 0.028800000000000003
v -0.004 -0.008 0.028800000000000003
v -0.005600000000000001 -0.0096 0.028800000000000003
v -0.004 -0.024 0.038400000000000004
v -0.004 -0.008 0.038400000000000004
v -0.02 -0.008 0.038400000000000004
v -0.02 -0.024 0.038400000000000004
v -0.02 -0.008 0.038400000000000004
v -0.02 -0.008 0.028800000000000003
v -0.02 -0.024 0.028800000000000003
v -0.02 -0.024 0.038400000000000004
v -0.02 -0.024 0.038400000000000004
v -0.02 -0.024 0.028800000000000003
v -0.004 -0.024 0.028800000000000003
v -0.004 -0.024 0.038400000000000004
v -0.004 -0.024 0.038400000000000004
v -0.004 -0.024 0.028800000000000003
v -0.004 -0.008 0.028800000000000003
v -0.004 -0.008 0.038400000000000004
v -0.004 -0.008 0.038400000000000004
v -0.004 -0.008 0.028800000000000003
v -0.02 -0.008 0.028800000000000003
v -0.02 -0.008 0.038400000000000004
v -0.016 -0.0096 0.038400000000000004
v -0.0169185 -0.0097826 0.038400000000000004
v -0.0169185 -0.0097826 0.04
v -0.016 -0.0096 0.04
v -0.017697 -0.010303 0.038400000000000004
v -0.017697 -0.010303 0.04
v -0.0182173 -0.0110815 0.038400000000000004
v -0.0182173 -0.0110815 0.04
v -0.0184 -0.012 0.038400000000000004
v -0.0184 -0.012 0.04
v -0.0182173 -0.0129185 0.038400000000000004
v -0.0182173 -0.0129185 0.04
v -0.017697 -0.013697 0.038400000000000004
v -0.017697 -0.013697 0.04
v -0.0169185 -0.0142174 0.038400000000000004
v -0.0169185 -0.0142174 0.04
v -0.016 -0.0144 0.038400000000000004
v -0.016 -0.0144 0.04
v -0.015081500000000001 -0.0142174 0.038400000000000004
v -0.015081500000000001 -0.0142174 0.04
v -0.0143029 -0.013697 0.038400000000000004
v -0.0143029 -0.013697 0.04
v -0.013782599999999999 -0.0129185 0.038400000000000004
v -0.013782599999999999 -0.0129185 0.04
v -0.013600000000000001 -0.012 0.038400000000000004
v -0.013600000000000001 -0.012 0.04
v -0.013782599999999999 -0.0110815 0.038400000000000004
v -0.013782599999999999 -0.0110815 0.04
v -0.0143029 -0.010303 0.038400000000000004
v -0.0143029 -0.010303 0.04
v -0.015081500000000001 -0.0097826 0.038400000000000004
v -0.015081500000000001 -0.0097826 0.04
v -0.0169185 -0.0097826 0.04
v -0.016 -0.0096 0.04
v -0.016 -0.012 0.04
v -0.017697 -0.010303 0.04
v -0.0182173 -0.0110815 0.04
v -0.0184 -0.012 0.04
v -0.0182173 -0.0129185 0.04
v -0.017697 -0.013697 0.04
v -0.0169185 -0.0142174 0.04
v -0.016 -0.0144 0.04
v -0.015081500000000001 -0.0142174 0.04
v -0.0143029 -0.013697 0.04
v -0.013782599999999999 -0.0129185 0.04
v -0.013600000000000001 -0.012 0.04
v -0.013782599999999999 -0.0110815 0.04
v -0.0143029 -0.010303 0.04
v -0.015081500000000001 -0.0097826 0.04
v -0.016 -0.0176 0.038400000000000004
v -0.0169185 -0.0177826 0.038400000000000004
v -0.0169185 -0.0177826 0.04
v -0.016 -0.0176 0.04
v -0.017697 -0.018303 0.038400000000000004
v -0.017697 -0.018303 0.04
v -0.0182173 -0.0190815 0.038400000000000004
v -0.0182173 -0.0190815 0.04
v -0.0184 -0.02 0.038400000000000004
v -0.0184 -0.02 0.04
v -0.0182173 -0.0209185 0.038400000000000004
v -0.0182173 -0.0209185 0.04
v -0.017697 -0.021697 0.038400000000000004
v -0.017697 -0.021697 0.04
v -0.0169185 -0.0222174 0.038400000000000004
v -0.0169185 -0.0222174 0.04
v -0.016 -0.0224 0.038400000000000004
v -0.016 -0.0224 0.04
v -0.015081500000000001 -0.0222174 0.038400000000000004
v -0.015081500000000001 -0.0222174 0.04
v -0.0143029 -0.021697 0.038400000000000004
v -0.0143029 -0.021697 0.04
v -0.013782599999999999 -0.0209185 0.038400000000000004
v -0.013782599999999999 -0.0209185 0.04
v -0.013600000000000001 -0.02 0.038400000000000004
v -0.013600000000000001 -0.02 0.04
v -0.013782599999999999 -0.0190815 0.038400000000000004
v -0.013782599999999999 -0.0190815 0.04
v -0.0143029 -0.018303 0.038400000000000004
v -0.0143029 -0.018303 0.04
v -0.015081500000000001 -0.0177826 0.038400000000000004
v -0.015081500000000001 -0.0177826 0.04
v -0.0169185 -0.0177826 0.04
v -0.016 -0.0176 0.04
v -0.016 -0.02 0.04
v -0.017697 -0.018303 0.04
v -0.0182173 -0.0190815 0.04
v -0.0184 -0.02 0.04
v -0.0182173 -0.0209185 0.04
v -0.017697 -0.021697 0.04
v -0.0169185 -0.0222174 0.04
v -0.016 -0.0224 0.04
v -0.015081500000000001 -0.0222174 0.04
v -0.0143029 -0.021697 0.04
v -0.013782599999999999 -0.0209185 0.04
v -0.013600000000000001 -0.02 0.04
v -0.013782599999999999 -0.0190815 0.04
v -0.0143029 -0.018303 0.04
v -0.015081500000000001 -0.0177826 0.04
v -0.008 -0.0096 0.038400000000000004
v -0.0089185 -0.0097826 0.038400000000000004
v -0.0089185 -0.0097826 0.04
v -0.008 -0.0096 0.04
v -0.009697 -0.010303 0.038400000000000004
v -0.009697 -0.010303 0.04
v -0.010217299999999999 -0.0110815 0.038400000000000004
v -0.010217299999999999 -0.0110815 0.04
v -0.0104 -0.012 0.038400000000000004
v -0.0104 -0.012 0.04
v -0.010217299999999999 -0.0129185 0.038400000000000004
v -0.010217299999999999 -0.0129185 0.04
v -0.009697 -0.013697 0.038400000000000004
v -0.009697 -0.013697 0.04
v -0.0089185 -0.0142174 0.038400000000000004
v -0.0089185 -0.0142174 0.04
v -0.008 -0.0144 0.038400000000000004
v -0.008 -0.0144 0.04
v -0.007081500000000001 -0.0142174 0.038400000000000004
v -0.007081500000000001 -0.0142174 0.04
v -0.0063029 -0.013697 0.038400000000000004
v -0.0063029 -0.013697 0.04
v -0.005782599999999999 -0.0129185 0.038400000000000004
v -0.005782599999999999 -0.0129185 0.04
v -0.005600000000000001 -0.012 0.038400000000000004
v -0.005600000000000001 -0.012 0.04
v -0.005782599999999999 -0.0110815 0.038400000000000004
v -0.005782599999999999 -0.0110815 0.04
v -0.0063029 -0.010303 0.038400000000000004
v -0.0063029 -0.010303 0.04
v -0.007081500000000001 -0.0097826 0.038400000000000004
v -0.007081500000000001 -0.0097826 0.04
v -0.0089185 -0.0097826 0.04
v -0.008 -0.0096 0.04
v -0.008 -0.012 0.04
v -0.009697 -0.010303 0.04
v -0.010217299999999999 -0.0110815 0.04
v -0.0104 -0.012 0.04
v -0.010217299999999999 -0.0129185 0.04
v -0.009697 -0.013697 0.04
v -0.0089185 -0.0142174 0.04
v -0.008 -0.0144 0.04
v -0.007081500000000001 -0.0142174 0.04
v -0.0063029 -0.013697 0.04
v -0.005782599999999999 -0.0129185 0.04
v -0.005600000000000001 -0.012 0.04
v -0.005782599999999999 -0.0110815 0.04
v -0.0063029 -0.010303 0.04
v -0.007081500000000001 -0.0097826 0.04
v -0.008 -0.0176 0.038400000000000004
v -0.0089185 -0.0177826 0.038400000000000004
v -0.0089185 -0.0177826 0.04
v -0.008 -0.0176 0.04
v -0.009697 -0.018303 0.038400000000000004
v -0.009697 -0.018303 0.04
v -0.010217299999999999 -0.0190815 0.038400000000000004
v -0.010217299999999999 -0.0190815 0.04
v -0.0104 -0.02 0.038400000000000004
v -0.0104 -0.02 0.04
v -0.010217299999999999 -0.0209185 0.038400000000000004
v -0.010217299999999999 -0.0209185 0.04
v -0.009697 -0.021697 0.038400000000000004
v -0.009697 -0.021697 0.04
v -0.0089185 -0.0222174 0.038400000000000004
v -0.0089185 -0.0222174 0.04
v -0.008 -0.0224 0.038400000000000004
v -0.008 -0.0224 0.04
v -0.007081500000000001 -0.0222174 0.038400000000000004
v -0.007081500000000001 -0.0222174 0.04
v -0.0063029 -0.021697 0.038400000000000004
v -0.0063029 -0.021697 0.04
v -0.005782599999999999 -0.0209185 0.038400000000000004
v -0.005782599999999999 -0.0209185 0.04
v -0.005600000000000001 -0.02 0.038400000000000004
v -0.005600000000000001 -0.02 0.04
v -0.005782599999999999 -0.0190815 0.038400000000000004
v -0.005782599999999999 -0.0190815 0.04
v -0.0063029 -0.018303 0.038400000000000004
v -0.0063029 -0.018303 0.04
v -0.007081500000000001 -0.0177826 0.038400000000000004
v -0.007081500000000001 -0.0177826 0.04
v -0.0089185 -0.0177826 0.04
v -0.008 -0.0176 0.04
v -0.008 -0.02 0.04
v -0.009697 -0.018303 0.04
v -0.010217299999999999 -0.0190815 0.04
v -0.0104 -0.02 0.04
v -0.010217299999999999 -0.0209185 0.04
v -0.009697 -0.021697 0.04
v -0.0089185 -0.0222174 0.04
v -0.008 -0.0224 0.04
v -0.007081500000000001 -0.0222174 0.04
v -0.0063029 -0.021697 0.04
v -0.005782599999999999 -0.0209185 0.04
v -0.005600000000000001 -0.02 0.04
v -0.005782599999999999 -0.0190815 0.04
v -0.0063029 -0.018303 0.04
v -0.007081500000000001 -0.0177826 0.04
v -0.009478199999999999 -0.0086124 0.048
v -0.009600000000000001 -0.008 0.048
v -0.008 -0.008 0.048
v -0.009131400000000001 -0.0091314 0.048
v -0.0086123 -0.0094783 0.048
v -0.008 -0.0096 0.048
v -0.0073877000000000005 -0.0094783 0.048
v -0.006868599999999999 -0.0091314 0.048
v -0.006521800000000001 -0.0086124 0.048
v -0.0063999999999999994 -0.008 0.048
v -0.006521800000000001 -0.0073877 0.048
v -0.006868599999999999 -0.0068687 0.048
v -0.0073877000000000005 -0.0065218 0.048
v -0.008 -0.0064 0.048
v -0.0086123 -0.0065218 0.048
v -0.009131400000000001 -0.0068687 0.048
v -0.009478199999999999 -0.0073877 0.048
v -0.009600000000000001 -0.008 0.048
v -0.009478199999999999 -0.0086124 0.048
v -0.009478199999999999 -0.0086124 0.0496
v -0.009600000000000001 -0.008 0.0496
v -0.009131400000000001 -0.0091314 0.048
v -0.009131400000000001 -0.0091314 0.0496
v -0.0086123 -0.0094783 0.048
v -0.0086123 -0.0094783 0.0496
v -0.008 -0.0096 0.048
v -0.008 -0.0096 0.0496
v -0.0073877000000000005 -0.0094783 0.048
v -0.0073877000000000005 -0.0094783 0.0496
v -0.006868599999999999 -0.0091314 0.048
v -0.006868599999999999 -0.0091314 0.0496
v -0.006521800000000001 -0.0086124 0.048
v -0.006521800000000001 -0.0086124 0.0496
v -0.0063999999999999994 -0.008 0.048
v -0.0063999999999999994 -0.008 0.0496
v -0.006521800000000001 -0.0073877 0.048
v -0.006521800000000001 -0.0073877 0.0496
v -0.006868599999999999 -0.0068687 0.048
v -0.006868599999999999 -0.0068687 0.0496
v -0.0073877000000000005 -0.0065218 0.048
v -0.0073877000000000005 -0.0065218 0.0496
v -0.008 -0.0064 0.048
v -0.008 -0.0064 0.0496
v -0.0086123 -0.0065218 0.048
v -0.0086123 -0.0065218 0.0496
v -0.009131400000000001 -0.0068687 0.048
v -0.009131400000000001 -0.0068687 0.0496
v -0.009478199999999999 -0.0073877 0.048
v -0.009478199999999999 -0.0073877 0.0496
v -0.008 -0.0064 0.054400000000000004
v -0.0086123 -0.0065218 0.054400000000000004
v -0.0086123 -0.0065218 0.0545218
v -0.009131400000000001 -0.0068687 0.054400000000000004
v -0.009131400000000001 -0.0068687 0.054868600000000003
v -0.009478199999999999 -0.0073877 0.054400000000000004
v -0.009478199999999999 -0.0073877 0.0553877
v -0.009600000000000001 -0.008 0.054400000000000004
v -0.009600000000000001 -0.008 0.056
v -0.0073877000000000005 -0.0065218 0.054400000000000004
v -0.0073877000000000005 -0.0065218 0.0545218
v -0.006868599999999999 -0.0068687 0.054400000000000004
v -0.006868599999999999 -0.0068687 0.054868600000000003
v -0.006521800000000001 -0.0073877 0.054400000000000004
v -0.006521800000000001 -0.0073877 0.0553877
v -0.0063999999999999994 -0.008 0.054400000000000004
v -0.0063999999999999994 -0.008 0.056
v -0.009478199999999999 -0.0086124 0.056
v -0.009131400000000001 -0.0091314 0.056
v -0.0086123 -0.0094783 0.056
v -0.008 -0.0096 0.056
v -0.0073877000000000005 -0.0094783 0.056
v -0.006868599999999999 -0.0091314 0.056
v -0.006521800000000001 -0.0086124 0.056
v -0.004 -0.0160001 0.048
v -0.005600000000000001 -0.0144001 0.048
v -0.0104 -0.0144001 0.048
v -0.012 -0.0160001 0.048
v -0.004 -0.0 0.048
v -0.005600000000000001 -0.0016 0.048
v -0.012 -0.0 0.048
v -0.0104 -0.0016 0.048
v -0.005600000000000001 -0.0144001 0.056
v -0.005600000000000001 -0.008 0.056
v -0.0104 -0.008 0.056
v -0.0104 -0.0144001 0.056
v -0.004 -0.008 0.0576
v -0.004 -0.0160001 0.0576
v -0.012 -0.0160001 0.0576
v -0.012 -0.008 0.0576
v -0.012 -0.0160001 0.048
v -0.012 -0.0160001 0.0576
v -0.004 -0.0160001 0.0576
v -0.004 -0.0160001 0.048
v -0.005600000000000001 -0.0144001 0.048
v -0.005600000000000001 -0.0144001 0.056
v -0.0104 -0.0144001 0.056
v -0.0104 -0.0144001 0.048
v -0.005600000000000001 -0.0016 0.0496
v -0.005600000000000001 -0.0016 0.048
v -0.0104 -0.0016 0.048
v -0.0104 -0.0016 0.0496
v -0.004 -0.0 0.048
v -0.004 -0.0 0.0496
v -0.012 -0.0 0.0496
v -0.012 -0.0 0.048
v -0.012 -0.0 0.048
v -0.012 -0.0 0.0496
v -0.012 -0.0160001 0.0576
v -0.012 -0.0160001 0.048
v -0.012 -0.008 0.0576
v -0.0104 -0.0016 0.048
v -0.0104 -0.0144001 0.048
v -0.0104 -0.0144001 0.056
v -0.0104 -0.0016 0.0496
v -0.0104 -0.008 0.056
v -0.005600000000000001 -0.0016 0.048
v -0.005600000000000001 -0.0016 0.0496
v -0.005600000000000001 -0.0144001 0.056
v -0.005600000000000001 -0.0144001 0.048
v -0.005600000000000001 -0.008 0.056
v -0.004 -0.0 0.048
v -0.004 -0.0160001 0.048
v -0.004 -0.0160001 0.0576
v -0.004 -0.0 0.0496
v -0.004 -0.008 0.0576
v -0.005600000000000001 -0.0016 0.0496
v -0.0104 -0.0016 0.0496
v -0.0104 -0.008 0.056
v -0.005600000000000001 -0.008 0.056
v -0.0104 -0.0120001 0.0576
v -0.010217400000000001 -0.0129185 0.0576
v -0.010217400000000001 -0.0129185 0.0592
v -0.0104 -0.0120001 0.0592
v -0.009697 -0.0136971 0.0576
v -0.009697 -0.0136971 0.0592
v -0.0089185 -0.0142174 0.0576
v -0.0089185 -0.0142174 0.0592
v -0.008 -0.0144001 0.0576
v -0.008 -0.0144001 0.0592
v -0.007081500000000001 -0.0142174 0.0576
v -0.007081500000000001 -0.0142174 0.0592
v -0.006303 -0.0136971 0.0576
v -0.006303 -0.0136971 0.0592
v -0.005782599999999999 -0.0129185 0.0576
v -0.005782599999999999 -0.0129185 0.0592
v -0.005600000000000001 -0.0120001 0.0576
v -0.005600000000000001 -0.0120001 0.0592
v -0.005782599999999999 -0.0110816 0.0576
v -0.005782599999999999 -0.0110816 0.0592
v -0.006303 -0.010303 0.0576
v -0.006303 -0.010303 0.0592
v -0.007081500000000001 -0.0097827 0.0576
v -0.007081500000000001 -0.0097827 0.0592
v -0.008 -0.0096 0.0576
v -0.008 -0.0096 0.0592
v -0.0089185 -0.0097827 0.0576
v -0.0089185 -0.0097827 0.0592
v -0.009697 -0.010303 0.0576
v -0.009697 -0.010303 0.0592
v -0.010217400000000001 -0.0110816 0.0576
v -0.010217400000000001 -0.0110816 0.0592
v -0.010217400000000001 -0.0129185 0.0592
v -0.0104 -0.0120001 0.0592
v -0.008 -0.0120001 0.0592
v -0.009697 -0.0136971 0.0592
v -0.0089185 -0.0142174 0.0592
v -0.008 -0.0144001 0.0592
v -0.007081500000000001 -0.0142174 0.0592
v -0.006303 -0.0136971 0.0592
v -0.005782599999999999 -0.0129185 0.0592
v -0.005600000000000001 -0.0120001 0.0592
v -0.005782599999999999 -0.0110816 0.0592
v -0.006303 -0.010303 0.0592
v -0.007081500000000001 -0.0097827 0.0592
v -0.008 -0.0096 0.0592
v -0.0089185 -0.0097827 0.0592
v -0.009697 -0.010303 0.0592
v -0.010217400000000001 -0.0110816 0.0592
v -0.004 -0.0 0.0496
v -0.004 -0.008 0.0576
v -0.012 -0.008 0.0576
v -0.012 -0.0 0.0496
v -0.019387699999999997 -0.0134782 0.048
v -0.02 -0.0136 0.048
v -0.02 -0.012 0.048
v -0.0188686 -0.0131314 0.048
v -0.0185217 -0.0126123 0.048
v -0.0184 -0.012 0.048
v -0.0185217 -0.0113877 0.048
v -0.0188686 -0.0108686 0.048
v -0.019387699999999997 -0.0105218 0.048
v -0.02 -0.0104 0.048
v -0.020612299999999997 -0.0105218 0.048
v -0.021131300000000002 -0.0108686 0.048
v -0.0214782 -0.0113877 0.048
v -0.021599999999999998 -0.012 0.048
v -0.0214782 -0.0126123 0.048
v -0.021131300000000002 -0.0131314 0.048
v -0.020612299999999997 -0.0134782 0.048
v -0.02 -0.0136 0.048
v -0.019387699999999997 -0.0134782 0.048
v -0.019387699999999997 -0.0134782 0.0496
v -0.02 -0.0136 0.0496
v -0.0188686 -0.0131314 0.048
v -0.0188686 -0.0131314 0.0496
v -0.0185217 -0.0126123 0.048
v -0.0185217 -0.0126123 0.0496
v -0.0184 -0.012 0.048
v -0.0184 -0.012 0.0496
v -0.0185217 -0.0113877 0.048
v -0.0185217 -0.0113877 0.0496
v -0.0188686 -0.0108686 0.048
v -0.0188686 -0.0108686 0.0496
v -0.019387699999999997 -0.0105218 0.048
v -0.019387699999999997 -0.0105218 0.0496
v -0.02 -0.0104 0.048
v -0.02 -0.0104 0.0496
v -0.020612299999999997 -0.0105218 0.048
v -0.020612299999999997 -0.0105218 0.0496
v -0.021131300000000002 -0.0108686 0.048
v -0.021131300000000002 -0.0108686 0.0496
v -0.0214782 -0.0113877 0.048
v -0.0214782 -0.0113877 0.0496
v -0.021599999999999998 -0.012 0.048
v -0.021599999999999998 -0.012 0.0496
v -0.0214782 -0.0126123 0.048
v -0.0214782 -0.0126123 0.0496
v -0.021131300000000002 -0.0131314 0.048
v -0.021131300000000002 -0.0131314 0.0496
v -0.020612299999999997 -0.0134782 0.048
v -0.020612299999999997 -0.0134782 0.0496
v -0.021599999999999998 -0.012 0.054400000000000004
v -0.0214782 -0.0126123 0.054400000000000004
v -0.0214782 -0.0126123 0.0545218
v -0.021131300000000002 -0.0131314 0.054400000000000004
v -0.021131300000000002 -0.0131314 0.054868600000000003
v -0.020612299999999997 -0.0134782 0.054400000000000004
v -0.020612299999999997 -0.0134782 0.0553877
v -0.02 -0.0136 0.054400000000000004
v -0.02 -0.0136 0.056
v -0.0214782 -0.0113877 0.054400000000000004
v -0.0214782 -0.0113877 0.0545218
v -0.021131300000000002 -0.0108686 0.054400000000000004
v -0.021131300000000002 -0.0108686 0.054868600000000003
v -0.020612299999999997 -0.0105218 0.054400000000000004
v -0.020612299999999997 -0.0105218 0.0553877
v -0.02 -0.0104 0.054400000000000004
v -0.02 -0.0104 0.056
v -0.019387699999999997 -0.0134782 0.056
v -0.0188686 -0.0131314 0.056
v -0.0185217 -0.0126123 0.056
v -0.0184 -0.012 0.056
v -0.0185217 -0.0113877 0.056
v -0.0188686 -0.0108686 0.056
v -0.019387699999999997 -0.0105218 0.056
v -0.012 -0.008 0.048
v -0.013600000000000001 -0.0096 0.048
v -0.013600000000000001 -0.0144 0.048
v -0.012 -0.016 0.048
v -0.028 -0.008 0.048
v -0.026399999999999996 -0.0096 0.048
v -0.028 -0.016 0.048
v -0.026399999999999996 -0.0144 0.048
v -0.013600000000000001 -0.0096 0.056
v -0.02 -0.0096 0.056
v -0.02 -0.0144 0.056
v -0.013600000000000001 -0.0144 0.056
v -0.02 -0.008 0.0576
v -0.012 -0.008 0.0576
v -0.012 -0.016 0.0576
v -0.02 -0.016 0.0576
v -0.012 -0.016 0.048
v -0.012 -0.016 0.0576
v -0.012 -0.008 0.0576
v -0.012 -0.008 0.048
v -0.013600000000000001 -0.0096 0.048
v -0.013600000000000001 -0.0096 0.056
v -0.013600000000000001 -0.0144 0.056
v -0.013600000000000001 -0.0144 0.048
v -0.026399999999999996 -0.0096 0.0496
v -0.026399999999999996 -0.0096 0.048
v -0.026399999999999996 -0.0144 0.048
v -0.026399999999999996 -0.0144 0.0496
v -0.028 -0.008 0.048
v -0.028 -0.008 0.0496
v -0.028 -0.016 0.0496
v -0.028 -0.016 0.048
v -0.028 -0.016 0.048
v -0.028 -0.016 0.0496
v -0.012 -0.016 0.0576
v -0.012 -0.016 0.048
v -0.02 -0.016 0.0576
v -0.026399999999999996 -0.0144 0.048
v -0.013600000000000001 -0.0144 0.048
v -0.013600000000000001 -0.0144 0.056
v -0.026399999999999996 -0.0144 0.0496
v -0.02 -0.0144 0.056
v -0.026399999999999996 -0.0096 0.048
v -0.026399999999999996 -0.0096 0.0496
v -0.013600000000000001 -0.0096 0.056
v -0.013600000000000001 -0.0096 0.048
v -0.02 -0.0096 0.056
v -0.028 -0.008 0.048
v -0.012 -0.008 0.048
v -0.012 -0.008 0.0576
v -0.028 -0.008 0.0496
v -0.02 -0.008 0.0576
v -0.026399999999999996 -0.0096 0.0496
v -0.026399999999999996 -0.0144 0.0496
v -0.02 -0.0144 0.056
v -0.02 -0.0096 0.056
v -0.016 -0.0144 0.0576
v -0.015081500000000001 -0.0142174 0.0576
v -0.015081500000000001 -0.0142174 0.0592
v -0.016 -0.0144 0.0592
v -0.0143029 -0.013697 0.0576
v -0.0143029 -0.013697 0.0592
v -0.013782599999999999 -0.0129185 0.0576
v -0.013782599999999999 -0.0129185 0.0592
v -0.013600000000000001 -0.012 0.0576
v -0.013600000000000001 -0.012 0.0592
v -0.013782599999999999 -0.0110815 0.0576
v -0.013782599999999999 -0.0110815 0.0592
v -0.0143029 -0.010303 0.0576
v -0.0143029 -0.010303 0.0592
v -0.015081500000000001 -0.0097826 0.0576
v -0.015081500000000001 -0.0097826 0.0592
v -0.016 -0.0096 0.0576
v -0.016 -0.0096 0.0592
v -0.0169185 -0.0097826 0.0576
v -0.0169185 -0.0097826 0.0592
v -0.017697 -0.010303 0.0576
v -0.017697 -0.010303 0.0592
v -0.0182173 -0.0110815 0.0576
v -0.0182173 -0.0110815 0.0592
v -0.0184 -0.012 0.0576
v -0.0184 -0.012 0.0592
v -0.0182173 -0.0129185 0.0576
v -0.0182173 -0.0129185 0.0592
v -0.017697 -0.013697 0.0576
v -0.017697 -0.013697 0.0592
v -0.0169185 -0.0142174 0.0576
v -0.0169185 -0.0142174 0.0592
v -0.015081500000000001 -0.0142174 0.0592
v -0.016 -0.0144 0.0592
v -0.016 -0.012 0.0592
v -0.0143029 -0.013697 0.0592
v -0.013782599999999999 -0.0129185 0.0592
v -0.013600000000000001 -0.012 0.0592
v -0.013782599999999999 -0.0110815 0.0592
v -0.0143029 -0.010303 0.0592
v -0.015081500000000001 -0.0097826 0.0592
v -0.016 -0.0096 0.0592
v -0.0169185 -0.0097826 0.0592
v -0.017697 -0.010303 0.0592
v -0.0182173 -0.0110815 0.0592
v -0.0184 -0.012 0.0592
v -0.0182173 -0.0129185 0.0592
v -0.017697 -0.013697 0.0592
v -0.0169185 -0.0142174 0.0592
v -0.028 -0.008 0.0496
v -0.02 -0.008 0.0576
v -0.02 -0.016 0.0576
v -0.028 -0.016 0.0496
v -0.014521800000000001 -0.023388 0.048
v -0.0144 -0.0240003 0.048
v -0.016 -0.0240003 0.048
v -0.014868699999999999 -0.0228689 0.048
v -0.0153877 -0.022522 0.048
v -0.016 -0.0224003 0.048
v -0.0166124 -0.022522 0.048
v -0.017131399999999998 -0.0228689 0.048
v -0.0174783 -0.023388 0.048
v -0.0176 -0.0240003 0.048
v -0.0174783 -0.0246126 0.048
v -0.017131399999999998 -0.0251316 0.048
v -0.0166124 -0.0254785 0.048
v -0.016 -0.0256003 0.048
v -0.0153877 -0.0254785 0.048
v -0.014868699999999999 -0.0251316 0.048
v -0.014521800000000001 -0.0246126 0.048
v -0.0144 -0.0240003 0.048
v -0.014521800000000001 -0.023388 0.048
v -0.014521800000000001 -0.023388 0.0496
v -0.0144 -0.0240003 0.0496
v -0.014868699999999999 -0.0228689 0.048
v -0.014868699999999999 -0.0228689 0.0496
v -0.0153877 -0.022522 0.048
v -0.0153877 -0.022522 0.0496
v -0.016 -0.0224003 0.048
v -0.016 -0.0224003 0.0496
v -0.0166124 -0.022522 0.048
v -0.0166124 -0.022522 0.0496
v -0.017131399999999998 -0.0228689 0.048
v -0.017131399999999998 -0.0228689 0.0496
v -0.0174783 -0.023388 0.048
v -0.0174783 -0.023388 0.0496
v -0.0176 -0.0240003 0.048
v -0.0176 -0.0240003 0.0496
v -0.0174783 -0.0246126 0.048
v -0.0174783 -0.0246126 0.0496
v -0.017131399999999998 -0.0251316 0.048
v -0.017131399999999998 -0.0251316 0.0496
v -0.0166124 -0.0254785 0.048
v -0.0166124 -0.0254785 0.0496
v -0.016 -0.0256003 0.048
v -0.016 -0.0256003 0.0496
v -0.0153877 -0.0254785 0.048
v -0.0153877 -0.0254785 0.0496
v -0.014868699999999999 -0.0251316 0.048
v -0.014868699999999999 -0.0251316 0.0496
v -0.014521800000000001 -0.0246126 0.048
v -0.014521800000000001 -0.0246126 0.0496
v -0.016 -0.0256003 0.054400000000000004
v -0.0153877 -0.0254785 0.054400000000000004
v -0.0153877 -0.0254785 0.0545218
v -0.014868699999999999 -0.0251316 0.054400000000000004
v -0.014868699999999999 -0.0251316 0.054868600000000003
v -0.014521800000000001 -0.0246126 0.054400000000000004
v -0.014521800000000001 -0.0246126 0.0553877
v -0.0144 -0.0240003 0.054400000000000004
v -0.0144 -0.0240003 0.056
v -0.0166124 -0.0254785 0.054400000000000004
v -0.0166124 -0.0254785 0.0545218
v -0.017131399999999998 -0.0251316 0.054400000000000004
v -0.017131399999999998 -0.0251316 0.054868600000000003
v -0.0174783 -0.0246126 0.054400000000000004
v -0.0174783 -0.0246126 0.0553877
v -0.0176 -0.0240003 0.054400000000000004
v -0.0176 -0.0240003 0.056
v -0.014521800000000001 -0.023388 0.056
v -0.014868699999999999 -0.0228689 0.056
v -0.0153877 -0.022522 0.056
v -0.016 -0.0224003 0.056
v -0.0166124 -0.022522 0.056
v -0.017131399999999998 -0.0228689 0.056
v -0.0174783 -0.023388 0.056
v -0.02 -0.0160003 0.048
v -0.0184 -0.0176003 0.048
v -0.013600000000000001 -0.0176003 0.048
v -0.012 -0.0160003 0.048
v -0.02 -0.0320003 0.048
v -0.0184 -0.0304003 0.048
v -0.012 -0.0320003 0.048
v -0.013600000000000001 -0.0304003 0.048
v -0.0184 -0.0176003 0.056
v -0.0184 -0.0240003 0.056
v -0.013600000000000001 -0.0240003 0.056
v -0.013600000000000001 -0.0176003 0.056
v -0.020000099999999996 -0.0240003 0.0576
v -0.02 -0.0160003 0.0576
v -0.012 -0.0160003 0.0576
v -0.012 -0.0240003 0.0576
v -0.012 -0.0160003 0.048
v -0.012 -0.0160003 0.0576
v -0.02 -0.0160003 0.0576
v -0.02 -0.0160003 0.048
v -0.0184 -0.0176003 0.048
v -0.0184 -0.0176003 0.056
v -0.013600000000000001 -0.0176003 0.056
v -0.013600000000000001 -0.0176003 0.048
v -0.0184 -0.0304003 0.0496
v -0.0184 -0.0304003 0.048
v -0.013600000000000001 -0.0304003 0.048
v -0.013600000000000001 -0.0304003 0.0496
v -0.02 -0.0320003 0.048
v -0.020000099999999996 -0.0320003 0.0496
v -0.012 -0.0320003 0.0496
v -0.012 -0.0320003 0.048
v -0.012 -0.0320003 0.048
v -0.012 -0.0320003 0.0496
v -0.012 -0.0160003 0.0576
v -0.012 -0.0160003 0.048
v -0.012 -0.0240003 0.0576
v -0.013600000000000001 -0.0304003 0.048
v -0.013600000000000001 -0.0176003 0.048
v -0.013600000000000001 -0.0176003 0.056
v -0.013600000000000001 -0.0304003 0.0496
v -0.013600000000000001 -0.0240003 0.056
v -0.0184 -0.0304003 0.048
v -0.0184 -0.0304003 0.0496
v -0.0184 -0.0176003 0.056
v -0.0184 -0.0176003 0.048
v -0.0184 -0.0240003 0.056
v -0.02 -0.0320003 0.048
v -0.02 -0.0160003 0.048
v -0.02 -0.0160003 0.0576
v -0.020000099999999996 -0.0320003 0.0496
v -0.020000099999999996 -0.0240003 0.0576
v -0.0184 -0.0304003 0.0496
v -0.013600000000000001 -0.0304003 0.0496
v -0.013600000000000001 -0.0240003 0.056
v -0.0184 -0.0240003 0.056
v -0.013600000000000001 -0.0200003 0.0576
v -0.013782699999999998 -0.0190818 0.0576
v -0.013782699999999998 -0.0190818 0.0592
v -0.013600000000000001 -0.0200003 0.0592
v -0.014303 -0.0183032 0.0576
v -0.014303 -0.0183032 0.0592
v -0.0150816 -0.0177829 0.0576
v -0.0150816 -0.0177829 0.0592
v -0.016 -0.0176003 0.0576
v -0.016 -0.0176003 0.0592
v -0.0169185 -0.0177829 0.0576
v -0.0169185 -0.0177829 0.0592
v -0.0176971 -0.0183032 0.0576
v -0.0176971 -0.0183032 0.0592
v -0.018217399999999998 -0.0190818 0.0576
v -0.018217399999999998 -0.0190818 0.0592
v -0.0184 -0.0200003 0.0576
v -0.0184 -0.0200003 0.0592
v -0.018217399999999998 -0.0209187 0.0576
v -0.018217399999999998 -0.0209187 0.0592
v -0.0176971 -0.0216973 0.0576
v -0.0176971 -0.0216973 0.0592
v -0.0169185 -0.0222176 0.0576
v -0.0169185 -0.0222176 0.0592
v -0.016 -0.0224003 0.0576
v -0.016 -0.0224003 0.0592
v -0.0150816 -0.0222176 0.0576
v -0.0150816 -0.0222176 0.0592
v -0.014303 -0.0216973 0.0576
v -0.014303 -0.0216973 0.0592
v -0.013782699999999998 -0.0209187 0.0576
v -0.013782699999999998 -0.0209187 0.0592
v -0.013782699999999998 -0.0190818 0.0592
v -0.013600000000000001 -0.0200003 0.0592
v -0.016 -0.0200003 0.0592
v -0.014303 -0.0183032 0.0592
v -0.0150816 -0.0177829 0.0592
v -0.016 -0.0176003 0.0592
v -0.0169185 -0.0177829 0.0592
v -0.0176971 -0.0183032 0.0592
v -0.018217399999999998 -0.0190818 0.0592
v -0.0184 -0.0200003 0.0592
v -0.018217399999999998 -0.0209187 0.0592
v -0.0176971 -0.0216973 0.0592
v -0.0169185 -0.0222176 0.0592
v -0.016 -0.0224003 0.0592
v -0.0150816 -0.0222176 0.0592
v -0.014303 -0.0216973 0.0592
v -0.013782699999999998 -0.0209187 0.0592
v -0.020000099999999996 -0.0320003 0.0496
v -0.020000099999999996 -0.0240003 0.0576
v -0.012 -0.0240003 0.0576
v -0.012 -0.0320003 0.0496
v -0.0046123 -0.018522 0.048
v -0.004 -0.0184003 0.048
v -0.004 -0.0200003 0.048
v -0.005131299999999998 -0.0188689 0.048
v -0.005478199999999999 -0.0193879 0.048
v -0.005600000000000001 -0.0200003 0.048
v -0.005478199999999999 -0.0206126 0.048
v -0.005131400000000001 -0.0211316 0.048
v -0.0046123 -0.0214785 0.048
v -0.004 -0.0216003 0.048
v -0.0033877000000000004 -0.0214786 0.048
v -0.002868599999999999 -0.0211317 0.048
v -0.0025217999999999994 -0.0206126 0.048
v -0.0023999999999999994 -0.0200003 0.048
v -0.0025217 -0.019388 0.048
v -0.002868599999999999 -0.018869 0.048
v -0.0033875999999999993 -0.0185221 0.048
v -0.004 -0.0184003 0.048
v -0.0046123 -0.018522 0.048
v -0.0046123 -0.018522 0.0496
v -0.004 -0.0184003 0.0496
v -0.005131299999999998 -0.0188689 0.048
v -0.005131299999999998 -0.0188689 0.0496
v -0.005478199999999999 -0.0193879 0.048
v -0.005478199999999999 -0.0193879 0.0496
v -0.005600000000000001 -0.0200003 0.048
v -0.005600000000000001 -0.0200003 0.0496
v -0.005478199999999999 -0.0206126 0.048
v -0.005478199999999999 -0.0206126 0.0496
v -0.005131400000000001 -0.0211316 0.048
v -0.005131400000000001 -0.0211316 0.0496
v -0.0046123 -0.0214785 0.048
v -0.0046123 -0.0214785 0.0496
v -0.004 -0.0216003 0.048
v -0.004 -0.0216003 0.0496
v -0.0033877000000000004 -0.0214786 0.048
v -0.0033877000000000004 -0.0214786 0.0496
v -0.002868599999999999 -0.0211317 0.048
v -0.002868599999999999 -0.0211317 0.0496
v -0.0025217999999999994 -0.0206126 0.048
v -0.0025217999999999994 -0.0206126 0.0496
v -0.0023999999999999994 -0.0200003 0.048
v -0.0023999999999999994 -0.0200003 0.0496
v -0.0025217 -0.019388 0.048
v -0.0025217 -0.019388 0.0496
v -0.002868599999999999 -0.018869 0.048
v -0.002868599999999999 -0.018869 0.0496
v -0.0033875999999999993 -0.0185221 0.048
v -0.0033875999999999993 -0.0185221 0.0496
v -0.0023999999999999994 -0.0200003 0.054400000000000004
v -0.0025217 -0.019388 0.054400000000000004
v -0.0025217 -0.019388 0.0545218
v -0.002868599999999999 -0.018869 0.054400000000000004
v -0.002868599999999999 -0.018869 0.054868600000000003
v -0.0033875999999999993 -0.0185221 0.054400000000000004
v -0.0033875999999999993 -0.0185221 0.0553877
v -0.004 -0.0184003 0.054400000000000004
v -0.004 -0.0184003 0.056
v -0.0025217999999999994 -0.0206126 0.054400000000000004
v -0.0025217999999999994 -0.0206126 0.0545218
v -0.002868599999999999 -0.0211317 0.054400000000000004
v -0.002868599999999999 -0.0211317 0.054868600000000003
v -0.0033877000000000004 -0.0214786 0.054400000000000004
v -0.0033877000000000004 -0.0214786 0.0553877
v -0.004 -0.0216003 0.054400000000000004
v -0.004 -0.0216003 0.056
v -0.0046123 -0.018522 0.056
v -0.005131299999999998 -0.0188689 0.056
v -0.005478199999999999 -0.0193879 0.056
v -0.005600000000000001 -0.0200003 0.056
v -0.005478199999999999 -0.0206126 0.056
v -0.005131400000000001 -0.0211316 0.056
v -0.0046123 -0.0214785 0.056
v -0.0120001 -0.0240002 0.048
v -0.010400099999999999 -0.0224002 0.048
v -0.0104 -0.0176002 0.048
v -0.0119999 -0.0160001 0.048
v 0.004 -0.0240005 0.048
v 0.002400000000000001 -0.0224004 0.048
v 0.0040000999999999995 -0.0160004 0.048
v 0.0024001000000000005 -0.0176004 0.048
v -0.010400099999999999 -0.0224002 0.056
v -0.004 -0.0224003 0.056
v -0.003999900000000001 -0.0176003 0.056
v -0.0104 -0.0176002 0.056
v -0.0040000999999999995 -0.0240003 0.0576
v -0.0120001 -0.0240002 0.0576
v -0.0119999 -0.0160001 0.0576
v -0.003999900000000001 -0.0160003 0.0576
v -0.0119999 -0.0160001 0.048
v -0.0119999 -0.0160001 0.0576
v -0.0120001 -0.0240002 0.0576
v -0.0120001 -0.0240002 0.048
v -0.010400099999999999 -0.0224002 0.048
v -0.010400099999999999 -0.0224002 0.056
v -0.0104 -0.0176002 0.056
v -0.0104 -0.0176002 0.048
v 0.002400000000000001 -0.0224004 0.0496
v 0.002400000000000001 -0.0224004 0.048
v 0.0024001000000000005 -0.0176004 0.048
v 0.0024001000000000005 -0.0176004 0.0496
v 0.004 -0.0240005 0.048
v 0.004 -0.0240005 0.0496
v 0.0040000999999999995 -0.0160004 0.0496
v 0.0040000999999999995 -0.0160004 0.048
v 0.0040000999999999995 -0.0160004 0.048
v 0.0040000999999999995 -0.0160004 0.0496
v -0.0119999 -0.0160001 0.0576
v -0.0119999 -0.0160001 0.048
v -0.003999900000000001 -0.0160003 0.0576
v 0.0024001000000000005 -0.0176004 0.048
v -0.0104 -0.0176002 0.048
v -0.0104 -0.0176002 0.056
v 0.0024001000000000005 -0.0176004 0.0496
v -0.003999900000000001 -0.0176003 0.056
v 0.002400000000000001 -0.0224004 0.048
v 0.002400000000000001 -0.0224004 0.0496
v -0.010400099999999999 -0.0224002 0.056
v -0.010400099999999999 -0.0224002 0.048
v -0.004 -0.0224003 0.056
v 0.004 -0.0240005 0.048
v -0.0120001 -0.0240002 0.048
v -0.0120001 -0.0240002 0.0576
v 0.004 -0.0240005 0.0496
v -0.0040000999999999995 -0.0240003 0.0576
v 0.002400000000000001 -0.0224004 0.0496
v 0.0024001000000000005 -0.0176004 0.0496
v -0.003999900000000001 -0.0176003 0.056
v -0.004 -0.0224003 0.056
v -0.008 -0.0176002 0.0576
v -0.0089184 -0.0177828 0.0576
v -0.0089184 -0.0177828 0.0592
v -0.008 -0.0176002 0.0592
v -0.009697 -0.0183031 0.0576
v -0.009697 -0.0183031 0.0592
v -0.010217400000000001 -0.0190817 0.0576
v -0.010217400000000001 -0.0190817 0.0592
v -0.0104 -0.0200002 0.0576
v -0.0104 -0.0200002 0.0592
v -0.010217400000000001 -0.0209187 0.0576
v -0.010217400000000001 -0.0209187 0.0592
v -0.0096971 -0.0216972 0.0576
v -0.0096971 -0.0216972 0.0592
v -0.0089185 -0.0222176 0.0576
v -0.0089185 -0.0222176 0.0592
v -0.008 -0.0224002 0.0576
v -0.008 -0.0224002 0.0592
v -0.0070816 -0.0222176 0.0576
v -0.0070816 -0.0222176 0.0592
v -0.006303 -0.0216973 0.0576
v -0.006303 -0.0216973 0.0592
v -0.005782599999999999 -0.0209187 0.0576
v -0.005782599999999999 -0.0209187 0.0592
v -0.005600000000000001 -0.0200003 0.0576
v -0.005600000000000001 -0.0200003 0.0592
v -0.005782599999999999 -0.0190818 0.0576
v -0.005782599999999999 -0.0190818 0.0592
v -0.0063029 -0.0183032 0.0576
v -0.0063029 -0.0183032 0.0592
v -0.007081500000000001 -0.0177829 0.0576
v -0.007081500000000001 -0.0177829 0.0592
v -0.0089184 -0.0177828 0.0592
v -0.008 -0.0176002 0.0592
v -0.008 -0.0200002 0.0592
v -0.009697 -0.0183031 0.0592
v -0.010217400000000001 -0.0190817 0.0592
v -0.0104 -0.0200002 0.0592
v -0.010217400000000001 -0.0209187 0.0592
v -0.0096971 -0.0216972 0.0592
v -0.0089185 -0.0222176 0.0592
v -0.008 -0.0224002 0.0592
v -0.0070816 -0.0222176 0.0592
v -0.006303 -0.0216973 0.0592
v -0.005782599999999999 -0.0209187 0.0592
v -0.005600000000000001 -0.0200003 0.0592
v -0.005782599999999999 -0.0190818 0.0592
v -0.0063029 -0.0183032 0.0592
v -0.007081500000000001 -0.0177829 0.0592
v 0.004 -0.0240005 0.0496
v -0.0040000999999999995 -0.0240003 0.0576
v -0.003999900000000001 -0.0160003 0.0576
v 0.0040000999999999995 -0.0160004 0.0496
v -0.012 0.0264 0.0032
v -0.0129185 0.0262174 0.0032
v -0.0129185 0.0262174 0.0048000000000000004
v -0.012 0.0264 0.0048000000000000004
v -0.013697 0.025697 0.0032
v -0.013697 0.025697 0.0048000000000000004
v -0.014217399999999998 0.0249185 0.0032
v -0.014217399999999998 0.0249185 0.0048000000000000004
v -0.0144 0.024 0.0032
v -0.0144 0.024 0.0048000000000000004
v -0.014217399999999998 0.0230815 0.0032
v -0.014217399999999998 0.0230815 0.0048000000000000004
v -0.013697 0.022303 0.0032
v -0.013697 0.022303 0.0048000000000000004
v -0.0129185 0.0217826 0.0032
v -0.0129185 0.0217826 0.0048000000000000004
v -0.012 0.0216 0.0032
v -0.012 0.0216 0.0048000000000000004
v -0.011081500000000001 0.0217826 0.0032
v -0.011081500000000001 0.0217826 0.0048000000000000004
v -0.010303 0.022303 0.0032
v -0.010303 0.022303 0.0048000000000000004
v -0.009782599999999999 0.0230815 0.0032
v -0.009782599999999999 0.0230815 0.0048000000000000004
v -0.009600000000000001 0.024 0.0032
v -0.009600000000000001 0.024 0.0048000000000000004
v -0.009782599999999999 0.0249185 0.0032
v -0.009782599999999999 0.0249185 0.0048000000000000004
v -0.010303 0.025697 0.0032
v -0.010303 0.025697 0.0048000000000000004
v -0.011081500000000001 0.0262174 0.0032
v -0.011081500000000001 0.0262174 0.0048000000000000004
v -0.012 0.0272 0.0032
v -0.0132246 0.0269565 0.0032
v -0.0132246 0.0269565 0.0048000000000000004
v -0.012 0.0272 0.0048000000000000004
v -0.0142627 0.0262627 0.0032
v -0.0142627 0.0262627 0.0048000000000000004
v -0.014956500000000001 0.0252246 0.0032
v -0.014956500000000001 0.0252246 0.0048000000000000004
v -0.015199999999999998 0.024 0.0032
v -0.015199999999999998 0.024 0.0048000000000000004
v -0.014956500000000001 0.0227754 0.0032
v -0.014956500000000001 0.0227754 0.0048000000000000004
v -0.0142627 0.0217373 0.0032
v -0.0142627 0.0217373 0.0048000000000000004
v -0.0132246 0.0210435 0.0032
v -0.0132246 0.0210435 0.0048000000000000004
v -0.012 0.0208 0.0032
v -0.012 0.0208 0.0048000000000000004
v -0.010775400000000001 0.0210435 0.0032
v -0.010775400000000001 0.0210435 0.0048000000000000004
v -0.0097373 0.0217373 0.0032
v -0.0097373 0.0217373 0.0048000000000000004
v -0.0090435 0.0227754 0.0032
v -0.0090435 0.0227754 0.0048000000000000004
v -0.008799999999999999 0.024 0.0032
v -0.008799999999999999 0.024 0.0048000000000000004
v -0.0090435 0.0252246 0.0032
v -0.0090435 0.0252246 0.0048000000000000004
v -0.0097373 0.0262627 0.0032
v -0.0097373 0.0262627 0.0048000000000000004
v -0.010775400000000001 0.0269565 0.0032
v -0.010775400000000001 0.0269565 0.0048000000000000004
v -0.015199999999999998 0.024 0.0032
v -0.0144 0.024 0.0032
v -0.014217399999999998 0.0230815 0.0032
v -0.014956500000000001 0.0227754 0.0032
v -0.013697 0.022303 0.0032
v -0.0142627 0.0217373 0.0032
v -0.0129185 0.0217826 0.0032
v -0.0132246 0.0210435 0.0032
v -0.012 0.0216 0.0032
v -0.012 0.0208 0.0032
v -0.011081500000000001 0.0217826 0.0032
v -0.010775400000000001 0.0210435 0.0032
v -0.010303 0.022303 0.0032
v -0.0097373 0.0217373 0.0032
v -0.009782599999999999 0.0230815 0.0032
v -0.0090435 0.0227754 0.0032
v -0.009600000000000001 0.024 0.0032
v -0.008799999999999999 0.024 0.0032
v -0.009782599999999999 0.0249185 0.0032
v -0.0090435 0.0252246 0.0032
v -0.010303 0.025697 0.0032
v -0.0097373 0.0262627 0.0032
v -0.011081500000000001 0.0262174 0.0032
v -0.010775400000000001 0.0269565 0.0032
v -0.012 0.0264 0.0032
v -0.012 0.0272 0.0032
v -0.0129185 0.0262174 0.0032
v -0.0132246 0.0269565 0.0032
v -0.013697 0.025697 0.0032
v -0.0142627 0.0262627 0.0032
v -0.014217399999999998 0.0249185 0.0032
v -0.014956500000000001 0.0252246 0.0032
v -0.012 0.0272 0.0112
v -0.0132246 0.0269565 0.0112
v -0.0142627 0.0262627 0.0112
v -0.014956500000000001 0.0252246 0.0112
v -0.015199999999999998 0.024 0.0112
v -0.014956500000000001 0.0227754 0.0112
v -0.0142627 0.0217373 0.0112
v -0.0132246 0.0210435 0.0112
v -0.012 0.0208 0.0112
v -0.010775400000000001 0.0210435 0.0112
v -0.0097373 0.0217373 0.0112
v -0.0090435 0.0227754 0.0112
v -0.008799999999999999 0.024 0.0112
v -0.0090435 0.0252246 0.0112
v -0.0097373 0.0262627 0.0112
v -0.010775400000000001 0.0269565 0.0112
v -0.014217299999999999 0.0249184 0.012799999999999999
v -0.0136971 0.0256971 0.012799999999999999
v -0.0129184 0.0262173 0.012799999999999999
v -0.0129184 0.0217827 0.012799999999999999
v -0.0136971 0.0223029 0.012799999999999999
v -0.014217299999999999 0.0230816 0.012799999999999999
v -0.009782699999999998 0.0230816 0.012799999999999999
v -0.0103029 0.0223029 0.012799999999999999
v -0.0110816 0.0217827 0.012799999999999999
v -0.0110816 0.0262173 0.012799999999999999
v -0.0103029 0.0256971 0.012799999999999999
v -0.009782699999999998 0.0249184 0.012799999999999999
v -0.013000000000000001 0.025 0.012799999999999999
v -0.012799999999999999 0.0262409 0.012799999999999999
v -0.012799999999999999 0.0256 0.012799999999999999
v -0.0142409 0.0248 0.012799999999999999
v -0.013600000000000001 0.0248 0.012799999999999999
v -0.013000000000000001 0.023 0.012799999999999999
v -0.0142409 0.0232 0.012799999999999999
v -0.013600000000000001 0.0232 0.012799999999999999
v -0.012799999999999999 0.0224 0.012799999999999999
v -0.012799999999999999 0.0217591 0.012799999999999999
v -0.011 0.023 0.012799999999999999
v -0.011199999999999998 0.0217591 0.012799999999999999
v -0.011199999999999998 0.0224 0.012799999999999999
v -0.0104 0.0232 0.012799999999999999
v -0.0097591 0.0232 0.012799999999999999
v -0.011 0.025 0.012799999999999999
v -0.0104 0.0248 0.012799999999999999
v -0.0097591 0.0248 0.012799999999999999
v -0.011199999999999998 0.0262409 0.012799999999999999
v -0.011199999999999998 0.0256 0.012799999999999999
v -0.009782699999999998 0.0249184 0.0048000000000000004
v -0.0103029 0.0256971 0.0048000000000000004
v -0.0110816 0.0262173 0.0048000000000000004
v -0.0110816 0.0217827 0.0048000000000000004
v -0.0103029 0.0223029 0.0048000000000000004
v -0.009782699999999998 0.0230816 0.0048000000000000004
v -0.014217299999999999 0.0230816 0.0048000000000000004
v -0.0136971 0.0223029 0.0048000000000000004
v -0.0129184 0.0217827 0.0048000000000000004
v -0.0129184 0.0262173 0.0048000000000000004
v -0.0136971 0.0256971 0.0048000000000000004
v -0.014217299999999999 0.0249184 0.0048000000000000004
v -0.011 0.025 0.0048000000000000004
v -0.011199999999999998 0.0262409 0.0048000000000000004
v -0.011199999999999998 0.0256 0.0048000000000000004
v -0.0097591 0.0248 0.0048000000000000004
v -0.0104 0.0248 0.0048000000000000004
v -0.011 0.023 0.0048000000000000004
v -0.0097591 0.0232 0.0048000000000000004
v -0.0104 0.0232 0.0048000000000000004
v -0.011199999999999998 0.0224 0.0048000000000000004
v -0.011199999999999998 0.0217591 0.0048000000000000004
v -0.013000000000000001 0.023 0.0048000000000000004
v -0.012799999999999999 0.0217591 0.0048000000000000004
v -0.012799999999999999 0.0224 0.0048000000000000004
v -0.013600000000000001 0.0232 0.0048000000000000004
v -0.0142409 0.0232 0.0048000000000000004
v -0.013000000000000001 0.025 0.0048000000000000004
v -0.013600000000000001 0.0248 0.0048000000000000004
v -0.0142409 0.0248 0.0048000000000000004
v -0.012799999999999999 0.0262409 0.0048000000000000004
v -0.012799999999999999 0.0256 0.0048000000000000004
v -0.012799999999999999 0.0262409 0.0048000000000000004
v -0.012799999999999999 0.0262409 0.012799999999999999
v -0.012 0.0264 0.012799999999999999
v -0.012799999999999999 0.0256 0.012799999999999999
v -0.012799999999999999 0.0262409 0.012799999999999999
v -0.012799999999999999 0.0262409 0.0048000000000000004
v -0.012799999999999999 0.0256 0.0048000000000000004
v -0.013000000000000001 0.025 0.0048000000000000004
v -0.013000000000000001 0.025 0.012799999999999999
v -0.013600000000000001 0.0248 0.0048000000000000004
v -0.013600000000000001 0.0248 0.012799999999999999
v -0.013000000000000001 0.025 0.012799999999999999
v -0.013000000000000001 0.025 0.0048000000000000004
v -0.0142409 0.0248 0.0048000000000000004
v -0.0142409 0.0248 0.012799999999999999
v -0.0142409 0.0248 0.0048000000000000004
v -0.0144 0.024 0.012799999999999999
v -0.0142409 0.0248 0.012799999999999999
v -0.0142409 0.0232 0.0048000000000000004
v -0.0142409 0.0232 0.012799999999999999
v -0.013600000000000001 0.0232 0.012799999999999999
v -0.0142409 0.0232 0.012799999999999999
v -0.0142409 0.0232 0.0048000000000000004
v -0.013600000000000001 0.0232 0.0048000000000000004
v -0.013000000000000001 0.023 0.0048000000000000004
v -0.013000000000000001 0.023 0.012799999999999999
v -0.012799999999999999 0.0224 0.0048000000000000004
v -0.012799999999999999 0.0224 0.012799999999999999
v -0.013000000000000001 0.023 0.012799999999999999
v -0.013000000000000001 0.023 0.0048000000000000004
v -0.012799999999999999 0.0217591 0.0048000000000000004
v -0.012799999999999999 0.0217591 0.012799999999999999
v -0.012 0.0216 0.012799999999999999
v -0.012799999999999999 0.0217591 0.012799999999999999
v -0.012799999999999999 0.0217591 0.0048000000000000004
v -0.011199999999999998 0.0217591 0.0048000000000000004
v -0.011199999999999998 0.0217591 0.012799999999999999
v -0.011199999999999998 0.0224 0.0048000000000000004
v -0.011199999999999998 0.0224 0.012799999999999999
v -0.011199999999999998 0.0217591 0.012799999999999999
v -0.011199999999999998 0.0217591 0.0048000000000000004
v -0.011 0.023 0.0048000000000000004
v -0.011 0.023 0.012799999999999999
v -0.0104 0.0232 0.0048000000000000004
v -0.0104 0.0232 0.012799999999999999
v -0.011 0.023 0.012799999999999999
v -0.011 0.023 0.0048000000000000004
v -0.0097591 0.0232 0.0048000000000000004
v -0.0097591 0.0232 0.012799999999999999
v -0.0097591 0.0232 0.0048000000000000004
v -0.009600000000000001 0.024 0.012799999999999999
v -0.0097591 0.0232 0.012799999999999999
v -0.0097591 0.0248 0.0048000000000000004
v -0.0097591 0.0248 0.012799999999999999
v -0.0104 0.0248 0.0048000000000000004
v -0.0104 0.0248 0.012799999999999999
v -0.0097591 0.0248 0.012799999999999999
v -0.0097591 0.0248 0.0048000000000000004
v -0.011 0.025 0.0048000000000000004
v -0.011 0.025 0.012799999999999999
v -0.011199999999999998 0.0256 0.0048000000000000004
v -0.011199999999999998 0.0256 0.012799999999999999
v -0.011 0.025 0.012799999999999999
v -0.011 0.025 0.0048000000000000004
v -0.011199999999999998 0.0262409 0.0048000000000000004
v -0.011199999999999998 0.0262409 0.012799999999999999
v -0.011199999999999998 0.0262409 0.012799999999999999
v -0.011199999999999998 0.0262409 0.0048000000000000004
v -0.008938499999999999 0.031391 0.0032
v -0.008938499999999999 0.031391 0.0048000000000000004
v -0.0120001 0.0320002 0.0048000000000000004
v -0.0120001 0.0320002 0.0032
v -0.015061399999999999 0.031391 0.0048000000000000004
v -0.015061399999999999 0.031391 0.0032
v -0.015061399999999999 0.031391 0.0032
v -0.0120001 0.0320002 0.0032
v -0.008938499999999999 0.031391 0.0032
v -0.0046089999999999985 0.0209385 0.0032
v -0.0046089999999999985 0.0209385 0.0048000000000000004
v -0.003999800000000001 0.0240001 0.0048000000000000004
v -0.003999800000000001 0.0240001 0.0032
v -0.0046089999999999985 0.0270614 0.0048000000000000004
v -0.0046089999999999985 0.0270614 0.0032
v -0.0046089999999999985 0.0270614 0.0032
v -0.003999800000000001 0.0240001 0.0032
v -0.0046089999999999985 0.0209385 0.0032
v -0.015061499999999999 0.016609 0.0032
v -0.015061499999999999 0.016609 0.0048000000000000004
v -0.0119999 0.0159998 0.0048000000000000004
v -0.0119999 0.0159998 0.0032
v -0.008938600000000001 0.016609 0.0048000000000000004
v -0.008938600000000001 0.016609 0.0032
v -0.008938600000000001 0.016609 0.0032
v -0.0119999 0.0159998 0.0032
v -0.015061499999999999 0.016609 0.0032
v -0.019391000000000002 0.0270615 0.0032
v -0.019391000000000002 0.0270615 0.0048000000000000004
v -0.0200002 0.0239999 0.0048000000000000004
v -0.0200002 0.0239999 0.0032
v -0.019391000000000002 0.0209386 0.0048000000000000004
v -0.019391000000000002 0.0209386 0.0032
v -0.019391000000000002 0.0209386 0.0032
v -0.0200002 0.0239999 0.0032
v -0.019391000000000002 0.0270615 0.0032
v -0.016544 0.0304 0.0048000000000000004
v -0.007456000000000001 0.0304 0.0048000000000000004
v -0.007456000000000001 0.0304 0.0032
v -0.016544 0.0304 0.0032
v -0.005600000000000001 0.028544 0.0048000000000000004
v -0.005600000000000001 0.019456 0.0048000000000000004
v -0.005600000000000001 0.019456 0.0032
v -0.005600000000000001 0.028544 0.0032
v -0.007456000000000001 0.0176 0.0048000000000000004
v -0.016544 0.0176 0.0048000000000000004
v -0.016544 0.0176 0.0032
v -0.007456000000000001 0.0176 0.0032
v -0.0184 0.019456 0.0048000000000000004
v -0.0184 0.028544 0.0048000000000000004
v -0.0184 0.028544 0.0032
v -0.0184 0.019456 0.0032
v -0.019392000000000003 0.02706 0.0032
v -0.019392000000000003 0.02094 0.0032
v -0.0184 0.019456 0.0032
v -0.0184 0.028544 0.0032
v -0.01506 0.016608 0.0032
v -0.00894 0.016608 0.0032
v -0.007456000000000001 0.0176 0.0032
v -0.016544 0.0176 0.0032
v -0.004608000000000001 0.02094 0.0032
v -0.004608000000000001 0.02706 0.0032
v -0.005600000000000001 0.028544 0.0032
v -0.005600000000000001 0.019456 0.0032
v -0.00894 0.031392 0.0032
v -0.01506 0.031392 0.0032
v -0.016544 0.0304 0.0032
v -0.007456000000000001 0.0304 0.0032
v -0.016544 0.0304 0.0032
v -0.01506 0.031392 0.0032
v -0.01506 0.031392 0.0048000000000000004
v -0.016544 0.0304 0.0048000000000000004
v -0.019392000000000003 0.02706 0.0032
v -0.0184 0.028544 0.0032
v -0.0184 0.028544 0.0048000000000000004
v -0.019392000000000003 0.02706 0.0048000000000000004
v -0.01506 0.016608 0.0032
v -0.016544 0.0176 0.0032
v -0.016544 0.0176 0.0048000000000000004
v -0.01506 0.016608 0.0048000000000000004
v -0.0184 0.019456 0.0032
v -0.019392000000000003 0.02094 0.0032
v -0.019392000000000003 0.02094 0.0048000000000000004
v -0.0184 0.019456 0.0048000000000000004
v -0.00894 0.031392 0.0032
v -0.007456000000000001 0.0304 0.0032
v -0.007456000000000001 0.0304 0.0048000000000000004
v -0.00894 0.031392 0.0048000000000000004
v -0.005600000000000001 0.028544 0.0032
v -0.004608000000000001 0.02706 0.0032
v -0.004608000000000001 0.02706 0.0048000000000000004
v -0.005600000000000001 0.028544 0.0048000000000000004
v -0.007456000000000001 0.0176 0.0032
v -0.00894 0.016608 0.0032
v -0.00894 0.016608 0.0048000000000000004
v -0.007456000000000001 0.0176 0.0048000000000000004
v -0.004608000000000001 0.02094 0.0032
v -0.005600000000000001 0.019456 0.0032
v -0.005600000000000001 0.019456 0.0048000000000000004
v -0.004608000000000001 0.02094 0.0048000000000000004
v -0.0184 0.024 0.0112
v -0.015199999999999998 0.024 0.0112
v -0.014956500000000001 0.0227754 0.0112
v -0.017913 0.0215507 0.0112
v -0.0142627 0.0217373 0.0112
v -0.0165254 0.0194746 0.0112
v -0.0132246 0.0210435 0.0112
v -0.014449299999999998 0.018087 0.0112
v -0.012 0.0208 0.0112
v -0.012 0.0176 0.0112
v -0.010775400000000001 0.0210435 0.0112
v -0.009550699999999999 0.018087 0.0112
v -0.0097373 0.0217373 0.0112
v -0.007474600000000001 0.0194746 0.0112
v -0.0090435 0.0227754 0.0112
v -0.006086999999999999 0.0215507 0.0112
v -0.008799999999999999 0.024 0.0112
v -0.005600000000000001 0.024 0.0112
v -0.0090435 0.0252246 0.0112
v -0.006086999999999999 0.0264493 0.0112
v -0.0097373 0.0262627 0.0112
v -0.007474600000000001 0.0285254 0.0112
v -0.010775400000000001 0.0269565 0.0112
v -0.009550699999999999 0.029913 0.0112
v -0.012 0.0272 0.0112
v -0.012 0.0304 0.0112
v -0.0132246 0.0269565 0.0112
v -0.014449299999999998 0.029913 0.0112
v -0.0142627 0.0262627 0.0112
v -0.0165254 0.0285254 0.0112
v -0.014956500000000001 0.0252246 0.0112
v -0.017913 0.0264493 0.0112
v -0.012 0.0304 0.0112
v -0.014449299999999998 0.029913 0.0112
v -0.014449299999999998 0.029913 0.0048000000000000004
v -0.012 0.0304 0.0048000000000000004
v -0.0165254 0.0285254 0.0112
v -0.0165254 0.0285254 0.0048000000000000004
v -0.017913 0.0264493 0.0112
v -0.017913 0.0264493 0.0048000000000000004
v -0.0184 0.024 0.0112
v -0.0184 0.024 0.0048000000000000004
v -0.017913 0.0215507 0.0112
v -0.017913 0.0215507 0.0048000000000000004
v -0.0165254 0.0194746 0.0112
v -0.0165254 0.0194746 0.0048000000000000004
v -0.014449299999999998 0.018087 0.0112
v -0.014449299999999998 0.018087 0.0048000000000000004
v -0.012 0.0176 0.0112
v -0.012 0.0176 0.0048000000000000004
v -0.009550699999999999 0.018087 0.0112
v -0.009550699999999999 0.018087 0.0048000000000000004
v -0.007474600000000001 0.0194746 0.0112
v -0.007474600000000001 0.0194746 0.0048000000000000004
v -0.006086999999999999 0.0215507 0.0112
v -0.006086999999999999 0.0215507 0.0048000000000000004
v -0.005600000000000001 0.024 0.0112
v -0.005600000000000001 0.024 0.0048000000000000004
v -0.006086999999999999 0.0264493 0.0112
v -0.006086999999999999 0.0264493 0.0048000000000000004
v -0.007474600000000001 0.0285254 0.0112
v -0.007474600000000001 0.0285254 0.0048000000000000004
v -0.009550699999999999 0.029913 0.0112
v -0.009550699999999999 0.029913 0.0048000000000000004
v -0.016544 0.0304 0.0048000000000000004
v -0.014447999999999999 0.029912 0.0048000000000000004
v -0.012 0.0304 0.0048000000000000004
v -0.017655999999999998 0.029656 0.0048000000000000004
v -0.016524 0.028524 0.0048000000000000004
v -0.0184 0.028544 0.0048000000000000004
v -0.017912 0.026448 0.0048000000000000004
v -0.0184 0.024 0.0048000000000000004
v -0.014447999999999999 0.018088 0.0048000000000000004
v -0.016544 0.0176 0.0048000000000000004
v -0.012 0.0176 0.0048000000000000004
v -0.016524 0.019476 0.0048000000000000004
v -0.017655999999999998 0.018344 0.0048000000000000004
v -0.0184 0.019456 0.0048000000000000004
v -0.017912 0.021552 0.0048000000000000004
v -0.009552000000000001 0.029912 0.0048000000000000004
v -0.007456000000000001 0.0304 0.0048000000000000004
v -0.007476 0.028524 0.0048000000000000004
v -0.006343999999999999 0.029656 0.0048000000000000004
v -0.005600000000000001 0.028544 0.0048000000000000004
v -0.006088 0.026448 0.0048000000000000004
v -0.005600000000000001 0.024 0.0048000000000000004
v -0.007456000000000001 0.0176 0.0048000000000000004
v -0.009552000000000001 0.018088 0.0048000000000000004
v -0.006343999999999999 0.018344 0.0048000000000000004
v -0.007476 0.019476 0.0048000000000000004
v -0.005600000000000001 0.019456 0.0048000000000000004
v -0.006088 0.021552 0.0048000000000000004
v -0.0153941 0.024 0.012799999999999999
v -0.0144 0.024 0.012799999999999999
v -0.012 0.0206059 0.012799999999999999
v -0.012 0.0216 0.012799999999999999
v -0.0086059 0.024 0.012799999999999999
v -0.009600000000000001 0.024 0.012799999999999999
v -0.012 0.0273941 0.012799999999999999
v -0.012 0.0264 0.012799999999999999
v -0.012 0.032 0.012799999999999999
v -0.02 0.024 0.012799999999999999
v -0.0193912 0.0270616 0.012799999999999999
v -0.015061600000000001 0.0313912 0.012799999999999999
v -0.0176568 0.0296568 0.012799999999999999
v -0.012 0.016 0.012799999999999999
v -0.0193912 0.0209384 0.012799999999999999
v -0.015061600000000001 0.0166088 0.012799999999999999
v -0.0176568 0.0183432 0.012799999999999999
v -0.004 0.024 0.012799999999999999
v -0.0046088 0.0209384 0.012799999999999999
v -0.008938399999999999 0.0166088 0.012799999999999999
v -0.0063432 0.0183432 0.012799999999999999
v -0.0046088 0.0270616 0.012799999999999999
v -0.008938399999999999 0.0313912 0.012799999999999999
v -0.0063432 0.0296568 0.012799999999999999
v -0.0184 0.028 0.012799999999999999
v -0.0184 0.028 0.0144
v -0.018217399999999998 0.0270815 0.0144
v -0.018217399999999998 0.0270815 0.012799999999999999
v -0.017697 0.026303 0.0144
v -0.017697 0.026303 0.012799999999999999
v -0.0169185 0.0257826 0.0144
v -0.0169185 0.0257826 0.012799999999999999
v -0.016 0.0256 0.0144
v -0.016 0.0256 0.012799999999999999
v -0.015081500000000001 0.0257826 0.0144
v -0.015081500000000001 0.0257826 0.012799999999999999
v -0.014303 0.026303 0.0144
v -0.014303 0.026303 0.012799999999999999
v -0.013782599999999999 0.0270815 0.0144
v -0.013782599999999999 0.0270815 0.012799999999999999
v -0.013600000000000001 0.028 0.0144
v -0.013600000000000001 0.028 0.012799999999999999
v -0.013782599999999999 0.0289185 0.0144
v -0.013782599999999999 0.0289185 0.012799999999999999
v -0.014303 0.029697 0.0144
v -0.014303 0.029697 0.012799999999999999
v -0.015081500000000001 0.0302174 0.0144
v -0.015081500000000001 0.0302174 0.012799999999999999
v -0.016 0.0304 0.0144
v -0.016 0.0304 0.012799999999999999
v -0.018217399999999998 0.0270815 0.0144
v -0.0184 0.028 0.0144
v -0.016 0.028 0.0144
v -0.017697 0.026303 0.0144
v -0.0169185 0.0257826 0.0144
v -0.016 0.0256 0.0144
v -0.015081500000000001 0.0257826 0.0144
v -0.014303 0.026303 0.0144
v -0.013782599999999999 0.0270815 0.0144
v -0.013600000000000001 0.028 0.0144
v -0.013782599999999999 0.0289185 0.0144
v -0.014303 0.029697 0.0144
v -0.015081500000000001 0.0302174 0.0144
v -0.016 0.0304 0.0144
v -0.016776 0.030246 0.0144
v -0.0176568 0.0296568 0.0144
v -0.018246 0.028776 0.0144
v -0.0167759 0.0302458 0.0144
v -0.0167759 0.0302458 0.012799999999999999
v -0.0176568 0.0296568 0.0144
v -0.0176568 0.0296568 0.012799999999999999
v -0.0182458 0.0287755 0.0144
v -0.0182458 0.0287755 0.012799999999999999
v -0.016 0.0176 0.012799999999999999
v -0.016 0.0176 0.0144
v -0.015081500000000001 0.0177826 0.0144
v -0.015081500000000001 0.0177826 0.012799999999999999
v -0.014303 0.018303 0.0144
v -0.014303 0.018303 0.012799999999999999
v -0.013782599999999999 0.0190815 0.0144
v -0.013782599999999999 0.0190815 0.012799999999999999
v -0.013600000000000001 0.02 0.0144
v -0.013600000000000001 0.02 0.012799999999999999
v -0.013782599999999999 0.0209185 0.0144
v -0.013782599999999999 0.0209185 0.012799999999999999
v -0.014303 0.021697 0.0144
v -0.014303 0.021697 0.012799999999999999
v -0.015081500000000001 0.0222174 0.0144
v -0.015081500000000001 0.0222174 0.012799999999999999
v -0.016 0.0224 0.0144
v -0.016 0.0224 0.012799999999999999
v -0.0169185 0.0222174 0.0144
v -0.0169185 0.0222174 0.012799999999999999
v -0.017697 0.021697 0.0144
v -0.017697 0.021697 0.012799999999999999
v -0.018217399999999998 0.0209185 0.0144
v -0.018217399999999998 0.0209185 0.012799999999999999
v -0.0184 0.02 0.0144
v -0.0184 0.02 0.012799999999999999
v -0.015081500000000001 0.0177826 0.0144
v -0.016 0.0176 0.0144
v -0.016 0.02 0.0144
v -0.014303 0.018303 0.0144
v -0.013782599999999999 0.0190815 0.0144
v -0.013600000000000001 0.02 0.0144
v -0.013782599999999999 0.0209185 0.0144
v -0.014303 0.021697 0.0144
v -0.015081500000000001 0.0222174 0.0144
v -0.016 0.0224 0.0144
v -0.0169185 0.0222174 0.0144
v -0.017697 0.021697 0.0144
v -0.018217399999999998 0.0209185 0.0144
v -0.0184 0.02 0.0144
v -0.018246 0.019224 0.0144
v -0.0176568 0.0183432 0.0144
v -0.016776 0.017754 0.0144
v -0.0182458 0.0192241 0.0144
v -0.0182458 0.0192241 0.012799999999999999
v -0.0176568 0.0183432 0.0144
v -0.0176568 0.0183432 0.012799999999999999
v -0.0167755 0.0177542 0.0144
v -0.0167755 0.0177542 0.012799999999999999
v -0.008 0.0304 0.012799999999999999
v -0.008 0.0304 0.0144
v -0.0089185 0.0302174 0.0144
v -0.0089185 0.0302174 0.012799999999999999
v -0.009697 0.029697 0.0144
v -0.009697 0.029697 0.012799999999999999
v -0.010217400000000001 0.0289185 0.0144
v -0.010217400000000001 0.0289185 0.012799999999999999
v -0.0104 0.028 0.0144
v -0.0104 0.028 0.012799999999999999
v -0.010217400000000001 0.0270815 0.0144
v -0.010217400000000001 0.0270815 0.012799999999999999
v -0.009697 0.026303 0.0144
v -0.009697 0.026303 0.012799999999999999
v -0.0089185 0.0257826 0.0144
v -0.0089185 0.0257826 0.012799999999999999
v -0.008 0.0256 0.0144
v -0.008 0.0256 0.012799999999999999
v -0.007081500000000001 0.0257826 0.0144
v -0.007081500000000001 0.0257826 0.012799999999999999
v -0.006303 0.026303 0.0144
v -0.006303 0.026303 0.012799999999999999
v -0.005782599999999999 0.0270815 0.0144
v -0.005782599999999999 0.0270815 0.012799999999999999
v -0.005600000000000001 0.028 0.0144
v -0.005600000000000001 0.028 0.012799999999999999
v -0.0089185 0.0302174 0.0144
v -0.008 0.0304 0.0144
v -0.008 0.028 0.0144
v -0.009697 0.029697 0.0144
v -0.010217400000000001 0.0289185 0.0144
v -0.0104 0.028 0.0144
v -0.010217400000000001 0.0270815 0.0144
v -0.009697 0.026303 0.0144
v -0.0089185 0.0257826 0.0144
v -0.008 0.0256 0.0144
v -0.007081500000000001 0.0257826 0.0144
v -0.006303 0.026303 0.0144
v -0.005782599999999999 0.0270815 0.0144
v -0.005600000000000001 0.028 0.0144
v -0.005753999999999999 0.028776 0.0144
v -0.0063432 0.0296568 0.0144
v -0.007224000000000001 0.030246 0.0144
v -0.005754200000000001 0.0287759 0.0144
v -0.005754200000000001 0.0287759 0.012799999999999999
v -0.0063432 0.0296568 0.0144
v -0.0063432 0.0296568 0.012799999999999999
v -0.007224499999999998 0.0302458 0.0144
v -0.007224499999999998 0.0302458 0.012799999999999999
v -0.005600000000000001 0.02 0.012799999999999999
v -0.005600000000000001 0.02 0.0144
v -0.005782599999999999 0.0209185 0.0144
v -0.005782599999999999 0.0209185 0.012799999999999999
v -0.006303 0.021697 0.0144
v -0.006303 0.021697 0.012799999999999999
v -0.007081500000000001 0.0222174 0.0144
v -0.007081500000000001 0.0222174 0.012799999999999999
v -0.008 0.0224 0.0144
v -0.008 0.0224 0.012799999999999999
v -0.0089185 0.0222174 0.0144
v -0.0089185 0.0222174 0.012799999999999999
v -0.009697 0.021697 0.0144
v -0.009697 0.021697 0.012799999999999999
v -0.010217400000000001 0.0209185 0.0144
v -0.010217400000000001 0.0209185 0.012799999999999999
v -0.0104 0.02 0.0144
v -0.0104 0.02 0.012799999999999999
v -0.010217400000000001 0.0190815 0.0144
v -0.010217400000000001 0.0190815 0.012799999999999999
v -0.009697 0.018303 0.0144
v -0.009697 0.018303 0.012799999999999999
v -0.0089185 0.0177826 0.0144
v -0.0089185 0.0177826 0.012799999999999999
v -0.008 0.0176 0.0144
v -0.008 0.0176 0.012799999999999999
v -0.005782599999999999 0.0209185 0.0144
v -0.005600000000000001 0.02 0.0144
v -0.008 0.02 0.0144
v -0.006303 0.021697 0.0144
v -0.007081500000000001 0.0222174 0.0144
v -0.008 0.0224 0.0144
v -0.0089185 0.0222174 0.0144
v -0.009697 0.021697 0.0144
v -0.010217400000000001 0.0209185 0.0144
v -0.0104 0.02 0.0144
v -0.010217400000000001 0.0190815 0.0144
v -0.009697 0.018303 0.0144
v -0.0089185 0.0177826 0.0144
v -0.008 0.0176 0.0144
v -0.007224000000000001 0.017754 0.0144
v -0.0063432 0.0183432 0.0144
v -0.005753999999999999 0.019224 0.0144
v -0.007224100000000001 0.0177542 0.0144
v -0.007224100000000001 0.0177542 0.012799999999999999
v -0.0063432 0.0183432 0.0144
v -0.0063432 0.0183432 0.012799999999999999
v -0.005754200000000001 0.0192245 0.0144
v -0.005754200000000001 0.0192245 0.012799999999999999
v -0.012 0.032 0.012799999999999999
v -0.015061600000000001 0.0313912 0.012799999999999999
v -0.015061600000000001 0.0313912 0.0048000000000000004
v -0.012 0.032 0.0048000000000000004
v -0.0176568 0.0296568 0.0048000000000000004
v -0.0193912 0.0270616 0.012799999999999999
v -0.02 0.024 0.012799999999999999
v -0.02 0.024 0.0048000000000000004
v -0.0193912 0.0209384 0.012799999999999999
v -0.0193912 0.0209384 0.0048000000000000004
v -0.0176568 0.0183432 0.0048000000000000004
v -0.015061600000000001 0.0166088 0.012799999999999999
v -0.012 0.016 0.012799999999999999
v -0.012 0.016 0.0048000000000000004
v -0.008938399999999999 0.0166088 0.012799999999999999
v -0.008938399999999999 0.0166088 0.0048000000000000004
v -0.0063432 0.0183432 0.0048000000000000004
v -0.0046088 0.0209384 0.012799999999999999
v -0.004 0.024 0.012799999999999999
v -0.004 0.024 0.0048000000000000004
v -0.0046088 0.0270616 0.012799999999999999
v -0.0046088 0.0270616 0.0048000000000000004
v -0.0063432 0.0296568 0.0048000000000000004
v -0.008938399999999999 0.0313912 0.012799999999999999
v -0.012 -0.0136 0.038400000000000004
v -0.0129185 -0.0137826 0.038400000000000004
v -0.0129185 -0.0137826 0.04
v -0.012 -0.0136 0.04
v -0.013697 -0.014303 0.038400000000000004
v -0.013697 -0.014303 0.04
v -0.014217299999999999 -0.0150815 0.038400000000000004
v -0.014217299999999999 -0.0150815 0.04
v -0.0144 -0.016 0.038400000000000004
v -0.0144 -0.016 0.04
v -0.014217299999999999 -0.0169185 0.038400000000000004
v -0.014217299999999999 -0.0169185 0.04
v -0.013697 -0.017697 0.038400000000000004
v -0.013697 -0.017697 0.04
v -0.0129185 -0.0182174 0.038400000000000004
v -0.0129185 -0.0182174 0.04
v -0.012 -0.0184 0.038400000000000004
v -0.012 -0.0184 0.04
v -0.011081500000000001 -0.0182174 0.038400000000000004
v -0.011081500000000001 -0.0182174 0.04
v -0.0103029 -0.017697 0.038400000000000004
v -0.0103029 -0.017697 0.04
v -0.009782599999999999 -0.0169185 0.038400000000000004
v -0.009782599999999999 -0.0169185 0.04
v -0.009600000000000001 -0.016 0.038400000000000004
v -0.009600000000000001 -0.016 0.04
v -0.009782599999999999 -0.0150815 0.038400000000000004
v -0.009782599999999999 -0.0150815 0.04
v -0.0103029 -0.014303 0.038400000000000004
v -0.0103029 -0.014303 0.04
v -0.011081500000000001 -0.0137826 0.038400000000000004
v -0.011081500000000001 -0.0137826 0.04
v -0.012 -0.0128 0.038400000000000004
v -0.0132246 -0.0130435 0.038400000000000004
v -0.0132246 -0.0130435 0.04
v -0.012 -0.0128 0.04
v -0.0142627 -0.0137373 0.038400000000000004
v -0.0142627 -0.0137373 0.04
v -0.014956500000000001 -0.0147754 0.038400000000000004
v -0.014956500000000001 -0.0147754 0.04
v -0.015199999999999998 -0.016 0.038400000000000004
v -0.015199999999999998 -0.016 0.04
v -0.014956500000000001 -0.0172246 0.038400000000000004
v -0.014956500000000001 -0.0172246 0.04
v -0.0142627 -0.0182627 0.038400000000000004
v -0.0142627 -0.0182627 0.04
v -0.0132246 -0.0189565 0.038400000000000004
v -0.0132246 -0.0189565 0.04
v -0.012 -0.0192 0.038400000000000004
v -0.012 -0.0192 0.04
v -0.010775299999999998 -0.0189565 0.038400000000000004
v -0.010775299999999998 -0.0189565 0.04
v -0.0097373 -0.0182627 0.038400000000000004
v -0.0097373 -0.0182627 0.04
v -0.0090435 -0.0172246 0.038400000000000004
v -0.0090435 -0.0172246 0.04
v -0.008799999999999999 -0.016 0.038400000000000004
v -0.008799999999999999 -0.016 0.04
v -0.0090435 -0.0147754 0.038400000000000004
v -0.0090435 -0.0147754 0.04
v -0.0097373 -0.0137373 0.038400000000000004
v -0.0097373 -0.0137373 0.04
v -0.010775299999999998 -0.0130435 0.038400000000000004
v -0.010775299999999998 -0.0130435 0.04
v -0.015199999999999998 -0.016 0.038400000000000004
v -0.0144 -0.016 0.038400000000000004
v -0.014217299999999999 -0.0169185 0.038400000000000004
v -0.014956500000000001 -0.0172246 0.038400000000000004
v -0.013697 -0.017697 0.038400000000000004
v -0.0142627 -0.0182627 0.038400000000000004
v -0.0129185 -0.0182174 0.038400000000000004
v -0.0132246 -0.0189565 0.038400000000000004
v -0.012 -0.0184 0.038400000000000004
v -0.012 -0.0192 0.038400000000000004
v -0.011081500000000001 -0.0182174 0.038400000000000004
v -0.010775299999999998 -0.0189565 0.038400000000000004
v -0.0103029 -0.017697 0.038400000000000004
v -0.0097373 -0.0182627 0.038400000000000004
v -0.009782599999999999 -0.0169185 0.038400000000000004
v -0.0090435 -0.0172246 0.038400000000000004
v -0.009600000000000001 -0.016 0.038400000000000004
v -0.008799999999999999 -0.016 0.038400000000000004
v -0.009782599999999999 -0.0150815 0.038400000000000004
v -0.0090435 -0.0147754 0.038400000000000004
v -0.0103029 -0.014303 0.038400000000000004
v -0.0097373 -0.0137373 0.038400000000000004
v -0.011081500000000001 -0.0137826 0.038400000000000004
v -0.010775299999999998 -0.0130435 0.038400000000000004
v -0.012 -0.0136 0.038400000000000004
v -0.012 -0.0128 0.038400000000000004
v -0.0129185 -0.0137826 0.038400000000000004
v -0.0132246 -0.0130435 0.038400000000000004
v -0.013697 -0.014303 0.038400000000000004
v -0.0142627 -0.0137373 0.038400000000000004
v -0.014217299999999999 -0.0150815 0.038400000000000004
v -0.014956500000000001 -0.0147754 0.038400000000000004
v -0.012 -0.0128 0.046400000000000004
v -0.0132246 -0.0130435 0.046400000000000004
v -0.0142627 -0.0137373 0.046400000000000004
v -0.014956500000000001 -0.0147754 0.046400000000000004
v -0.015199999999999998 -0.016 0.046400000000000004
v -0.014956500000000001 -0.0172246 0.046400000000000004
v -0.0142627 -0.0182627 0.046400000000000004
v -0.0132246 -0.0189565 0.046400000000000004
v -0.012 -0.0192 0.046400000000000004
v -0.010775299999999998 -0.0189565 0.046400000000000004
v -0.0097373 -0.0182627 0.046400000000000004
v -0.0090435 -0.0172246 0.046400000000000004
v -0.008799999999999999 -0.016 0.046400000000000004
v -0.0090435 -0.0147754 0.046400000000000004
v -0.0097373 -0.0137373 0.046400000000000004
v -0.010775299999999998 -0.0130435 0.046400000000000004
v -0.014217299999999999 -0.0150816 0.048
v -0.0136971 -0.0143029 0.048
v -0.0129184 -0.0137827 0.048
v -0.0129184 -0.0182173 0.048
v -0.0136971 -0.0176971 0.048
v -0.014217299999999999 -0.0169184 0.048
v -0.009782699999999998 -0.0169184 0.048
v -0.0103029 -0.0176971 0.048
v -0.011081500000000001 -0.0182173 0.048
v -0.011081500000000001 -0.0137827 0.048
v -0.0103029 -0.0143029 0.048
v -0.009782699999999998 -0.0150816 0.048
v -0.013000000000000001 -0.015 0.048
v -0.012799999999999999 -0.0137591 0.048
v -0.012799999999999999 -0.0144 0.048
v -0.0142409 -0.0152 0.048
v -0.013600000000000001 -0.0152 0.048
v -0.013000000000000001 -0.017 0.048
v -0.0142409 -0.0168 0.048
v -0.013600000000000001 -0.0168 0.048
v -0.012799999999999999 -0.0176 0.048
v -0.012799999999999999 -0.0182409 0.048
v -0.011 -0.017 0.048
v -0.011199999999999998 -0.0182409 0.048
v -0.011199999999999998 -0.0176 0.048
v -0.0104 -0.0168 0.048
v -0.0097591 -0.0168 0.048
v -0.011 -0.015 0.048
v -0.0104 -0.0152 0.048
v -0.0097591 -0.0152 0.048
v -0.011199999999999998 -0.0137591 0.048
v -0.011199999999999998 -0.0144 0.048
v -0.009782699999999998 -0.0150816 0.04
v -0.0103029 -0.0143029 0.04
v -0.011081500000000001 -0.0137827 0.04
v -0.011081500000000001 -0.0182173 0.04
v -0.0103029 -0.0176971 0.04
v -0.009782699999999998 -0.0169184 0.04
v -0.014217299999999999 -0.0169184 0.04
v -0.0136971 -0.0176971 0.04
v -0.0129184 -0.0182173 0.04
v -0.0129184 -0.0137827 0.04
v -0.0136971 -0.0143029 0.04
v -0.014217299999999999 -0.0150816 0.04
v -0.011 -0.015 0.04
v -0.011199999999999998 -0.0137591 0.04
v -0.011199999999999998 -0.0144 0.04
v -0.0097591 -0.0152 0.04
v -0.0104 -0.0152 0.04
v -0.011 -0.017 0.04
v -0.0097591 -0.0168 0.04
v -0.0104 -0.0168 0.04
v -0.011199999999999998 -0.0176 0.04
v -0.011199999999999998 -0.0182409 0.04
v -0.013000000000000001 -0.017 0.04
v -0.012799999999999999 -0.0182409 0.04
v -0.012799999999999999 -0.0176 0.04
v -0.013600000000000001 -0.0168 0.04
v -0.0142409 -0.0168 0.04
v -0.013000000000000001 -0.015 0.04
v -0.013600000000000001 -0.0152 0.04
v -0.0142409 -0.0152 0.04
v -0.012799999999999999 -0.0137591 0.04
v -0.012799999999999999 -0.0144 0.04
v -0.012799999999999999 -0.0137591 0.04
v -0.012799999999999999 -0.0137591 0.048
v -0.012 -0.0136 0.048
v -0.012799999999999999 -0.0144 0.048
v -0.012799999999999999 -0.0137591 0.048
v -0.012799999999999999 -0.0137591 0.04
v -0.012799999999999999 -0.0144 0.04
v -0.013000000000000001 -0.015 0.04
v -0.013000000000000001 -0.015 0.048
v -0.013600000000000001 -0.0152 0.04
v -0.013600000000000001 -0.0152 0.048
v -0.013000000000000001 -0.015 0.048
v -0.013000000000000001 -0.015 0.04
v -0.0142409 -0.0152 0.04
v -0.0142409 -0.0152 0.048
v -0.0142409 -0.0152 0.04
v -0.0144 -0.016 0.048
v -0.0142409 -0.0152 0.048
v -0.0142409 -0.0168 0.04
v -0.0142409 -0.0168 0.048
v -0.013600000000000001 -0.0168 0.048
v -0.0142409 -0.0168 0.048
v -0.0142409 -0.0168 0.04
v -0.013600000000000001 -0.0168 0.04
v -0.013000000000000001 -0.017 0.04
v -0.013000000000000001 -0.017 0.048
v -0.012799999999999999 -0.0176 0.04
v -0.012799999999999999 -0.0176 0.048
v -0.013000000000000001 -0.017 0.048
v -0.013000000000000001 -0.017 0.04
v -0.012799999999999999 -0.0182409 0.04
v -0.012799999999999999 -0.0182409 0.048
v -0.012 -0.0184 0.048
v -0.012799999999999999 -0.0182409 0.048
v -0.012799999999999999 -0.0182409 0.04
v -0.011199999999999998 -0.0182409 0.04
v -0.011199999999999998 -0.0182409 0.048
v -0.011199999999999998 -0.0176 0.04
v -0.011199999999999998 -0.0176 0.048
v -0.011199999999999998 -0.0182409 0.048
v -0.011199999999999998 -0.0182409 0.04
v -0.011 -0.017 0.04
v -0.011 -0.017 0.048
v -0.0104 -0.0168 0.04
v -0.0104 -0.0168 0.048
v -0.011 -0.017 0.048
v -0.011 -0.017 0.04
v -0.0097591 -0.0168 0.04
v -0.0097591 -0.0168 0.048
v -0.0097591 -0.0168 0.04
v -0.009600000000000001 -0.016 0.048
v -0.0097591 -0.0168 0.048
v -0.0097591 -0.0152 0.04
v -0.0097591 -0.0152 0.048
v -0.0104 -0.0152 0.04
v -0.0104 -0.0152 0.048
v -0.0097591 -0.0152 0.048
v -0.0097591 -0.0152 0.04
v -0.011 -0.015 0.04
v -0.011 -0.015 0.048
v -0.011199999999999998 -0.0144 0.04
v -0.011199999999999998 -0.0144 0.048
v -0.011 -0.015 0.048
v -0.011 -0.015 0.04
v -0.011199999999999998 -0.0137591 0.04
v -0.011199999999999998 -0.0137591 0.048
v -0.011199999999999998 -0.0137591 0.048
v -0.011199999999999998 -0.0137591 0.04
v -0.008938499999999999 -0.008609 0.038400000000000004
v -0.008938499999999999 -0.008609 0.04
v -0.012 -0.0079998 0.04
v -0.012 -0.0079998 0.038400000000000004
v -0.015061399999999999 -0.008609 0.04
v -0.015061399999999999 -0.008609 0.038400000000000004
v -0.015061399999999999 -0.008609 0.038400000000000004
v -0.012 -0.0079998 0.038400000000000004
v -0.008938499999999999 -0.008609 0.038400000000000004
v -0.004608899999999999 -0.0190615 0.038400000000000004
v -0.004608899999999999 -0.0190615 0.04
v -0.003999800000000001 -0.0159999 0.04
v -0.003999800000000001 -0.0159999 0.038400000000000004
v -0.0046089999999999985 -0.0129386 0.04
v -0.0046089999999999985 -0.0129386 0.038400000000000004
v -0.0046089999999999985 -0.0129386 0.038400000000000004
v -0.003999800000000001 -0.0159999 0.038400000000000004
v -0.004608899999999999 -0.0190615 0.038400000000000004
v -0.015061399999999999 -0.023391 0.038400000000000004
v -0.015061399999999999 -0.023391 0.04
v -0.0119999 -0.0240002 0.04
v -0.0119999 -0.0240002 0.038400000000000004
v -0.008938499999999999 -0.023391 0.04
v -0.008938499999999999 -0.023391 0.038400000000000004
v -0.008938499999999999 -0.023391 0.038400000000000004
v -0.0119999 -0.0240002 0.038400000000000004
v -0.015061399999999999 -0.023391 0.038400000000000004
v -0.019391000000000002 -0.0129385 0.038400000000000004
v -0.019391000000000002 -0.0129385 0.04
v -0.0200002 -0.0160001 0.04
v -0.0200002 -0.0160001 0.038400000000000004
v -0.019391000000000002 -0.0190614 0.04
v -0.019391000000000002 -0.0190614 0.038400000000000004
v -0.019391000000000002 -0.0190614 0.038400000000000004
v -0.0200002 -0.0160001 0.038400000000000004
v -0.019391000000000002 -0.0129385 0.038400000000000004
v -0.016544 -0.0096 0.04
v -0.007456000000000001 -0.0096 0.04
v -0.007456000000000001 -0.0096 0.038400000000000004
v -0.016544 -0.0096 0.038400000000000004
v -0.005600000000000001 -0.011456 0.04
v -0.005600000000000001 -0.020544 0.04
v -0.005600000000000001 -0.020544 0.038400000000000004
v -0.005600000000000001 -0.011456 0.038400000000000004
v -0.007456000000000001 -0.0224 0.04
v -0.016544 -0.0224 0.04
v -0.016544 -0.0224 0.038400000000000004
v -0.007456000000000001 -0.0224 0.038400000000000004
v -0.0184 -0.020544 0.04
v -0.0184 -0.011456 0.04
v -0.0184 -0.011456 0.038400000000000004
v -0.0184 -0.020544 0.038400000000000004
v -0.019392000000000003 -0.01294 0.038400000000000004
v -0.019392000000000003 -0.01906 0.038400000000000004
v -0.0184 -0.020544 0.038400000000000004
v -0.0184 -0.011456 0.038400000000000004
v -0.01506 -0.023392 0.038400000000000004
v -0.00894 -0.023392 0.038400000000000004
v -0.007456000000000001 -0.0224 0.038400000000000004
v -0.016544 -0.0224 0.038400000000000004
v -0.004608000000000001 -0.01906 0.038400000000000004
v -0.004608000000000001 -0.01294 0.038400000000000004
v -0.005600000000000001 -0.011456 0.038400000000000004
v -0.005600000000000001 -0.020544 0.038400000000000004
v -0.00894 -0.008608 0.038400000000000004
v -0.01506 -0.008608 0.038400000000000004
v -0.016544 -0.0096 0.038400000000000004
v -0.007456000000000001 -0.0096 0.038400000000000004
v -0.016544 -0.0096 0.038400000000000004
v -0.01506 -0.008608 0.038400000000000004
v -0.01506 -0.008608 0.04
v -0.016544 -0.0096 0.04
v -0.019392000000000003 -0.01294 0.038400000000000004
v -0.0184 -0.011456 0.038400000000000004
v -0.0184 -0.011456 0.04
v -0.019392000000000003 -0.01294 0.04
v -0.01506 -0.023392 0.038400000000000004
v -0.016544 -0.0224 0.038400000000000004
v -0.016544 -0.0224 0.04
v -0.01506 -0.023392 0.04
v -0.0184 -0.020544 0.038400000000000004
v -0.019392000000000003 -0.01906 0.038400000000000004
v -0.019392000000000003 -0.01906 0.04
v -0.0184 -0.020544 0.04
v -0.00894 -0.008608 0.038400000000000004
v -0.007456000000000001 -0.0096 0.038400000000000004
v -0.007456000000000001 -0.0096 0.04
v -0.00894 -0.008608 0.04
v -0.005600000000000001 -0.011456 0.038400000000000004
v -0.004608000000000001 -0.01294 0.038400000000000004
v -0.004608000000000001 -0.01294 0.04
v -0.005600000000000001 -0.011456 0.04
v -0.007456000000000001 -0.0224 0.038400000000000004
v -0.00894 -0.023392 0.038400000000000004
v -0.00894 -0.023392 0.04
v -0.007456000000000001 -0.0224 0.04
v -0.004608000000000001 -0.01906 0.038400000000000004
v -0.005600000000000001 -0.020544 0.038400000000000004
v -0.005600000000000001 -0.020544 0.04
v -0.004608000000000001 -0.01906 0.04
v -0.0184 -0.016 0.046400000000000004
v -0.015199999999999998 -0.016 0.046400000000000004
v -0.014956500000000001 -0.0172246 0.046400000000000004
v -0.0179129 -0.0184493 0.046400000000000004
v -0.0142627 -0.0182627 0.046400000000000004
v -0.0165254 -0.0205254 0.046400000000000004
v -0.0132246 -0.0189565 0.046400000000000004
v -0.014449299999999998 -0.021913 0.046400000000000004
v -0.012 -0.0192 0.046400000000000004
v -0.012 -0.0224 0.046400000000000004
v -0.010775299999999998 -0.0189565 0.046400000000000004
v -0.009550699999999999 -0.021913 0.046400000000000004
v -0.0097373 -0.0182627 0.046400000000000004
v -0.0074744999999999985 -0.0205254 0.046400000000000004
v -0.0090435 -0.0172246 0.046400000000000004
v -0.006086999999999999 -0.0184493 0.046400000000000004
v -0.008799999999999999 -0.016 0.046400000000000004
v -0.005600000000000001 -0.016 0.046400000000000004
v -0.0090435 -0.0147754 0.046400000000000004
v -0.006086999999999999 -0.0135507 0.046400000000000004
v -0.0097373 -0.0137373 0.046400000000000004
v -0.0074744999999999985 -0.0114746 0.046400000000000004
v -0.010775299999999998 -0.0130435 0.046400000000000004
v -0.009550699999999999 -0.010087 0.046400000000000004
v -0.012 -0.0128 0.046400000000000004
v -0.012 -0.0096 0.046400000000000004
v -0.0132246 -0.0130435 0.046400000000000004
v -0.014449299999999998 -0.010087 0.046400000000000004
v -0.0142627 -0.0137373 0.046400000000000004
v -0.0165254 -0.0114746 0.046400000000000004
v -0.014956500000000001 -0.0147754 0.046400000000000004
v -0.0179129 -0.0135507 0.046400000000000004
v -0.012 -0.0096 0.046400000000000004
v -0.014449299999999998 -0.010087 0.046400000000000004
v -0.014449299999999998 -0.010087 0.04
v -0.012 -0.0096 0.04
v -0.0165254 -0.0114746 0.046400000000000004
v -0.0165254 -0.0114746 0.04
v -0.0179129 -0.0135507 0.046400000000000004
v -0.0179129 -0.0135507 0.04
v -0.0184 -0.016 0.046400000000000004
v -0.0184 -0.016 0.04
v -0.0179129 -0.0184493 0.046400000000000004
v -0.0179129 -0.0184493 0.04
v -0.0165254 -0.0205254 0.046400000000000004
v -0.0165254 -0.0205254 0.04
v -0.014449299999999998 -0.021913 0.046400000000000004
v -0.014449299999999998 -0.021913 0.04
v -0.012 -0.0224 0.046400000000000004
v -0.012 -0.0224 0.04
v -0.009550699999999999 -0.021913 0.046400000000000004
v -0.009550699999999999 -0.021913 0.04
v -0.0074744999999999985 -0.0205254 0.046400000000000004
v -0.0074744999999999985 -0.0205254 0.04
v -0.006086999999999999 -0.0184493 0.046400000000000004
v -0.006086999999999999 -0.0184493 0.04
v -0.005600000000000001 -0.016 0.046400000000000004
v -0.005600000000000001 -0.016 0.04
v -0.006086999999999999 -0.0135507 0.046400000000000004
v -0.006086999999999999 -0.0135507 0.04
v -0.0074744999999999985 -0.0114746 0.046400000000000004
v -0.0074744999999999985 -0.0114746 0.04
v -0.009550699999999999 -0.010087 0.046400000000000004
v -0.009550699999999999 -0.010087 0.04
v -0.016544 -0.0096 0.04
v -0.014447999999999999 -0.010088 0.04
v -0.012 -0.0096 0.04
v -0.017655999999999998 -0.010344 0.04
v -0.016524 -0.011476 0.04
v -0.0184 -0.011456 0.04
v -0.017912 -0.013552 0.04
v -0.0184 -0.016 0.04
v -0.014447999999999999 -0.021912 0.04
v -0.016544 -0.0224 0.04
v -0.012 -0.0224 0.04
v -0.016524 -0.020524 0.04
v -0.017655999999999998 -0.021656 0.04
v -0.0184 -0.020544 0.04
v -0.017912 -0.018448 0.04
v -0.009552000000000001 -0.010088 0.04
v -0.007456000000000001 -0.0096 0.04
v -0.007476 -0.011476 0.04
v -0.006343999999999999 -0.010344 0.04
v -0.005600000000000001 -0.011456 0.04
v -0.006088 -0.013552 0.04
v -0.005600000000000001 -0.016 0.04
v -0.007456000000000001 -0.0224 0.04
v -0.009552000000000001 -0.021912 0.04
v -0.006343999999999999 -0.021656 0.04
v -0.007476 -0.020524 0.04
v -0.005600000000000001 -0.020544 0.04
v -0.006088 -0.018448 0.04
v -0.0153941 -0.016 0.048
v -0.0144 -0.016 0.048
v -0.012 -0.0193941 0.048
v -0.012 -0.0184 0.048
v -0.0086059 -0.016 0.048
v -0.009600000000000001 -0.016 0.048
v -0.012 -0.0126059 0.048
v -0.012 -0.0136 0.048
v -0.012 -0.008 0.048
v -0.02 -0.016 0.048
v -0.0193912 -0.0129384 0.048
v -0.015061600000000001 -0.0086088 0.048
v -0.0176568 -0.0103432 0.048
v -0.012 -0.024 0.048
v -0.0193912 -0.0190616 0.048
v -0.015061600000000001 -0.0233912 0.048
v -0.0176568 -0.0216568 0.048
v -0.004 -0.016 0.048
v -0.0046088 -0.0190616 0.048
v -0.008938399999999999 -0.0233912 0.048
v -0.0063432 -0.0216568 0.048
v -0.0046088 -0.0129384 0.048
v -0.008938399999999999 -0.0086088 0.048
v -0.0063432 -0.0103432 0.048
v -0.0184 -0.012 0.048
v -0.0184 -0.012 0.0496
v -0.0182173 -0.0129185 0.0496
v -0.0182173 -0.0129185 0.048
v -0.017697 -0.013697 0.0496
v -0.017697 -0.013697 0.048
v -0.0169185 -0.0142174 0.0496
v -0.0169185 -0.0142174 0.048
v -0.016 -0.0144 0.0496
v -0.016 -0.0144 0.048
v -0.015081500000000001 -0.0142174 0.0496
v -0.015081500000000001 -0.0142174 0.048
v -0.0143029 -0.013697 0.0496
v -0.0143029 -0.013697 0.048
v -0.013782599999999999 -0.0129185 0.0496
v -0.013782599999999999 -0.0129185 0.048
v -0.013600000000000001 -0.012 0.0496
v -0.013600000000000001 -0.012 0.048
v -0.013782599999999999 -0.0110815 0.0496
v -0.013782599999999999 -0.0110815 0.048
v -0.0143029 -0.010303 0.0496
v -0.0143029 -0.010303 0.048
v -0.015081500000000001 -0.0097826 0.0496
v -0.015081500000000001 -0.0097826 0.048
v -0.016 -0.0096 0.0496
v -0.016 -0.0096 0.048
v -0.0182173 -0.0129185 0.0496
v -0.0184 -0.012 0.0496
v -0.016 -0.012 0.0496
v -0.017697 -0.013697 0.0496
v -0.0169185 -0.0142174 0.0496
v -0.016 -0.0144 0.0496
v -0.015081500000000001 -0.0142174 0.0496
v -0.0143029 -0.013697 0.0496
v -0.013782599999999999 -0.0129185 0.0496
v -0.013600000000000001 -0.012 0.0496
v -0.013782599999999999 -0.0110815 0.0496
v -0.0143029 -0.010303 0.0496
v -0.015081500000000001 -0.0097826 0.0496
v -0.016 -0.0096 0.0496
v -0.016776 -0.009754 0.0496
v -0.0176568 -0.0103432 0.0496
v -0.018246 -0.011224 0.0496
v -0.0167759 -0.0097542 0.0496
v -0.0167759 -0.0097542 0.048
v -0.0176568 -0.0103432 0.0496
v -0.0176568 -0.0103432 0.048
v -0.0182458 -0.0112245 0.0496
v -0.0182458 -0.0112245 0.048
v -0.016 -0.0224 0.048
v -0.016 -0.0224 0.0496
v -0.015081500000000001 -0.0222174 0.0496
v -0.015081500000000001 -0.0222174 0.048
v -0.0143029 -0.021697 0.0496
v -0.0143029 -0.021697 0.048
v -0.013782599999999999 -0.0209185 0.0496
v -0.013782599999999999 -0.0209185 0.048
v -0.013600000000000001 -0.02 0.0496
v -0.013600000000000001 -0.02 0.048
v -0.013782599999999999 -0.0190815 0.0496
v -0.013782599999999999 -0.0190815 0.048
v -0.0143029 -0.018303 0.0496
v -0.0143029 -0.018303 0.048
v -0.015081500000000001 -0.0177826 0.0496
v -0.015081500000000001 -0.0177826 0.048
v -0.016 -0.0176 0.0496
v -0.016 -0.0176 0.048
v -0.0169185 -0.0177826 0.0496
v -0.0169185 -0.0177826 0.048
v -0.017697 -0.018303 0.0496
v -0.017697 -0.018303 0.048
v -0.0182173 -0.0190815 0.0496
v -0.0182173 -0.0190815 0.048
v -0.0184 -0.02 0.0496
v -0.0184 -0.02 0.048
v -0.015081500000000001 -0.0222174 0.0496
v -0.016 -0.0224 0.0496
v -0.016 -0.02 0.0496
v -0.0143029 -0.021697 0.0496
v -0.013782599999999999 -0.0209185 0.0496
v -0.013600000000000001 -0.02 0.0496
v -0.013782599999999999 -0.0190815 0.0496
v -0.0143029 -0.018303 0.0496
v -0.015081500000000001 -0.0177826 0.0496
v -0.016 -0.0176 0.0496
v -0.0169185 -0.0177826 0.0496
v -0.017697 -0.018303 0.0496
v -0.0182173 -0.0190815 0.0496
v -0.0184 -0.02 0.0496
v -0.018246 -0.020776 0.0496
v -0.0176568 -0.0216568 0.0496
v -0.016776 -0.022246 0.0496
v -0.0182458 -0.0207759 0.0496
v -0.0182458 -0.0207759 0.048
v -0.0176568 -0.0216568 0.0496
v -0.0176568 -0.0216568 0.048
v -0.0167755 -0.0222458 0.0496
v -0.0167755 -0.0222458 0.048
v -0.008 -0.0096 0.048
v -0.008 -0.0096 0.0496
v -0.0089185 -0.0097826 0.0496
v -0.0089185 -0.0097826 0.048
v -0.009697 -0.010303 0.0496
v -0.009697 -0.010303 0.048
v -0.010217299999999999 -0.0110815 0.0496
v -0.010217299999999999 -0.0110815 0.048
v -0.0104 -0.012 0.0496
v -0.0104 -0.012 0.048
v -0.010217299999999999 -0.0129185 0.0496
v -0.010217299999999999 -0.0129185 0.048
v -0.009697 -0.013697 0.0496
v -0.009697 -0.013697 0.048
v -0.0089185 -0.0142174 0.0496
v -0.0089185 -0.0142174 0.048
v -0.008 -0.0144 0.0496
v -0.008 -0.0144 0.048
v -0.007081500000000001 -0.0142174 0.0496
v -0.007081500000000001 -0.0142174 0.048
v -0.0063029 -0.013697 0.0496
v -0.0063029 -0.013697 0.048
v -0.005782599999999999 -0.0129185 0.0496
v -0.005782599999999999 -0.0129185 0.048
v -0.005600000000000001 -0.012 0.0496
v -0.005600000000000001 -0.012 0.048
v -0.0089185 -0.0097826 0.0496
v -0.008 -0.0096 0.0496
v -0.008 -0.012 0.0496
v -0.009697 -0.010303 0.0496
v -0.010217299999999999 -0.0110815 0.0496
v -0.0104 -0.012 0.0496
v -0.010217299999999999 -0.0129185 0.0496
v -0.009697 -0.013697 0.0496
v -0.0089185 -0.0142174 0.0496
v -0.008 -0.0144 0.0496
v -0.007081500000000001 -0.0142174 0.0496
v -0.0063029 -0.013697 0.0496
v -0.005782599999999999 -0.0129185 0.0496
v -0.005600000000000001 -0.012 0.0496
v -0.005753999999999999 -0.011224 0.0496
v -0.0063432 -0.0103432 0.0496
v -0.007224000000000001 -0.009754 0.0496
v -0.005754200000000001 -0.0112241 0.0496
v -0.005754200000000001 -0.0112241 0.048
v -0.0063432 -0.0103432 0.0496
v -0.0063432 -0.0103432 0.048
v -0.007224499999999998 -0.0097542 0.0496
v -0.007224499999999998 -0.0097542 0.048
v -0.005600000000000001 -0.02 0.048
v -0.005600000000000001 -0.02 0.0496
v -0.005782599999999999 -0.0190815 0.0496
v -0.005782599999999999 -0.0190815 0.048
v -0.0063029 -0.018303 0.0496
v -0.0063029 -0.018303 0.048
v -0.007081500000000001 -0.0177826 0.0496
v -0.007081500000000001 -0.0177826 0.048
v -0.008 -0.0176 0.0496
v -0.008 -0.0176 0.048
v -0.0089185 -0.0177826 0.0496
v -0.0089185 -0.0177826 0.048
v -0.009697 -0.018303 0.0496
v -0.009697 -0.018303 0.048
v -0.010217299999999999 -0.0190815 0.0496
v -0.010217299999999999 -0.0190815 0.048
v -0.0104 -0.02 0.0496
v -0.0104 -0.02 0.048
v -0.010217299999999999 -0.0209185 0.0496
v -0.010217299999999999 -0.0209185 0.048
v -0.009697 -0.021697 0.0496
v -0.009697 -0.021697 0.048
v -0.0089185 -0.0222174 0.0496
v -0.0089185 -0.0222174 0.048
v -0.008 -0.0224 0.0496
v -0.008 -0.0224 0.048
v -0.005782599999999999 -0.0190815 0.0496
v -0.005600000000000001 -0.02 0.0496
v -0.008 -0.02 0.0496
v -0.0063029 -0.018303 0.0496
v -0.007081500000000001 -0.0177826 0.0496
v -0.008 -0.0176 0.0496
v -0.0089185 -0.0177826 0.0496
v -0.009697 -0.018303 0.0496
v -0.010217299999999999 -0.0190815 0.0496
v -0.0104 -0.02 0.0496
v -0.010217299999999999 -0.0209185 0.0496
v -0.009697 -0.021697 0.0496
v -0.0089185 -0.0222174 0.0496
v -0.008 -0.0224 0.0496
v -0.007224000000000001 -0.022246 0.0496
v -0.0063432 -0.0216568 0.0496
v -0.005753999999999999 -0.020776 0.0496
v -0.007224100000000001 -0.0222458 0.0496
v -0.007224100000000001 -0.0222458 0.048
v -0.0063432 -0.0216568 0.0496
v -0.0063432 -0.0216568 0.048
v -0.005754200000000001 -0.0207755 0.0496
v -0.005754200000000001 -0.0207755 0.048
v -0.012 -0.008 0.048
v -0.015061600000000001 -0.0086088 0.048
v -0.015061600000000001 -0.0086088 0.04
v -0.012 -0.008 0.04
v -0.0176568 -0.0103432 0.04
v -0.0193912 -0.0129384 0.048
v -0.02 -0.016 0.048
v -0.02 -0.016 0.04
v -0.0193912 -0.0190616 0.048
v -0.0193912 -0.0190616 0.04
v -0.0176568 -0.0216568 0.04
v -0.015061600000000001 -0.0233912 0.048
v -0.012 -0.024 0.048
v -0.012 -0.024 0.04
v -0.008938399999999999 -0.0233912 0.048
v -0.008938399999999999 -0.0233912 0.04
v -0.0063432 -0.0216568 0.04
v -0.0046088 -0.0190616 0.048
v -0.004 -0.016 0.048
v -0.004 -0.016 0.04
v -0.0046088 -0.0129384 0.048
v -0.0046088 -0.0129384 0.04
v -0.0063432 -0.0103432 0.04
v -0.008938399999999999 -0.0086088 0.048
v 0.028 0.0264 0.0256
v 0.0270815 0.0262174 0.0256
v 0.0270815 0.0262174 0.027200000000000002
v 0.028 0.0264 0.027200000000000002
v 0.026303 0.025697 0.0256
v 0.026303 0.025697 0.027200000000000002
v 0.025782600000000003 0.0249185 0.0256
v 0.025782600000000003 0.0249185 0.027200000000000002
v 0.025599999999999998 0.024 0.0256
v 0.025599999999999998 0.024 0.027200000000000002
v 0.025782600000000003 0.0230815 0.0256
v 0.025782600000000003 0.0230815 0.027200000000000002
v 0.026303 0.022303 0.0256
v 0.026303 0.022303 0.027200000000000002
v 0.0270815 0.0217826 0.0256
v 0.0270815 0.0217826 0.027200000000000002
v 0.028 0.0216 0.0256
v 0.028 0.0216 0.027200000000000002
v 0.0289185 0.0217826 0.0256
v 0.0289185 0.0217826 0.027200000000000002
v 0.029697 0.022303 0.0256
v 0.029697 0.022303 0.027200000000000002
v 0.030217400000000002 0.0230815 0.0256
v 0.030217400000000002 0.0230815 0.027200000000000002
v 0.0304 0.024 0.0256
v 0.0304 0.024 0.027200000000000002
v 0.030217400000000002 0.0249185 0.0256
v 0.030217400000000002 0.0249185 0.027200000000000002
v 0.029697 0.025697 0.0256
v 0.029697 0.025697 0.027200000000000002
v 0.0289185 0.0262174 0.0256
v 0.0289185 0.0262174 0.027200000000000002
v 0.028 0.0272 0.0256
v 0.026775399999999998 0.0269565 0.0256
v 0.026775399999999998 0.0269565 0.027200000000000002
v 0.028 0.0272 0.027200000000000002
v 0.025737299999999998 0.0262627 0.0256
v 0.025737299999999998 0.0262627 0.027200000000000002
v 0.0250435 0.0252246 0.0256
v 0.0250435 0.0252246 0.027200000000000002
v 0.024800000000000003 0.024 0.0256
v 0.024800000000000003 0.024 0.027200000000000002
v 0.0250435 0.0227754 0.0256
v 0.0250435 0.0227754 0.027200000000000002
v 0.025737299999999998 0.0217373 0.0256
v 0.025737299999999998 0.0217373 0.027200000000000002
v 0.026775399999999998 0.0210435 0.0256
v 0.026775399999999998 0.0210435 0.027200000000000002
v 0.028 0.0208 0.0256
v 0.028 0.0208 0.027200000000000002
v 0.0292246 0.0210435 0.0256
v 0.0292246 0.0210435 0.027200000000000002
v 0.0302627 0.0217373 0.0256
v 0.0302627 0.0217373 0.027200000000000002
v 0.0309565 0.0227754 0.0256
v 0.0309565 0.0227754 0.027200000000000002
v 0.0312 0.024 0.0256
v 0.0312 0.024 0.027200000000000002
v 0.0309565 0.0252246 0.0256
v 0.0309565 0.0252246 0.027200000000000002
v 0.0302627 0.0262627 0.0256
v 0.0302627 0.0262627 0.027200000000000002
v 0.0292246 0.0269565 0.0256
v 0.0292246 0.0269565 0.027200000000000002
v 0.024800000000000003 0.024 0.0256
v 0.025599999999999998 0.024 0.0256
v 0.025782600000000003 0.0230815 0.0256
v 0.0250435 0.0227754 0.0256
v 0.026303 0.022303 0.0256
v 0.025737299999999998 0.0217373 0.0256
v 0.0270815 0.0217826 0.0256
v 0.026775399999999998 0.0210435 0.0256
v 0.028 0.0216 0.0256
v 0.028 0.0208 0.0256
v 0.0289185 0.0217826 0.0256
v 0.0292246 0.0210435 0.0256
v 0.029697 0.022303 0.0256
v 0.0302627 0.0217373 0.0256
v 0.030217400000000002 0.0230815 0.0256
v 0.0309565 0.0227754 0.0256
v 0.0304 0.024 0.0256
v 0.0312 0.024 0.0256
v 0.030217400000000002 0.0249185 0.0256
v 0.0309565 0.0252246 0.0256
v 0.029697 0.025697 0.0256
v 0.0302627 0.0262627 0.0256
v 0.0289185 0.0262174 0.0256
v 0.0292246 0.0269565 0.0256
v 0.028 0.0264 0.0256
v 0.028 0.0272 0.0256
v 0.0270815 0.0262174 0.0256
v 0.026775399999999998 0.0269565 0.0256
v 0.026303 0.025697 0.0256
v 0.025737299999999998 0.0262627 0.0256
v 0.025782600000000003 0.0249185 0.0256
v 0.0250435 0.0252246 0.0256
v 0.0304 0.024 0.031200000000000002
v 0.030217400000000002 0.0249185 0.031200000000000002
v 0.030217400000000002 0.0249185 0.0313826
v 0.029697 0.025697 0.031200000000000002
v 0.029697 0.025697 0.031903
v 0.0289185 0.0262174 0.031200000000000002
v 0.0289185 0.0262174 0.0326815
v 0.028 0.0264 0.031200000000000002
v 0.028 0.0264 0.0336
v 0.030217400000000002 0.0230815 0.031200000000000002
v 0.030217400000000002 0.0230815 0.0313826
v 0.029697 0.022303 0.031200000000000002
v 0.029697 0.022303 0.031903
v 0.0289185 0.0217826 0.031200000000000002
v 0.0289185 0.0217826 0.0326815
v 0.028 0.0216 0.031200000000000002
v 0.028 0.0216 0.0336
v 0.0270815 0.0262174 0.0336
v 0.026303 0.025697 0.0336
v 0.025782600000000003 0.0249185 0.0336
v 0.025599999999999998 0.024 0.0336
v 0.025782600000000003 0.0230815 0.0336
v 0.026303 0.022303 0.0336
v 0.0270815 0.0217826 0.0336
v 0.0312 0.024 0.0304
v 0.0309565 0.0252246 0.0304
v 0.0309565 0.0252246 0.0306435
v 0.0302627 0.0262627 0.0304
v 0.0302627 0.0262627 0.0313373
v 0.0292246 0.0269565 0.0304
v 0.0292246 0.0269565 0.0323754
v 0.028 0.0272 0.0304
v 0.028 0.0272 0.0336
v 0.0309565 0.0227754 0.0304
v 0.0309565 0.0227754 0.0306435
v 0.0302627 0.0217373 0.0304
v 0.0302627 0.0217373 0.0313373
v 0.0292246 0.0210435 0.0304
v 0.0292246 0.0210435 0.0323754
v 0.028 0.0208 0.0304
v 0.028 0.0208 0.0336
v 0.026775399999999998 0.0269565 0.0336
v 0.025737299999999998 0.0262627 0.0336
v 0.0250435 0.0252246 0.0336
v 0.024800000000000003 0.024 0.0336
v 0.0250435 0.0227754 0.0336
v 0.025737299999999998 0.0217373 0.0336
v 0.026775399999999998 0.0210435 0.0336
v 0.02 0.016 0.0256
v 0.0216 0.0176 0.0256
v 0.0216 0.0304 0.0256
v 0.02 0.032 0.0256
v 0.036000000000000004 0.016 0.0256
v 0.0344 0.0176 0.0256
v 0.036000000000000004 0.032 0.0256
v 0.0344 0.0304 0.0256
v 0.0216 0.0176 0.0336
v 0.028 0.0176 0.0336
v 0.028 0.0304 0.0336
v 0.0216 0.0304 0.0336
v 0.028 0.016 0.0352
v 0.02 0.016 0.0352
v 0.02 0.032 0.0352
v 0.028 0.032 0.0352
v 0.02 0.032 0.0256
v 0.02 0.032 0.0352
v 0.02 0.016 0.0352
v 0.02 0.016 0.0256
v 0.0216 0.0176 0.0256
v 0.0216 0.0176 0.0336
v 0.0216 0.0304 0.0336
v 0.0216 0.0304 0.0256
v 0.0344 0.0304 0.0256
v 0.0344 0.0304 0.027200000000000002
v 0.0344 0.0176 0.027200000000000002
v 0.0344 0.0176 0.0256
v 0.036000000000000004 0.016 0.0256
v 0.036000000000000004 0.016 0.027200000000000002
v 0.036000000000000004 0.032 0.027200000000000002
v 0.036000000000000004 0.032 0.0256
v 0.036000000000000004 0.032 0.0256
v 0.036000000000000004 0.032 0.027200000000000002
v 0.02 0.032 0.0352
v 0.02 0.032 0.0256
v 0.028 0.032 0.0352
v 0.0344 0.0304 0.0256
v 0.0216 0.0304 0.0256
v 0.0216 0.0304 0.0336
v 0.0344 0.0304 0.027200000000000002
v 0.028 0.0304 0.0336
v 0.0344 0.0176 0.0256
v 0.0344 0.0176 0.027200000000000002
v 0.0216 0.0176 0.0336
v 0.0216 0.0176 0.0256
v 0.028 0.0176 0.0336
v 0.036000000000000004 0.016 0.0256
v 0.02 0.016 0.0256
v 0.02 0.016 0.0352
v 0.036000000000000004 0.016 0.027200000000000002
v 0.028 0.016 0.0352
v 0.028 0.0304 0.0336
v 0.028 0.0176 0.0336
v 0.0344 0.0176 0.027200000000000002
v 0.0344 0.0304 0.027200000000000002
v 0.024 0.0224 0.0352
v 0.023081499999999998 0.0222174 0.0352
v 0.023081499999999998 0.0222174 0.0368
v 0.024 0.0224 0.0368
v 0.022303 0.021697 0.0352
v 0.022303 0.021697 0.0368
v 0.0217826 0.0209185 0.0352
v 0.0217826 0.0209185 0.0368
v 0.0216 0.02 0.0352
v 0.0216 0.02 0.0368
v 0.0217826 0.0190815 0.0352
v 0.0217826 0.0190815 0.0368
v 0.022303 0.018303 0.0352
v 0.022303 0.018303 0.0368
v 0.023081499999999998 0.0177826 0.0352
v 0.023081499999999998 0.0177826 0.0368
v 0.024 0.0176 0.0352
v 0.024 0.0176 0.0368
v 0.0249185 0.0177826 0.0352
v 0.0249185 0.0177826 0.0368
v 0.025697 0.018303 0.0352
v 0.025697 0.018303 0.0368
v 0.026217400000000002 0.0190815 0.0352
v 0.026217400000000002 0.0190815 0.0368
v 0.0264 0.02 0.0352
v 0.0264 0.02 0.0368
v 0.026217400000000002 0.0209185 0.0352
v 0.026217400000000002 0.0209185 0.0368
v 0.025697 0.021697 0.0352
v 0.025697 0.021697 0.0368
v 0.0249185 0.0222174 0.0352
v 0.0249185 0.0222174 0.0368
v 0.023081499999999998 0.0222174 0.0368
v 0.024 0.0224 0.0368
v 0.024 0.02 0.0368
v 0.022303 0.021697 0.0368
v 0.0217826 0.0209185 0.0368
v 0.0216 0.02 0.0368
v 0.0217826 0.0190815 0.0368
v 0.022303 0.018303 0.0368
v 0.023081499999999998 0.0177826 0.0368
v 0.024 0.0176 0.0368
v 0.0249185 0.0177826 0.0368
v 0.025697 0.018303 0.0368
v 0.026217400000000002 0.0190815 0.0368
v 0.0264 0.02 0.0368
v 0.026217400000000002 0.0209185 0.0368
v 0.025697 0.021697 0.0368
v 0.0249185 0.0222174 0.0368
v 0.024 0.0304 0.0352
v 0.023081499999999998 0.0302174 0.0352
v 0.023081499999999998 0.0302174 0.0368
v 0.024 0.0304 0.0368
v 0.022303 0.029697 0.0352
v 0.022303 0.029697 0.0368
v 0.0217826 0.0289185 0.0352
v 0.0217826 0.0289185 0.0368
v 0.0216 0.028 0.0352
v 0.0216 0.028 0.0368
v 0.0217826 0.0270815 0.0352
v 0.0217826 0.0270815 0.0368
v 0.022303 0.026303 0.0352
v 0.022303 0.026303 0.0368
v 0.023081499999999998 0.0257826 0.0352
v 0.023081499999999998 0.0257826 0.0368
v 0.024 0.0256 0.0352
v 0.024 0.0256 0.0368
v 0.0249185 0.0257826 0.0352
v 0.0249185 0.0257826 0.0368
v 0.025697 0.026303 0.0352
v 0.025697 0.026303 0.0368
v 0.026217400000000002 0.0270815 0.0352
v 0.026217400000000002 0.0270815 0.0368
v 0.0264 0.028 0.0352
v 0.0264 0.028 0.0368
v 0.026217400000000002 0.0289185 0.0352
v 0.026217400000000002 0.0289185 0.0368
v 0.025697 0.029697 0.0352
v 0.025697 0.029697 0.0368
v 0.0249185 0.0302174 0.0352
v 0.0249185 0.0302174 0.0368
v 0.023081499999999998 0.0302174 0.0368
v 0.024 0.0304 0.0368
v 0.024 0.028 0.0368
v 0.022303 0.029697 0.0368
v 0.0217826 0.0289185 0.0368
v 0.0216 0.028 0.0368
v 0.0217826 0.0270815 0.0368
v 0.022303 0.026303 0.0368
v 0.023081499999999998 0.0257826 0.0368
v 0.024 0.0256 0.0368
v 0.0249185 0.0257826 0.0368
v 0.025697 0.026303 0.0368
v 0.026217400000000002 0.0270815 0.0368
v 0.0264 0.028 0.0368
v 0.026217400000000002 0.0289185 0.0368
v 0.025697 0.029697 0.0368
v 0.0249185 0.0302174 0.0368
v 0.036000000000000004 0.016 0.027200000000000002
v 0.028 0.016 0.0352
v 0.028 0.032 0.0352
v 0.036000000000000004 0.032 0.027200000000000002
v 0.012 0.0216 0.0256
v 0.0129185 0.0217826 0.0256
v 0.0129185 0.0217826 0.027200000000000002
v 0.012 0.0216 0.027200000000000002
v 0.013697 0.022303 0.0256
v 0.013697 0.022303 0.027200000000000002
v 0.0142174 0.0230815 0.0256
v 0.0142174 0.0230815 0.027200000000000002
v 0.0144 0.024 0.0256
v 0.0144 0.024 0.027200000000000002
v 0.0142174 0.0249185 0.0256
v 0.0142174 0.0249185 0.027200000000000002
v 0.013697 0.025697 0.0256
v 0.013697 0.025697 0.027200000000000002
v 0.0129185 0.0262174 0.0256
v 0.0129185 0.0262174 0.027200000000000002
v 0.012 0.0264 0.0256
v 0.012 0.0264 0.027200000000000002
v 0.011081500000000001 0.0262174 0.0256
v 0.011081500000000001 0.0262174 0.027200000000000002
v 0.010303 0.025697 0.0256
v 0.010303 0.025697 0.027200000000000002
v 0.0097826 0.0249185 0.0256
v 0.0097826 0.0249185 0.027200000000000002
v 0.009600000000000001 0.024 0.0256
v 0.009600000000000001 0.024 0.027200000000000002
v 0.0097826 0.0230815 0.0256
v 0.0097826 0.0230815 0.027200000000000002
v 0.010303 0.022303 0.0256
v 0.010303 0.022303 0.027200000000000002
v 0.011081500000000001 0.0217826 0.0256
v 0.011081500000000001 0.0217826 0.027200000000000002
v 0.012 0.0208 0.0256
v 0.0132246 0.0210435 0.0256
v 0.0132246 0.0210435 0.027200000000000002
v 0.012 0.0208 0.027200000000000002
v 0.0142627 0.0217373 0.0256
v 0.0142627 0.0217373 0.027200000000000002
v 0.014956500000000001 0.0227754 0.0256
v 0.014956500000000001 0.0227754 0.027200000000000002
v 0.0152 0.024 0.0256
v 0.0152 0.024 0.027200000000000002
v 0.014956500000000001 0.0252246 0.0256
v 0.014956500000000001 0.0252246 0.027200000000000002
v 0.0142627 0.0262627 0.0256
v 0.0142627 0.0262627 0.027200000000000002
v 0.0132246 0.0269565 0.0256
v 0.0132246 0.0269565 0.027200000000000002
v 0.012 0.0272 0.0256
v 0.012 0.0272 0.027200000000000002
v 0.010775400000000001 0.0269565 0.0256
v 0.010775400000000001 0.0269565 0.027200000000000002
v 0.0097373 0.0262627 0.0256
v 0.0097373 0.0262627 0.027200000000000002
v 0.0090435 0.0252246 0.0256
v 0.0090435 0.0252246 0.027200000000000002
v 0.0088 0.024 0.0256
v 0.0088 0.024 0.027200000000000002
v 0.0090435 0.0227754 0.0256
v 0.0090435 0.0227754 0.027200000000000002
v 0.0097373 0.0217373 0.0256
v 0.0097373 0.0217373 0.027200000000000002
v 0.010775400000000001 0.0210435 0.0256
v 0.010775400000000001 0.0210435 0.027200000000000002
v 0.0152 0.024 0.0256
v 0.0144 0.024 0.0256
v 0.0142174 0.0249185 0.0256
v 0.014956500000000001 0.0252246 0.0256
v 0.013697 0.025697 0.0256
v 0.0142627 0.0262627 0.0256
v 0.0129185 0.0262174 0.0256
v 0.0132246 0.0269565 0.0256
v 0.012 0.0264 0.0256
v 0.012 0.0272 0.0256
v 0.011081500000000001 0.0262174 0.0256
v 0.010775400000000001 0.0269565 0.0256
v 0.010303 0.025697 0.0256
v 0.0097373 0.0262627 0.0256
v 0.0097826 0.0249185 0.0256
v 0.0090435 0.0252246 0.0256
v 0.009600000000000001 0.024 0.0256
v 0.0088 0.024 0.0256
v 0.0097826 0.0230815 0.0256
v 0.0090435 0.0227754 0.0256
v 0.010303 0.022303 0.0256
v 0.0097373 0.0217373 0.0256
v 0.011081500000000001 0.0217826 0.0256
v 0.010775400000000001 0.0210435 0.0256
v 0.012 0.0216 0.0256
v 0.012 0.0208 0.0256
v 0.0129185 0.0217826 0.0256
v 0.0132246 0.0210435 0.0256
v 0.013697 0.022303 0.0256
v 0.0142627 0.0217373 0.0256
v 0.0142174 0.0230815 0.0256
v 0.014956500000000001 0.0227754 0.0256
v 0.009600000000000001 0.024 0.031200000000000002
v 0.0097826 0.0230815 0.031200000000000002
v 0.0097826 0.0230815 0.0313826
v 0.010303 0.022303 0.031200000000000002
v 0.010303 0.022303 0.031903
v 0.011081500000000001 0.0217826 0.031200000000000002
v 0.011081500000000001 0.0217826 0.0326815
v 0.012 0.0216 0.031200000000000002
v 0.012 0.0216 0.0336
v 0.0097826 0.0249185 0.031200000000000002
v 0.0097826 0.0249185 0.0313826
v 0.010303 0.025697 0.031200000000000002
v 0.010303 0.025697 0.031903
v 0.011081500000000001 0.0262174 0.031200000000000002
v 0.011081500000000001 0.0262174 0.0326815
v 0.012 0.0264 0.031200000000000002
v 0.012 0.0264 0.0336
v 0.0129185 0.0217826 0.0336
v 0.013697 0.022303 0.0336
v 0.0142174 0.0230815 0.0336
v 0.0144 0.024 0.0336
v 0.0142174 0.0249185 0.0336
v 0.013697 0.025697 0.0336
v 0.0129185 0.0262174 0.0336
v 0.0088 0.024 0.0304
v 0.0090435 0.0227754 0.0304
v 0.0090435 0.0227754 0.0306435
v 0.0097373 0.0217373 0.0304
v 0.0097373 0.0217373 0.0313373
v 0.010775400000000001 0.0210435 0.0304
v 0.010775400000000001 0.0210435 0.0323754
v 0.012 0.0208 0.0304
v 0.012 0.0208 0.0336
v 0.0090435 0.0252246 0.0304
v 0.0090435 0.0252246 0.0306435
v 0.0097373 0.0262627 0.0304
v 0.0097373 0.0262627 0.0313373
v 0.010775400000000001 0.0269565 0.0304
v 0.010775400000000001 0.0269565 0.0323754
v 0.012 0.0272 0.0304
v 0.012 0.0272 0.0336
v 0.0132246 0.0210435 0.0336
v 0.0142627 0.0217373 0.0336
v 0.014956500000000001 0.0227754 0.0336
v 0.0152 0.024 0.0336
v 0.014956500000000001 0.0252246 0.0336
v 0.0142627 0.0262627 0.0336
v 0.0132246 0.0269565 0.0336
v 0.02 0.032 0.0256
v 0.0184 0.0304 0.0256
v 0.0184 0.0176 0.0256
v 0.02 0.016 0.0256
v 0.004 0.032 0.0256
v 0.0056 0.0304 0.0256
v 0.004 0.016 0.0256
v 0.0056 0.0176 0.0256
v 0.0184 0.0304 0.0336
v 0.012 0.0304 0.0336
v 0.012 0.0176 0.0336
v 0.0184 0.0176 0.0336
v 0.012 0.032 0.0352
v 0.02 0.032 0.0352
v 0.02 0.016 0.0352
v 0.012 0.016 0.0352
v 0.02 0.016 0.0256
v 0.02 0.016 0.0352
v 0.02 0.032 0.0352
v 0.02 0.032 0.0256
v 0.0184 0.0304 0.0256
v 0.0184 0.0304 0.0336
v 0.0184 0.0176 0.0336
v 0.0184 0.0176 0.0256
v 0.0056 0.0176 0.0256
v 0.0056 0.0176 0.027200000000000002
v 0.0056 0.0304 0.027200000000000002
v 0.0056 0.0304 0.0256
v 0.004 0.032 0.0256
v 0.004 0.032 0.027200000000000002
v 0.004 0.016 0.027200000000000002
v 0.004 0.016 0.0256
v 0.004 0.016 0.0256
v 0.004 0.016 0.027200000000000002
v 0.02 0.016 0.0352
v 0.02 0.016 0.0256
v 0.012 0.016 0.0352
v 0.0056 0.0176 0.0256
v 0.0184 0.0176 0.0256
v 0.0184 0.0176 0.0336
v 0.0056 0.0176 0.027200000000000002
v 0.012 0.0176 0.0336
v 0.0056 0.0304 0.0256
v 0.0056 0.0304 0.027200000000000002
v 0.0184 0.0304 0.0336
v 0.0184 0.0304 0.0256
v 0.012 0.0304 0.0336
v 0.004 0.032 0.0256
v 0.02 0.032 0.0256
v 0.02 0.032 0.0352
v 0.004 0.032 0.027200000000000002
v 0.012 0.032 0.0352
v 0.012 0.0176 0.0336
v 0.012 0.0304 0.0336
v 0.0056 0.0304 0.027200000000000002
v 0.0056 0.0176 0.027200000000000002
v 0.016 0.0256 0.0352
v 0.0169185 0.0257826 0.0352
v 0.0169185 0.0257826 0.0368
v 0.016 0.0256 0.0368
v 0.017697 0.026303 0.0352
v 0.017697 0.026303 0.0368
v 0.0182174 0.0270815 0.0352
v 0.0182174 0.0270815 0.0368
v 0.0184 0.028 0.0352
v 0.0184 0.028 0.0368
v 0.0182174 0.0289185 0.0352
v 0.0182174 0.0289185 0.0368
v 0.017697 0.029697 0.0352
v 0.017697 0.029697 0.0368
v 0.0169185 0.0302174 0.0352
v 0.0169185 0.0302174 0.0368
v 0.016 0.0304 0.0352
v 0.016 0.0304 0.0368
v 0.015081500000000001 0.0302174 0.0352
v 0.015081500000000001 0.0302174 0.0368
v 0.014303 0.029697 0.0352
v 0.014303 0.029697 0.0368
v 0.0137826 0.0289185 0.0352
v 0.0137826 0.0289185 0.0368
v 0.013600000000000001 0.028 0.0352
v 0.013600000000000001 0.028 0.0368
v 0.0137826 0.0270815 0.0352
v 0.0137826 0.0270815 0.0368
v 0.014303 0.026303 0.0352
v 0.014303 0.026303 0.0368
v 0.015081500000000001 0.0257826 0.0352
v 0.015081500000000001 0.0257826 0.0368
v 0.0169185 0.0257826 0.0368
v 0.016 0.0256 0.0368
v 0.016 0.028 0.0368
v 0.017697 0.026303 0.0368
v 0.0182174 0.0270815 0.0368
v 0.0184 0.028 0.0368
v 0.0182174 0.0289185 0.0368
v 0.017697 0.029697 0.0368
v 0.0169185 0.0302174 0.0368
v 0.016 0.0304 0.0368
v 0.015081500000000001 0.0302174 0.0368
v 0.014303 0.029697 0.0368
v 0.0137826 0.0289185 0.0368
v 0.013600000000000001 0.028 0.0368
v 0.0137826 0.0270815 0.0368
v 0.014303 0.026303 0.0368
v 0.015081500000000001 0.0257826 0.0368
v 0.016 0.0176 0.0352
v 0.0169185 0.0177826 0.0352
v 0.0169185 0.0177826 0.0368
v 0.016 0.0176 0.0368
v 0.017697 0.018303 0.0352
v 0.017697 0.018303 0.0368
v 0.0182174 0.0190815 0.0352
v 0.0182174 0.0190815 0.0368
v 0.0184 0.02 0.0352
v 0.0184 0.02 0.0368
v 0.0182174 0.0209185 0.0352
v 0.0182174 0.0209185 0.0368
v 0.017697 0.021697 0.0352
v 0.017697 0.021697 0.0368
v 0.0169185 0.0222174 0.0352
v 0.0169185 0.0222174 0.0368
v 0.016 0.0224 0.0352
v 0.016 0.0224 0.0368
v 0.015081500000000001 0.0222174 0.0352
v 0.015081500000000001 0.0222174 0.0368
v 0.014303 0.021697 0.0352
v 0.014303 0.021697 0.0368
v 0.0137826 0.0209185 0.0352
v 0.0137826 0.0209185 0.0368
v 0.013600000000000001 0.02 0.0352
v 0.013600000000000001 0.02 0.0368
v 0.0137826 0.0190815 0.0352
v 0.0137826 0.0190815 0.0368
v 0.014303 0.018303 0.0352
v 0.014303 0.018303 0.0368
v 0.015081500000000001 0.0177826 0.0352
v 0.015081500000000001 0.0177826 0.0368
v 0.0169185 0.0177826 0.0368
v 0.016 0.0176 0.0368
v 0.016 0.02 0.0368
v 0.017697 0.018303 0.0368
v 0.0182174 0.0190815 0.0368
v 0.0184 0.02 0.0368
v 0.0182174 0.0209185 0.0368
v 0.017697 0.021697 0.0368
v 0.0169185 0.0222174 0.0368
v 0.016 0.0224 0.0368
v 0.015081500000000001 0.0222174 0.0368
v 0.014303 0.021697 0.0368
v 0.0137826 0.0209185 0.0368
v 0.013600000000000001 0.02 0.0368
v 0.0137826 0.0190815 0.0368
v 0.014303 0.018303 0.0368
v 0.015081500000000001 0.0177826 0.0368
v 0.004 0.032 0.027200000000000002
v 0.012 0.032 0.0352
v 0.012 0.016 0.0352
v 0.004 0.016 0.027200000000000002
f 3 2 1
f 1 4 3
f 6 5 2
f 2 3 6
f 8 7 5
f 5 6 8
f 10 9 7
f 7 8 10
f 12 11 9
f 9 10 12
f 14 13 11
f 11 12 14
f 16 15 13
f 13 14 16
f 18 17 15
f 15 16 18
f 20 19 17
f 17 18 20
f 22 21 19
f 19 20 22
f 24 23 21
f 21 22 24
f 26 25 23
f 23 24 26
f 28 27 25
f 25 26 28
f 30 29 27
f 27 28 30
f 32 31 29
f 29 30 32
f 4 1 31
f 31 32 4
f 33 34 35
f 35 36 33
f 34 37 38
f 38 35 34
f 37 39 40
f 40 38 37
f 39 41 42
f 42 40 39
f 41 43 44
f 44 42 41
f 43 45 46
f 46 44 43
f 45 47 48
f 48 46 45
f 47 49 50
f 50 48 47
f 49 51 52
f 52 50 49
f 51 53 54
f 54 52 51
f 53 55 56
f 56 54 53
f 55 57 58
f 58 56 55
f 57 59 60
f 60 58 57
f 59 61 62
f 62 60 59
f 61 63 64
f 64 62 61
f 63 33 36
f 36 64 63
f 65 66 67
f 67 68 65
f 68 67 69
f 69 70 68
f 70 69 71
f 71 72 70
f 72 71 73
f 73 74 72
f 74 73 75
f 75 76 74
f 76 75 77
f 77 78 76
f 78 77 79
f 79 80 78
f 80 79 81
f 81 82 80
f 82 81 83
f 83 84 82
f 84 83 85
f 85 86 84
f 86 85 87
f 87 88 86
f 88 87 89
f 89 90 88
f 90 89 91
f 91 92 90
f 92 91 93
f 93 94 92
f 94 93 95
f 95 96 94
f 96 95 66
f 66 65 96
f 99 98 97
f 97 100 99
f 102 101 98
f 98 99 102
f 104 103 101
f 101 102 104
f 106 105 103
f 103 104 106
f 108 107 105
f 105 106 108
f 110 109 107
f 107 108 110
f 112 111 109
f 109 110 112
f 114 113 111
f 111 112 114
f 116 115 113
f 113 114 116
f 118 117 115
f 115 116 118
f 120 119 117
f 117 118 120
f 122 121 119
f 119 120 122
f 124 123 121
f 121 122 124
f 126 125 123
f 123 124 126
f 128 127 125
f 125 126 128
f 100 97 127
f 127 128 100
f 129 130 131
f 131 132 129
f 130 133 134
f 134 131 130
f 133 135 136
f 136 134 133
f 135 137 138
f 138 136 135
f 137 139 140
f 140 138 137
f 139 141 142
f 142 140 139
f 141 143 144
f 144 142 141
f 143 145 146
f 146 144 143
f 145 147 148
f 148 146 145
f 147 149 150
f 150 148 147
f 149 151 152
f 152 150 149
f 151 153 154
f 154 152 151
f 153 155 156
f 156 154 153
f 155 157 158
f 158 156 155
f 157 159 160
f 160 158 157
f 159 129 132
f 132 160 159
f 161 162 163
f 163 164 161
f 164 163 165
f 165 166 164
f 166 165 167
f 167 168 166
f 168 167 169
f 169 170 168
f 170 169 171
f 171 172 170
f 172 171 173
f 173 174 172
f 174 173 175
f 175 176 174
f 176 175 177
f 177 178 176
f 178 177 179
f 179 180 178
f 180 179 181
f 181 182 180
f 182 181 183
f 183 184 182
f 184 183 185
f 185 186 184
f 186 185 187
f 187 188 186
f 188 187 189
f 189 190 188
f 190 189 191
f 191 192 190
f 192 191 162
f 162 161 192
f 195 194 193
f 193 196 195
f 198 197 194
f 194 195 198
f 200 199 197
f 197 198 200
f 202 201 199
f 199 200 202
f 204 203 201
f 201 202 204
f 206 205 203
f 203 204 206
f 208 207 205
f 205 206 208
f 210 209 207
f 207 208 210
f 212 211 209
f 209 210 212
f 214 213 211
f 211 212 214
f 216 215 213
f 213 214 216
f 218 217 215
f 215 216 218
f 220 219 217
f 217 218 220
f 222 221 219
f 219 220 222
f 224 223 221
f 221 222 224
f 196 193 223
f 223 224 196
f 225 226 227
f 227 228 225
f 226 229 230
f 230 227 226
f 229 231 232
f 232 230 229
f 231 233 234
f 234 232 231
f 233 235 236
f 236 234 233
f 235 237 238
f 238 236 235
f 237 239 240
f 240 238 237
f 239 241 242
f 242 240 239
f 241 243 244
f 244 242 241
f 243 245 246
f 246 244 243
f 245 247 248
f 248 246 245
f 247 249 250
f 250 248 247
f 249 251 252
f 252 250 249
f 251 253 254
f 254 252 251
f 253 255 256
f 256 254 253
f 255 225 228
f 228 256 255
f 257 258 259
f 259 260 257
f 260 259 261
f 261 262 260
f 262 261 263
f 263 264 262
f 264 263 265
f 265 266 264
f 266 265 267
f 267 268 266
f 268 267 269
f 269 270 268
f 270 269 271
f 271 272 270
f 272 271 273
f 273 274 272
f 274 273 275
f 275 276 274
f 276 275 277
f 277 278 276
f 278 277 279
f 279 280 278
f 280 279 281
f 281 282 280
f 282 281 283
f 283 284 282
f 284 283 285
f 285 286 284
f 286 285 287
f 287 288 286
f 288 287 258
f 258 257 288
f 291 290 289
f 289 292 291
f 294 293 290
f 290 291 294
f 296 295 293
f 293 294 296
f 298 297 295
f 295 296 298
f 300 299 297
f 297 298 300
f 302 301 299
f 299 300 302
f 304 303 301
f 301 302 304
f 306 305 303
f 303 304 306
f 308 307 305
f 305 306 308
f 310 309 307
f 307 308 310
f 312 311 309
f 309 310 312
f 314 313 311
f 311 312 314
f 316 315 313
f 313 314 316
f 318 317 315
f 315 316 318
f 320 319 317
f 317 318 320
f 292 289 319
f 319 320 292
f 321 322 323
f 323 324 321
f 322 325 326
f 326 323 322
f 325 327 328
f 328 326 325
f 327 329 330
f 330 328 327
f 329 331 332
f 332 330 329
f 331 333 334
f 334 332 331
f 333 335 336
f 336 334 333
f 335 337 338
f 338 336 335
f 337 339 340
f 340 338 337
f 339 341 342
f 342 340 339
f 341 343 344
f 344 342 341
f 343 345 346
f 346 344 343
f 345 347 348
f 348 346 345
f 347 349 350
f 350 348 347
f 349 351 352
f 352 350 349
f 351 321 324
f 324 352 351
f 353 354 355
f 355 356 353
f 356 355 357
f 357 358 356
f 358 357 359
f 359 360 358
f 360 359 361
f 361 362 360
f 362 361 363
f 363 364 362
f 364 363 365
f 365 366 364
f 366 365 367
f 367 368 366
f 368 367 369
f 369 370 368
f 370 369 371
f 371 372 370
f 372 371 373
f 373 374 372
f 374 373 375
f 375 376 374
f 376 375 377
f 377 378 376
f 378 377 379
f 379 380 378
f 380 379 381
f 381 382 380
f 382 381 383
f 383 384 382
f 384 383 354
f 354 353 384
f 387 386 385
f 385 388 387
f 390 389 386
f 386 387 390
f 392 391 389
f 389 390 392
f 394 393 391
f 391 392 394
f 396 395 393
f 393 394 396
f 398 397 395
f 395 396 398
f 400 399 397
f 397 398 400
f 402 401 399
f 399 400 402
f 404 403 401
f 401 402 404
f 406 405 403
f 403 404 406
f 408 407 405
f 405 406 408
f 410 409 407
f 407 408 410
f 412 411 409
f 409 410 412
f 414 413 411
f 411 412 414
f 416 415 413
f 413 414 416
f 388 385 415
f 415 416 388
f 417 418 419
f 419 420 417
f 418 421 422
f 422 419 418
f 421 423 424
f 424 422 421
f 423 425 426
f 426 424 423
f 425 427 428
f 428 426 425
f 427 429 430
f 430 428 427
f 429 431 432
f 432 430 429
f 431 433 434
f 434 432 431
f 433 435 436
f 436 434 433
f 435 437 438
f 438 436 435
f 437 439 440
f 440 438 437
f 439 441 442
f 442 440 439
f 441 443 444
f 444 442 441
f 443 445 446
f 446 444 443
f 445 447 448
f 448 446 445
f 447 417 420
f 420 448 447
f 449 450 451
f 451 452 449
f 452 451 453
f 453 454 452
f 454 453 455
f 455 456 454
f 456 455 457
f 457 458 456
f 458 457 459
f 459 460 458
f 460 459 461
f 461 462 460
f 462 461 463
f 463 464 462
f 464 463 465
f 465 466 464
f 466 465 467
f 467 468 466
f 468 467 469
f 469 470 468
f 470 469 471
f 471 472 470
f 472 471 473
f 473 474 472
f 474 473 475
f 475 476 474
f 476 475 477
f 477 478 476
f 478 477 479
f 479 480 478
f 480 479 450
f 450 449 480
f 483 482 481
f 481 484 483
f 486 485 482
f 482 483 486
f 488 487 485
f 485 486 488
f 490 489 487
f 487 488 490
f 492 491 489
f 489 490 492
f 494 493 491
f 491 492 494
f 496 495 493
f 493 494 496
f 498 497 495
f 495 496 498
f 500 499 497
f 497 498 500
f 502 501 499
f 499 500 502
f 504 503 501
f 501 502 504
f 506 505 503
f 503 504 506
f 508 507 505
f 505 506 508
f 510 509 507
f 507 508 510
f 512 511 509
f 509 510 512
f 484 481 511
f 511 512 484
f 513 514 515
f 515 516 513
f 514 517 518
f 518 515 514
f 517 519 520
f 520 518 517
f 519 521 522
f 522 520 519
f 521 523 524
f 524 522 521
f 523 525 526
f 526 524 523
f 525 527 528
f 528 526 525
f 527 529 530
f 530 528 527
f 529 531 532
f 532 530 529
f 531 533 534
f 534 532 531
f 533 535 536
f 536 534 533
f 535 537 538
f 538 536 535
f 537 539 540
f 540 538 537
f 539 541 542
f 542 540 539
f 541 543 544
f 544 542 541
f 543 513 516
f 516 544 543
f 545 546 547
f 547 548 545
f 548 547 549
f 549 550 548
f 550 549 551
f 551 552 550
f 552 551 553
f 553 554 552
f 554 553 555
f 555 556 554
f 556 555 557
f 557 558 556
f 558 557 559
f 559 560 558
f 560 559 561
f 561 562 560
f 562 561 563
f 563 564 562
f 564 563 565
f 565 566 564
f 566 565 567
f 567 568 566
f 568 567 569
f 569 570 568
f 570 569 571
f 571 572 570
f 572 571 573
f 573 574 572
f 574 573 575
f 575 576 574
f 576 575 546
f 546 545 576
f 579 578 577
f 577 580 579
f 582 581 578
f 578 579 582
f 584 583 581
f 581 582 584
f 586 585 583
f 583 584 586
f 588 587 585
f 585 586 588
f 590 589 587
f 587 588 590
f 592 591 589
f 589 590 592
f 594 593 591
f 591 592 594
f 596 595 593
f 593 594 596
f 598 597 595
f 595 596 598
f 600 599 597
f 597 598 600
f 602 601 599
f 599 600 602
f 604 603 601
f 601 602 604
f 606 605 603
f 603 604 606
f 608 607 605
f 605 606 608
f 580 577 607
f 607 608 580
f 609 610 611
f 611 612 609
f 610 613 614
f 614 611 610
f 613 615 616
f 616 614 613
f 615 617 618
f 618 616 615
f 617 619 620
f 620 618 617
f 619 621 622
f 622 620 619
f 621 623 624
f 624 622 621
f 623 625 626
f 626 624 623
f 625 627 628
f 628 626 625
f 627 629 630
f 630 628 627
f 629 631 632
f 632 630 629
f 631 633 634
f 634 632 631
f 633 635 636
f 636 634 633
f 635 637 638
f 638 636 635
f 637 639 640
f 640 638 637
f 639 609 612
f 612 640 639
f 641 642 643
f 643 644 641
f 644 643 645
f 645 646 644
f 646 645 647
f 647 648 646
f 648 647 649
f 649 650 648
f 650 649 651
f 651 652 650
f 652 651 653
f 653 654 652
f 654 653 655
f 655 656 654
f 656 655 657
f 657 658 656
f 658 657 659
f 659 660 658
f 660 659 661
f 661 662 660
f 662 661 663
f 663 664 662
f 664 663 665
f 665 666 664
f 666 665 667
f 667 668 666
f 668 667 669
f 669 670 668
f 670 669 671
f 671 672 670
f 672 671 642
f 642 641 672
f 675 674 673
f 673 676 675
f 678 677 674
f 674 675 678
f 680 679 677
f 677 678 680
f 682 681 679
f 679 680 682
f 684 683 681
f 681 682 684
f 686 685 683
f 683 684 686
f 688 687 685
f 685 686 688
f 690 689 687
f 687 688 690
f 692 691 689
f 689 690 692
f 694 693 691
f 691 692 694
f 696 695 693
f 693 694 696
f 698 697 695
f 695 696 698
f 700 699 697
f 697 698 700
f 702 701 699
f 699 700 702
f 704 703 701
f 701 702 704
f 676 673 703
f 703 704 676
f 705 706 707
f 707 708 705
f 706 709 710
f 710 707 706
f 709 711 712
f 712 710 709
f 711 713 714
f 714 712 711
f 713 715 716
f 716 714 713
f 715 717 718
f 718 716 715
f 717 719 720
f 720 718 717
f 719 721 722
f 722 720 719
f 721 723 724
f 724 722 721
f 723 725 726
f 726 724 723
f 725 727 728
f 728 726 725
f 727 729 730
f 730 728 727
f 729 731 732
f 732 730 729
f 731 733 734
f 734 732 731
f 733 735 736
f 736 734 733
f 735 705 708
f 708 736 735
f 737 738 739
f 739 740 737
f 740 739 741
f 741 742 740
f 742 741 743
f 743 744 742
f 744 743 745
f 745 746 744
f 746 745 747
f 747 748 746
f 748 747 749
f 749 750 748
f 750 749 751
f 751 752 750
f 752 751 753
f 753 754 752
f 754 753 755
f 755 756 754
f 756 755 757
f 757 758 756
f 758 757 759
f 759 760 758
f 760 759 761
f 761 762 760
f 762 761 763
f 763 764 762
f 764 763 765
f 765 766 764
f 766 765 767
f 767 768 766
f 768 767 738
f 738 737 768
f 771 770 769
f 769 772 771
f 774 773 770
f 770 771 774
f 776 775 773
f 773 774 776
f 778 777 775
f 775 776 778
f 780 779 777
f 777 778 780
f 782 781 779
f 779 780 782
f 784 783 781
f 781 782 784
f 786 785 783
f 783 784 786
f 788 787 785
f 785 786 788
f 790 789 787
f 787 788 790
f 792 791 789
f 789 790 792
f 794 793 791
f 791 792 794
f 796 795 793
f 793 794 796
f 798 797 795
f 795 796 798
f 800 799 797
f 797 798 800
f 772 769 799
f 799 800 772
f 801 802 803
f 803 804 801
f 802 805 806
f 806 803 802
f 805 807 808
f 808 806 805
f 807 809 810
f 810 808 807
f 809 811 812
f 812 810 809
f 811 813 814
f 814 812 811
f 813 815 816
f 816 814 813
f 815 817 818
f 818 816 815
f 817 819 820
f 820 818 817
f 819 821 822
f 822 820 819
f 821 823 824
f 824 822 821
f 823 825 826
f 826 824 823
f 825 827 828
f 828 826 825
f 827 829 830
f 830 828 827
f 829 831 832
f 832 830 829
f 831 801 804
f 804 832 831
f 833 834 835
f 835 836 833
f 836 835 837
f 837 838 836
f 838 837 839
f 839 840 838
f 840 839 841
f 841 842 840
f 842 841 843
f 843 844 842
f 844 843 845
f 845 846 844
f 846 845 847
f 847 848 846
f 848 847 849
f 849 850 848
f 850 849 851
f 851 852 850
f 852 851 853
f 853 854 852
f 854 853 855
f 855 856 854
f 856 855 857
f 857 858 856
f 858 857 859
f 859 860 858
f 860 859 861
f 861 862 860
f 862 861 863
f 863 864 862
f 864 863 834
f 834 833 864
f 867 866 865
f 865 868 867
f 870 869 866
f 866 867 870
f 872 871 869
f 869 870 872
f 874 873 871
f 871 872 874
f 876 875 873
f 873 874 876
f 878 877 875
f 875 876 878
f 880 879 877
f 877 878 880
f 882 881 879
f 879 880 882
f 884 883 881
f 881 882 884
f 886 885 883
f 883 884 886
f 888 887 885
f 885 886 888
f 890 889 887
f 887 888 890
f 892 891 889
f 889 890 892
f 894 893 891
f 891 892 894
f 896 895 893
f 893 894 896
f 868 865 895
f 895 896 868
f 897 898 899
f 899 900 897
f 898 901 902
f 902 899 898
f 901 903 904
f 904 902 901
f 903 905 906
f 906 904 903
f 905 907 908
f 908 906 905
f 907 909 910
f 910 908 907
f 909 911 912
f 912 910 909
f 911 913 914
f 914 912 911
f 913 915 916
f 916 914 913
f 915 917 918
f 918 916 915
f 917 919 920
f 920 918 917
f 919 921 922
f 922 920 919
f 921 923 924
f 924 922 921
f 923 925 926
f 926 924 923
f 925 927 928
f 928 926 925
f 927 897 900
f 900 928 927
f 929 930 931
f 931 932 929
f 932 931 933
f 933 934 932
f 934 933 935
f 935 936 934
f 936 935 937
f 937 938 936
f 938 937 939
f 939 940 938
f 940 939 941
f 941 942 940
f 942 941 943
f 943 944 942
f 944 943 945
f 945 946 944
f 946 945 947
f 947 948 946
f 948 947 949
f 949 950 948
f 950 949 951
f 951 952 950
f 952 951 953
f 953 954 952
f 954 953 955
f 955 956 954
f 956 955 957
f 957 958 956
f 958 957 959
f 959 960 958
f 960 959 930
f 930 929 960
f 963 962 961
f 961 964 963
f 966 965 962
f 962 963 966
f 968 967 965
f 965 966 968
f 970 969 967
f 967 968 970
f 972 971 969
f 969 970 972
f 974 973 971
f 971 972 974
f 976 975 973
f 973 974 976
f 978 977 975
f 975 976 978
f 980 979 977
f 977 978 980
f 982 981 979
f 979 980 982
f 984 983 981
f 981 982 984
f 986 985 983
f 983 984 986
f 988 987 985
f 985 986 988
f 990 989 987
f 987 988 990
f 992 991 989
f 989 990 992
f 964 961 991
f 991 992 964
f 993 994 995
f 995 996 993
f 994 997 998
f 998 995 994
f 997 999 1000
f 1000 998 997
f 999 1001 1002
f 1002 1000 999
f 1001 1003 1004
f 1004 1002 1001
f 1003 1005 1006
f 1006 1004 1003
f 1005 1007 1008
f 1008 1006 1005
f 1007 1009 1010
f 1010 1008 1007
f 1009 1011 1012
f 1012 1010 1009
f 1011 1013 1014
f 1014 1012 1011
f 1013 1015 1016
f 1016 1014 1013
f 1015 1017 1018
f 1018 1016 1015
f 1017 1019 1020
f 1020 1018 1017
f 1019 1021 1022
f 1022 1020 1019
f 1021 1023 1024
f 1024 1022 1021
f 1023 993 996
f 996 1024 1023
f 1025 1026 1027
f 1027 1028 1025
f 1028 1027 1029
f 1029 1030 1028
f 1030 1029 1031
f 1031 1032 1030
f 1032 1031 1033
f 1033 1034 1032
f 1034 1033 1035
f 1035 1036 1034
f 1036 1035 1037
f 1037 1038 1036
f 1038 1037 1039
f 1039 1040 1038
f 1040 1039 1041
f 1041 1042 1040
f 1042 1041 1043
f 1043 1044 1042
f 1044 1043 1045
f 1045 1046 1044
f 1046 1045 1047
f 1047 1048 1046
f 1048 1047 1049
f 1049 1050 1048
f 1050 1049 1051
f 1051 1052 1050
f 1052 1051 1053
f 1053 1054 1052
f 1054 1053 1055
f 1055 1056 1054
f 1056 1055 1026
f 1026 1025 1056
f 1059 1058 1057
f 1057 1060 1059
f 1062 1061 1058
f 1058 1059 1062
f 1064 1063 1061
f 1061 1062 1064
f 1066 1065 1063
f 1063 1064 1066
f 1068 1067 1065
f 1065 1066 1068
f 1070 1069 1067
f 1067 1068 1070
f 1072 1071 1069
f 1069 1070 1072
f 1074 1073 1071
f 1071 1072 1074
f 1076 1075 1073
f 1073 1074 1076
f 1078 1077 1075
f 1075 1076 1078
f 1080 1079 1077
f 1077 1078 1080
f 1082 1081 1079
f 1079 1080 1082
f 1084 1083 1081
f 1081 1082 1084
f 1086 1085 1083
f 1083 1084 1086
f 1088 1087 1085
f 1085 1086 1088
f 1060 1057 1087
f 1087 1088 1060
f 1089 1090 1091
f 1091 1092 1089
f 1090 1093 1094
f 1094 1091 1090
f 1093 1095 1096
f 1096 1094 1093
f 1095 1097 1098
f 1098 1096 1095
f 1097 1099 1100
f 1100 1098 1097
f 1099 1101 1102
f 1102 1100 1099
f 1101 1103 1104
f 1104 1102 1101
f 1103 1105 1106
f 1106 1104 1103
f 1105 1107 1108
f 1108 1106 1105
f 1107 1109 1110
f 1110 1108 1107
f 1109 1111 1112
f 1112 1110 1109
f 1111 1113 1114
f 1114 1112 1111
f 1113 1115 1116
f 1116 1114 1113
f 1115 1117 1118
f 1118 1116 1115
f 1117 1119 1120
f 1120 1118 1117
f 1119 1089 1092
f 1092 1120 1119
f 1121 1122 1123
f 1123 1124 1121
f 1124 1123 1125
f 1125 1126 1124
f 1126 1125 1127
f 1127 1128 1126
f 1128 1127 1129
f 1129 1130 1128
f 1130 1129 1131
f 1131 1132 1130
f 1132 1131 1133
f 1133 1134 1132
f 1134 1133 1135
f 1135 1136 1134
f 1136 1135 1137
f 1137 1138 1136
f 1138 1137 1139
f 1139 1140 1138
f 1140 1139 1141
f 1141 1142 1140
f 1142 1141 1143
f 1143 1144 1142
f 1144 1143 1145
f 1145 1146 1144
f 1146 1145 1147
f 1147 1148 1146
f 1148 1147 1149
f 1149 1150 1148
f 1150 1149 1151
f 1151 1152 1150
f 1152 1151 1122
f 1122 1121 1152
f 1155 1154 1153
f 1153 1156 1155
f 1158 1157 1154
f 1154 1155 1158
f 1160 1159 1157
f 1157 1158 1160
f 1162 1161 1159
f 1159 1160 1162
f 1164 1163 1161
f 1161 1162 1164
f 1166 1165 1163
f 1163 1164 1166
f 1168 1167 1165
f 1165 1166 1168
f 1170 1169 1167
f 1167 1168 1170
f 1172 1171 1169
f 1169 1170 1172
f 1174 1173 1171
f 1171 1172 1174
f 1176 1175 1173
f 1173 1174 1176
f 1178 1177 1175
f 1175 1176 1178
f 1180 1179 1177
f 1177 1178 1180
f 1182 1181 1179
f 1179 1180 1182
f 1184 1183 1181
f 1181 1182 1184
f 1156 1153 1183
f 1183 1184 1156
f 1185 1186 1187
f 1187 1188 1185
f 1186 1189 1190
f 1190 1187 1186
f 1189 1191 1192
f 1192 1190 1189
f 1191 1193 1194
f 1194 1192 1191
f 1193 1195 1196
f 1196 1194 1193
f 1195 1197 1198
f 1198 1196 1195
f 1197 1199 1200
f 1200 1198 1197
f 1199 1201 1202
f 1202 1200 1199
f 1201 1203 1204
f 1204 1202 1201
f 1203 1205 1206
f 1206 1204 1203
f 1205 1207 1208
f 1208 1206 1205
f 1207 1209 1210
f 1210 1208 1207
f 1209 1211 1212
f 1212 1210 1209
f 1211 1213 1214
f 1214 1212 1211
f 1213 1215 1216
f 1216 1214 1213
f 1215 1185 1188
f 1188 1216 1215
f 1217 1218 1219
f 1219 1220 1217
f 1220 1219 1221
f 1221 1222 1220
f 1222 1221 1223
f 1223 1224 1222
f 1224 1223 1225
f 1225 1226 1224
f 1226 1225 1227
f 1227 1228 1226
f 1228 1227 1229
f 1229 1230 1228
f 1230 1229 1231
f 1231 1232 1230
f 1232 1231 1233
f 1233 1234 1232
f 1234 1233 1235
f 1235 1236 1234
f 1236 1235 1237
f 1237 1238 1236
f 1238 1237 1239
f 1239 1240 1238
f 1240 1239 1241
f 1241 1242 1240
f 1242 1241 1243
f 1243 1244 1242
f 1244 1243 1245
f 1245 1246 1244
f 1246 1245 1247
f 1247 1248 1246
f 1248 1247 1218
f 1218 1217 1248
f 1251 1250 1249
f 1249 1252 1251
f 1254 1253 1250
f 1250 1251 1254
f 1256 1255 1253
f 1253 1254 1256
f 1258 1257 1255
f 1255 1256 1258
f 1260 1259 1257
f 1257 1258 1260
f 1262 1261 1259
f 1259 1260 1262
f 1264 1263 1261
f 1261 1262 1264
f 1266 1265 1263
f 1263 1264 1266
f 1268 1267 1265
f 1265 1266 1268
f 1270 1269 1267
f 1267 1268 1270
f 1272 1271 1269
f 1269 1270 1272
f 1274 1273 1271
f 1271 1272 1274
f 1276 1275 1273
f 1273 1274 1276
f 1278 1277 1275
f 1275 1276 1278
f 1280 1279 1277
f 1277 1278 1280
f 1252 1249 1279
f 1279 1280 1252
f 1281 1282 1283
f 1283 1284 1281
f 1282 1285 1286
f 1286 1283 1282
f 1285 1287 1288
f 1288 1286 1285
f 1287 1289 1290
f 1290 1288 1287
f 1289 1291 1292
f 1292 1290 1289
f 1291 1293 1294
f 1294 1292 1291
f 1293 1295 1296
f 1296 1294 1293
f 1295 1297 1298
f 1298 1296 1295
f 1297 1299 1300
f 1300 1298 1297
f 1299 1301 1302
f 1302 1300 1299
f 1301 1303 1304
f 1304 1302 1301
f 1303 1305 1306
f 1306 1304 1303
f 1305 1307 1308
f 1308 1306 1305
f 1307 1309 1310
f 1310 1308 1307
f 1309 1311 1312
f 1312 1310 1309
f 1311 1281 1284
f 1284 1312 1311
f 1313 1314 1315
f 1315 1316 1313
f 1316 1315 1317
f 1317 1318 1316
f 1318 1317 1319
f 1319 1320 1318
f 1320 1319 1321
f 1321 1322 1320
f 1322 1321 1323
f 1323 1324 1322
f 1324 1323 1325
f 1325 1326 1324
f 1326 1325 1327
f 1327 1328 1326
f 1328 1327 1329
f 1329 1330 1328
f 1330 1329 1331
f 1331 1332 1330
f 1332 1331 1333
f 1333 1334 1332
f 1334 1333 1335
f 1335 1336 1334
f 1336 1335 1337
f 1337 1338 1336
f 1338 1337 1339
f 1339 1340 1338
f 1340 1339 1341
f 1341 1342 1340
f 1342 1341 1343
f 1343 1344 1342
f 1344 1343 1314
f 1314 1313 1344
f 1347 1346 1345
f 1345 1348 1347
f 1350 1349 1346
f 1346 1347 1350
f 1352 1351 1349
f 1349 1350 1352
f 1354 1353 1351
f 1351 1352 1354
f 1356 1355 1353
f 1353 1354 1356
f 1358 1357 1355
f 1355 1356 1358
f 1360 1359 1357
f 1357 1358 1360
f 1362 1361 1359
f 1359 1360 1362
f 1364 1363 1361
f 1361 1362 1364
f 1366 1365 1363
f 1363 1364 1366
f 1368 1367 1365
f 1365 1366 1368
f 1370 1369 1367
f 1367 1368 1370
f 1372 1371 1369
f 1369 1370 1372
f 1374 1373 1371
f 1371 1372 1374
f 1376 1375 1373
f 1373 1374 1376
f 1348 1345 1375
f 1375 1376 1348
f 1377 1378 1379
f 1379 1380 1377
f 1378 1381 1382
f 1382 1379 1378
f 1381 1383 1384
f 1384 1382 1381
f 1383 1385 1386
f 1386 1384 1383
f 1385 1387 1388
f 1388 1386 1385
f 1387 1389 1390
f 1390 1388 1387
f 1389 1391 1392
f 1392 1390 1389
f 1391 1393 1394
f 1394 1392 1391
f 1393 1395 1396
f 1396 1394 1393
f 1395 1397 1398
f 1398 1396 1395
f 1397 1399 1400
f 1400 1398 1397
f 1399 1401 1402
f 1402 1400 1399
f 1401 1403 1404
f 1404 1402 1401
f 1403 1405 1406
f 1406 1404 1403
f 1405 1407 1408
f 1408 1406 1405
f 1407 1377 1380
f 1380 1408 1407
f 1409 1410 1411
f 1411 1412 1409
f 1412 1411 1413
f 1413 1414 1412
f 1414 1413 1415
f 1415 1416 1414
f 1416 1415 1417
f 1417 1418 1416
f 1418 1417 1419
f 1419 1420 1418
f 1420 1419 1421
f 1421 1422 1420
f 1422 1421 1423
f 1423 1424 1422
f 1424 1423 1425
f 1425 1426 1424
f 1426 1425 1427
f 1427 1428 1426
f 1428 1427 1429
f 1429 1430 1428
f 1430 1429 1431
f 1431 1432 1430
f 1432 1431 1433
f 1433 1434 1432
f 1434 1433 1435
f 1435 1436 1434
f 1436 1435 1437
f 1437 1438 1436
f 1438 1437 1439
f 1439 1440 1438
f 1440 1439 1410
f 1410 1409 1440
f 1443 1442 1441
f 1441 1444 1443
f 1446 1445 1442
f 1442 1443 1446
f 1448 1447 1445
f 1445 1446 1448
f 1450 1449 1447
f 1447 1448 1450
f 1452 1451 1449
f 1449 1450 1452
f 1454 1453 1451
f 1451 1452 1454
f 1456 1455 1453
f 1453 1454 1456
f 1458 1457 1455
f 1455 1456 1458
f 1460 1459 1457
f 1457 1458 1460
f 1462 1461 1459
f 1459 1460 1462
f 1464 1463 1461
f 1461 1462 1464
f 1466 1465 1463
f 1463 1464 1466
f 1468 1467 1465
f 1465 1466 1468
f 1470 1469 1467
f 1467 1468 1470
f 1472 1471 1469
f 1469 1470 1472
f 1444 1441 1471
f 1471 1472 1444
f 1473 1474 1475
f 1475 1476 1473
f 1474 1477 1478
f 1478 1475 1474
f 1477 1479 1480
f 1480 1478 1477
f 1479 1481 1482
f 1482 1480 1479
f 1481 1483 1484
f 1484 1482 1481
f 1483 1485 1486
f 1486 1484 1483
f 1485 1487 1488
f 1488 1486 1485
f 1487 1489 1490
f 1490 1488 1487
f 1489 1491 1492
f 1492 1490 1489
f 1491 1493 1494
f 1494 1492 1491
f 1493 1495 1496
f 1496 1494 1493
f 1495 1497 1498
f 1498 1496 1495
f 1497 1499 1500
f 1500 1498 1497
f 1499 1501 1502
f 1502 1500 1499
f 1501 1503 1504
f 1504 1502 1501
f 1503 1473 1476
f 1476 1504 1503
f 1505 1506 1507
f 1507 1508 1505
f 1508 1507 1509
f 1509 1510 1508
f 1510 1509 1511
f 1511 1512 1510
f 1512 1511 1513
f 1513 1514 1512
f 1514 1513 1515
f 1515 1516 1514
f 1516 1515 1517
f 1517 1518 1516
f 1518 1517 1519
f 1519 1520 1518
f 1520 1519 1521
f 1521 1522 1520
f 1522 1521 1523
f 1523 1524 1522
f 1524 1523 1525
f 1525 1526 1524
f 1526 1525 1527
f 1527 1528 1526
f 1528 1527 1529
f 1529 1530 1528
f 1530 1529 1531
f 1531 1532 1530
f 1532 1531 1533
f 1533 1534 1532
f 1534 1533 1535
f 1535 1536 1534
f 1536 1535 1506
f 1506 1505 1536
f 1539 1538 1537
f 1537 1540 1539
f 1542 1541 1538
f 1538 1539 1542
f 1544 1543 1541
f 1541 1542 1544
f 1546 1545 1543
f 1543 1544 1546
f 1548 1547 1545
f 1545 1546 1548
f 1550 1549 1547
f 1547 1548 1550
f 1552 1551 1549
f 1549 1550 1552
f 1554 1553 1551
f 1551 1552 1554
f 1556 1555 1553
f 1553 1554 1556
f 1558 1557 1555
f 1555 1556 1558
f 1560 1559 1557
f 1557 1558 1560
f 1562 1561 1559
f 1559 1560 1562
f 1564 1563 1561
f 1561 1562 1564
f 1566 1565 1563
f 1563 1564 1566
f 1568 1567 1565
f 1565 1566 1568
f 1540 1537 1567
f 1567 1568 1540
f 1569 1570 1571
f 1571 1572 1569
f 1570 1573 1574
f 1574 1571 1570
f 1573 1575 1576
f 1576 1574 1573
f 1575 1577 1578
f 1578 1576 1575
f 1577 1579 1580
f 1580 1578 1577
f 1579 1581 1582
f 1582 1580 1579
f 1581 1583 1584
f 1584 1582 1581
f 1583 1585 1586
f 1586 1584 1583
f 1585 1587 1588
f 1588 1586 1585
f 1587 1589 1590
f 1590 1588 1587
f 1589 1591 1592
f 1592 1590 1589
f 1591 1593 1594
f 1594 1592 1591
f 1593 1595 1596
f 1596 1594 1593
f 1595 1597 1598
f 1598 1596 1595
f 1597 1599 1600
f 1600 1598 1597
f 1599 1569 1572
f 1572 1600 1599
f 1601 1602 1603
f 1603 1604 1601
f 1604 1603 1605
f 1605 1606 1604
f 1606 1605 1607
f 1607 1608 1606
f 1608 1607 1609
f 1609 1610 1608
f 1610 1609 1611
f 1611 1612 1610
f 1612 1611 1613
f 1613 1614 1612
f 1614 1613 1615
f 1615 1616 1614
f 1616 1615 1617
f 1617 1618 1616
f 1618 1617 1619
f 1619 1620 1618
f 1620 1619 1621
f 1621 1622 1620
f 1622 1621 1623
f 1623 1624 1622
f 1624 1623 1625
f 1625 1626 1624
f 1626 1625 1627
f 1627 1628 1626
f 1628 1627 1629
f 1629 1630 1628
f 1630 1629 1631
f 1631 1632 1630
f 1632 1631 1602
f 1602 1601 1632
f 1635 1634 1633
f 1633 1636 1635
f 1638 1637 1634
f 1634 1635 1638
f 1640 1639 1637
f 1637 1638 1640
f 1642 1641 1639
f 1639 1640 1642
f 1644 1643 1641
f 1641 1642 1644
f 1646 1645 1643
f 1643 1644 1646
f 1648 1647 1645
f 1645 1646 1648
f 1650 1649 1647
f 1647 1648 1650
f 1652 1651 1649
f 1649 1650 1652
f 1654 1653 1651
f 1651 1652 1654
f 1656 1655 1653
f 1653 1654 1656
f 1658 1657 1655
f 1655 1656 1658
f 1660 1659 1657
f 1657 1658 1660
f 1662 1661 1659
f 1659 1660 1662
f 1664 1663 1661
f 1661 1662 1664
f 1636 1633 1663
f 1663 1664 1636
f 1665 1666 1667
f 1667 1668 1665
f 1666 1669 1670
f 1670 1667 1666
f 1669 1671 1672
f 1672 1670 1669
f 1671 1673 1674
f 1674 1672 1671
f 1673 1675 1676
f 1676 1674 1673
f 1675 1677 1678
f 1678 1676 1675
f 1677 1679 1680
f 1680 1678 1677
f 1679 1681 1682
f 1682 1680 1679
f 1681 1683 1684
f 1684 1682 1681
f 1683 1685 1686
f 1686 1684 1683
f 1685 1687 1688
f 1688 1686 1685
f 1687 1689 1690
f 1690 1688 1687
f 1689 1691 1692
f 1692 1690 1689
f 1691 1693 1694
f 1694 1692 1691
f 1693 1695 1696
f 1696 1694 1693
f 1695 1665 1668
f 1668 1696 1695
f 1697 1698 1699
f 1699 1700 1697
f 1700 1699 1701
f 1701 1702 1700
f 1702 1701 1703
f 1703 1704 1702
f 1704 1703 1705
f 1705 1706 1704
f 1706 1705 1707
f 1707 1708 1706
f 1708 1707 1709
f 1709 1710 1708
f 1710 1709 1711
f 1711 1712 1710
f 1712 1711 1713
f 1713 1714 1712
f 1714 1713 1715
f 1715 1716 1714
f 1716 1715 1717
f 1717 1718 1716
f 1718 1717 1719
f 1719 1720 1718
f 1720 1719 1721
f 1721 1722 1720
f 1722 1721 1723
f 1723 1724 1722
f 1724 1723 1725
f 1725 1726 1724
f 1726 1725 1727
f 1727 1728 1726
f 1728 1727 1698
f 1698 1697 1728
f 1731 1730 1729
f 1729 1732 1731
f 1734 1733 1730
f 1730 1731 1734
f 1736 1735 1733
f 1733 1734 1736
f 1738 1737 1735
f 1735 1736 1738
f 1740 1739 1737
f 1737 1738 1740
f 1742 1741 1739
f 1739 1740 1742
f 1744 1743 1741
f 1741 1742 1744
f 1746 1745 1743
f 1743 1744 1746
f 1748 1747 1745
f 1745 1746 1748
f 1750 1749 1747
f 1747 1748 1750
f 1752 1751 1749
f 1749 1750 1752
f 1754 1753 1751
f 1751 1752 1754
f 1756 1755 1753
f 1753 1754 1756
f 1758 1757 1755
f 1755 1756 1758
f 1760 1759 1757
f 1757 1758 1760
f 1732 1729 1759
f 1759 1760 1732
f 1761 1762 1763
f 1763 1764 1761
f 1762 1765 1766
f 1766 1763 1762
f 1765 1767 1768
f 1768 1766 1765
f 1767 1769 1770
f 1770 1768 1767
f 1769 1771 1772
f 1772 1770 1769
f 1771 1773 1774
f 1774 1772 1771
f 1773 1775 1776
f 1776 1774 1773
f 1775 1777 1778
f 1778 1776 1775
f 1777 1779 1780
f 1780 1778 1777
f 1779 1781 1782
f 1782 1780 1779
f 1781 1783 1784
f 1784 1782 1781
f 1783 1785 1786
f 1786 1784 1783
f 1785 1787 1788
f 1788 1786 1785
f 1787 1789 1790
f 1790 1788 1787
f 1789 1791 1792
f 1792 1790 1789
f 1791 1761 1764
f 1764 1792 1791
f 1793 1794 1795
f 1795 1796 1793
f 1796 1795 1797
f 1797 1798 1796
f 1798 1797 1799
f 1799 1800 1798
f 1800 1799 1801
f 1801 1802 1800
f 1802 1801 1803
f 1803 1804 1802
f 1804 1803 1805
f 1805 1806 1804
f 1806 1805 1807
f 1807 1808 1806
f 1808 1807 1809
f 1809 1810 1808
f 1810 1809 1811
f 1811 1812 1810
f 1812 1811 1813
f 1813 1814 1812
f 1814 1813 1815
f 1815 1816 1814
f 1816 1815 1817
f 1817 1818 1816
f 1818 1817 1819
f 1819 1820 1818
f 1820 1819 1821
f 1821 1822 1820
f 1822 1821 1823
f 1823 1824 1822
f 1824 1823 1794
f 1794 1793 1824
f 1827 1826 1825
f 1825 1828 1827
f 1830 1829 1826
f 1826 1827 1830
f 1832 1831 1829
f 1829 1830 1832
f 1834 1833 1831
f 1831 1832 1834
f 1836 1835 1833
f 1833 1834 1836
f 1838 1837 1835
f 1835 1836 1838
f 1840 1839 1837
f 1837 1838 1840
f 1842 1841 1839
f 1839 1840 1842
f 1844 1843 1841
f 1841 1842 1844
f 1846 1845 1843
f 1843 1844 1846
f 1848 1847 1845
f 1845 1846 1848
f 1850 1849 1847
f 1847 1848 1850
f 1852 1851 1849
f 1849 1850 1852
f 1854 1853 1851
f 1851 1852 1854
f 1856 1855 1853
f 1853 1854 1856
f 1828 1825 1855
f 1855 1856 1828
f 1857 1858 1859
f 1859 1860 1857
f 1858 1861 1862
f 1862 1859 1858
f 1861 1863 1864
f 1864 1862 1861
f 1863 1865 1866
f 1866 1864 1863
f 1865 1867 1868
f 1868 1866 1865
f 1867 1869 1870
f 1870 1868 1867
f 1869 1871 1872
f 1872 1870 1869
f 1871 1873 1874
f 1874 1872 1871
f 1873 1875 1876
f 1876 1874 1873
f 1875 1877 1878
f 1878 1876 1875
f 1877 1879 1880
f 1880 1878 1877
f 1879 1881 1882
f 1882 1880 1879
f 1881 1883 1884
f 1884 1882 1881
f 1883 1885 1886
f 1886 1884 1883
f 1885 1887 1888
f 1888 1886 1885
f 1887 1857 1860
f 1860 1888 1887
f 1889 1890 1891
f 1891 1892 1889
f 1892 1891 1893
f 1893 1894 1892
f 1894 1893 1895
f 1895 1896 1894
f 1896 1895 1897
f 1897 1898 1896
f 1898 1897 1899
f 1899 1900 1898
f 1900 1899 1901
f 1901 1902 1900
f 1902 1901 1903
f 1903 1904 1902
f 1904 1903 1905
f 1905 1906 1904
f 1906 1905 1907
f 1907 1908 1906
f 1908 1907 1909
f 1909 1910 1908
f 1910 1909 1911
f 1911 1912 1910
f 1912 1911 1913
f 1913 1914 1912
f 1914 1913 1915
f 1915 1916 1914
f 1916 1915 1917
f 1917 1918 1916
f 1918 1917 1919
f 1919 1920 1918
f 1920 1919 1890
f 1890 1889 1920
f 1923 1922 1921
f 1921 1924 1923
f 1926 1925 1922
f 1922 1923 1926
f 1928 1927 1925
f 1925 1926 1928
f 1930 1929 1927
f 1927 1928 1930
f 1932 1931 1929
f 1929 1930 1932
f 1934 1933 1931
f 1931 1932 1934
f 1936 1935 1933
f 1933 1934 1936
f 1938 1937 1935
f 1935 1936 1938
f 1940 1939 1937
f 1937 1938 1940
f 1942 1941 1939
f 1939 1940 1942
f 1944 1943 1941
f 1941 1942 1944
f 1946 1945 1943
f 1943 1944 1946
f 1948 1947 1945
f 1945 1946 1948
f 1950 1949 1947
f 1947 1948 1950
f 1952 1951 1949
f 1949 1950 1952
f 1924 1921 1951
f 1951 1952 1924
f 1953 1954 1955
f 1955 1956 1953
f 1954 1957 1958
f 1958 1955 1954
f 1957 1959 1960
f 1960 1958 1957
f 1959 1961 1962
f 1962 1960 1959
f 1961 1963 1964
f 1964 1962 1961
f 1963 1965 1966
f 1966 1964 1963
f 1965 1967 1968
f 1968 1966 1965
f 1967 1969 1970
f 1970 1968 1967
f 1969 1971 1972
f 1972 1970 1969
f 1971 1973 1974
f 1974 1972 1971
f 1973 1975 1976
f 1976 1974 1973
f 1975 1977 1978
f 1978 1976 1975
f 1977 1979 1980
f 1980 1978 1977
f 1979 1981 1982
f 1982 1980 1979
f 1981 1983 1984
f 1984 1982 1981
f 1983 1953 1956
f 1956 1984 1983
f 1985 1986 1987
f 1987 1988 1985
f 1988 1987 1989
f 1989 1990 1988
f 1990 1989 1991
f 1991 1992 1990
f 1992 1991 1993
f 1993 1994 1992
f 1994 1993 1995
f 1995 1996 1994
f 1996 1995 1997
f 1997 1998 1996
f 1998 1997 1999
f 1999 2000 1998
f 2000 1999 2001
f 2001 2002 2000
f 2002 2001 2003
f 2003 2004 2002
f 2004 2003 2005
f 2005 2006 2004
f 2006 2005 2007
f 2007 2008 2006
f 2008 2007 2009
f 2009 2010 2008
f 2010 2009 2011
f 2011 2012 2010
f 2012 2011 2013
f 2013 2014 2012
f 2014 2013 2015
f 2015 2016 2014
f 2016 2015 1986
f 1986 1985 2016
f 2019 2018 2017
f 2017 2020 2019
f 2022 2021 2018
f 2018 2019 2022
f 2024 2023 2021
f 2021 2022 2024
f 2026 2025 2023
f 2023 2024 2026
f 2028 2027 2025
f 2025 2026 2028
f 2030 2029 2027
f 2027 2028 2030
f 2032 2031 2029
f 2029 2030 2032
f 2034 2033 2031
f 2031 2032 2034
f 2036 2035 2033
f 2033 2034 2036
f 2038 2037 2035
f 2035 2036 2038
f 2040 2039 2037
f 2037 2038 2040
f 2042 2041 2039
f 2039 2040 2042
f 2044 2043 2041
f 2041 2042 2044
f 2046 2045 2043
f 2043 2044 2046
f 2048 2047 2045
f 2045 2046 2048
f 2020 2017 2047
f 2047 2048 2020
f 2049 2050 2051
f 2051 2052 2049
f 2050 2053 2054
f 2054 2051 2050
f 2053 2055 2056
f 2056 2054 2053
f 2055 2057 2058
f 2058 2056 2055
f 2057 2059 2060
f 2060 2058 2057
f 2059 2061 2062
f 2062 2060 2059
f 2061 2063 2064
f 2064 2062 2061
f 2063 2065 2066
f 2066 2064 2063
f 2065 2067 2068
f 2068 2066 2065
f 2067 2069 2070
f 2070 2068 2067
f 2069 2071 2072
f 2072 2070 2069
f 2071 2073 2074
f 2074 2072 2071
f 2073 2075 2076
f 2076 2074 2073
f 2075 2077 2078
f 2078 2076 2075
f 2077 2079 2080
f 2080 2078 2077
f 2079 2049 2052
f 2052 2080 2079
f 2081 2082 2083
f 2083 2084 2081
f 2084 2083 2085
f 2085 2086 2084
f 2086 2085 2087
f 2087 2088 2086
f 2088 2087 2089
f 2089 2090 2088
f 2090 2089 2091
f 2091 2092 2090
f 2092 2091 2093
f 2093 2094 2092
f 2094 2093 2095
f 2095 2096 2094
f 2096 2095 2097
f 2097 2098 2096
f 2098 2097 2099
f 2099 2100 2098
f 2100 2099 2101
f 2101 2102 2100
f 2102 2101 2103
f 2103 2104 2102
f 2104 2103 2105
f 2105 2106 2104
f 2106 2105 2107
f 2107 2108 2106
f 2108 2107 2109
f 2109 2110 2108
f 2110 2109 2111
f 2111 2112 2110
f 2112 2111 2082
f 2082 2081 2112
f 2115 2114 2113
f 2113 2116 2115
f 2118 2117 2114
f 2114 2115 2118
f 2120 2119 2117
f 2117 2118 2120
f 2122 2121 2119
f 2119 2120 2122
f 2124 2123 2121
f 2121 2122 2124
f 2126 2125 2123
f 2123 2124 2126
f 2128 2127 2125
f 2125 2126 2128
f 2130 2129 2127
f 2127 2128 2130
f 2132 2131 2129
f 2129 2130 2132
f 2134 2133 2131
f 2131 2132 2134
f 2136 2135 2133
f 2133 2134 2136
f 2138 2137 2135
f 2135 2136 2138
f 2140 2139 2137
f 2137 2138 2140
f 2142 2141 2139
f 2139 2140 2142
f 2144 2143 2141
f 2141 2142 2144
f 2116 2113 2143
f 2143 2144 2116
f 2145 2146 2147
f 2147 2148 2145
f 2146 2149 2150
f 2150 2147 2146
f 2149 2151 2152
f 2152 2150 2149
f 2151 2153 2154
f 2154 2152 2151
f 2153 2155 2156
f 2156 2154 2153
f 2155 2157 2158
f 2158 2156 2155
f 2157 2159 2160
f 2160 2158 2157
f 2159 2161 2162
f 2162 2160 2159
f 2161 2163 2164
f 2164 2162 2161
f 2163 2165 2166
f 2166 2164 2163
f 2165 2167 2168
f 2168 2166 2165
f 2167 2169 2170
f 2170 2168 2167
f 2169 2171 2172
f 2172 2170 2169
f 2171 2173 2174
f 2174 2172 2171
f 2173 2175 2176
f 2176 2174 2173
f 2175 2145 2148
f 2148 2176 2175
f 2177 2178 2179
f 2179 2180 2177
f 2180 2179 2181
f 2181 2182 2180
f 2182 2181 2183
f 2183 2184 2182
f 2184 2183 2185
f 2185 2186 2184
f 2186 2185 2187
f 2187 2188 2186
f 2188 2187 2189
f 2189 2190 2188
f 2190 2189 2191
f 2191 2192 2190
f 2192 2191 2193
f 2193 2194 2192
f 2194 2193 2195
f 2195 2196 2194
f 2196 2195 2197
f 2197 2198 2196
f 2198 2197 2199
f 2199 2200 2198
f 2200 2199 2201
f 2201 2202 2200
f 2202 2201 2203
f 2203 2204 2202
f 2204 2203 2205
f 2205 2206 2204
f 2206 2205 2207
f 2207 2208 2206
f 2208 2207 2178
f 2178 2177 2208
f 2211 2210 2209
f 2209 2212 2211
f 2214 2213 2210
f 2210 2211 2214
f 2216 2215 2213
f 2213 2214 2216
f 2218 2217 2215
f 2215 2216 2218
f 2220 2219 2217
f 2217 2218 2220
f 2222 2221 2219
f 2219 2220 2222
f 2224 2223 2221
f 2221 2222 2224
f 2226 2225 2223
f 2223 2224 2226
f 2228 2227 2225
f 2225 2226 2228
f 2230 2229 2227
f 2227 2228 2230
f 2232 2231 2229
f 2229 2230 2232
f 2234 2233 2231
f 2231 2232 2234
f 2236 2235 2233
f 2233 2234 2236
f 2238 2237 2235
f 2235 2236 2238
f 2240 2239 2237
f 2237 2238 2240
f 2212 2209 2239
f 2239 2240 2212
f 2241 2242 2243
f 2243 2244 2241
f 2242 2245 2246
f 2246 2243 2242
f 2245 2247 2248
f 2248 2246 2245
f 2247 2249 2250
f 2250 2248 2247
f 2249 2251 2252
f 2252 2250 2249
f 2251 2253 2254
f 2254 2252 2251
f 2253 2255 2256
f 2256 2254 2253
f 2255 2257 2258
f 2258 2256 2255
f 2257 2259 2260
f 2260 2258 2257
f 2259 2261 2262
f 2262 2260 2259
f 2261 2263 2264
f 2264 2262 2261
f 2263 2265 2266
f 2266 2264 2263
f 2265 2267 2268
f 2268 2266 2265
f 2267 2269 2270
f 2270 2268 2267
f 2269 2271 2272
f 2272 2270 2269
f 2271 2241 2244
f 2244 2272 2271
f 2273 2274 2275
f 2275 2276 2273
f 2276 2275 2277
f 2277 2278 2276
f 2278 2277 2279
f 2279 2280 2278
f 2280 2279 2281
f 2281 2282 2280
f 2282 2281 2283
f 2283 2284 2282
f 2284 2283 2285
f 2285 2286 2284
f 2286 2285 2287
f 2287 2288 2286
f 2288 2287 2289
f 2289 2290 2288
f 2290 2289 2291
f 2291 2292 2290
f 2292 2291 2293
f 2293 2294 2292
f 2294 2293 2295
f 2295 2296 2294
f 2296 2295 2297
f 2297 2298 2296
f 2298 2297 2299
f 2299 2300 2298
f 2300 2299 2301
f 2301 2302 2300
f 2302 2301 2303
f 2303 2304 2302
f 2304 2303 2274
f 2274 2273 2304
f 2307 2306 2305
f 2305 2308 2307
f 2310 2309 2306
f 2306 2307 2310
f 2312 2311 2309
f 2309 2310 2312
f 2314 2313 2311
f 2311 2312 2314
f 2316 2315 2313
f 2313 2314 2316
f 2318 2317 2315
f 2315 2316 2318
f 2320 2319 2317
f 2317 2318 2320
f 2322 2321 2319
f 2319 2320 2322
f 2324 2323 2321
f 2321 2322 2324
f 2326 2325 2323
f 2323 2324 2326
f 2328 2327 2325
f 2325 2326 2328
f 2330 2329 2327
f 2327 2328 2330
f 2332 2331 2329
f 2329 2330 2332
f 2334 2333 2331
f 2331 2332 2334
f 2336 2335 2333
f 2333 2334 2336
f 2308 2305 2335
f 2335 2336 2308
f 2337 2338 2339
f 2339 2340 2337
f 2338 2341 2342
f 2342 2339 2338
f 2341 2343 2344
f 2344 2342 2341
f 2343 2345 2346
f 2346 2344 2343
f 2345 2347 2348
f 2348 2346 2345
f 2347 2349 2350
f 2350 2348 2347
f 2349 2351 2352
f 2352 2350 2349
f 2351 2353 2354
f 2354 2352 2351
f 2353 2355 2356
f 2356 2354 2353
f 2355 2357 2358
f 2358 2356 2355
f 2357 2359 2360
f 2360 2358 2357
f 2359 2361 2362
f 2362 2360 2359
f 2361 2363 2364
f 2364 2362 2361
f 2363 2365 2366
f 2366 2364 2363
f 2365 2367 2368
f 2368 2366 2365
f 2367 2337 2340
f 2340 2368 2367
f 2369 2370 2371
f 2371 2372 2369
f 2372 2371 2373
f 2373 2374 2372
f 2374 2373 2375
f 2375 2376 2374
f 2376 2375 2377
f 2377 2378 2376
f 2378 2377 2379
f 2379 2380 2378
f 2380 2379 2381
f 2381 2382 2380
f 2382 2381 2383
f 2383 2384 2382
f 2384 2383 2385
f 2385 2386 2384
f 2386 2385 2387
f 2387 2388 2386
f 2388 2387 2389
f 2389 2390 2388
f 2390 2389 2391
f 2391 2392 2390
f 2392 2391 2393
f 2393 2394 2392
f 2394 2393 2395
f 2395 2396 2394
f 2396 2395 2397
f 2397 2398 2396
f 2398 2397 2399
f 2399 2400 2398
f 2400 2399 2370
f 2370 2369 2400
f 2403 2402 2401
f 2401 2404 2403
f 2406 2405 2402
f 2402 2403 2406
f 2408 2407 2405
f 2405 2406 2408
f 2410 2409 2407
f 2407 2408 2410
f 2412 2411 2409
f 2409 2410 2412
f 2414 2413 2411
f 2411 2412 2414
f 2416 2415 2413
f 2413 2414 2416
f 2418 2417 2415
f 2415 2416 2418
f 2420 2419 2417
f 2417 2418 2420
f 2422 2421 2419
f 2419 2420 2422
f 2424 2423 2421
f 2421 2422 2424
f 2426 2425 2423
f 2423 2424 2426
f 2428 2427 2425
f 2425 2426 2428
f 2430 2429 2427
f 2427 2428 2430
f 2432 2431 2429
f 2429 2430 2432
f 2404 2401 2431
f 2431 2432 2404
f 2433 2434 2435
f 2435 2436 2433
f 2434 2437 2438
f 2438 2435 2434
f 2437 2439 2440
f 2440 2438 2437
f 2439 2441 2442
f 2442 2440 2439
f 2441 2443 2444
f 2444 2442 2441
f 2443 2445 2446
f 2446 2444 2443
f 2445 2447 2448
f 2448 2446 2445
f 2447 2449 2450
f 2450 2448 2447
f 2449 2451 2452
f 2452 2450 2449
f 2451 2453 2454
f 2454 2452 2451
f 2453 2455 2456
f 2456 2454 2453
f 2455 2457 2458
f 2458 2456 2455
f 2457 2459 2460
f 2460 2458 2457
f 2459 2461 2462
f 2462 2460 2459
f 2461 2463 2464
f 2464 2462 2461
f 2463 2433 2436
f 2436 2464 2463
f 2465 2466 2467
f 2467 2468 2465
f 2468 2467 2469
f 2469 2470 2468
f 2470 2469 2471
f 2471 2472 2470
f 2472 2471 2473
f 2473 2474 2472
f 2474 2473 2475
f 2475 2476 2474
f 2476 2475 2477
f 2477 2478 2476
f 2478 2477 2479
f 2479 2480 2478
f 2480 2479 2481
f 2481 2482 2480
f 2482 2481 2483
f 2483 2484 2482
f 2484 2483 2485
f 2485 2486 2484
f 2486 2485 2487
f 2487 2488 2486
f 2488 2487 2489
f 2489 2490 2488
f 2490 2489 2491
f 2491 2492 2490
f 2492 2491 2493
f 2493 2494 2492
f 2494 2493 2495
f 2495 2496 2494
f 2496 2495 2466
f 2466 2465 2496
f 2499 2498 2497
f 2497 2500 2499
f 2502 2501 2498
f 2498 2499 2502
f 2504 2503 2501
f 2501 2502 2504
f 2506 2505 2503
f 2503 2504 2506
f 2508 2507 2505
f 2505 2506 2508
f 2510 2509 2507
f 2507 2508 2510
f 2512 2511 2509
f 2509 2510 2512
f 2514 2513 2511
f 2511 2512 2514
f 2516 2515 2513
f 2513 2514 2516
f 2518 2517 2515
f 2515 2516 2518
f 2520 2519 2517
f 2517 2518 2520
f 2522 2521 2519
f 2519 2520 2522
f 2524 2523 2521
f 2521 2522 2524
f 2526 2525 2523
f 2523 2524 2526
f 2528 2527 2525
f 2525 2526 2528
f 2500 2497 2527
f 2527 2528 2500
f 2529 2530 2531
f 2531 2532 2529
f 2530 2533 2534
f 2534 2531 2530
f 2533 2535 2536
f 2536 2534 2533
f 2535 2537 2538
f 2538 2536 2535
f 2537 2539 2540
f 2540 2538 2537
f 2539 2541 2542
f 2542 2540 2539
f 2541 2543 2544
f 2544 2542 2541
f 2543 2545 2546
f 2546 2544 2543
f 2545 2547 2548
f 2548 2546 2545
f 2547 2549 2550
f 2550 2548 2547
f 2549 2551 2552
f 2552 2550 2549
f 2551 2553 2554
f 2554 2552 2551
f 2553 2555 2556
f 2556 2554 2553
f 2555 2557 2558
f 2558 2556 2555
f 2557 2559 2560
f 2560 2558 2557
f 2559 2529 2532
f 2532 2560 2559
f 2561 2562 2563
f 2563 2564 2561
f 2564 2563 2565
f 2565 2566 2564
f 2566 2565 2567
f 2567 2568 2566
f 2568 2567 2569
f 2569 2570 2568
f 2570 2569 2571
f 2571 2572 2570
f 2572 2571 2573
f 2573 2574 2572
f 2574 2573 2575
f 2575 2576 2574
f 2576 2575 2577
f 2577 2578 2576
f 2578 2577 2579
f 2579 2580 2578
f 2580 2579 2581
f 2581 2582 2580
f 2582 2581 2583
f 2583 2584 2582
f 2584 2583 2585
f 2585 2586 2584
f 2586 2585 2587
f 2587 2588 2586
f 2588 2587 2589
f 2589 2590 2588
f 2590 2589 2591
f 2591 2592 2590
f 2592 2591 2562
f 2562 2561 2592
f 2595 2594 2593
f 2593 2596 2595
f 2598 2597 2594
f 2594 2595 2598
f 2600 2599 2597
f 2597 2598 2600
f 2602 2601 2599
f 2599 2600 2602
f 2604 2603 2601
f 2601 2602 2604
f 2606 2605 2603
f 2603 2604 2606
f 2608 2607 2605
f 2605 2606 2608
f 2610 2609 2607
f 2607 2608 2610
f 2612 2611 2609
f 2609 2610 2612
f 2614 2613 2611
f 2611 2612 2614
f 2616 2615 2613
f 2613 2614 2616
f 2618 2617 2615
f 2615 2616 2618
f 2620 2619 2617
f 2617 2618 2620
f 2622 2621 2619
f 2619 2620 2622
f 2624 2623 2621
f 2621 2622 2624
f 2596 2593 2623
f 2623 2624 2596
f 2625 2626 2627
f 2627 2628 2625
f 2626 2629 2630
f 2630 2627 2626
f 2629 2631 2632
f 2632 2630 2629
f 2631 2633 2634
f 2634 2632 2631
f 2633 2635 2636
f 2636 2634 2633
f 2635 2637 2638
f 2638 2636 2635
f 2637 2639 2640
f 2640 2638 2637
f 2639 2641 2642
f 2642 2640 2639
f 2641 2643 2644
f 2644 2642 2641
f 2643 2645 2646
f 2646 2644 2643
f 2645 2647 2648
f 2648 2646 2645
f 2647 2649 2650
f 2650 2648 2647
f 2649 2651 2652
f 2652 2650 2649
f 2651 2653 2654
f 2654 2652 2651
f 2653 2655 2656
f 2656 2654 2653
f 2655 2625 2628
f 2628 2656 2655
f 2657 2658 2659
f 2659 2660 2657
f 2660 2659 2661
f 2661 2662 2660
f 2662 2661 2663
f 2663 2664 2662
f 2664 2663 2665
f 2665 2666 2664
f 2666 2665 2667
f 2667 2668 2666
f 2668 2667 2669
f 2669 2670 2668
f 2670 2669 2671
f 2671 2672 2670
f 2672 2671 2673
f 2673 2674 2672
f 2674 2673 2675
f 2675 2676 2674
f 2676 2675 2677
f 2677 2678 2676
f 2678 2677 2679
f 2679 2680 2678
f 2680 2679 2681
f 2681 2682 2680
f 2682 2681 2683
f 2683 2684 2682
f 2684 2683 2685
f 2685 2686 2684
f 2686 2685 2687
f 2687 2688 2686
f 2688 2687 2658
f 2658 2657 2688
f 2691 2690 2689
f 2689 2692 2691
f 2694 2693 2690
f 2690 2691 2694
f 2696 2695 2693
f 2693 2694 2696
f 2698 2697 2695
f 2695 2696 2698
f 2700 2699 2697
f 2697 2698 2700
f 2702 2701 2699
f 2699 2700 2702
f 2704 2703 2701
f 2701 2702 2704
f 2706 2705 2703
f 2703 2704 2706
f 2708 2707 2705
f 2705 2706 2708
f 2710 2709 2707
f 2707 2708 2710
f 2712 2711 2709
f 2709 2710 2712
f 2714 2713 2711
f 2711 2712 2714
f 2716 2715 2713
f 2713 2714 2716
f 2718 2717 2715
f 2715 2716 2718
f 2720 2719 2717
f 2717 2718 2720
f 2692 2689 2719
f 2719 2720 2692
f 2721 2722 2723
f 2723 2724 2721
f 2722 2725 2726
f 2726 2723 2722
f 2725 2727 2728
f 2728 2726 2725
f 2727 2729 2730
f 2730 2728 2727
f 2729 2731 2732
f 2732 2730 2729
f 2731 2733 2734
f 2734 2732 2731
f 2733 2735 2736
f 2736 2734 2733
f 2735 2737 2738
f 2738 2736 2735
f 2737 2739 2740
f 2740 2738 2737
f 2739 2741 2742
f 2742 2740 2739
f 2741 2743 2744
f 2744 2742 2741
f 2743 2745 2746
f 2746 2744 2743
f 2745 2747 2748
f 2748 2746 2745
f 2747 2749 2750
f 2750 2748 2747
f 2749 2751 2752
f 2752 2750 2749
f 2751 2721 2724
f 2724 2752 2751
f 2753 2754 2755
f 2755 2756 2753
f 2756 2755 2757
f 2757 2758 2756
f 2758 2757 2759
f 2759 2760 2758
f 2760 2759 2761
f 2761 2762 2760
f 2762 2761 2763
f 2763 2764 2762
f 2764 2763 2765
f 2765 2766 2764
f 2766 2765 2767
f 2767 2768 2766
f 2768 2767 2769
f 2769 2770 2768
f 2770 2769 2771
f 2771 2772 2770
f 2772 2771 2773
f 2773 2774 2772
f 2774 2773 2775
f 2775 2776 2774
f 2776 2775 2777
f 2777 2778 2776
f 2778 2777 2779
f 2779 2780 2778
f 2780 2779 2781
f 2781 2782 2780
f 2782 2781 2783
f 2783 2784 2782
f 2784 2783 2754
f 2754 2753 2784
f 2787 2786 2785
f 2785 2788 2787
f 2790 2789 2786
f 2786 2787 2790
f 2792 2791 2789
f 2789 2790 2792
f 2794 2793 2791
f 2791 2792 2794
f 2796 2795 2793
f 2793 2794 2796
f 2798 2797 2795
f 2795 2796 2798
f 2800 2799 2797
f 2797 2798 2800
f 2802 2801 2799
f 2799 2800 2802
f 2804 2803 2801
f 2801 2802 2804
f 2806 2805 2803
f 2803 2804 2806
f 2808 2807 2805
f 2805 2806 2808
f 2810 2809 2807
f 2807 2808 2810
f 2812 2811 2809
f 2809 2810 2812
f 2814 2813 2811
f 2811 2812 2814
f 2816 2815 2813
f 2813 2814 2816
f 2788 2785 2815
f 2815 2816 2788
f 2817 2818 2819
f 2819 2820 2817
f 2818 2821 2822
f 2822 2819 2818
f 2821 2823 2824
f 2824 2822 2821
f 2823 2825 2826
f 2826 2824 2823
f 2825 2827 2828
f 2828 2826 2825
f 2827 2829 2830
f 2830 2828 2827
f 2829 2831 2832
f 2832 2830 2829
f 2831 2833 2834
f 2834 2832 2831
f 2833 2835 2836
f 2836 2834 2833
f 2835 2837 2838
f 2838 2836 2835
f 2837 2839 2840
f 2840 2838 2837
f 2839 2841 2842
f 2842 2840 2839
f 2841 2843 2844
f 2844 2842 2841
f 2843 2845 2846
f 2846 2844 2843
f 2845 2847 2848
f 2848 2846 2845
f 2847 2817 2820
f 2820 2848 2847
f 2849 2850 2851
f 2851 2852 2849
f 2852 2851 2853
f 2853 2854 2852
f 2854 2853 2855
f 2855 2856 2854
f 2856 2855 2857
f 2857 2858 2856
f 2858 2857 2859
f 2859 2860 2858
f 2860 2859 2861
f 2861 2862 2860
f 2862 2861 2863
f 2863 2864 2862
f 2864 2863 2865
f 2865 2866 2864
f 2866 2865 2867
f 2867 2868 2866
f 2868 2867 2869
f 2869 2870 2868
f 2870 2869 2871
f 2871 2872 2870
f 2872 2871 2873
f 2873 2874 2872
f 2874 2873 2875
f 2875 2876 2874
f 2876 2875 2877
f 2877 2878 2876
f 2878 2877 2879
f 2879 2880 2878
f 2880 2879 2850
f 2850 2849 2880
f 2883 2882 2881
f 2881 2884 2883
f 2886 2885 2882
f 2882 2883 2886
f 2888 2887 2885
f 2885 2886 2888
f 2890 2889 2887
f 2887 2888 2890
f 2892 2891 2889
f 2889 2890 2892
f 2894 2893 2891
f 2891 2892 2894
f 2896 2895 2893
f 2893 2894 2896
f 2898 2897 2895
f 2895 2896 2898
f 2900 2899 2897
f 2897 2898 2900
f 2902 2901 2899
f 2899 2900 2902
f 2904 2903 2901
f 2901 2902 2904
f 2906 2905 2903
f 2903 2904 2906
f 2908 2907 2905
f 2905 2906 2908
f 2910 2909 2907
f 2907 2908 2910
f 2912 2911 2909
f 2909 2910 2912
f 2884 2881 2911
f 2911 2912 2884
f 2913 2914 2915
f 2915 2916 2913
f 2914 2917 2918
f 2918 2915 2914
f 2917 2919 2920
f 2920 2918 2917
f 2919 2921 2922
f 2922 2920 2919
f 2921 2923 2924
f 2924 2922 2921
f 2923 2925 2926
f 2926 2924 2923
f 2925 2927 2928
f 2928 2926 2925
f 2927 2929 2930
f 2930 2928 2927
f 2929 2931 2932
f 2932 2930 2929
f 2931 2933 2934
f 2934 2932 2931
f 2933 2935 2936
f 2936 2934 2933
f 2935 2937 2938
f 2938 2936 2935
f 2937 2939 2940
f 2940 2938 2937
f 2939 2941 2942
f 2942 2940 2939
f 2941 2943 2944
f 2944 2942 2941
f 2943 2913 2916
f 2916 2944 2943
f 2945 2946 2947
f 2947 2948 2945
f 2948 2947 2949
f 2949 2950 2948
f 2950 2949 2951
f 2951 2952 2950
f 2952 2951 2953
f 2953 2954 2952
f 2954 2953 2955
f 2955 2956 2954
f 2956 2955 2957
f 2957 2958 2956
f 2958 2957 2959
f 2959 2960 2958
f 2960 2959 2961
f 2961 2962 2960
f 2962 2961 2963
f 2963 2964 2962
f 2964 2963 2965
f 2965 2966 2964
f 2966 2965 2967
f 2967 2968 2966
f 2968 2967 2969
f 2969 2970 2968
f 2970 2969 2971
f 2971 2972 2970
f 2972 2971 2973
f 2973 2974 2972
f 2974 2973 2975
f 2975 2976 2974
f 2976 2975 2946
f 2946 2945 2976
f 2979 2978 2977
f 2977 2980 2979
f 2982 2981 2978
f 2978 2979 2982
f 2984 2983 2981
f 2981 2982 2984
f 2986 2985 2983
f 2983 2984 2986
f 2988 2987 2985
f 2985 2986 2988
f 2990 2989 2987
f 2987 2988 2990
f 2992 2991 2989
f 2989 2990 2992
f 2994 2993 2991
f 2991 2992 2994
f 2996 2995 2993
f 2993 2994 2996
f 2998 2997 2995
f 2995 2996 2998
f 3000 2999 2997
f 2997 2998 3000
f 3002 3001 2999
f 2999 3000 3002
f 3004 3003 3001
f 3001 3002 3004
f 3006 3005 3003
f 3003 3004 3006
f 3008 3007 3005
f 3005 3006 3008
f 2980 2977 3007
f 3007 3008 2980
f 3009 3010 3011
f 3011 3012 3009
f 3010 3013 3014
f 3014 3011 3010
f 3013 3015 3016
f 3016 3014 3013
f 3015 3017 3018
f 3018 3016 3015
f 3017 3019 3020
f 3020 3018 3017
f 3019 3021 3022
f 3022 3020 3019
f 3021 3023 3024
f 3024 3022 3021
f 3023 3025 3026
f 3026 3024 3023
f 3025 3027 3028
f 3028 3026 3025
f 3027 3029 3030
f 3030 3028 3027
f 3029 3031 3032
f 3032 3030 3029
f 3031 3033 3034
f 3034 3032 3031
f 3033 3035 3036
f 3036 3034 3033
f 3035 3037 3038
f 3038 3036 3035
f 3037 3039 3040
f 3040 3038 3037
f 3039 3009 3012
f 3012 3040 3039
f 3041 3042 3043
f 3043 3044 3041
f 3044 3043 3045
f 3045 3046 3044
f 3046 3045 3047
f 3047 3048 3046
f 3048 3047 3049
f 3049 3050 3048
f 3050 3049 3051
f 3051 3052 3050
f 3052 3051 3053
f 3053 3054 3052
f 3054 3053 3055
f 3055 3056 3054
f 3056 3055 3057
f 3057 3058 3056
f 3058 3057 3059
f 3059 3060 3058
f 3060 3059 3061
f 3061 3062 3060
f 3062 3061 3063
f 3063 3064 3062
f 3064 3063 3065
f 3065 3066 3064
f 3066 3065 3067
f 3067 3068 3066
f 3068 3067 3069
f 3069 3070 3068
f 3070 3069 3071
f 3071 3072 3070
f 3072 3071 3042
f 3042 3041 3072
f 3075 3074 3073
f 3073 3076 3075
f 3078 3077 3074
f 3074 3075 3078
f 3080 3079 3077
f 3077 3078 3080
f 3082 3081 3079
f 3079 3080 3082
f 3084 3083 3081
f 3081 3082 3084
f 3086 3085 3083
f 3083 3084 3086
f 3088 3087 3085
f 3085 3086 3088
f 3090 3089 3087
f 3087 3088 3090
f 3092 3091 3089
f 3089 3090 3092
f 3094 3093 3091
f 3091 3092 3094
f 3096 3095 3093
f 3093 3094 3096
f 3098 3097 3095
f 3095 3096 3098
f 3100 3099 3097
f 3097 3098 3100
f 3102 3101 3099
f 3099 3100 3102
f 3104 3103 3101
f 3101 3102 3104
f 3076 3073 3103
f 3103 3104 3076
f 3105 3106 3107
f 3107 3108 3105
f 3106 3109 3110
f 3110 3107 3106
f 3109 3111 3112
f 3112 3110 3109
f 3111 3113 3114
f 3114 3112 3111
f 3113 3115 3116
f 3116 3114 3113
f 3115 3117 3118
f 3118 3116 3115
f 3117 3119 3120
f 3120 3118 3117
f 3119 3121 3122
f 3122 3120 3119
f 3121 3123 3124
f 3124 3122 3121
f 3123 3125 3126
f 3126 3124 3123
f 3125 3127 3128
f 3128 3126 3125
f 3127 3129 3130
f 3130 3128 3127
f 3129 3131 3132
f 3132 3130 3129
f 3131 3133 3134
f 3134 3132 3131
f 3133 3135 3136
f 3136 3134 3133
f 3135 3105 3108
f 3108 3136 3135
f 3137 3138 3139
f 3139 3140 3137
f 3140 3139 3141
f 3141 3142 3140
f 3142 3141 3143
f 3143 3144 3142
f 3144 3143 3145
f 3145 3146 3144
f 3146 3145 3147
f 3147 3148 3146
f 3148 3147 3149
f 3149 3150 3148
f 3150 3149 3151
f 3151 3152 3150
f 3152 3151 3153
f 3153 3154 3152
f 3154 3153 3155
f 3155 3156 3154
f 3156 3155 3157
f 3157 3158 3156
f 3158 3157 3159
f 3159 3160 3158
f 3160 3159 3161
f 3161 3162 3160
f 3162 3161 3163
f 3163 3164 3162
f 3164 3163 3165
f 3165 3166 3164
f 3166 3165 3167
f 3167 3168 3166
f 3168 3167 3138
f 3138 3137 3168
f 3171 3170 3169
f 3169 3172 3171
f 3174 3173 3170
f 3170 3171 3174
f 3176 3175 3173
f 3173 3174 3176
f 3178 3177 3175
f 3175 3176 3178
f 3180 3179 3177
f 3177 3178 3180
f 3182 3181 3179
f 3179 3180 3182
f 3184 3183 3181
f 3181 3182 3184
f 3186 3185 3183
f 3183 3184 3186
f 3188 3187 3185
f 3185 3186 3188
f 3190 3189 3187
f 3187 3188 3190
f 3192 3191 3189
f 3189 3190 3192
f 3194 3193 3191
f 3191 3192 3194
f 3196 3195 3193
f 3193 3194 3196
f 3198 3197 3195
f 3195 3196 3198
f 3200 3199 3197
f 3197 3198 3200
f 3172 3169 3199
f 3199 3200 3172
f 3201 3202 3203
f 3203 3204 3201
f 3202 3205 3206
f 3206 3203 3202
f 3205 3207 3208
f 3208 3206 3205
f 3207 3209 3210
f 3210 3208 3207
f 3209 3211 3212
f 3212 3210 3209
f 3211 3213 3214
f 3214 3212 3211
f 3213 3215 3216
f 3216 3214 3213
f 3215 3217 3218
f 3218 3216 3215
f 3217 3219 3220
f 3220 3218 3217
f 3219 3221 3222
f 3222 3220 3219
f 3221 3223 3224
f 3224 3222 3221
f 3223 3225 3226
f 3226 3224 3223
f 3225 3227 3228
f 3228 3226 3225
f 3227 3229 3230
f 3230 3228 3227
f 3229 3231 3232
f 3232 3230 3229
f 3231 3201 3204
f 3204 3232 3231
f 3233 3234 3235
f 3235 3236 3233
f 3236 3235 3237
f 3237 3238 3236
f 3238 3237 3239
f 3239 3240 3238
f 3240 3239 3241
f 3241 3242 3240
f 3242 3241 3243
f 3243 3244 3242
f 3244 3243 3245
f 3245 3246 3244
f 3246 3245 3247
f 3247 3248 3246
f 3248 3247 3249
f 3249 3250 3248
f 3250 3249 3251
f 3251 3252 3250
f 3252 3251 3253
f 3253 3254 3252
f 3254 3253 3255
f 3255 3256 3254
f 3256 3255 3257
f 3257 3258 3256
f 3258 3257 3259
f 3259 3260 3258
f 3260 3259 3261
f 3261 3262 3260
f 3262 3261 3263
f 3263 3264 3262
f 3264 3263 3234
f 3234 3233 3264
f 3267 3266 3265
f 3265 3268 3267
f 3270 3269 3266
f 3266 3267 3270
f 3272 3271 3269
f 3269 3270 3272
f 3274 3273 3271
f 3271 3272 3274
f 3276 3275 3273
f 3273 3274 3276
f 3278 3277 3275
f 3275 3276 3278
f 3280 3279 3277
f 3277 3278 3280
f 3282 3281 3279
f 3279 3280 3282
f 3284 3283 3281
f 3281 3282 3284
f 3286 3285 3283
f 3283 3284 3286
f 3288 3287 3285
f 3285 3286 3288
f 3290 3289 3287
f 3287 3288 3290
f 3292 3291 3289
f 3289 3290 3292
f 3294 3293 3291
f 3291 3292 3294
f 3296 3295 3293
f 3293 3294 3296
f 3268 3265 3295
f 3295 3296 3268
f 3297 3298 3299
f 3299 3300 3297
f 3298 3301 3302
f 3302 3299 3298
f 3301 3303 3304
f 3304 3302 3301
f 3303 3305 3306
f 3306 3304 3303
f 3305 3307 3308
f 3308 3306 3305
f 3307 3309 3310
f 3310 3308 3307
f 3309 3311 3312
f 3312 3310 3309
f 3311 3313 3314
f 3314 3312 3311
f 3313 3315 3316
f 3316 3314 3313
f 3315 3317 3318
f 3318 3316 3315
f 3317 3319 3320
f 3320 3318 3317
f 3319 3321 3322
f 3322 3320 3319
f 3321 3323 3324
f 3324 3322 3321
f 3323 3325 3326
f 3326 3324 3323
f 3325 3327 3328
f 3328 3326 3325
f 3327 3297 3300
f 3300 3328 3327
f 3329 3330 3331
f 3331 3332 3329
f 3332 3331 3333
f 3333 3334 3332
f 3334 3333 3335
f 3335 3336 3334
f 3336 3335 3337
f 3337 3338 3336
f 3338 3337 3339
f 3339 3340 3338
f 3340 3339 3341
f 3341 3342 3340
f 3342 3341 3343
f 3343 3344 3342
f 3344 3343 3345
f 3345 3346 3344
f 3346 3345 3347
f 3347 3348 3346
f 3348 3347 3349
f 3349 3350 3348
f 3350 3349 3351
f 3351 3352 3350
f 3352 3351 3353
f 3353 3354 3352
f 3354 3353 3355
f 3355 3356 3354
f 3356 3355 3357
f 3357 3358 3356
f 3358 3357 3359
f 3359 3360 3358
f 3360 3359 3330
f 3330 3329 3360
f 3363 3362 3361
f 3361 3364 3363
f 3367 3366 3365
f 3365 3368 3367
f 3371 3370 3369
f 3369 3372 3371
f 3375 3374 3373
f 3373 3376 3375
f 3379 3378 3377
f 3377 3380 3379
f 3383 3382 3381
f 3381 3384 3383
f 3382 3386 3385
f 3385 3381 3382
f 3388 3387 3383
f 3383 3384 3388
f 3385 3386 3387
f 3387 3388 3385
f 3389 3390 3391
f 3391 3392 3389
f 3393 3394 3395
f 3395 3396 3393
f 3397 3398 3399
f 3399 3400 3397
f 3401 3402 3403
f 3403 3404 3401
f 3405 3406 3407
f 3407 3408 3405
f 3409 3410 3411
f 3411 3412 3409
f 3410 3413 3414
f 3414 3411 3410
f 3413 3415 3416
f 3416 3414 3413
f 3415 3417 3418
f 3418 3416 3415
f 3417 3419 3420
f 3420 3418 3417
f 3419 3421 3422
f 3422 3420 3419
f 3421 3423 3424
f 3424 3422 3421
f 3423 3425 3426
f 3426 3424 3423
f 3425 3427 3428
f 3428 3426 3425
f 3427 3429 3430
f 3430 3428 3427
f 3429 3431 3432
f 3432 3430 3429
f 3431 3433 3434
f 3434 3432 3431
f 3433 3435 3436
f 3436 3434 3433
f 3435 3437 3438
f 3438 3436 3435
f 3437 3439 3440
f 3440 3438 3437
f 3439 3409 3412
f 3412 3440 3439
f 3443 3442 3441
f 3443 3441 3444
f 3443 3444 3445
f 3443 3445 3446
f 3443 3446 3447
f 3443 3447 3448
f 3443 3448 3449
f 3443 3449 3450
f 3443 3450 3451
f 3443 3451 3452
f 3443 3452 3453
f 3443 3453 3454
f 3443 3454 3455
f 3443 3455 3456
f 3443 3456 3457
f 3443 3457 3442
f 3458 3459 3460
f 3460 3461 3458
f 3459 3462 3463
f 3463 3460 3459
f 3462 3464 3465
f 3465 3463 3462
f 3464 3466 3467
f 3467 3465 3464
f 3466 3468 3469
f 3469 3467 3466
f 3468 3470 3471
f 3471 3469 3468
f 3470 3472 3473
f 3473 3471 3470
f 3472 3474 3475
f 3475 3473 3472
f 3474 3476 3477
f 3477 3475 3474
f 3476 3478 3479
f 3479 3477 3476
f 3478 3480 3481
f 3481 3479 3478
f 3480 3482 3483
f 3483 3481 3480
f 3482 3484 3485
f 3485 3483 3482
f 3484 3486 3487
f 3487 3485 3484
f 3486 3488 3489
f 3489 3487 3486
f 3488 3458 3461
f 3461 3489 3488
f 3492 3491 3490
f 3492 3490 3493
f 3492 3493 3494
f 3492 3494 3495
f 3492 3495 3496
f 3492 3496 3497
f 3492 3497 3498
f 3492 3498 3499
f 3492 3499 3500
f 3492 3500 3501
f 3492 3501 3502
f 3492 3502 3503
f 3492 3503 3504
f 3492 3504 3505
f 3492 3505 3506
f 3492 3506 3491
f 3507 3508 3509
f 3509 3510 3507
f 3508 3511 3512
f 3512 3509 3508
f 3511 3513 3514
f 3514 3512 3511
f 3513 3515 3516
f 3516 3514 3513
f 3515 3517 3518
f 3518 3516 3515
f 3517 3519 3520
f 3520 3518 3517
f 3519 3521 3522
f 3522 3520 3519
f 3521 3523 3524
f 3524 3522 3521
f 3523 3525 3526
f 3526 3524 3523
f 3525 3527 3528
f 3528 3526 3525
f 3527 3529 3530
f 3530 3528 3527
f 3529 3531 3532
f 3532 3530 3529
f 3531 3533 3534
f 3534 3532 3531
f 3533 3535 3536
f 3536 3534 3533
f 3535 3537 3538
f 3538 3536 3535
f 3537 3507 3510
f 3510 3538 3537
f 3541 3540 3539
f 3541 3539 3542
f 3541 3542 3543
f 3541 3543 3544
f 3541 3544 3545
f 3541 3545 3546
f 3541 3546 3547
f 3541 3547 3548
f 3541 3548 3549
f 3541 3549 3550
f 3541 3550 3551
f 3541 3551 3552
f 3541 3552 3553
f 3541 3553 3554
f 3541 3554 3555
f 3541 3555 3540
f 3556 3557 3558
f 3558 3559 3556
f 3557 3560 3561
f 3561 3558 3557
f 3560 3562 3563
f 3563 3561 3560
f 3562 3564 3565
f 3565 3563 3562
f 3564 3566 3567
f 3567 3565 3564
f 3566 3568 3569
f 3569 3567 3566
f 3568 3570 3571
f 3571 3569 3568
f 3570 3572 3573
f 3573 3571 3570
f 3572 3574 3575
f 3575 3573 3572
f 3574 3576 3577
f 3577 3575 3574
f 3576 3578 3579
f 3579 3577 3576
f 3578 3580 3581
f 3581 3579 3578
f 3580 3582 3583
f 3583 3581 3580
f 3582 3584 3585
f 3585 3583 3582
f 3584 3586 3587
f 3587 3585 3584
f 3586 3556 3559
f 3559 3587 3586
f 3590 3589 3588
f 3590 3588 3591
f 3590 3591 3592
f 3590 3592 3593
f 3590 3593 3594
f 3590 3594 3595
f 3590 3595 3596
f 3590 3596 3597
f 3590 3597 3598
f 3590 3598 3599
f 3590 3599 3600
f 3590 3600 3601
f 3590 3601 3602
f 3590 3602 3603
f 3590 3603 3604
f 3590 3604 3589
f 3605 3606 3607
f 3607 3608 3605
f 3606 3609 3610
f 3610 3607 3606
f 3609 3611 3612
f 3612 3610 3609
f 3611 3613 3614
f 3614 3612 3611
f 3613 3615 3616
f 3616 3614 3613
f 3615 3617 3618
f 3618 3616 3615
f 3617 3619 3620
f 3620 3618 3617
f 3619 3621 3622
f 3622 3620 3619
f 3621 3623 3624
f 3624 3622 3621
f 3623 3625 3626
f 3626 3624 3623
f 3625 3627 3628
f 3628 3626 3625
f 3627 3629 3630
f 3630 3628 3627
f 3629 3631 3632
f 3632 3630 3629
f 3631 3633 3634
f 3634 3632 3631
f 3633 3635 3636
f 3636 3634 3633
f 3635 3605 3608
f 3608 3636 3635
f 3639 3638 3637
f 3639 3637 3640
f 3639 3640 3641
f 3639 3641 3642
f 3639 3642 3643
f 3639 3643 3644
f 3639 3644 3645
f 3639 3645 3646
f 3639 3646 3647
f 3639 3647 3648
f 3639 3648 3649
f 3639 3649 3650
f 3639 3650 3651
f 3639 3651 3652
f 3639 3652 3653
f 3639 3653 3638
f 3654 3655 3656
f 3656 3657 3654
f 3655 3658 3659
f 3659 3656 3655
f 3658 3660 3661
f 3661 3659 3658
f 3660 3662 3663
f 3663 3661 3660
f 3662 3664 3665
f 3665 3663 3662
f 3664 3666 3667
f 3667 3665 3664
f 3666 3668 3669
f 3669 3667 3666
f 3668 3670 3671
f 3671 3669 3668
f 3670 3672 3673
f 3673 3671 3670
f 3672 3674 3675
f 3675 3673 3672
f 3674 3676 3677
f 3677 3675 3674
f 3676 3678 3679
f 3679 3677 3676
f 3678 3680 3681
f 3681 3679 3678
f 3680 3682 3683
f 3683 3681 3680
f 3682 3684 3685
f 3685 3683 3682
f 3684 3654 3657
f 3657 3685 3684
f 3688 3687 3686
f 3688 3686 3689
f 3688 3689 3690
f 3688 3690 3691
f 3688 3691 3692
f 3688 3692 3693
f 3688 3693 3694
f 3688 3694 3695
f 3688 3695 3696
f 3688 3696 3697
f 3688 3697 3698
f 3688 3698 3699
f 3688 3699 3700
f 3688 3700 3701
f 3688 3701 3702
f 3688 3702 3687
f 3703 3704 3705
f 3705 3706 3703
f 3704 3707 3708
f 3708 3705 3704
f 3707 3709 3710
f 3710 3708 3707
f 3709 3711 3712
f 3712 3710 3709
f 3711 3713 3714
f 3714 3712 3711
f 3713 3715 3716
f 3716 3714 3713
f 3715 3717 3718
f 3718 3716 3715
f 3717 3719 3720
f 3720 3718 3717
f 3719 3721 3722
f 3722 3720 3719
f 3721 3723 3724
f 3724 3722 3721
f 3723 3725 3726
f 3726 3724 3723
f 3725 3727 3728
f 3728 3726 3725
f 3727 3729 3730
f 3730 3728 3727
f 3729 3731 3732
f 3732 3730 3729
f 3731 3733 3734
f 3734 3732 3731
f 3733 3703 3706
f 3706 3734 3733
f 3737 3736 3735
f 3737 3735 3738
f 3737 3738 3739
f 3737 3739 3740
f 3737 3740 3741
f 3737 3741 3742
f 3737 3742 3743
f 3737 3743 3744
f 3737 3744 3745
f 3737 3745 3746
f 3737 3746 3747
f 3737 3747 3748
f 3737 3748 3749
f 3737 3749 3750
f 3737 3750 3751
f 3737 3751 3736
f 3752 3753 3754
f 3754 3755 3752
f 3753 3756 3757
f 3757 3754 3753
f 3756 3758 3759
f 3759 3757 3756
f 3758 3760 3761
f 3761 3759 3758
f 3760 3762 3763
f 3763 3761 3760
f 3762 3764 3765
f 3765 3763 3762
f 3764 3766 3767
f 3767 3765 3764
f 3766 3768 3769
f 3769 3767 3766
f 3768 3770 3771
f 3771 3769 3768
f 3770 3772 3773
f 3773 3771 3770
f 3772 3774 3775
f 3775 3773 3772
f 3774 3776 3777
f 3777 3775 3774
f 3776 3778 3779
f 3779 3777 3776
f 3778 3780 3781
f 3781 3779 3778
f 3780 3782 3783
f 3783 3781 3780
f 3782 3752 3755
f 3755 3783 3782
f 3786 3785 3784
f 3786 3784 3787
f 3786 3787 3788
f 3786 3788 3789
f 3786 3789 3790
f 3786 3790 3791
f 3786 3791 3792
f 3786 3792 3793
f 3786 3793 3794
f 3786 3794 3795
f 3786 3795 3796
f 3786 3796 3797
f 3786 3797 3798
f 3786 3798 3799
f 3786 3799 3800
f 3786 3800 3785
f 3801 3802 3803
f 3803 3804 3801
f 3802 3805 3806
f 3806 3803 3802
f 3805 3807 3808
f 3808 3806 3805
f 3807 3809 3810
f 3810 3808 3807
f 3809 3811 3812
f 3812 3810 3809
f 3811 3813 3814
f 3814 3812 3811
f 3813 3815 3816
f 3816 3814 3813
f 3815 3817 3818
f 3818 3816 3815
f 3817 3819 3820
f 3820 3818 3817
f 3819 3821 3822
f 3822 3820 3819
f 3821 3823 3824
f 3824 3822 3821
f 3823 3825 3826
f 3826 3824 3823
f 3825 3827 3828
f 3828 3826 3825
f 3827 3829 3830
f 3830 3828 3827
f 3829 3831 3832
f 3832 3830 3829
f 3831 3801 3804
f 3804 3832 3831
f 3835 3834 3833
f 3835 3833 3836
f 3835 3836 3837
f 3835 3837 3838
f 3835 3838 3839
f 3835 3839 3840
f 3835 3840 3841
f 3835 3841 3842
f 3835 3842 3843
f 3835 3843 3844
f 3835 3844 3845
f 3835 3845 3846
f 3835 3846 3847
f 3835 3847 3848
f 3835 3848 3849
f 3835 3849 3834
f 3850 3851 3852
f 3852 3853 3850
f 3851 3854 3855
f 3855 3852 3851
f 3854 3856 3857
f 3857 3855 3854
f 3856 3858 3859
f 3859 3857 3856
f 3858 3860 3861
f 3861 3859 3858
f 3860 3862 3863
f 3863 3861 3860
f 3862 3864 3865
f 3865 3863 3862
f 3864 3866 3867
f 3867 3865 3864
f 3866 3868 3869
f 3869 3867 3866
f 3868 3870 3871
f 3871 3869 3868
f 3870 3872 3873
f 3873 3871 3870
f 3872 3874 3875
f 3875 3873 3872
f 3874 3876 3877
f 3877 3875 3874
f 3876 3878 3879
f 3879 3877 3876
f 3878 3880 3881
f 3881 3879 3878
f 3880 3850 3853
f 3853 3881 3880
f 3884 3883 3882
f 3884 3882 3885
f 3884 3885 3886
f 3884 3886 3887
f 3884 3887 3888
f 3884 3888 3889
f 3884 3889 3890
f 3884 3890 3891
f 3884 3891 3892
f 3884 3892 3893
f 3884 3893 3894
f 3884 3894 3895
f 3884 3895 3896
f 3884 3896 3897
f 3884 3897 3898
f 3884 3898 3883
f 3899 3900 3901
f 3901 3902 3899
f 3900 3903 3904
f 3904 3901 3900
f 3903 3905 3906
f 3906 3904 3903
f 3905 3907 3908
f 3908 3906 3905
f 3907 3909 3910
f 3910 3908 3907
f 3909 3911 3912
f 3912 3910 3909
f 3911 3913 3914
f 3914 3912 3911
f 3913 3915 3916
f 3916 3914 3913
f 3915 3917 3918
f 3918 3916 3915
f 3917 3919 3920
f 3920 3918 3917
f 3919 3921 3922
f 3922 3920 3919
f 3921 3923 3924
f 3924 3922 3921
f 3923 3925 3926
f 3926 3924 3923
f 3925 3927 3928
f 3928 3926 3925
f 3927 3929 3930
f 3930 3928 3927
f 3929 3899 3902
f 3902 3930 3929
f 3933 3932 3931
f 3933 3931 3934
f 3933 3934 3935
f 3933 3935 3936
f 3933 3936 3937
f 3933 3937 3938
f 3933 3938 3939
f 3933 3939 3940
f 3933 3940 3941
f 3933 3941 3942
f 3933 3942 3943
f 3933 3943 3944
f 3933 3944 3945
f 3933 3945 3946
f 3933 3946 3947
f 3933 3947 3932
f 3948 3949 3950
f 3950 3951 3948
f 3949 3952 3953
f 3953 3950 3949
f 3952 3954 3955
f 3955 3953 3952
f 3954 3956 3957
f 3957 3955 3954
f 3956 3958 3959
f 3959 3957 3956
f 3958 3960 3961
f 3961 3959 3958
f 3960 3962 3963
f 3963 3961 3960
f 3962 3964 3965
f 3965 3963 3962
f 3964 3966 3967
f 3967 3965 3964
f 3966 3968 3969
f 3969 3967 3966
f 3968 3970 3971
f 3971 3969 3968
f 3970 3972 3973
f 3973 3971 3970
f 3972 3974 3975
f 3975 3973 3972
f 3974 3976 3977
f 3977 3975 3974
f 3976 3978 3979
f 3979 3977 3976
f 3978 3948 3951
f 3951 3979 3978
f 3982 3981 3980
f 3982 3980 3983
f 3982 3983 3984
f 3982 3984 3985
f 3982 3985 3986
f 3982 3986 3987
f 3982 3987 3988
f 3982 3988 3989
f 3982 3989 3990
f 3982 3990 3991
f 3982 3991 3992
f 3982 3992 3993
f 3982 3993 3994
f 3982 3994 3995
f 3982 3995 3996
f 3982 3996 3981
f 3997 3998 3999
f 3999 4000 3997
f 3998 4001 4002
f 4002 3999 3998
f 4001 4003 4004
f 4004 4002 4001
f 4003 4005 4006
f 4006 4004 4003
f 4005 4007 4008
f 4008 4006 4005
f 4007 4009 4010
f 4010 4008 4007
f 4009 4011 4012
f 4012 4010 4009
f 4011 4013 4014
f 4014 4012 4011
f 4013 4015 4016
f 4016 4014 4013
f 4015 4017 4018
f 4018 4016 4015
f 4017 4019 4020
f 4020 4018 4017
f 4019 4021 4022
f 4022 4020 4019
f 4021 4023 4024
f 4024 4022 4021
f 4023 4025 4026
f 4026 4024 4023
f 4025 4027 4028
f 4028 4026 4025
f 4027 3997 4000
f 4000 4028 4027
f 4031 4030 4029
f 4031 4029 4032
f 4031 4032 4033
f 4031 4033 4034
f 4031 4034 4035
f 4031 4035 4036
f 4031 4036 4037
f 4031 4037 4038
f 4031 4038 4039
f 4031 4039 4040
f 4031 4040 4041
f 4031 4041 4042
f 4031 4042 4043
f 4031 4043 4044
f 4031 4044 4045
f 4031 4045 4030
f 4046 4047 4048
f 4048 4049 4046
f 4047 4050 4051
f 4051 4048 4047
f 4050 4052 4053
f 4053 4051 4050
f 4052 4054 4055
f 4055 4053 4052
f 4054 4056 4057
f 4057 4055 4054
f 4056 4058 4059
f 4059 4057 4056
f 4058 4060 4061
f 4061 4059 4058
f 4060 4062 4063
f 4063 4061 4060
f 4062 4064 4065
f 4065 4063 4062
f 4064 4066 4067
f 4067 4065 4064
f 4066 4068 4069
f 4069 4067 4066
f 4068 4070 4071
f 4071 4069 4068
f 4070 4072 4073
f 4073 4071 4070
f 4072 4074 4075
f 4075 4073 4072
f 4074 4076 4077
f 4077 4075 4074
f 4076 4046 4049
f 4049 4077 4076
f 4080 4079 4078
f 4080 4078 4081
f 4080 4081 4082
f 4080 4082 4083
f 4080 4083 4084
f 4080 4084 4085
f 4080 4085 4086
f 4080 4086 4087
f 4080 4087 4088
f 4080 4088 4089
f 4080 4089 4090
f 4080 4090 4091
f 4080 4091 4092
f 4080 4092 4093
f 4080 4093 4094
f 4080 4094 4079
f 4095 4096 4097
f 4097 4098 4095
f 4096 4099 4100
f 4100 4097 4096
f 4099 4101 4102
f 4102 4100 4099
f 4101 4103 4104
f 4104 4102 4101
f 4103 4105 4106
f 4106 4104 4103
f 4105 4107 4108
f 4108 4106 4105
f 4107 4109 4110
f 4110 4108 4107
f 4109 4111 4112
f 4112 4110 4109
f 4111 4113 4114
f 4114 4112 4111
f 4113 4115 4116
f 4116 4114 4113
f 4115 4117 4118
f 4118 4116 4115
f 4117 4119 4120
f 4120 4118 4117
f 4119 4121 4122
f 4122 4120 4119
f 4121 4123 4124
f 4124 4122 4121
f 4123 4125 4126
f 4126 4124 4123
f 4125 4095 4098
f 4098 4126 4125
f 4129 4128 4127
f 4129 4127 4130
f 4129 4130 4131
f 4129 4131 4132
f 4129 4132 4133
f 4129 4133 4134
f 4129 4134 4135
f 4129 4135 4136
f 4129 4136 4137
f 4129 4137 4138
f 4129 4138 4139
f 4129 4139 4140
f 4129 4140 4141
f 4129 4141 4142
f 4129 4142 4143
f 4129 4143 4128
f 4144 4145 4146
f 4146 4147 4144
f 4145 4148 4149
f 4149 4146 4145
f 4148 4150 4151
f 4151 4149 4148
f 4150 4152 4153
f 4153 4151 4150
f 4152 4154 4155
f 4155 4153 4152
f 4154 4156 4157
f 4157 4155 4154
f 4156 4158 4159
f 4159 4157 4156
f 4158 4160 4161
f 4161 4159 4158
f 4160 4162 4163
f 4163 4161 4160
f 4162 4164 4165
f 4165 4163 4162
f 4164 4166 4167
f 4167 4165 4164
f 4166 4168 4169
f 4169 4167 4166
f 4168 4170 4171
f 4171 4169 4168
f 4170 4172 4173
f 4173 4171 4170
f 4172 4174 4175
f 4175 4173 4172
f 4174 4144 4147
f 4147 4175 4174
f 4178 4177 4176
f 4178 4176 4179
f 4178 4179 4180
f 4178 4180 4181
f 4178 4181 4182
f 4178 4182 4183
f 4178 4183 4184
f 4178 4184 4185
f 4178 4185 4186
f 4178 4186 4187
f 4178 4187 4188
f 4178 4188 4189
f 4178 4189 4190
f 4178 4190 4191
f 4178 4191 4192
f 4178 4192 4177
f 4193 4194 4195
f 4195 4196 4193
f 4194 4197 4198
f 4198 4195 4194
f 4197 4199 4200
f 4200 4198 4197
f 4199 4201 4202
f 4202 4200 4199
f 4201 4203 4204
f 4204 4202 4201
f 4203 4205 4206
f 4206 4204 4203
f 4205 4207 4208
f 4208 4206 4205
f 4207 4209 4210
f 4210 4208 4207
f 4209 4211 4212
f 4212 4210 4209
f 4211 4213 4214
f 4214 4212 4211
f 4213 4215 4216
f 4216 4214 4213
f 4215 4217 4218
f 4218 4216 4215
f 4217 4219 4220
f 4220 4218 4217
f 4219 4221 4222
f 4222 4220 4219
f 4221 4223 4224
f 4224 4222 4221
f 4223 4193 4196
f 4196 4224 4223
f 4227 4226 4225
f 4227 4225 4228
f 4227 4228 4229
f 4227 4229 4230
f 4227 4230 4231
f 4227 4231 4232
f 4227 4232 4233
f 4227 4233 4234
f 4227 4234 4235
f 4227 4235 4236
f 4227 4236 4237
f 4227 4237 4238
f 4227 4238 4239
f 4227 4239 4240
f 4227 4240 4241
f 4227 4241 4226
f 4242 4243 4244
f 4244 4245 4242
f 4243 4246 4247
f 4247 4244 4243
f 4246 4248 4249
f 4249 4247 4246
f 4248 4250 4251
f 4251 4249 4248
f 4250 4252 4253
f 4253 4251 4250
f 4252 4254 4255
f 4255 4253 4252
f 4254 4256 4257
f 4257 4255 4254
f 4256 4258 4259
f 4259 4257 4256
f 4258 4260 4261
f 4261 4259 4258
f 4260 4262 4263
f 4263 4261 4260
f 4262 4264 4265
f 4265 4263 4262
f 4264 4266 4267
f 4267 4265 4264
f 4266 4268 4269
f 4269 4267 4266
f 4268 4270 4271
f 4271 4269 4268
f 4270 4272 4273
f 4273 4271 4270
f 4272 4242 4245
f 4245 4273 4272
f 4276 4275 4274
f 4276 4274 4277
f 4276 4277 4278
f 4276 4278 4279
f 4276 4279 4280
f 4276 4280 4281
f 4276 4281 4282
f 4276 4282 4283
f 4276 4283 4284
f 4276 4284 4285
f 4276 4285 4286
f 4276 4286 4287
f 4276 4287 4288
f 4276 4288 4289
f 4276 4289 4290
f 4276 4290 4275
f 4291 4292 4293
f 4293 4294 4291
f 4292 4295 4296
f 4296 4293 4292
f 4295 4297 4298
f 4298 4296 4295
f 4297 4299 4300
f 4300 4298 4297
f 4299 4301 4302
f 4302 4300 4299
f 4301 4303 4304
f 4304 4302 4301
f 4303 4305 4306
f 4306 4304 4303
f 4305 4307 4308
f 4308 4306 4305
f 4307 4309 4310
f 4310 4308 4307
f 4309 4311 4312
f 4312 4310 4309
f 4311 4313 4314
f 4314 4312 4311
f 4313 4315 4316
f 4316 4314 4313
f 4315 4317 4318
f 4318 4316 4315
f 4317 4319 4320
f 4320 4318 4317
f 4319 4321 4322
f 4322 4320 4319
f 4321 4291 4294
f 4294 4322 4321
f 4325 4324 4323
f 4325 4323 4326
f 4325 4326 4327
f 4325 4327 4328
f 4325 4328 4329
f 4325 4329 4330
f 4325 4330 4331
f 4325 4331 4332
f 4325 4332 4333
f 4325 4333 4334
f 4325 4334 4335
f 4325 4335 4336
f 4325 4336 4337
f 4325 4337 4338
f 4325 4338 4339
f 4325 4339 4324
f 4340 4341 4342
f 4342 4343 4340
f 4341 4344 4345
f 4345 4342 4341
f 4344 4346 4347
f 4347 4345 4344
f 4346 4348 4349
f 4349 4347 4346
f 4348 4350 4351
f 4351 4349 4348
f 4350 4352 4353
f 4353 4351 4350
f 4352 4354 4355
f 4355 4353 4352
f 4354 4356 4357
f 4357 4355 4354
f 4356 4358 4359
f 4359 4357 4356
f 4358 4360 4361
f 4361 4359 4358
f 4360 4362 4363
f 4363 4361 4360
f 4362 4364 4365
f 4365 4363 4362
f 4364 4366 4367
f 4367 4365 4364
f 4366 4368 4369
f 4369 4367 4366
f 4368 4370 4371
f 4371 4369 4368
f 4370 4340 4343
f 4343 4371 4370
f 4374 4373 4372
f 4374 4372 4375
f 4374 4375 4376
f 4374 4376 4377
f 4374 4377 4378
f 4374 4378 4379
f 4374 4379 4380
f 4374 4380 4381
f 4374 4381 4382
f 4374 4382 4383
f 4374 4383 4384
f 4374 4384 4385
f 4374 4385 4386
f 4374 4386 4387
f 4374 4387 4388
f 4374 4388 4373
f 4389 4390 4391
f 4391 4392 4389
f 4390 4393 4394
f 4394 4391 4390
f 4393 4395 4396
f 4396 4394 4393
f 4395 4397 4398
f 4398 4396 4395
f 4397 4399 4400
f 4400 4398 4397
f 4399 4401 4402
f 4402 4400 4399
f 4401 4403 4404
f 4404 4402 4401
f 4403 4405 4406
f 4406 4404 4403
f 4405 4407 4408
f 4408 4406 4405
f 4407 4409 4410
f 4410 4408 4407
f 4409 4411 4412
f 4412 4410 4409
f 4411 4413 4414
f 4414 4412 4411
f 4413 4415 4416
f 4416 4414 4413
f 4415 4417 4418
f 4418 4416 4415
f 4417 4419 4420
f 4420 4418 4417
f 4419 4389 4392
f 4392 4420 4419
f 4423 4422 4421
f 4423 4421 4424
f 4423 4424 4425
f 4423 4425 4426
f 4423 4426 4427
f 4423 4427 4428
f 4423 4428 4429
f 4423 4429 4430
f 4423 4430 4431
f 4423 4431 4432
f 4423 4432 4433
f 4423 4433 4434
f 4423 4434 4435
f 4423 4435 4436
f 4423 4436 4437
f 4423 4437 4422
f 4438 4439 4440
f 4440 4441 4438
f 4439 4442 4443
f 4443 4440 4439
f 4442 4444 4445
f 4445 4443 4442
f 4444 4446 4447
f 4447 4445 4444
f 4446 4448 4449
f 4449 4447 4446
f 4448 4450 4451
f 4451 4449 4448
f 4450 4452 4453
f 4453 4451 4450
f 4452 4454 4455
f 4455 4453 4452
f 4454 4456 4457
f 4457 4455 4454
f 4456 4458 4459
f 4459 4457 4456
f 4458 4460 4461
f 4461 4459 4458
f 4460 4462 4463
f 4463 4461 4460
f 4462 4464 4465
f 4465 4463 4462
f 4464 4466 4467
f 4467 4465 4464
f 4466 4468 4469
f 4469 4467 4466
f 4468 4438 4441
f 4441 4469 4468
f 4472 4471 4470
f 4472 4470 4473
f 4472 4473 4474
f 4472 4474 4475
f 4472 4475 4476
f 4472 4476 4477
f 4472 4477 4478
f 4472 4478 4479
f 4472 4479 4480
f 4472 4480 4481
f 4472 4481 4482
f 4472 4482 4483
f 4472 4483 4484
f 4472 4484 4485
f 4472 4485 4486
f 4472 4486 4471
f 4487 4488 4489
f 4489 4490 4487
f 4488 4491 4492
f 4492 4489 4488
f 4491 4493 4494
f 4494 4492 4491
f 4493 4495 4496
f 4496 4494 4493
f 4495 4497 4498
f 4498 4496 4495
f 4497 4499 4500
f 4500 4498 4497
f 4499 4501 4502
f 4502 4500 4499
f 4501 4503 4504
f 4504 4502 4501
f 4503 4505 4506
f 4506 4504 4503
f 4505 4507 4508
f 4508 4506 4505
f 4507 4509 4510
f 4510 4508 4507
f 4509 4511 4512
f 4512 4510 4509
f 4511 4513 4514
f 4514 4512 4511
f 4513 4515 4516
f 4516 4514 4513
f 4515 4517 4518
f 4518 4516 4515
f 4517 4487 4490
f 4490 4518 4517
f 4521 4520 4519
f 4521 4519 4522
f 4521 4522 4523
f 4521 4523 4524
f 4521 4524 4525
f 4521 4525 4526
f 4521 4526 4527
f 4521 4527 4528
f 4521 4528 4529
f 4521 4529 4530
f 4521 4530 4531
f 4521 4531 4532
f 4521 4532 4533
f 4521 4533 4534
f 4521 4534 4535
f 4521 4535 4520
f 4536 4537 4538
f 4538 4539 4536
f 4537 4540 4541
f 4541 4538 4537
f 4540 4542 4543
f 4543 4541 4540
f 4542 4544 4545
f 4545 4543 4542
f 4544 4546 4547
f 4547 4545 4544
f 4546 4548 4549
f 4549 4547 4546
f 4548 4550 4551
f 4551 4549 4548
f 4550 4552 4553
f 4553 4551 4550
f 4552 4554 4555
f 4555 4553 4552
f 4554 4556 4557
f 4557 4555 4554
f 4556 4558 4559
f 4559 4557 4556
f 4558 4560 4561
f 4561 4559 4558
f 4560 4562 4563
f 4563 4561 4560
f 4562 4564 4565
f 4565 4563 4562
f 4564 4566 4567
f 4567 4565 4564
f 4566 4536 4539
f 4539 4567 4566
f 4570 4569 4568
f 4570 4568 4571
f 4570 4571 4572
f 4570 4572 4573
f 4570 4573 4574
f 4570 4574 4575
f 4570 4575 4576
f 4570 4576 4577
f 4570 4577 4578
f 4570 4578 4579
f 4570 4579 4580
f 4570 4580 4581
f 4570 4581 4582
f 4570 4582 4583
f 4570 4583 4584
f 4570 4584 4569
f 4585 4586 4587
f 4587 4588 4585
f 4586 4589 4590
f 4590 4587 4586
f 4589 4591 4592
f 4592 4590 4589
f 4591 4593 4594
f 4594 4592 4591
f 4593 4595 4596
f 4596 4594 4593
f 4595 4597 4598
f 4598 4596 4595
f 4597 4599 4600
f 4600 4598 4597
f 4599 4601 4602
f 4602 4600 4599
f 4601 4603 4604
f 4604 4602 4601
f 4603 4605 4606
f 4606 4604 4603
f 4605 4607 4608
f 4608 4606 4605
f 4607 4609 4610
f 4610 4608 4607
f 4609 4611 4612
f 4612 4610 4609
f 4611 4613 4614
f 4614 4612 4611
f 4613 4615 4616
f 4616 4614 4613
f 4615 4585 4588
f 4588 4616 4615
f 4619 4618 4617
f 4619 4617 4620
f 4619 4620 4621
f 4619 4621 4622
f 4619 4622 4623
f 4619 4623 4624
f 4619 4624 4625
f 4619 4625 4626
f 4619 4626 4627
f 4619 4627 4628
f 4619 4628 4629
f 4619 4629 4630
f 4619 4630 4631
f 4619 4631 4632
f 4619 4632 4633
f 4619 4633 4618
f 4634 4635 4636
f 4636 4637 4634
f 4635 4638 4639
f 4639 4636 4635
f 4638 4640 4641
f 4641 4639 4638
f 4640 4642 4643
f 4643 4641 4640
f 4642 4644 4645
f 4645 4643 4642
f 4644 4646 4647
f 4647 4645 4644
f 4646 4648 4649
f 4649 4647 4646
f 4648 4650 4651
f 4651 4649 4648
f 4650 4652 4653
f 4653 4651 4650
f 4652 4654 4655
f 4655 4653 4652
f 4654 4656 4657
f 4657 4655 4654
f 4656 4658 4659
f 4659 4657 4656
f 4658 4660 4661
f 4661 4659 4658
f 4660 4662 4663
f 4663 4661 4660
f 4662 4664 4665
f 4665 4663 4662
f 4664 4634 4637
f 4637 4665 4664
f 4668 4667 4666
f 4668 4666 4669
f 4668 4669 4670
f 4668 4670 4671
f 4668 4671 4672
f 4668 4672 4673
f 4668 4673 4674
f 4668 4674 4675
f 4668 4675 4676
f 4668 4676 4677
f 4668 4677 4678
f 4668 4678 4679
f 4668 4679 4680
f 4668 4680 4681
f 4668 4681 4682
f 4668 4682 4667
f 4683 4684 4685
f 4685 4686 4683
f 4684 4687 4688
f 4688 4685 4684
f 4687 4689 4690
f 4690 4688 4687
f 4689 4691 4692
f 4692 4690 4689
f 4691 4693 4694
f 4694 4692 4691
f 4693 4695 4696
f 4696 4694 4693
f 4695 4697 4698
f 4698 4696 4695
f 4697 4699 4700
f 4700 4698 4697
f 4699 4701 4702
f 4702 4700 4699
f 4701 4703 4704
f 4704 4702 4701
f 4703 4705 4706
f 4706 4704 4703
f 4705 4707 4708
f 4708 4706 4705
f 4707 4709 4710
f 4710 4708 4707
f 4709 4711 4712
f 4712 4710 4709
f 4711 4713 4714
f 4714 4712 4711
f 4713 4683 4686
f 4686 4714 4713
f 4717 4716 4715
f 4717 4715 4718
f 4717 4718 4719
f 4717 4719 4720
f 4717 4720 4721
f 4717 4721 4722
f 4717 4722 4723
f 4717 4723 4724
f 4717 4724 4725
f 4717 4725 4726
f 4717 4726 4727
f 4717 4727 4728
f 4717 4728 4729
f 4717 4729 4730
f 4717 4730 4731
f 4717 4731 4716
f 4732 4733 4734
f 4734 4735 4732
f 4733 4736 4737
f 4737 4734 4733
f 4736 4738 4739
f 4739 4737 4736
f 4738 4740 4741
f 4741 4739 4738
f 4740 4742 4743
f 4743 4741 4740
f 4742 4744 4745
f 4745 4743 4742
f 4744 4746 4747
f 4747 4745 4744
f 4746 4748 4749
f 4749 4747 4746
f 4748 4750 4751
f 4751 4749 4748
f 4750 4752 4753
f 4753 4751 4750
f 4752 4754 4755
f 4755 4753 4752
f 4754 4756 4757
f 4757 4755 4754
f 4756 4758 4759
f 4759 4757 4756
f 4758 4760 4761
f 4761 4759 4758
f 4760 4762 4763
f 4763 4761 4760
f 4762 4732 4735
f 4735 4763 4762
f 4766 4765 4764
f 4766 4764 4767
f 4766 4767 4768
f 4766 4768 4769
f 4766 4769 4770
f 4766 4770 4771
f 4766 4771 4772
f 4766 4772 4773
f 4766 4773 4774
f 4766 4774 4775
f 4766 4775 4776
f 4766 4776 4777
f 4766 4777 4778
f 4766 4778 4779
f 4766 4779 4780
f 4766 4780 4765
f 4781 4782 4783
f 4783 4784 4781
f 4782 4785 4786
f 4786 4783 4782
f 4785 4787 4788
f 4788 4786 4785
f 4787 4789 4790
f 4790 4788 4787
f 4789 4791 4792
f 4792 4790 4789
f 4791 4793 4794
f 4794 4792 4791
f 4793 4795 4796
f 4796 4794 4793
f 4795 4797 4798
f 4798 4796 4795
f 4797 4799 4800
f 4800 4798 4797
f 4799 4801 4802
f 4802 4800 4799
f 4801 4803 4804
f 4804 4802 4801
f 4803 4805 4806
f 4806 4804 4803
f 4805 4807 4808
f 4808 4806 4805
f 4807 4809 4810
f 4810 4808 4807
f 4809 4811 4812
f 4812 4810 4809
f 4811 4781 4784
f 4784 4812 4811
f 4815 4814 4813
f 4815 4813 4816
f 4815 4816 4817
f 4815 4817 4818
f 4815 4818 4819
f 4815 4819 4820
f 4815 4820 4821
f 4815 4821 4822
f 4815 4822 4823
f 4815 4823 4824
f 4815 4824 4825
f 4815 4825 4826
f 4815 4826 4827
f 4815 4827 4828
f 4815 4828 4829
f 4815 4829 4814
f 4830 4831 4832
f 4832 4833 4830
f 4831 4834 4835
f 4835 4832 4831
f 4834 4836 4837
f 4837 4835 4834
f 4836 4838 4839
f 4839 4837 4836
f 4838 4840 4841
f 4841 4839 4838
f 4840 4842 4843
f 4843 4841 4840
f 4842 4844 4845
f 4845 4843 4842
f 4844 4846 4847
f 4847 4845 4844
f 4846 4848 4849
f 4849 4847 4846
f 4848 4850 4851
f 4851 4849 4848
f 4850 4852 4853
f 4853 4851 4850
f 4852 4854 4855
f 4855 4853 4852
f 4854 4856 4857
f 4857 4855 4854
f 4856 4858 4859
f 4859 4857 4856
f 4858 4860 4861
f 4861 4859 4858
f 4860 4830 4833
f 4833 4861 4860
f 4864 4863 4862
f 4864 4862 4865
f 4864 4865 4866
f 4864 4866 4867
f 4864 4867 4868
f 4864 4868 4869
f 4864 4869 4870
f 4864 4870 4871
f 4864 4871 4872
f 4864 4872 4873
f 4864 4873 4874
f 4864 4874 4875
f 4864 4875 4876
f 4864 4876 4877
f 4864 4877 4878
f 4864 4878 4863
f 4879 4880 4881
f 4881 4882 4879
f 4880 4883 4884
f 4884 4881 4880
f 4883 4885 4886
f 4886 4884 4883
f 4885 4887 4888
f 4888 4886 4885
f 4887 4889 4890
f 4890 4888 4887
f 4889 4891 4892
f 4892 4890 4889
f 4891 4893 4894
f 4894 4892 4891
f 4893 4895 4896
f 4896 4894 4893
f 4895 4897 4898
f 4898 4896 4895
f 4897 4899 4900
f 4900 4898 4897
f 4899 4901 4902
f 4902 4900 4899
f 4901 4903 4904
f 4904 4902 4901
f 4903 4905 4906
f 4906 4904 4903
f 4905 4907 4908
f 4908 4906 4905
f 4907 4909 4910
f 4910 4908 4907
f 4909 4879 4882
f 4882 4910 4909
f 4913 4912 4911
f 4913 4911 4914
f 4913 4914 4915
f 4913 4915 4916
f 4913 4916 4917
f 4913 4917 4918
f 4913 4918 4919
f 4913 4919 4920
f 4913 4920 4921
f 4913 4921 4922
f 4913 4922 4923
f 4913 4923 4924
f 4913 4924 4925
f 4913 4925 4926
f 4913 4926 4927
f 4913 4927 4912
f 4928 4929 4930
f 4930 4931 4928
f 4929 4932 4933
f 4933 4930 4929
f 4932 4934 4935
f 4935 4933 4932
f 4934 4936 4937
f 4937 4935 4934
f 4936 4938 4939
f 4939 4937 4936
f 4938 4940 4941
f 4941 4939 4938
f 4940 4942 4943
f 4943 4941 4940
f 4942 4944 4945
f 4945 4943 4942
f 4944 4946 4947
f 4947 4945 4944
f 4946 4948 4949
f 4949 4947 4946
f 4948 4950 4951
f 4951 4949 4948
f 4950 4952 4953
f 4953 4951 4950
f 4952 4954 4955
f 4955 4953 4952
f 4954 4956 4957
f 4957 4955 4954
f 4956 4958 4959
f 4959 4957 4956
f 4958 4928 4931
f 4931 4959 4958
f 4962 4961 4960
f 4962 4960 4963
f 4962 4963 4964
f 4962 4964 4965
f 4962 4965 4966
f 4962 4966 4967
f 4962 4967 4968
f 4962 4968 4969
f 4962 4969 4970
f 4962 4970 4971
f 4962 4971 4972
f 4962 4972 4973
f 4962 4973 4974
f 4962 4974 4975
f 4962 4975 4976
f 4962 4976 4961
f 4977 4978 4979
f 4979 4980 4977
f 4978 4981 4982
f 4982 4979 4978
f 4981 4983 4984
f 4984 4982 4981
f 4983 4985 4986
f 4986 4984 4983
f 4985 4987 4988
f 4988 4986 4985
f 4987 4989 4990
f 4990 4988 4987
f 4989 4991 4992
f 4992 4990 4989
f 4991 4993 4994
f 4994 4992 4991
f 4993 4995 4996
f 4996 4994 4993
f 4995 4997 4998
f 4998 4996 4995
f 4997 4999 5000
f 5000 4998 4997
f 4999 5001 5002
f 5002 5000 4999
f 5001 5003 5004
f 5004 5002 5001
f 5003 5005 5006
f 5006 5004 5003
f 5005 5007 5008
f 5008 5006 5005
f 5007 4977 4980
f 4980 5008 5007
f 5011 5010 5009
f 5011 5009 5012
f 5011 5012 5013
f 5011 5013 5014
f 5011 5014 5015
f 5011 5015 5016
f 5011 5016 5017
f 5011 5017 5018
f 5011 5018 5019
f 5011 5019 5020
f 5011 5020 5021
f 5011 5021 5022
f 5011 5022 5023
f 5011 5023 5024
f 5011 5024 5025
f 5011 5025 5010
f 5026 5027 5028
f 5028 5029 5026
f 5027 5030 5031
f 5031 5028 5027
f 5030 5032 5033
f 5033 5031 5030
f 5032 5034 5035
f 5035 5033 5032
f 5034 5036 5037
f 5037 5035 5034
f 5036 5038 5039
f 5039 5037 5036
f 5038 5040 5041
f 5041 5039 5038
f 5040 5042 5043
f 5043 5041 5040
f 5042 5044 5045
f 5045 5043 5042
f 5044 5046 5047
f 5047 5045 5044
f 5046 5048 5049
f 5049 5047 5046
f 5048 5050 5051
f 5051 5049 5048
f 5050 5052 5053
f 5053 5051 5050
f 5052 5054 5055
f 5055 5053 5052
f 5054 5056 5057
f 5057 5055 5054
f 5056 5026 5029
f 5029 5057 5056
f 5060 5059 5058
f 5060 5058 5061
f 5060 5061 5062
f 5060 5062 5063
f 5060 5063 5064
f 5060 5064 5065
f 5060 5065 5066
f 5060 5066 5067
f 5060 5067 5068
f 5060 5068 5069
f 5060 5069 5070
f 5060 5070 5071
f 5060 5071 5072
f 5060 5072 5073
f 5060 5073 5074
f 5060 5074 5059
f 5075 5076 5077
f 5077 5078 5075
f 5076 5079 5080
f 5080 5077 5076
f 5079 5081 5082
f 5082 5080 5079
f 5081 5083 5084
f 5084 5082 5081
f 5083 5085 5086
f 5086 5084 5083
f 5085 5087 5088
f 5088 5086 5085
f 5087 5089 5090
f 5090 5088 5087
f 5089 5091 5092
f 5092 5090 5089
f 5091 5093 5094
f 5094 5092 5091
f 5093 5095 5096
f 5096 5094 5093
f 5095 5097 5098
f 5098 5096 5095
f 5097 5099 5100
f 5100 5098 5097
f 5099 5101 5102
f 5102 5100 5099
f 5101 5103 5104
f 5104 5102 5101
f 5103 5105 5106
f 5106 5104 5103
f 5105 5075 5078
f 5078 5106 5105
f 5109 5108 5107
f 5109 5107 5110
f 5109 5110 5111
f 5109 5111 5112
f 5109 5112 5113
f 5109 5113 5114
f 5109 5114 5115
f 5109 5115 5116
f 5109 5116 5117
f 5109 5117 5118
f 5109 5118 5119
f 5109 5119 5120
f 5109 5120 5121
f 5109 5121 5122
f 5109 5122 5123
f 5109 5123 5108
f 5124 5125 5126
f 5126 5127 5124
f 5125 5128 5129
f 5129 5126 5125
f 5128 5130 5131
f 5131 5129 5128
f 5130 5132 5133
f 5133 5131 5130
f 5132 5134 5135
f 5135 5133 5132
f 5134 5136 5137
f 5137 5135 5134
f 5136 5138 5139
f 5139 5137 5136
f 5138 5140 5141
f 5141 5139 5138
f 5140 5142 5143
f 5143 5141 5140
f 5142 5144 5145
f 5145 5143 5142
f 5144 5146 5147
f 5147 5145 5144
f 5146 5148 5149
f 5149 5147 5146
f 5148 5150 5151
f 5151 5149 5148
f 5150 5152 5153
f 5153 5151 5150
f 5152 5154 5155
f 5155 5153 5152
f 5154 5124 5127
f 5127 5155 5154
f 5158 5157 5156
f 5158 5156 5159
f 5158 5159 5160
f 5158 5160 5161
f 5158 5161 5162
f 5158 5162 5163
f 5158 5163 5164
f 5158 5164 5165
f 5158 5165 5166
f 5158 5166 5167
f 5158 5167 5168
f 5158 5168 5169
f 5158 5169 5170
f 5158 5170 5171
f 5158 5171 5172
f 5158 5172 5157
f 5173 5174 5175
f 5175 5176 5173
f 5174 5177 5178
f 5178 5175 5174
f 5177 5179 5180
f 5180 5178 5177
f 5179 5181 5182
f 5182 5180 5179
f 5181 5183 5184
f 5184 5182 5181
f 5183 5185 5186
f 5186 5184 5183
f 5185 5187 5188
f 5188 5186 5185
f 5187 5189 5190
f 5190 5188 5187
f 5189 5191 5192
f 5192 5190 5189
f 5191 5193 5194
f 5194 5192 5191
f 5193 5195 5196
f 5196 5194 5193
f 5195 5197 5198
f 5198 5196 5195
f 5197 5199 5200
f 5200 5198 5197
f 5199 5201 5202
f 5202 5200 5199
f 5201 5203 5204
f 5204 5202 5201
f 5203 5173 5176
f 5176 5204 5203
f 5207 5206 5205
f 5207 5205 5208
f 5207 5208 5209
f 5207 5209 5210
f 5207 5210 5211
f 5207 5211 5212
f 5207 5212 5213
f 5207 5213 5214
f 5207 5214 5215
f 5207 5215 5216
f 5207 5216 5217
f 5207 5217 5218
f 5207 5218 5219
f 5207 5219 5220
f 5207 5220 5221
f 5207 5221 5206
f 5222 5223 5224
f 5224 5225 5222
f 5223 5226 5227
f 5227 5224 5223
f 5226 5228 5229
f 5229 5227 5226
f 5228 5230 5231
f 5231 5229 5228
f 5230 5232 5233
f 5233 5231 5230
f 5232 5234 5235
f 5235 5233 5232
f 5234 5236 5237
f 5237 5235 5234
f 5236 5238 5239
f 5239 5237 5236
f 5238 5240 5241
f 5241 5239 5238
f 5240 5242 5243
f 5243 5241 5240
f 5242 5244 5245
f 5245 5243 5242
f 5244 5246 5247
f 5247 5245 5244
f 5246 5248 5249
f 5249 5247 5246
f 5248 5250 5251
f 5251 5249 5248
f 5250 5252 5253
f 5253 5251 5250
f 5252 5222 5225
f 5225 5253 5252
f 5256 5255 5254
f 5256 5254 5257
f 5256 5257 5258
f 5256 5258 5259
f 5256 5259 5260
f 5256 5260 5261
f 5256 5261 5262
f 5256 5262 5263
f 5256 5263 5264
f 5256 5264 5265
f 5256 5265 5266
f 5256 5266 5267
f 5256 5267 5268
f 5256 5268 5269
f 5256 5269 5270
f 5256 5270 5255
f 5271 5272 5273
f 5273 5274 5271
f 5272 5275 5276
f 5276 5273 5272
f 5275 5277 5278
f 5278 5276 5275
f 5277 5279 5280
f 5280 5278 5277
f 5279 5281 5282
f 5282 5280 5279
f 5281 5283 5284
f 5284 5282 5281
f 5283 5285 5286
f 5286 5284 5283
f 5285 5287 5288
f 5288 5286 5285
f 5287 5289 5290
f 5290 5288 5287
f 5289 5291 5292
f 5292 5290 5289
f 5291 5293 5294
f 5294 5292 5291
f 5293 5295 5296
f 5296 5294 5293
f 5295 5297 5298
f 5298 5296 5295
f 5297 5299 5300
f 5300 5298 5297
f 5299 5301 5302
f 5302 5300 5299
f 5301 5271 5274
f 5274 5302 5301
f 5305 5304 5303
f 5305 5303 5306
f 5305 5306 5307
f 5305 5307 5308
f 5305 5308 5309
f 5305 5309 5310
f 5305 5310 5311
f 5305 5311 5312
f 5305 5312 5313
f 5305 5313 5314
f 5305 5314 5315
f 5305 5315 5316
f 5305 5316 5317
f 5305 5317 5318
f 5305 5318 5319
f 5305 5319 5304
f 5320 5321 5322
f 5322 5323 5320
f 5321 5324 5325
f 5325 5322 5321
f 5324 5326 5327
f 5327 5325 5324
f 5326 5328 5329
f 5329 5327 5326
f 5328 5330 5331
f 5331 5329 5328
f 5330 5332 5333
f 5333 5331 5330
f 5332 5334 5335
f 5335 5333 5332
f 5334 5336 5337
f 5337 5335 5334
f 5336 5338 5339
f 5339 5337 5336
f 5338 5340 5341
f 5341 5339 5338
f 5340 5342 5343
f 5343 5341 5340
f 5342 5344 5345
f 5345 5343 5342
f 5344 5346 5347
f 5347 5345 5344
f 5346 5348 5349
f 5349 5347 5346
f 5348 5350 5351
f 5351 5349 5348
f 5350 5320 5323
f 5323 5351 5350
f 5354 5353 5352
f 5354 5352 5355
f 5354 5355 5356
f 5354 5356 5357
f 5354 5357 5358
f 5354 5358 5359
f 5354 5359 5360
f 5354 5360 5361
f 5354 5361 5362
f 5354 5362 5363
f 5354 5363 5364
f 5354 5364 5365
f 5354 5365 5366
f 5354 5366 5367
f 5354 5367 5368
f 5354 5368 5353
f 5369 5370 5371
f 5371 5372 5369
f 5370 5373 5374
f 5374 5371 5370
f 5373 5375 5376
f 5376 5374 5373
f 5375 5377 5378
f 5378 5376 5375
f 5377 5379 5380
f 5380 5378 5377
f 5379 5381 5382
f 5382 5380 5379
f 5381 5383 5384
f 5384 5382 5381
f 5383 5385 5386
f 5386 5384 5383
f 5385 5387 5388
f 5388 5386 5385
f 5387 5389 5390
f 5390 5388 5387
f 5389 5391 5392
f 5392 5390 5389
f 5391 5393 5394
f 5394 5392 5391
f 5393 5395 5396
f 5396 5394 5393
f 5395 5397 5398
f 5398 5396 5395
f 5397 5399 5400
f 5400 5398 5397
f 5399 5369 5372
f 5372 5400 5399
f 5403 5402 5401
f 5403 5401 5404
f 5403 5404 5405
f 5403 5405 5406
f 5403 5406 5407
f 5403 5407 5408
f 5403 5408 5409
f 5403 5409 5410
f 5403 5410 5411
f 5403 5411 5412
f 5403 5412 5413
f 5403 5413 5414
f 5403 5414 5415
f 5403 5415 5416
f 5403 5416 5417
f 5403 5417 5402
f 5418 5419 5420
f 5420 5421 5418
f 5419 5422 5423
f 5423 5420 5419
f 5422 5424 5425
f 5425 5423 5422
f 5424 5426 5427
f 5427 5425 5424
f 5426 5428 5429
f 5429 5427 5426
f 5428 5430 5431
f 5431 5429 5428
f 5430 5432 5433
f 5433 5431 5430
f 5432 5434 5435
f 5435 5433 5432
f 5434 5436 5437
f 5437 5435 5434
f 5436 5438 5439
f 5439 5437 5436
f 5438 5440 5441
f 5441 5439 5438
f 5440 5442 5443
f 5443 5441 5440
f 5442 5444 5445
f 5445 5443 5442
f 5444 5446 5447
f 5447 5445 5444
f 5446 5448 5449
f 5449 5447 5446
f 5448 5418 5421
f 5421 5449 5448
f 5452 5451 5450
f 5452 5450 5453
f 5452 5453 5454
f 5452 5454 5455
f 5452 5455 5456
f 5452 5456 5457
f 5452 5457 5458
f 5452 5458 5459
f 5452 5459 5460
f 5452 5460 5461
f 5452 5461 5462
f 5452 5462 5463
f 5452 5463 5464
f 5452 5464 5465
f 5452 5465 5466
f 5452 5466 5451
f 5467 5468 5469
f 5469 5470 5467
f 5468 5471 5472
f 5472 5469 5468
f 5471 5473 5474
f 5474 5472 5471
f 5473 5475 5476
f 5476 5474 5473
f 5475 5477 5478
f 5478 5476 5475
f 5477 5479 5480
f 5480 5478 5477
f 5479 5481 5482
f 5482 5480 5479
f 5481 5483 5484
f 5484 5482 5481
f 5483 5485 5486
f 5486 5484 5483
f 5485 5487 5488
f 5488 5486 5485
f 5487 5489 5490
f 5490 5488 5487
f 5489 5491 5492
f 5492 5490 5489
f 5491 5493 5494
f 5494 5492 5491
f 5493 5495 5496
f 5496 5494 5493
f 5495 5497 5498
f 5498 5496 5495
f 5497 5467 5470
f 5470 5498 5497
f 5501 5500 5499
f 5501 5499 5502
f 5501 5502 5503
f 5501 5503 5504
f 5501 5504 5505
f 5501 5505 5506
f 5501 5506 5507
f 5501 5507 5508
f 5501 5508 5509
f 5501 5509 5510
f 5501 5510 5511
f 5501 5511 5512
f 5501 5512 5513
f 5501 5513 5514
f 5501 5514 5515
f 5501 5515 5500
f 5516 5517 5518
f 5518 5519 5516
f 5517 5520 5521
f 5521 5518 5517
f 5520 5522 5523
f 5523 5521 5520
f 5522 5524 5525
f 5525 5523 5522
f 5524 5526 5527
f 5527 5525 5524
f 5526 5528 5529
f 5529 5527 5526
f 5528 5530 5531
f 5531 5529 5528
f 5530 5532 5533
f 5533 5531 5530
f 5532 5534 5535
f 5535 5533 5532
f 5534 5536 5537
f 5537 5535 5534
f 5536 5538 5539
f 5539 5537 5536
f 5538 5540 5541
f 5541 5539 5538
f 5540 5542 5543
f 5543 5541 5540
f 5542 5544 5545
f 5545 5543 5542
f 5544 5546 5547
f 5547 5545 5544
f 5546 5516 5519
f 5519 5547 5546
f 5550 5549 5548
f 5550 5548 5551
f 5550 5551 5552
f 5550 5552 5553
f 5550 5553 5554
f 5550 5554 5555
f 5550 5555 5556
f 5550 5556 5557
f 5550 5557 5558
f 5550 5558 5559
f 5550 5559 5560
f 5550 5560 5561
f 5550 5561 5562
f 5550 5562 5563
f 5550 5563 5564
f 5550 5564 5549
f 5565 5566 5567
f 5567 5568 5565
f 5566 5569 5570
f 5570 5567 5566
f 5569 5571 5572
f 5572 5570 5569
f 5571 5573 5574
f 5574 5572 5571
f 5573 5575 5576
f 5576 5574 5573
f 5575 5577 5578
f 5578 5576 5575
f 5577 5579 5580
f 5580 5578 5577
f 5579 5581 5582
f 5582 5580 5579
f 5581 5583 5584
f 5584 5582 5581
f 5583 5585 5586
f 5586 5584 5583
f 5585 5587 5588
f 5588 5586 5585
f 5587 5589 5590
f 5590 5588 5587
f 5589 5591 5592
f 5592 5590 5589
f 5591 5593 5594
f 5594 5592 5591
f 5593 5595 5596
f 5596 5594 5593
f 5595 5565 5568
f 5568 5596 5595
f 5599 5598 5597
f 5599 5597 5600
f 5599 5600 5601
f 5599 5601 5602
f 5599 5602 5603
f 5599 5603 5604
f 5599 5604 5605
f 5599 5605 5606
f 5599 5606 5607
f 5599 5607 5608
f 5599 5608 5609
f 5599 5609 5610
f 5599 5610 5611
f 5599 5611 5612
f 5599 5612 5613
f 5599 5613 5598
f 5614 5615 5616
f 5616 5617 5614
f 5615 5618 5619
f 5619 5616 5615
f 5618 5620 5621
f 5621 5619 5618
f 5620 5622 5623
f 5623 5621 5620
f 5622 5624 5625
f 5625 5623 5622
f 5624 5626 5627
f 5627 5625 5624
f 5626 5628 5629
f 5629 5627 5626
f 5628 5630 5631
f 5631 5629 5628
f 5630 5632 5633
f 5633 5631 5630
f 5632 5634 5635
f 5635 5633 5632
f 5634 5636 5637
f 5637 5635 5634
f 5636 5638 5639
f 5639 5637 5636
f 5638 5640 5641
f 5641 5639 5638
f 5640 5642 5643
f 5643 5641 5640
f 5642 5644 5645
f 5645 5643 5642
f 5644 5614 5617
f 5617 5645 5644
f 5648 5647 5646
f 5648 5646 5649
f 5648 5649 5650
f 5648 5650 5651
f 5648 5651 5652
f 5648 5652 5653
f 5648 5653 5654
f 5648 5654 5655
f 5648 5655 5656
f 5648 5656 5657
f 5648 5657 5658
f 5648 5658 5659
f 5648 5659 5660
f 5648 5660 5661
f 5648 5661 5662
f 5648 5662 5647
f 5663 5664 5665
f 5665 5666 5663
f 5664 5667 5668
f 5668 5665 5664
f 5667 5669 5670
f 5670 5668 5667
f 5669 5671 5672
f 5672 5670 5669
f 5671 5673 5674
f 5674 5672 5671
f 5673 5675 5676
f 5676 5674 5673
f 5675 5677 5678
f 5678 5676 5675
f 5677 5679 5680
f 5680 5678 5677
f 5679 5681 5682
f 5682 5680 5679
f 5681 5683 5684
f 5684 5682 5681
f 5683 5685 5686
f 5686 5684 5683
f 5685 5687 5688
f 5688 5686 5685
f 5687 5689 5690
f 5690 5688 5687
f 5689 5691 5692
f 5692 5690 5689
f 5691 5693 5694
f 5694 5692 5691
f 5693 5663 5666
f 5666 5694 5693
f 5697 5696 5695
f 5697 5695 5698
f 5697 5698 5699
f 5697 5699 5700
f 5697 5700 5701
f 5697 5701 5702
f 5697 5702 5703
f 5697 5703 5704
f 5697 5704 5705
f 5697 5705 5706
f 5697 5706 5707
f 5697 5707 5708
f 5697 5708 5709
f 5697 5709 5710
f 5697 5710 5711
f 5697 5711 5696
f 5712 5713 5714
f 5714 5715 5712
f 5713 5716 5717
f 5717 5714 5713
f 5716 5718 5719
f 5719 5717 5716
f 5718 5720 5721
f 5721 5719 5718
f 5720 5722 5723
f 5723 5721 5720
f 5722 5724 5725
f 5725 5723 5722
f 5724 5726 5727
f 5727 5725 5724
f 5726 5728 5729
f 5729 5727 5726
f 5728 5730 5731
f 5731 5729 5728
f 5730 5732 5733
f 5733 5731 5730
f 5732 5734 5735
f 5735 5733 5732
f 5734 5736 5737
f 5737 5735 5734
f 5736 5738 5739
f 5739 5737 5736
f 5738 5740 5741
f 5741 5739 5738
f 5740 5742 5743
f 5743 5741 5740
f 5742 5712 5715
f 5715 5743 5742
f 5746 5745 5744
f 5746 5744 5747
f 5746 5747 5748
f 5746 5748 5749
f 5746 5749 5750
f 5746 5750 5751
f 5746 5751 5752
f 5746 5752 5753
f 5746 5753 5754
f 5746 5754 5755
f 5746 5755 5756
f 5746 5756 5757
f 5746 5757 5758
f 5746 5758 5759
f 5746 5759 5760
f 5746 5760 5745
f 5763 5762 5761
f 5761 5764 5763
f 5766 5765 5762
f 5762 5763 5766
f 5768 5767 5765
f 5765 5766 5768
f 5770 5769 5767
f 5767 5768 5770
f 5772 5771 5769
f 5769 5770 5772
f 5774 5773 5771
f 5771 5772 5774
f 5776 5775 5773
f 5773 5774 5776
f 5778 5777 5775
f 5775 5776 5778
f 5780 5779 5777
f 5777 5778 5780
f 5782 5781 5779
f 5779 5780 5782
f 5784 5783 5781
f 5781 5782 5784
f 5786 5785 5783
f 5783 5784 5786
f 5788 5787 5785
f 5785 5786 5788
f 5790 5789 5787
f 5787 5788 5790
f 5792 5791 5789
f 5789 5790 5792
f 5764 5761 5791
f 5791 5792 5764
f 5793 5794 5795
f 5795 5796 5793
f 5794 5797 5798
f 5798 5795 5794
f 5797 5799 5800
f 5800 5798 5797
f 5799 5801 5802
f 5802 5800 5799
f 5801 5803 5804
f 5804 5802 5801
f 5803 5805 5806
f 5806 5804 5803
f 5805 5807 5808
f 5808 5806 5805
f 5807 5809 5810
f 5810 5808 5807
f 5809 5811 5812
f 5812 5810 5809
f 5811 5813 5814
f 5814 5812 5811
f 5813 5815 5816
f 5816 5814 5813
f 5815 5817 5818
f 5818 5816 5815
f 5817 5819 5820
f 5820 5818 5817
f 5819 5821 5822
f 5822 5820 5819
f 5821 5823 5824
f 5824 5822 5821
f 5823 5793 5796
f 5796 5824 5823
f 5825 5826 5827
f 5827 5828 5825
f 5828 5827 5829
f 5829 5830 5828
f 5830 5829 5831
f 5831 5832 5830
f 5832 5831 5833
f 5833 5834 5832
f 5834 5833 5835
f 5835 5836 5834
f 5836 5835 5837
f 5837 5838 5836
f 5838 5837 5839
f 5839 5840 5838
f 5840 5839 5841
f 5841 5842 5840
f 5842 5841 5843
f 5843 5844 5842
f 5844 5843 5845
f 5845 5846 5844
f 5846 5845 5847
f 5847 5848 5846
f 5848 5847 5849
f 5849 5850 5848
f 5850 5849 5851
f 5851 5852 5850
f 5852 5851 5853
f 5853 5854 5852
f 5854 5853 5855
f 5855 5856 5854
f 5856 5855 5826
f 5826 5825 5856
f 5859 5858 5857
f 5857 5860 5859
f 5862 5861 5858
f 5858 5859 5862
f 5864 5863 5861
f 5861 5862 5864
f 5866 5865 5863
f 5863 5864 5866
f 5868 5867 5865
f 5865 5866 5868
f 5870 5869 5867
f 5867 5868 5870
f 5872 5871 5869
f 5869 5870 5872
f 5874 5873 5871
f 5871 5872 5874
f 5876 5875 5873
f 5873 5874 5876
f 5878 5877 5875
f 5875 5876 5878
f 5880 5879 5877
f 5877 5878 5880
f 5882 5881 5879
f 5879 5880 5882
f 5884 5883 5881
f 5881 5882 5884
f 5886 5885 5883
f 5883 5884 5886
f 5888 5887 5885
f 5885 5886 5888
f 5860 5857 5887
f 5887 5888 5860
f 5889 5890 5891
f 5891 5892 5889
f 5890 5893 5894
f 5894 5891 5890
f 5893 5895 5896
f 5896 5894 5893
f 5895 5897 5898
f 5898 5896 5895
f 5897 5899 5900
f 5900 5898 5897
f 5899 5901 5902
f 5902 5900 5899
f 5901 5903 5904
f 5904 5902 5901
f 5903 5905 5906
f 5906 5904 5903
f 5905 5907 5908
f 5908 5906 5905
f 5907 5909 5910
f 5910 5908 5907
f 5909 5911 5912
f 5912 5910 5909
f 5911 5913 5914
f 5914 5912 5911
f 5913 5915 5916
f 5916 5914 5913
f 5915 5917 5918
f 5918 5916 5915
f 5917 5919 5920
f 5920 5918 5917
f 5919 5889 5892
f 5892 5920 5919
f 5921 5922 5923
f 5923 5924 5921
f 5924 5923 5925
f 5925 5926 5924
f 5926 5925 5927
f 5927 5928 5926
f 5928 5927 5929
f 5929 5930 5928
f 5930 5929 5931
f 5931 5932 5930
f 5932 5931 5933
f 5933 5934 5932
f 5934 5933 5935
f 5935 5936 5934
f 5936 5935 5937
f 5937 5938 5936
f 5938 5937 5939
f 5939 5940 5938
f 5940 5939 5941
f 5941 5942 5940
f 5942 5941 5943
f 5943 5944 5942
f 5944 5943 5945
f 5945 5946 5944
f 5946 5945 5947
f 5947 5948 5946
f 5948 5947 5949
f 5949 5950 5948
f 5950 5949 5951
f 5951 5952 5950
f 5952 5951 5922
f 5922 5921 5952
f 5955 5954 5953
f 5953 5956 5955
f 5958 5957 5954
f 5954 5955 5958
f 5960 5959 5957
f 5957 5958 5960
f 5962 5961 5959
f 5959 5960 5962
f 5964 5963 5961
f 5961 5962 5964
f 5966 5965 5963
f 5963 5964 5966
f 5968 5967 5965
f 5965 5966 5968
f 5970 5969 5967
f 5967 5968 5970
f 5972 5971 5969
f 5969 5970 5972
f 5974 5973 5971
f 5971 5972 5974
f 5976 5975 5973
f 5973 5974 5976
f 5978 5977 5975
f 5975 5976 5978
f 5980 5979 5977
f 5977 5978 5980
f 5982 5981 5979
f 5979 5980 5982
f 5984 5983 5981
f 5981 5982 5984
f 5956 5953 5983
f 5983 5984 5956
f 5985 5986 5987
f 5987 5988 5985
f 5986 5989 5990
f 5990 5987 5986
f 5989 5991 5992
f 5992 5990 5989
f 5991 5993 5994
f 5994 5992 5991
f 5993 5995 5996
f 5996 5994 5993
f 5995 5997 5998
f 5998 5996 5995
f 5997 5999 6000
f 6000 5998 5997
f 5999 6001 6002
f 6002 6000 5999
f 6001 6003 6004
f 6004 6002 6001
f 6003 6005 6006
f 6006 6004 6003
f 6005 6007 6008
f 6008 6006 6005
f 6007 6009 6010
f 6010 6008 6007
f 6009 6011 6012
f 6012 6010 6009
f 6011 6013 6014
f 6014 6012 6011
f 6013 6015 6016
f 6016 6014 6013
f 6015 5985 5988
f 5988 6016 6015
f 6017 6018 6019
f 6019 6020 6017
f 6020 6019 6021
f 6021 6022 6020
f 6022 6021 6023
f 6023 6024 6022
f 6024 6023 6025
f 6025 6026 6024
f 6026 6025 6027
f 6027 6028 6026
f 6028 6027 6029
f 6029 6030 6028
f 6030 6029 6031
f 6031 6032 6030
f 6032 6031 6033
f 6033 6034 6032
f 6034 6033 6035
f 6035 6036 6034
f 6036 6035 6037
f 6037 6038 6036
f 6038 6037 6039
f 6039 6040 6038
f 6040 6039 6041
f 6041 6042 6040
f 6042 6041 6043
f 6043 6044 6042
f 6044 6043 6045
f 6045 6046 6044
f 6046 6045 6047
f 6047 6048 6046
f 6048 6047 6018
f 6018 6017 6048
f 6051 6050 6049
f 6049 6052 6051
f 6054 6053 6050
f 6050 6051 6054
f 6056 6055 6053
f 6053 6054 6056
f 6058 6057 6055
f 6055 6056 6058
f 6060 6059 6057
f 6057 6058 6060
f 6062 6061 6059
f 6059 6060 6062
f 6064 6063 6061
f 6061 6062 6064
f 6066 6065 6063
f 6063 6064 6066
f 6068 6067 6065
f 6065 6066 6068
f 6070 6069 6067
f 6067 6068 6070
f 6072 6071 6069
f 6069 6070 6072
f 6074 6073 6071
f 6071 6072 6074
f 6076 6075 6073
f 6073 6074 6076
f 6078 6077 6075
f 6075 6076 6078
f 6080 6079 6077
f 6077 6078 6080
f 6052 6049 6079
f 6079 6080 6052
f 6081 6082 6083
f 6083 6084 6081
f 6082 6085 6086
f 6086 6083 6082
f 6085 6087 6088
f 6088 6086 6085
f 6087 6089 6090
f 6090 6088 6087
f 6089 6091 6092
f 6092 6090 6089
f 6091 6093 6094
f 6094 6092 6091
f 6093 6095 6096
f 6096 6094 6093
f 6095 6097 6098
f 6098 6096 6095
f 6097 6099 6100
f 6100 6098 6097
f 6099 6101 6102
f 6102 6100 6099
f 6101 6103 6104
f 6104 6102 6101
f 6103 6105 6106
f 6106 6104 6103
f 6105 6107 6108
f 6108 6106 6105
f 6107 6109 6110
f 6110 6108 6107
f 6109 6111 6112
f 6112 6110 6109
f 6111 6081 6084
f 6084 6112 6111
f 6113 6114 6115
f 6115 6116 6113
f 6116 6115 6117
f 6117 6118 6116
f 6118 6117 6119
f 6119 6120 6118
f 6120 6119 6121
f 6121 6122 6120
f 6122 6121 6123
f 6123 6124 6122
f 6124 6123 6125
f 6125 6126 6124
f 6126 6125 6127
f 6127 6128 6126
f 6128 6127 6129
f 6129 6130 6128
f 6130 6129 6131
f 6131 6132 6130
f 6132 6131 6133
f 6133 6134 6132
f 6134 6133 6135
f 6135 6136 6134
f 6136 6135 6137
f 6137 6138 6136
f 6138 6137 6139
f 6139 6140 6138
f 6140 6139 6141
f 6141 6142 6140
f 6142 6141 6143
f 6143 6144 6142
f 6144 6143 6114
f 6114 6113 6144
f 6147 6146 6145
f 6145 6148 6147
f 6150 6149 6146
f 6146 6147 6150
f 6152 6151 6149
f 6149 6150 6152
f 6154 6153 6151
f 6151 6152 6154
f 6156 6155 6153
f 6153 6154 6156
f 6158 6157 6155
f 6155 6156 6158
f 6160 6159 6157
f 6157 6158 6160
f 6162 6161 6159
f 6159 6160 6162
f 6164 6163 6161
f 6161 6162 6164
f 6166 6165 6163
f 6163 6164 6166
f 6168 6167 6165
f 6165 6166 6168
f 6170 6169 6167
f 6167 6168 6170
f 6172 6171 6169
f 6169 6170 6172
f 6174 6173 6171
f 6171 6172 6174
f 6176 6175 6173
f 6173 6174 6176
f 6148 6145 6175
f 6175 6176 6148
f 6177 6178 6179
f 6179 6180 6177
f 6178 6181 6182
f 6182 6179 6178
f 6181 6183 6184
f 6184 6182 6181
f 6183 6185 6186
f 6186 6184 6183
f 6185 6187 6188
f 6188 6186 6185
f 6187 6189 6190
f 6190 6188 6187
f 6189 6191 6192
f 6192 6190 6189
f 6191 6193 6194
f 6194 6192 6191
f 6193 6195 6196
f 6196 6194 6193
f 6195 6197 6198
f 6198 6196 6195
f 6197 6199 6200
f 6200 6198 6197
f 6199 6201 6202
f 6202 6200 6199
f 6201 6203 6204
f 6204 6202 6201
f 6203 6205 6206
f 6206 6204 6203
f 6205 6207 6208
f 6208 6206 6205
f 6207 6177 6180
f 6180 6208 6207
f 6209 6210 6211
f 6211 6212 6209
f 6212 6211 6213
f 6213 6214 6212
f 6214 6213 6215
f 6215 6216 6214
f 6216 6215 6217
f 6217 6218 6216
f 6218 6217 6219
f 6219 6220 6218
f 6220 6219 6221
f 6221 6222 6220
f 6222 6221 6223
f 6223 6224 6222
f 6224 6223 6225
f 6225 6226 6224
f 6226 6225 6227
f 6227 6228 6226
f 6228 6227 6229
f 6229 6230 6228
f 6230 6229 6231
f 6231 6232 6230
f 6232 6231 6233
f 6233 6234 6232
f 6234 6233 6235
f 6235 6236 6234
f 6236 6235 6237
f 6237 6238 6236
f 6238 6237 6239
f 6239 6240 6238
f 6240 6239 6210
f 6210 6209 6240
f 6243 6242 6241
f 6241 6244 6243
f 6246 6245 6242
f 6242 6243 6246
f 6248 6247 6245
f 6245 6246 6248
f 6250 6249 6247
f 6247 6248 6250
f 6252 6251 6249
f 6249 6250 6252
f 6254 6253 6251
f 6251 6252 6254
f 6256 6255 6253
f 6253 6254 6256
f 6258 6257 6255
f 6255 6256 6258
f 6260 6259 6257
f 6257 6258 6260
f 6262 6261 6259
f 6259 6260 6262
f 6264 6263 6261
f 6261 6262 6264
f 6266 6265 6263
f 6263 6264 6266
f 6268 6267 6265
f 6265 6266 6268
f 6270 6269 6267
f 6267 6268 6270
f 6272 6271 6269
f 6269 6270 6272
f 6244 6241 6271
f 6271 6272 6244
f 6273 6274 6275
f 6275 6276 6273
f 6274 6277 6278
f 6278 6275 6274
f 6277 6279 6280
f 6280 6278 6277
f 6279 6281 6282
f 6282 6280 6279
f 6281 6283 6284
f 6284 6282 6281
f 6283 6285 6286
f 6286 6284 6283
f 6285 6287 6288
f 6288 6286 6285
f 6287 6289 6290
f 6290 6288 6287
f 6289 6291 6292
f 6292 6290 6289
f 6291 6293 6294
f 6294 6292 6291
f 6293 6295 6296
f 6296 6294 6293
f 6295 6297 6298
f 6298 6296 6295
f 6297 6299 6300
f 6300 6298 6297
f 6299 6301 6302
f 6302 6300 6299
f 6301 6303 6304
f 6304 6302 6301
f 6303 6273 6276
f 6276 6304 6303
f 6305 6306 6307
f 6307 6308 6305
f 6308 6307 6309
f 6309 6310 6308
f 6310 6309 6311
f 6311 6312 6310
f 6312 6311 6313
f 6313 6314 6312
f 6314 6313 6315
f 6315 6316 6314
f 6316 6315 6317
f 6317 6318 6316
f 6318 6317 6319
f 6319 6320 6318
f 6320 6319 6321
f 6321 6322 6320
f 6322 6321 6323
f 6323 6324 6322
f 6324 6323 6325
f 6325 6326 6324
f 6326 6325 6327
f 6327 6328 6326
f 6328 6327 6329
f 6329 6330 6328
f 6330 6329 6331
f 6331 6332 6330
f 6332 6331 6333
f 6333 6334 6332
f 6334 6333 6335
f 6335 6336 6334
f 6336 6335 6306
f 6306 6305 6336
f 6339 6338 6337
f 6337 6340 6339
f 6342 6341 6338
f 6338 6339 6342
f 6344 6343 6341
f 6341 6342 6344
f 6346 6345 6343
f 6343 6344 6346
f 6348 6347 6345
f 6345 6346 6348
f 6350 6349 6347
f 6347 6348 6350
f 6352 6351 6349
f 6349 6350 6352
f 6354 6353 6351
f 6351 6352 6354
f 6356 6355 6353
f 6353 6354 6356
f 6358 6357 6355
f 6355 6356 6358
f 6360 6359 6357
f 6357 6358 6360
f 6362 6361 6359
f 6359 6360 6362
f 6364 6363 6361
f 6361 6362 6364
f 6366 6365 6363
f 6363 6364 6366
f 6368 6367 6365
f 6365 6366 6368
f 6340 6337 6367
f 6367 6368 6340
f 6369 6370 6371
f 6371 6372 6369
f 6370 6373 6374
f 6374 6371 6370
f 6373 6375 6376
f 6376 6374 6373
f 6375 6377 6378
f 6378 6376 6375
f 6377 6379 6380
f 6380 6378 6377
f 6379 6381 6382
f 6382 6380 6379
f 6381 6383 6384
f 6384 6382 6381
f 6383 6385 6386
f 6386 6384 6383
f 6385 6387 6388
f 6388 6386 6385
f 6387 6389 6390
f 6390 6388 6387
f 6389 6391 6392
f 6392 6390 6389
f 6391 6393 6394
f 6394 6392 6391
f 6393 6395 6396
f 6396 6394 6393
f 6395 6397 6398
f 6398 6396 6395
f 6397 6399 6400
f 6400 6398 6397
f 6399 6369 6372
f 6372 6400 6399
f 6401 6402 6403
f 6403 6404 6401
f 6404 6403 6405
f 6405 6406 6404
f 6406 6405 6407
f 6407 6408 6406
f 6408 6407 6409
f 6409 6410 6408
f 6410 6409 6411
f 6411 6412 6410
f 6412 6411 6413
f 6413 6414 6412
f 6414 6413 6415
f 6415 6416 6414
f 6416 6415 6417
f 6417 6418 6416
f 6418 6417 6419
f 6419 6420 6418
f 6420 6419 6421
f 6421 6422 6420
f 6422 6421 6423
f 6423 6424 6422
f 6424 6423 6425
f 6425 6426 6424
f 6426 6425 6427
f 6427 6428 6426
f 6428 6427 6429
f 6429 6430 6428
f 6430 6429 6431
f 6431 6432 6430
f 6432 6431 6402
f 6402 6401 6432
f 6435 6434 6433
f 6433 6436 6435
f 6438 6437 6434
f 6434 6435 6438
f 6440 6439 6437
f 6437 6438 6440
f 6442 6441 6439
f 6439 6440 6442
f 6444 6443 6441
f 6441 6442 6444
f 6446 6445 6443
f 6443 6444 6446
f 6448 6447 6445
f 6445 6446 6448
f 6450 6449 6447
f 6447 6448 6450
f 6452 6451 6449
f 6449 6450 6452
f 6454 6453 6451
f 6451 6452 6454
f 6456 6455 6453
f 6453 6454 6456
f 6458 6457 6455
f 6455 6456 6458
f 6460 6459 6457
f 6457 6458 6460
f 6462 6461 6459
f 6459 6460 6462
f 6464 6463 6461
f 6461 6462 6464
f 6436 6433 6463
f 6463 6464 6436
f 6465 6466 6467
f 6467 6468 6465
f 6466 6469 6470
f 6470 6467 6466
f 6469 6471 6472
f 6472 6470 6469
f 6471 6473 6474
f 6474 6472 6471
f 6473 6475 6476
f 6476 6474 6473
f 6475 6477 6478
f 6478 6476 6475
f 6477 6479 6480
f 6480 6478 6477
f 6479 6481 6482
f 6482 6480 6479
f 6481 6483 6484
f 6484 6482 6481
f 6483 6485 6486
f 6486 6484 6483
f 6485 6487 6488
f 6488 6486 6485
f 6487 6489 6490
f 6490 6488 6487
f 6489 6491 6492
f 6492 6490 6489
f 6491 6493 6494
f 6494 6492 6491
f 6493 6495 6496
f 6496 6494 6493
f 6495 6465 6468
f 6468 6496 6495
f 6497 6498 6499
f 6499 6500 6497
f 6500 6499 6501
f 6501 6502 6500
f 6502 6501 6503
f 6503 6504 6502
f 6504 6503 6505
f 6505 6506 6504
f 6506 6505 6507
f 6507 6508 6506
f 6508 6507 6509
f 6509 6510 6508
f 6510 6509 6511
f 6511 6512 6510
f 6512 6511 6513
f 6513 6514 6512
f 6514 6513 6515
f 6515 6516 6514
f 6516 6515 6517
f 6517 6518 6516
f 6518 6517 6519
f 6519 6520 6518
f 6520 6519 6521
f 6521 6522 6520
f 6522 6521 6523
f 6523 6524 6522
f 6524 6523 6525
f 6525 6526 6524
f 6526 6525 6527
f 6527 6528 6526
f 6528 6527 6498
f 6498 6497 6528
f 6531 6530 6529
f 6529 6532 6531
f 6534 6533 6530
f 6530 6531 6534
f 6536 6535 6533
f 6533 6534 6536
f 6538 6537 6535
f 6535 6536 6538
f 6540 6539 6537
f 6537 6538 6540
f 6542 6541 6539
f 6539 6540 6542
f 6544 6543 6541
f 6541 6542 6544
f 6546 6545 6543
f 6543 6544 6546
f 6548 6547 6545
f 6545 6546 6548
f 6550 6549 6547
f 6547 6548 6550
f 6552 6551 6549
f 6549 6550 6552
f 6554 6553 6551
f 6551 6552 6554
f 6556 6555 6553
f 6553 6554 6556
f 6558 6557 6555
f 6555 6556 6558
f 6560 6559 6557
f 6557 6558 6560
f 6532 6529 6559
f 6559 6560 6532
f 6561 6562 6563
f 6563 6564 6561
f 6562 6565 6566
f 6566 6563 6562
f 6565 6567 6568
f 6568 6566 6565
f 6567 6569 6570
f 6570 6568 6567
f 6569 6571 6572
f 6572 6570 6569
f 6571 6573 6574
f 6574 6572 6571
f 6573 6575 6576
f 6576 6574 6573
f 6575 6577 6578
f 6578 6576 6575
f 6577 6579 6580
f 6580 6578 6577
f 6579 6581 6582
f 6582 6580 6579
f 6581 6583 6584
f 6584 6582 6581
f 6583 6585 6586
f 6586 6584 6583
f 6585 6587 6588
f 6588 6586 6585
f 6587 6589 6590
f 6590 6588 6587
f 6589 6591 6592
f 6592 6590 6589
f 6591 6561 6564
f 6564 6592 6591
f 6593 6594 6595
f 6595 6596 6593
f 6596 6595 6597
f 6597 6598 6596
f 6598 6597 6599
f 6599 6600 6598
f 6600 6599 6601
f 6601 6602 6600
f 6602 6601 6603
f 6603 6604 6602
f 6604 6603 6605
f 6605 6606 6604
f 6606 6605 6607
f 6607 6608 6606
f 6608 6607 6609
f 6609 6610 6608
f 6610 6609 6611
f 6611 6612 6610
f 6612 6611 6613
f 6613 6614 6612
f 6614 6613 6615
f 6615 6616 6614
f 6616 6615 6617
f 6617 6618 6616
f 6618 6617 6619
f 6619 6620 6618
f 6620 6619 6621
f 6621 6622 6620
f 6622 6621 6623
f 6623 6624 6622
f 6624 6623 6594
f 6594 6593 6624
f 6627 6626 6625
f 6625 6628 6627
f 6631 6630 6629
f 6629 6632 6631
f 6635 6634 6633
f 6633 6636 6635
f 6639 6638 6637
f 6637 6640 6639
f 6643 6642 6641
f 6641 6644 6643
f 6647 6646 6645
f 6645 6648 6647
f 6651 6650 6649
f 6649 6652 6651
f 6650 6647 6648
f 6648 6649 6650
f 6646 6651 6652
f 6652 6645 6646
f 6653 6654 6655
f 6655 6656 6653
f 6657 6658 6659
f 6659 6660 6657
f 6661 6662 6663
f 6663 6664 6661
f 6665 6666 6667
f 6667 6668 6665
f 6669 6670 6671
f 6671 6672 6669
f 6673 6674 6675
f 6675 6676 6673
f 6674 6677 6678
f 6678 6675 6674
f 6677 6679 6680
f 6680 6678 6677
f 6679 6681 6682
f 6682 6680 6679
f 6681 6683 6684
f 6684 6682 6681
f 6683 6685 6686
f 6686 6684 6683
f 6685 6687 6688
f 6688 6686 6685
f 6687 6689 6690
f 6690 6688 6687
f 6689 6691 6692
f 6692 6690 6689
f 6691 6693 6694
f 6694 6692 6691
f 6693 6695 6696
f 6696 6694 6693
f 6695 6697 6698
f 6698 6696 6695
f 6697 6699 6700
f 6700 6698 6697
f 6699 6701 6702
f 6702 6700 6699
f 6701 6703 6704
f 6704 6702 6701
f 6703 6673 6676
f 6676 6704 6703
f 6707 6706 6705
f 6707 6705 6708
f 6707 6708 6709
f 6707 6709 6710
f 6707 6710 6711
f 6707 6711 6712
f 6707 6712 6713
f 6707 6713 6714
f 6707 6714 6715
f 6707 6715 6716
f 6707 6716 6717
f 6707 6717 6718
f 6707 6718 6719
f 6707 6719 6720
f 6707 6720 6721
f 6707 6721 6706
f 6722 6723 6724
f 6724 6725 6722
f 6723 6726 6727
f 6727 6724 6723
f 6726 6728 6729
f 6729 6727 6726
f 6728 6730 6731
f 6731 6729 6728
f 6730 6732 6733
f 6733 6731 6730
f 6732 6734 6735
f 6735 6733 6732
f 6734 6736 6737
f 6737 6735 6734
f 6736 6738 6739
f 6739 6737 6736
f 6738 6740 6741
f 6741 6739 6738
f 6740 6742 6743
f 6743 6741 6740
f 6742 6744 6745
f 6745 6743 6742
f 6744 6746 6747
f 6747 6745 6744
f 6746 6748 6749
f 6749 6747 6746
f 6748 6750 6751
f 6751 6749 6748
f 6750 6752 6753
f 6753 6751 6750
f 6752 6722 6725
f 6725 6753 6752
f 6756 6755 6754
f 6756 6754 6757
f 6756 6757 6758
f 6756 6758 6759
f 6756 6759 6760
f 6756 6760 6761
f 6756 6761 6762
f 6756 6762 6763
f 6756 6763 6764
f 6756 6764 6765
f 6756 6765 6766
f 6756 6766 6767
f 6756 6767 6768
f 6756 6768 6769
f 6756 6769 6770
f 6756 6770 6755
f 6771 6772 6773
f 6773 6774 6771
f 6772 6775 6776
f 6776 6773 6772
f 6775 6777 6778
f 6778 6776 6775
f 6777 6779 6780
f 6780 6778 6777
f 6779 6781 6782
f 6782 6780 6779
f 6781 6783 6784
f 6784 6782 6781
f 6783 6785 6786
f 6786 6784 6783
f 6785 6787 6788
f 6788 6786 6785
f 6787 6789 6790
f 6790 6788 6787
f 6789 6791 6792
f 6792 6790 6789
f 6791 6793 6794
f 6794 6792 6791
f 6793 6795 6796
f 6796 6794 6793
f 6795 6797 6798
f 6798 6796 6795
f 6797 6799 6800
f 6800 6798 6797
f 6799 6801 6802
f 6802 6800 6799
f 6801 6771 6774
f 6774 6802 6801
f 6805 6804 6803
f 6805 6803 6806
f 6805 6806 6807
f 6805 6807 6808
f 6805 6808 6809
f 6805 6809 6810
f 6805 6810 6811
f 6805 6811 6812
f 6805 6812 6813
f 6805 6813 6814
f 6805 6814 6815
f 6805 6815 6816
f 6805 6816 6817
f 6805 6817 6818
f 6805 6818 6819
f 6805 6819 6804
f 6820 6821 6822
f 6822 6823 6820
f 6821 6824 6825
f 6825 6822 6821
f 6824 6826 6827
f 6827 6825 6824
f 6826 6828 6829
f 6829 6827 6826
f 6828 6830 6831
f 6831 6829 6828
f 6830 6832 6833
f 6833 6831 6830
f 6832 6834 6835
f 6835 6833 6832
f 6834 6836 6837
f 6837 6835 6834
f 6836 6838 6839
f 6839 6837 6836
f 6838 6840 6841
f 6841 6839 6838
f 6840 6842 6843
f 6843 6841 6840
f 6842 6844 6845
f 6845 6843 6842
f 6844 6846 6847
f 6847 6845 6844
f 6846 6848 6849
f 6849 6847 6846
f 6848 6850 6851
f 6851 6849 6848
f 6850 6820 6823
f 6823 6851 6850
f 6854 6853 6852
f 6854 6852 6855
f 6854 6855 6856
f 6854 6856 6857
f 6854 6857 6858
f 6854 6858 6859
f 6854 6859 6860
f 6854 6860 6861
f 6854 6861 6862
f 6854 6862 6863
f 6854 6863 6864
f 6854 6864 6865
f 6854 6865 6866
f 6854 6866 6867
f 6854 6867 6868
f 6854 6868 6853
f 6869 6870 6871
f 6871 6872 6869
f 6870 6873 6874
f 6874 6871 6870
f 6873 6875 6876
f 6876 6874 6873
f 6875 6877 6878
f 6878 6876 6875
f 6877 6879 6880
f 6880 6878 6877
f 6879 6881 6882
f 6882 6880 6879
f 6881 6883 6884
f 6884 6882 6881
f 6883 6885 6886
f 6886 6884 6883
f 6885 6887 6888
f 6888 6886 6885
f 6887 6889 6890
f 6890 6888 6887
f 6889 6891 6892
f 6892 6890 6889
f 6891 6893 6894
f 6894 6892 6891
f 6893 6895 6896
f 6896 6894 6893
f 6895 6897 6898
f 6898 6896 6895
f 6897 6899 6900
f 6900 6898 6897
f 6899 6869 6872
f 6872 6900 6899
f 6903 6902 6901
f 6903 6901 6904
f 6903 6904 6905
f 6903 6905 6906
f 6903 6906 6907
f 6903 6907 6908
f 6903 6908 6909
f 6903 6909 6910
f 6903 6910 6911
f 6903 6911 6912
f 6903 6912 6913
f 6903 6913 6914
f 6903 6914 6915
f 6903 6915 6916
f 6903 6916 6917
f 6903 6917 6902
f 6918 6919 6920
f 6920 6921 6918
f 6919 6922 6923
f 6923 6920 6919
f 6922 6924 6925
f 6925 6923 6922
f 6924 6926 6927
f 6927 6925 6924
f 6926 6928 6929
f 6929 6927 6926
f 6928 6930 6931
f 6931 6929 6928
f 6930 6932 6933
f 6933 6931 6930
f 6932 6934 6935
f 6935 6933 6932
f 6934 6936 6937
f 6937 6935 6934
f 6936 6938 6939
f 6939 6937 6936
f 6938 6940 6941
f 6941 6939 6938
f 6940 6942 6943
f 6943 6941 6940
f 6942 6944 6945
f 6945 6943 6942
f 6944 6946 6947
f 6947 6945 6944
f 6946 6948 6949
f 6949 6947 6946
f 6948 6918 6921
f 6921 6949 6948
f 6952 6951 6950
f 6952 6950 6953
f 6952 6953 6954
f 6952 6954 6955
f 6952 6955 6956
f 6952 6956 6957
f 6952 6957 6958
f 6952 6958 6959
f 6952 6959 6960
f 6952 6960 6961
f 6952 6961 6962
f 6952 6962 6963
f 6952 6963 6964
f 6952 6964 6965
f 6952 6965 6966
f 6952 6966 6951
f 6967 6968 6969
f 6969 6970 6967
f 6968 6971 6972
f 6972 6969 6968
f 6971 6973 6974
f 6974 6972 6971
f 6973 6975 6976
f 6976 6974 6973
f 6975 6977 6978
f 6978 6976 6975
f 6977 6979 6980
f 6980 6978 6977
f 6979 6981 6982
f 6982 6980 6979
f 6981 6983 6984
f 6984 6982 6981
f 6983 6985 6986
f 6986 6984 6983
f 6985 6987 6988
f 6988 6986 6985
f 6987 6989 6990
f 6990 6988 6987
f 6989 6991 6992
f 6992 6990 6989
f 6991 6993 6994
f 6994 6992 6991
f 6993 6995 6996
f 6996 6994 6993
f 6995 6997 6998
f 6998 6996 6995
f 6997 6967 6970
f 6970 6998 6997
f 7001 7000 6999
f 7001 6999 7002
f 7001 7002 7003
f 7001 7003 7004
f 7001 7004 7005
f 7001 7005 7006
f 7001 7006 7007
f 7001 7007 7008
f 7001 7008 7009
f 7001 7009 7010
f 7001 7010 7011
f 7001 7011 7012
f 7001 7012 7013
f 7001 7013 7014
f 7001 7014 7015
f 7001 7015 7000
f 7016 7017 7018
f 7018 7019 7016
f 7017 7020 7021
f 7021 7018 7017
f 7020 7022 7023
f 7023 7021 7020
f 7022 7024 7025
f 7025 7023 7022
f 7024 7026 7027
f 7027 7025 7024
f 7026 7028 7029
f 7029 7027 7026
f 7028 7030 7031
f 7031 7029 7028
f 7030 7032 7033
f 7033 7031 7030
f 7032 7034 7035
f 7035 7033 7032
f 7034 7036 7037
f 7037 7035 7034
f 7036 7038 7039
f 7039 7037 7036
f 7038 7040 7041
f 7041 7039 7038
f 7040 7042 7043
f 7043 7041 7040
f 7042 7044 7045
f 7045 7043 7042
f 7044 7046 7047
f 7047 7045 7044
f 7046 7016 7019
f 7019 7047 7046
f 7050 7049 7048
f 7050 7048 7051
f 7050 7051 7052
f 7050 7052 7053
f 7050 7053 7054
f 7050 7054 7055
f 7050 7055 7056
f 7050 7056 7057
f 7050 7057 7058
f 7050 7058 7059
f 7050 7059 7060
f 7050 7060 7061
f 7050 7061 7062
f 7050 7062 7063
f 7050 7063 7064
f 7050 7064 7049
f 7065 7066 7067
f 7067 7068 7065
f 7066 7069 7070
f 7070 7067 7066
f 7069 7071 7072
f 7072 7070 7069
f 7071 7073 7074
f 7074 7072 7071
f 7073 7075 7076
f 7076 7074 7073
f 7075 7077 7078
f 7078 7076 7075
f 7077 7079 7080
f 7080 7078 7077
f 7079 7081 7082
f 7082 7080 7079
f 7081 7083 7084
f 7084 7082 7081
f 7083 7085 7086
f 7086 7084 7083
f 7085 7087 7088
f 7088 7086 7085
f 7087 7089 7090
f 7090 7088 7087
f 7089 7091 7092
f 7092 7090 7089
f 7091 7093 7094
f 7094 7092 7091
f 7093 7095 7096
f 7096 7094 7093
f 7095 7065 7068
f 7068 7096 7095
f 7099 7098 7097
f 7099 7097 7100
f 7099 7100 7101
f 7099 7101 7102
f 7099 7102 7103
f 7099 7103 7104
f 7099 7104 7105
f 7099 7105 7106
f 7099 7106 7107
f 7099 7107 7108
f 7099 7108 7109
f 7099 7109 7110
f 7099 7110 7111
f 7099 7111 7112
f 7099 7112 7113
f 7099 7113 7098
f 7114 7115 7116
f 7116 7117 7114
f 7115 7118 7119
f 7119 7116 7115
f 7118 7120 7121
f 7121 7119 7118
f 7120 7122 7123
f 7123 7121 7120
f 7122 7124 7125
f 7125 7123 7122
f 7124 7126 7127
f 7127 7125 7124
f 7126 7128 7129
f 7129 7127 7126
f 7128 7130 7131
f 7131 7129 7128
f 7130 7132 7133
f 7133 7131 7130
f 7132 7134 7135
f 7135 7133 7132
f 7134 7136 7137
f 7137 7135 7134
f 7136 7138 7139
f 7139 7137 7136
f 7138 7140 7141
f 7141 7139 7138
f 7140 7142 7143
f 7143 7141 7140
f 7142 7144 7145
f 7145 7143 7142
f 7144 7114 7117
f 7117 7145 7144
f 7148 7147 7146
f 7148 7146 7149
f 7148 7149 7150
f 7148 7150 7151
f 7148 7151 7152
f 7148 7152 7153
f 7148 7153 7154
f 7148 7154 7155
f 7148 7155 7156
f 7148 7156 7157
f 7148 7157 7158
f 7148 7158 7159
f 7148 7159 7160
f 7148 7160 7161
f 7148 7161 7162
f 7148 7162 7147
f 7163 7164 7165
f 7165 7166 7163
f 7164 7167 7168
f 7168 7165 7164
f 7167 7169 7170
f 7170 7168 7167
f 7169 7171 7172
f 7172 7170 7169
f 7171 7173 7174
f 7174 7172 7171
f 7173 7175 7176
f 7176 7174 7173
f 7175 7177 7178
f 7178 7176 7175
f 7177 7179 7180
f 7180 7178 7177
f 7179 7181 7182
f 7182 7180 7179
f 7181 7183 7184
f 7184 7182 7181
f 7183 7185 7186
f 7186 7184 7183
f 7185 7187 7188
f 7188 7186 7185
f 7187 7189 7190
f 7190 7188 7187
f 7189 7191 7192
f 7192 7190 7189
f 7191 7193 7194
f 7194 7192 7191
f 7193 7163 7166
f 7166 7194 7193
f 7197 7196 7195
f 7197 7195 7198
f 7197 7198 7199
f 7197 7199 7200
f 7197 7200 7201
f 7197 7201 7202
f 7197 7202 7203
f 7197 7203 7204
f 7197 7204 7205
f 7197 7205 7206
f 7197 7206 7207
f 7197 7207 7208
f 7197 7208 7209
f 7197 7209 7210
f 7197 7210 7211
f 7197 7211 7196
f 7212 7213 7214
f 7214 7215 7212
f 7213 7216 7217
f 7217 7214 7213
f 7216 7218 7219
f 7219 7217 7216
f 7218 7220 7221
f 7221 7219 7218
f 7220 7222 7223
f 7223 7221 7220
f 7222 7224 7225
f 7225 7223 7222
f 7224 7226 7227
f 7227 7225 7224
f 7226 7228 7229
f 7229 7227 7226
f 7228 7230 7231
f 7231 7229 7228
f 7230 7232 7233
f 7233 7231 7230
f 7232 7234 7235
f 7235 7233 7232
f 7234 7236 7237
f 7237 7235 7234
f 7236 7238 7239
f 7239 7237 7236
f 7238 7240 7241
f 7241 7239 7238
f 7240 7242 7243
f 7243 7241 7240
f 7242 7212 7215
f 7215 7243 7242
f 7246 7245 7244
f 7246 7244 7247
f 7246 7247 7248
f 7246 7248 7249
f 7246 7249 7250
f 7246 7250 7251
f 7246 7251 7252
f 7246 7252 7253
f 7246 7253 7254
f 7246 7254 7255
f 7246 7255 7256
f 7246 7256 7257
f 7246 7257 7258
f 7246 7258 7259
f 7246 7259 7260
f 7246 7260 7245
f 7261 7262 7263
f 7263 7264 7261
f 7262 7265 7266
f 7266 7263 7262
f 7265 7267 7268
f 7268 7266 7265
f 7267 7269 7270
f 7270 7268 7267
f 7269 7271 7272
f 7272 7270 7269
f 7271 7273 7274
f 7274 7272 7271
f 7273 7275 7276
f 7276 7274 7273
f 7275 7277 7278
f 7278 7276 7275
f 7277 7279 7280
f 7280 7278 7277
f 7279 7281 7282
f 7282 7280 7279
f 7281 7283 7284
f 7284 7282 7281
f 7283 7285 7286
f 7286 7284 7283
f 7285 7287 7288
f 7288 7286 7285
f 7287 7289 7290
f 7290 7288 7287
f 7289 7291 7292
f 7292 7290 7289
f 7291 7261 7264
f 7264 7292 7291
f 7295 7294 7293
f 7295 7293 7296
f 7295 7296 7297
f 7295 7297 7298
f 7295 7298 7299
f 7295 7299 7300
f 7295 7300 7301
f 7295 7301 7302
f 7295 7302 7303
f 7295 7303 7304
f 7295 7304 7305
f 7295 7305 7306
f 7295 7306 7307
f 7295 7307 7308
f 7295 7308 7309
f 7295 7309 7294
f 7310 7311 7312
f 7312 7313 7310
f 7311 7314 7315
f 7315 7312 7311
f 7314 7316 7317
f 7317 7315 7314
f 7316 7318 7319
f 7319 7317 7316
f 7318 7320 7321
f 7321 7319 7318
f 7320 7322 7323
f 7323 7321 7320
f 7322 7324 7325
f 7325 7323 7322
f 7324 7326 7327
f 7327 7325 7324
f 7326 7328 7329
f 7329 7327 7326
f 7328 7330 7331
f 7331 7329 7328
f 7330 7332 7333
f 7333 7331 7330
f 7332 7334 7335
f 7335 7333 7332
f 7334 7336 7337
f 7337 7335 7334
f 7336 7338 7339
f 7339 7337 7336
f 7338 7340 7341
f 7341 7339 7338
f 7340 7310 7313
f 7313 7341 7340
f 7344 7343 7342
f 7344 7342 7345
f 7344 7345 7346
f 7344 7346 7347
f 7344 7347 7348
f 7344 7348 7349
f 7344 7349 7350
f 7344 7350 7351
f 7344 7351 7352
f 7344 7352 7353
f 7344 7353 7354
f 7344 7354 7355
f 7344 7355 7356
f 7344 7356 7357
f 7344 7357 7358
f 7344 7358 7343
f 7359 7360 7361
f 7361 7362 7359
f 7360 7363 7364
f 7364 7361 7360
f 7363 7365 7366
f 7366 7364 7363
f 7365 7367 7368
f 7368 7366 7365
f 7367 7369 7370
f 7370 7368 7367
f 7369 7371 7372
f 7372 7370 7369
f 7371 7373 7374
f 7374 7372 7371
f 7373 7375 7376
f 7376 7374 7373
f 7375 7377 7378
f 7378 7376 7375
f 7377 7379 7380
f 7380 7378 7377
f 7379 7381 7382
f 7382 7380 7379
f 7381 7383 7384
f 7384 7382 7381
f 7383 7385 7386
f 7386 7384 7383
f 7385 7387 7388
f 7388 7386 7385
f 7387 7389 7390
f 7390 7388 7387
f 7389 7359 7362
f 7362 7390 7389
f 7393 7392 7391
f 7393 7391 7394
f 7393 7394 7395
f 7393 7395 7396
f 7393 7396 7397
f 7393 7397 7398
f 7393 7398 7399
f 7393 7399 7400
f 7393 7400 7401
f 7393 7401 7402
f 7393 7402 7403
f 7393 7403 7404
f 7393 7404 7405
f 7393 7405 7406
f 7393 7406 7407
f 7393 7407 7392
f 7408 7409 7410
f 7410 7411 7408
f 7409 7412 7413
f 7413 7410 7409
f 7412 7414 7415
f 7415 7413 7412
f 7414 7416 7417
f 7417 7415 7414
f 7416 7418 7419
f 7419 7417 7416
f 7418 7420 7421
f 7421 7419 7418
f 7420 7422 7423
f 7423 7421 7420
f 7422 7424 7425
f 7425 7423 7422
f 7424 7426 7427
f 7427 7425 7424
f 7426 7428 7429
f 7429 7427 7426
f 7428 7430 7431
f 7431 7429 7428
f 7430 7432 7433
f 7433 7431 7430
f 7432 7434 7435
f 7435 7433 7432
f 7434 7436 7437
f 7437 7435 7434
f 7436 7438 7439
f 7439 7437 7436
f 7438 7408 7411
f 7411 7439 7438
f 7442 7441 7440
f 7442 7440 7443
f 7442 7443 7444
f 7442 7444 7445
f 7442 7445 7446
f 7442 7446 7447
f 7442 7447 7448
f 7442 7448 7449
f 7442 7449 7450
f 7442 7450 7451
f 7442 7451 7452
f 7442 7452 7453
f 7442 7453 7454
f 7442 7454 7455
f 7442 7455 7456
f 7442 7456 7441
f 7457 7458 7459
f 7459 7460 7457
f 7458 7461 7462
f 7462 7459 7458
f 7461 7463 7464
f 7464 7462 7461
f 7463 7465 7466
f 7466 7464 7463
f 7465 7467 7468
f 7468 7466 7465
f 7467 7469 7470
f 7470 7468 7467
f 7469 7471 7472
f 7472 7470 7469
f 7471 7473 7474
f 7474 7472 7471
f 7473 7475 7476
f 7476 7474 7473
f 7475 7477 7478
f 7478 7476 7475
f 7477 7479 7480
f 7480 7478 7477
f 7479 7481 7482
f 7482 7480 7479
f 7481 7483 7484
f 7484 7482 7481
f 7483 7485 7486
f 7486 7484 7483
f 7485 7487 7488
f 7488 7486 7485
f 7487 7457 7460
f 7460 7488 7487
f 7491 7490 7489
f 7491 7489 7492
f 7491 7492 7493
f 7491 7493 7494
f 7491 7494 7495
f 7491 7495 7496
f 7491 7496 7497
f 7491 7497 7498
f 7491 7498 7499
f 7491 7499 7500
f 7491 7500 7501
f 7491 7501 7502
f 7491 7502 7503
f 7491 7503 7504
f 7491 7504 7505
f 7491 7505 7490
f 7506 7507 7508
f 7508 7509 7506
f 7507 7510 7511
f 7511 7508 7507
f 7510 7512 7513
f 7513 7511 7510
f 7512 7514 7515
f 7515 7513 7512
f 7514 7516 7517
f 7517 7515 7514
f 7516 7518 7519
f 7519 7517 7516
f 7518 7520 7521
f 7521 7519 7518
f 7520 7522 7523
f 7523 7521 7520
f 7522 7524 7525
f 7525 7523 7522
f 7524 7526 7527
f 7527 7525 7524
f 7526 7528 7529
f 7529 7527 7526
f 7528 7530 7531
f 7531 7529 7528
f 7530 7532 7533
f 7533 7531 7530
f 7532 7534 7535
f 7535 7533 7532
f 7534 7536 7537
f 7537 7535 7534
f 7536 7506 7509
f 7509 7537 7536
f 7540 7539 7538
f 7540 7538 7541
f 7540 7541 7542
f 7540 7542 7543
f 7540 7543 7544
f 7540 7544 7545
f 7540 7545 7546
f 7540 7546 7547
f 7540 7547 7548
f 7540 7548 7549
f 7540 7549 7550
f 7540 7550 7551
f 7540 7551 7552
f 7540 7552 7553
f 7540 7553 7554
f 7540 7554 7539
f 7555 7556 7557
f 7557 7558 7555
f 7556 7559 7560
f 7560 7557 7556
f 7559 7561 7562
f 7562 7560 7559
f 7561 7563 7564
f 7564 7562 7561
f 7563 7565 7566
f 7566 7564 7563
f 7565 7567 7568
f 7568 7566 7565
f 7567 7569 7570
f 7570 7568 7567
f 7569 7571 7572
f 7572 7570 7569
f 7571 7573 7574
f 7574 7572 7571
f 7573 7575 7576
f 7576 7574 7573
f 7575 7577 7578
f 7578 7576 7575
f 7577 7579 7580
f 7580 7578 7577
f 7579 7581 7582
f 7582 7580 7579
f 7581 7583 7584
f 7584 7582 7581
f 7583 7585 7586
f 7586 7584 7583
f 7585 7555 7558
f 7558 7586 7585
f 7589 7588 7587
f 7589 7587 7590
f 7589 7590 7591
f 7589 7591 7592
f 7589 7592 7593
f 7589 7593 7594
f 7589 7594 7595
f 7589 7595 7596
f 7589 7596 7597
f 7589 7597 7598
f 7589 7598 7599
f 7589 7599 7600
f 7589 7600 7601
f 7589 7601 7602
f 7589 7602 7603
f 7589 7603 7588
f 7604 7605 7606
f 7606 7607 7604
f 7605 7608 7609
f 7609 7606 7605
f 7608 7610 7611
f 7611 7609 7608
f 7610 7612 7613
f 7613 7611 7610
f 7612 7614 7615
f 7615 7613 7612
f 7614 7616 7617
f 7617 7615 7614
f 7616 7618 7619
f 7619 7617 7616
f 7618 7620 7621
f 7621 7619 7618
f 7620 7622 7623
f 7623 7621 7620
f 7622 7624 7625
f 7625 7623 7622
f 7624 7626 7627
f 7627 7625 7624
f 7626 7628 7629
f 7629 7627 7626
f 7628 7630 7631
f 7631 7629 7628
f 7630 7632 7633
f 7633 7631 7630
f 7632 7634 7635
f 7635 7633 7632
f 7634 7604 7607
f 7607 7635 7634
f 7638 7637 7636
f 7638 7636 7639
f 7638 7639 7640
f 7638 7640 7641
f 7638 7641 7642
f 7638 7642 7643
f 7638 7643 7644
f 7638 7644 7645
f 7638 7645 7646
f 7638 7646 7647
f 7638 7647 7648
f 7638 7648 7649
f 7638 7649 7650
f 7638 7650 7651
f 7638 7651 7652
f 7638 7652 7637
f 7653 7654 7655
f 7655 7656 7653
f 7654 7657 7658
f 7658 7655 7654
f 7657 7659 7660
f 7660 7658 7657
f 7659 7661 7662
f 7662 7660 7659
f 7661 7663 7664
f 7664 7662 7661
f 7663 7665 7666
f 7666 7664 7663
f 7665 7667 7668
f 7668 7666 7665
f 7667 7669 7670
f 7670 7668 7667
f 7669 7671 7672
f 7672 7670 7669
f 7671 7673 7674
f 7674 7672 7671
f 7673 7675 7676
f 7676 7674 7673
f 7675 7677 7678
f 7678 7676 7675
f 7677 7679 7680
f 7680 7678 7677
f 7679 7681 7682
f 7682 7680 7679
f 7681 7683 7684
f 7684 7682 7681
f 7683 7653 7656
f 7656 7684 7683
f 7687 7686 7685
f 7687 7685 7688
f 7687 7688 7689
f 7687 7689 7690
f 7687 7690 7691
f 7687 7691 7692
f 7687 7692 7693
f 7687 7693 7694
f 7687 7694 7695
f 7687 7695 7696
f 7687 7696 7697
f 7687 7697 7698
f 7687 7698 7699
f 7687 7699 7700
f 7687 7700 7701
f 7687 7701 7686
f 7702 7703 7704
f 7704 7705 7702
f 7703 7706 7707
f 7707 7704 7703
f 7706 7708 7709
f 7709 7707 7706
f 7708 7710 7711
f 7711 7709 7708
f 7710 7712 7713
f 7713 7711 7710
f 7712 7714 7715
f 7715 7713 7712
f 7714 7716 7717
f 7717 7715 7714
f 7716 7718 7719
f 7719 7717 7716
f 7718 7720 7721
f 7721 7719 7718
f 7720 7722 7723
f 7723 7721 7720
f 7722 7724 7725
f 7725 7723 7722
f 7724 7726 7727
f 7727 7725 7724
f 7726 7728 7729
f 7729 7727 7726
f 7728 7730 7731
f 7731 7729 7728
f 7730 7732 7733
f 7733 7731 7730
f 7732 7702 7705
f 7705 7733 7732
f 7736 7735 7734
f 7736 7734 7737
f 7736 7737 7738
f 7736 7738 7739
f 7736 7739 7740
f 7736 7740 7741
f 7736 7741 7742
f 7736 7742 7743
f 7736 7743 7744
f 7736 7744 7745
f 7736 7745 7746
f 7736 7746 7747
f 7736 7747 7748
f 7736 7748 7749
f 7736 7749 7750
f 7736 7750 7735
f 7751 7752 7753
f 7753 7754 7751
f 7752 7755 7756
f 7756 7753 7752
f 7755 7757 7758
f 7758 7756 7755
f 7757 7759 7760
f 7760 7758 7757
f 7759 7761 7762
f 7762 7760 7759
f 7761 7763 7764
f 7764 7762 7761
f 7763 7765 7766
f 7766 7764 7763
f 7765 7767 7768
f 7768 7766 7765
f 7767 7769 7770
f 7770 7768 7767
f 7769 7771 7772
f 7772 7770 7769
f 7771 7773 7774
f 7774 7772 7771
f 7773 7775 7776
f 7776 7774 7773
f 7775 7777 7778
f 7778 7776 7775
f 7777 7779 7780
f 7780 7778 7777
f 7779 7781 7782
f 7782 7780 7779
f 7781 7751 7754
f 7754 7782 7781
f 7785 7784 7783
f 7785 7783 7786
f 7785 7786 7787
f 7785 7787 7788
f 7785 7788 7789
f 7785 7789 7790
f 7785 7790 7791
f 7785 7791 7792
f 7785 7792 7793
f 7785 7793 7794
f 7785 7794 7795
f 7785 7795 7796
f 7785 7796 7797
f 7785 7797 7798
f 7785 7798 7799
f 7785 7799 7784
f 7800 7801 7802
f 7802 7803 7800
f 7801 7804 7805
f 7805 7802 7801
f 7804 7806 7807
f 7807 7805 7804
f 7806 7808 7809
f 7809 7807 7806
f 7808 7810 7811
f 7811 7809 7808
f 7810 7812 7813
f 7813 7811 7810
f 7812 7814 7815
f 7815 7813 7812
f 7814 7816 7817
f 7817 7815 7814
f 7816 7818 7819
f 7819 7817 7816
f 7818 7820 7821
f 7821 7819 7818
f 7820 7822 7823
f 7823 7821 7820
f 7822 7824 7825
f 7825 7823 7822
f 7824 7826 7827
f 7827 7825 7824
f 7826 7828 7829
f 7829 7827 7826
f 7828 7830 7831
f 7831 7829 7828
f 7830 7800 7803
f 7803 7831 7830
f 7834 7833 7832
f 7834 7832 7835
f 7834 7835 7836
f 7834 7836 7837
f 7834 7837 7838
f 7834 7838 7839
f 7834 7839 7840
f 7834 7840 7841
f 7834 7841 7842
f 7834 7842 7843
f 7834 7843 7844
f 7834 7844 7845
f 7834 7845 7846
f 7834 7846 7847
f 7834 7847 7848
f 7834 7848 7833
f 7849 7850 7851
f 7851 7852 7849
f 7850 7853 7854
f 7854 7851 7850
f 7853 7855 7856
f 7856 7854 7853
f 7855 7857 7858
f 7858 7856 7855
f 7857 7859 7860
f 7860 7858 7857
f 7859 7861 7862
f 7862 7860 7859
f 7861 7863 7864
f 7864 7862 7861
f 7863 7865 7866
f 7866 7864 7863
f 7865 7867 7868
f 7868 7866 7865
f 7867 7869 7870
f 7870 7868 7867
f 7869 7871 7872
f 7872 7870 7869
f 7871 7873 7874
f 7874 7872 7871
f 7873 7875 7876
f 7876 7874 7873
f 7875 7877 7878
f 7878 7876 7875
f 7877 7879 7880
f 7880 7878 7877
f 7879 7849 7852
f 7852 7880 7879
f 7883 7882 7881
f 7883 7881 7884
f 7883 7884 7885
f 7883 7885 7886
f 7883 7886 7887
f 7883 7887 7888
f 7883 7888 7889
f 7883 7889 7890
f 7883 7890 7891
f 7883 7891 7892
f 7883 7892 7893
f 7883 7893 7894
f 7883 7894 7895
f 7883 7895 7896
f 7883 7896 7897
f 7883 7897 7882
f 7898 7899 7900
f 7900 7901 7898
f 7899 7902 7903
f 7903 7900 7899
f 7902 7904 7905
f 7905 7903 7902
f 7904 7906 7907
f 7907 7905 7904
f 7906 7908 7909
f 7909 7907 7906
f 7908 7910 7911
f 7911 7909 7908
f 7910 7912 7913
f 7913 7911 7910
f 7912 7914 7915
f 7915 7913 7912
f 7914 7916 7917
f 7917 7915 7914
f 7916 7918 7919
f 7919 7917 7916
f 7918 7920 7921
f 7921 7919 7918
f 7920 7922 7923
f 7923 7921 7920
f 7922 7924 7925
f 7925 7923 7922
f 7924 7926 7927
f 7927 7925 7924
f 7926 7928 7929
f 7929 7927 7926
f 7928 7898 7901
f 7901 7929 7928
f 7932 7931 7930
f 7932 7930 7933
f 7932 7933 7934
f 7932 7934 7935
f 7932 7935 7936
f 7932 7936 7937
f 7932 7937 7938
f 7932 7938 7939
f 7932 7939 7940
f 7932 7940 7941
f 7932 7941 7942
f 7932 7942 7943
f 7932 7943 7944
f 7932 7944 7945
f 7932 7945 7946
f 7932 7946 7931
f 7947 7948 7949
f 7949 7950 7947
f 7948 7951 7952
f 7952 7949 7948
f 7951 7953 7954
f 7954 7952 7951
f 7953 7955 7956
f 7956 7954 7953
f 7955 7957 7958
f 7958 7956 7955
f 7957 7959 7960
f 7960 7958 7957
f 7959 7961 7962
f 7962 7960 7959
f 7961 7963 7964
f 7964 7962 7961
f 7963 7965 7966
f 7966 7964 7963
f 7965 7967 7968
f 7968 7966 7965
f 7967 7969 7970
f 7970 7968 7967
f 7969 7971 7972
f 7972 7970 7969
f 7971 7973 7974
f 7974 7972 7971
f 7973 7975 7976
f 7976 7974 7973
f 7975 7977 7978
f 7978 7976 7975
f 7977 7947 7950
f 7950 7978 7977
f 7981 7980 7979
f 7981 7979 7982
f 7981 7982 7983
f 7981 7983 7984
f 7981 7984 7985
f 7981 7985 7986
f 7981 7986 7987
f 7981 7987 7988
f 7981 7988 7989
f 7981 7989 7990
f 7981 7990 7991
f 7981 7991 7992
f 7981 7992 7993
f 7981 7993 7994
f 7981 7994 7995
f 7981 7995 7980
f 7996 7997 7998
f 7998 7999 7996
f 7997 8000 8001
f 8001 7998 7997
f 8000 8002 8003
f 8003 8001 8000
f 8002 8004 8005
f 8005 8003 8002
f 8004 8006 8007
f 8007 8005 8004
f 8006 8008 8009
f 8009 8007 8006
f 8008 8010 8011
f 8011 8009 8008
f 8010 8012 8013
f 8013 8011 8010
f 8012 8014 8015
f 8015 8013 8012
f 8014 8016 8017
f 8017 8015 8014
f 8016 8018 8019
f 8019 8017 8016
f 8018 8020 8021
f 8021 8019 8018
f 8020 8022 8023
f 8023 8021 8020
f 8022 8024 8025
f 8025 8023 8022
f 8024 8026 8027
f 8027 8025 8024
f 8026 7996 7999
f 7999 8027 8026
f 8030 8029 8028
f 8030 8028 8031
f 8030 8031 8032
f 8030 8032 8033
f 8030 8033 8034
f 8030 8034 8035
f 8030 8035 8036
f 8030 8036 8037
f 8030 8037 8038
f 8030 8038 8039
f 8030 8039 8040
f 8030 8040 8041
f 8030 8041 8042
f 8030 8042 8043
f 8030 8043 8044
f 8030 8044 8029
f 8045 8046 8047
f 8047 8048 8045
f 8046 8049 8050
f 8050 8047 8046
f 8049 8051 8052
f 8052 8050 8049
f 8051 8053 8054
f 8054 8052 8051
f 8053 8055 8056
f 8056 8054 8053
f 8055 8057 8058
f 8058 8056 8055
f 8057 8059 8060
f 8060 8058 8057
f 8059 8061 8062
f 8062 8060 8059
f 8061 8063 8064
f 8064 8062 8061
f 8063 8065 8066
f 8066 8064 8063
f 8065 8067 8068
f 8068 8066 8065
f 8067 8069 8070
f 8070 8068 8067
f 8069 8071 8072
f 8072 8070 8069
f 8071 8073 8074
f 8074 8072 8071
f 8073 8075 8076
f 8076 8074 8073
f 8075 8045 8048
f 8048 8076 8075
f 8079 8078 8077
f 8079 8077 8080
f 8079 8080 8081
f 8079 8081 8082
f 8079 8082 8083
f 8079 8083 8084
f 8079 8084 8085
f 8079 8085 8086
f 8079 8086 8087
f 8079 8087 8088
f 8079 8088 8089
f 8079 8089 8090
f 8079 8090 8091
f 8079 8091 8092
f 8079 8092 8093
f 8079 8093 8078
f 8094 8095 8096
f 8096 8097 8094
f 8095 8098 8099
f 8099 8096 8095
f 8098 8100 8101
f 8101 8099 8098
f 8100 8102 8103
f 8103 8101 8100
f 8102 8104 8105
f 8105 8103 8102
f 8104 8106 8107
f 8107 8105 8104
f 8106 8108 8109
f 8109 8107 8106
f 8108 8110 8111
f 8111 8109 8108
f 8110 8112 8113
f 8113 8111 8110
f 8112 8114 8115
f 8115 8113 8112
f 8114 8116 8117
f 8117 8115 8114
f 8116 8118 8119
f 8119 8117 8116
f 8118 8120 8121
f 8121 8119 8118
f 8120 8122 8123
f 8123 8121 8120
f 8122 8124 8125
f 8125 8123 8122
f 8124 8094 8097
f 8097 8125 8124
f 8128 8127 8126
f 8128 8126 8129
f 8128 8129 8130
f 8128 8130 8131
f 8128 8131 8132
f 8128 8132 8133
f 8128 8133 8134
f 8128 8134 8135
f 8128 8135 8136
f 8128 8136 8137
f 8128 8137 8138
f 8128 8138 8139
f 8128 8139 8140
f 8128 8140 8141
f 8128 8141 8142
f 8128 8142 8127
f 8143 8144 8145
f 8145 8146 8143
f 8144 8147 8148
f 8148 8145 8144
f 8147 8149 8150
f 8150 8148 8147
f 8149 8151 8152
f 8152 8150 8149
f 8151 8153 8154
f 8154 8152 8151
f 8153 8155 8156
f 8156 8154 8153
f 8155 8157 8158
f 8158 8156 8155
f 8157 8159 8160
f 8160 8158 8157
f 8159 8161 8162
f 8162 8160 8159
f 8161 8163 8164
f 8164 8162 8161
f 8163 8165 8166
f 8166 8164 8163
f 8165 8167 8168
f 8168 8166 8165
f 8167 8169 8170
f 8170 8168 8167
f 8169 8171 8172
f 8172 8170 8169
f 8171 8173 8174
f 8174 8172 8171
f 8173 8143 8146
f 8146 8174 8173
f 8177 8176 8175
f 8177 8175 8178
f 8177 8178 8179
f 8177 8179 8180
f 8177 8180 8181
f 8177 8181 8182
f 8177 8182 8183
f 8177 8183 8184
f 8177 8184 8185
f 8177 8185 8186
f 8177 8186 8187
f 8177 8187 8188
f 8177 8188 8189
f 8177 8189 8190
f 8177 8190 8191
f 8177 8191 8176
f 8192 8193 8194
f 8194 8195 8192
f 8193 8196 8197
f 8197 8194 8193
f 8196 8198 8199
f 8199 8197 8196
f 8198 8200 8201
f 8201 8199 8198
f 8200 8202 8203
f 8203 8201 8200
f 8202 8204 8205
f 8205 8203 8202
f 8204 8206 8207
f 8207 8205 8204
f 8206 8208 8209
f 8209 8207 8206
f 8208 8210 8211
f 8211 8209 8208
f 8210 8212 8213
f 8213 8211 8210
f 8212 8214 8215
f 8215 8213 8212
f 8214 8216 8217
f 8217 8215 8214
f 8216 8218 8219
f 8219 8217 8216
f 8218 8220 8221
f 8221 8219 8218
f 8220 8222 8223
f 8223 8221 8220
f 8222 8192 8195
f 8195 8223 8222
f 8226 8225 8224
f 8226 8224 8227
f 8226 8227 8228
f 8226 8228 8229
f 8226 8229 8230
f 8226 8230 8231
f 8226 8231 8232
f 8226 8232 8233
f 8226 8233 8234
f 8226 8234 8235
f 8226 8235 8236
f 8226 8236 8237
f 8226 8237 8238
f 8226 8238 8239
f 8226 8239 8240
f 8226 8240 8225
f 8241 8242 8243
f 8243 8244 8241
f 8242 8245 8246
f 8246 8243 8242
f 8245 8247 8248
f 8248 8246 8245
f 8247 8249 8250
f 8250 8248 8247
f 8249 8251 8252
f 8252 8250 8249
f 8251 8253 8254
f 8254 8252 8251
f 8253 8255 8256
f 8256 8254 8253
f 8255 8257 8258
f 8258 8256 8255
f 8257 8259 8260
f 8260 8258 8257
f 8259 8261 8262
f 8262 8260 8259
f 8261 8263 8264
f 8264 8262 8261
f 8263 8265 8266
f 8266 8264 8263
f 8265 8267 8268
f 8268 8266 8265
f 8267 8269 8270
f 8270 8268 8267
f 8269 8271 8272
f 8272 8270 8269
f 8271 8241 8244
f 8244 8272 8271
f 8275 8274 8273
f 8275 8273 8276
f 8275 8276 8277
f 8275 8277 8278
f 8275 8278 8279
f 8275 8279 8280
f 8275 8280 8281
f 8275 8281 8282
f 8275 8282 8283
f 8275 8283 8284
f 8275 8284 8285
f 8275 8285 8286
f 8275 8286 8287
f 8275 8287 8288
f 8275 8288 8289
f 8275 8289 8274
f 8290 8291 8292
f 8292 8293 8290
f 8291 8294 8295
f 8295 8292 8291
f 8294 8296 8297
f 8297 8295 8294
f 8296 8298 8299
f 8299 8297 8296
f 8298 8300 8301
f 8301 8299 8298
f 8300 8302 8303
f 8303 8301 8300
f 8302 8304 8305
f 8305 8303 8302
f 8304 8306 8307
f 8307 8305 8304
f 8306 8308 8309
f 8309 8307 8306
f 8308 8310 8311
f 8311 8309 8308
f 8310 8312 8313
f 8313 8311 8310
f 8312 8314 8315
f 8315 8313 8312
f 8314 8316 8317
f 8317 8315 8314
f 8316 8318 8319
f 8319 8317 8316
f 8318 8320 8321
f 8321 8319 8318
f 8320 8290 8293
f 8293 8321 8320
f 8324 8323 8322
f 8324 8322 8325
f 8324 8325 8326
f 8324 8326 8327
f 8324 8327 8328
f 8324 8328 8329
f 8324 8329 8330
f 8324 8330 8331
f 8324 8331 8332
f 8324 8332 8333
f 8324 8333 8334
f 8324 8334 8335
f 8324 8335 8336
f 8324 8336 8337
f 8324 8337 8338
f 8324 8338 8323
f 8339 8340 8341
f 8341 8342 8339
f 8340 8343 8344
f 8344 8341 8340
f 8343 8345 8346
f 8346 8344 8343
f 8345 8347 8348
f 8348 8346 8345
f 8347 8349 8350
f 8350 8348 8347
f 8349 8351 8352
f 8352 8350 8349
f 8351 8353 8354
f 8354 8352 8351
f 8353 8355 8356
f 8356 8354 8353
f 8355 8357 8358
f 8358 8356 8355
f 8357 8359 8360
f 8360 8358 8357
f 8359 8361 8362
f 8362 8360 8359
f 8361 8363 8364
f 8364 8362 8361
f 8363 8365 8366
f 8366 8364 8363
f 8365 8367 8368
f 8368 8366 8365
f 8367 8369 8370
f 8370 8368 8367
f 8369 8339 8342
f 8342 8370 8369
f 8373 8372 8371
f 8373 8371 8374
f 8373 8374 8375
f 8373 8375 8376
f 8373 8376 8377
f 8373 8377 8378
f 8373 8378 8379
f 8373 8379 8380
f 8373 8380 8381
f 8373 8381 8382
f 8373 8382 8383
f 8373 8383 8384
f 8373 8384 8385
f 8373 8385 8386
f 8373 8386 8387
f 8373 8387 8372
f 8388 8389 8390
f 8390 8391 8388
f 8389 8392 8393
f 8393 8390 8389
f 8392 8394 8395
f 8395 8393 8392
f 8394 8396 8397
f 8397 8395 8394
f 8396 8398 8399
f 8399 8397 8396
f 8398 8400 8401
f 8401 8399 8398
f 8400 8402 8403
f 8403 8401 8400
f 8402 8404 8405
f 8405 8403 8402
f 8404 8406 8407
f 8407 8405 8404
f 8406 8408 8409
f 8409 8407 8406
f 8408 8410 8411
f 8411 8409 8408
f 8410 8412 8413
f 8413 8411 8410
f 8412 8414 8415
f 8415 8413 8412
f 8414 8416 8417
f 8417 8415 8414
f 8416 8418 8419
f 8419 8417 8416
f 8418 8388 8391
f 8391 8419 8418
f 8422 8421 8420
f 8422 8420 8423
f 8422 8423 8424
f 8422 8424 8425
f 8422 8425 8426
f 8422 8426 8427
f 8422 8427 8428
f 8422 8428 8429
f 8422 8429 8430
f 8422 8430 8431
f 8422 8431 8432
f 8422 8432 8433
f 8422 8433 8434
f 8422 8434 8435
f 8422 8435 8436
f 8422 8436 8421
f 8437 8438 8439
f 8439 8440 8437
f 8438 8441 8442
f 8442 8439 8438
f 8441 8443 8444
f 8444 8442 8441
f 8443 8445 8446
f 8446 8444 8443
f 8445 8447 8448
f 8448 8446 8445
f 8447 8449 8450
f 8450 8448 8447
f 8449 8451 8452
f 8452 8450 8449
f 8451 8453 8454
f 8454 8452 8451
f 8453 8455 8456
f 8456 8454 8453
f 8455 8457 8458
f 8458 8456 8455
f 8457 8459 8460
f 8460 8458 8457
f 8459 8461 8462
f 8462 8460 8459
f 8461 8463 8464
f 8464 8462 8461
f 8463 8465 8466
f 8466 8464 8463
f 8465 8467 8468
f 8468 8466 8465
f 8467 8437 8440
f 8440 8468 8467
f 8471 8470 8469
f 8471 8469 8472
f 8471 8472 8473
f 8471 8473 8474
f 8471 8474 8475
f 8471 8475 8476
f 8471 8476 8477
f 8471 8477 8478
f 8471 8478 8479
f 8471 8479 8480
f 8471 8480 8481
f 8471 8481 8482
f 8471 8482 8483
f 8471 8483 8484
f 8471 8484 8485
f 8471 8485 8470
f 8486 8487 8488
f 8488 8489 8486
f 8487 8490 8491
f 8491 8488 8487
f 8490 8492 8493
f 8493 8491 8490
f 8492 8494 8495
f 8495 8493 8492
f 8494 8496 8497
f 8497 8495 8494
f 8496 8498 8499
f 8499 8497 8496
f 8498 8500 8501
f 8501 8499 8498
f 8500 8502 8503
f 8503 8501 8500
f 8502 8504 8505
f 8505 8503 8502
f 8504 8506 8507
f 8507 8505 8504
f 8506 8508 8509
f 8509 8507 8506
f 8508 8510 8511
f 8511 8509 8508
f 8510 8512 8513
f 8513 8511 8510
f 8512 8514 8515
f 8515 8513 8512
f 8514 8516 8517
f 8517 8515 8514
f 8516 8486 8489
f 8489 8517 8516
f 8520 8519 8518
f 8520 8518 8521
f 8520 8521 8522
f 8520 8522 8523
f 8520 8523 8524
f 8520 8524 8525
f 8520 8525 8526
f 8520 8526 8527
f 8520 8527 8528
f 8520 8528 8529
f 8520 8529 8530
f 8520 8530 8531
f 8520 8531 8532
f 8520 8532 8533
f 8520 8533 8534
f 8520 8534 8519
f 8535 8536 8537
f 8537 8538 8535
f 8536 8539 8540
f 8540 8537 8536
f 8539 8541 8542
f 8542 8540 8539
f 8541 8543 8544
f 8544 8542 8541
f 8543 8545 8546
f 8546 8544 8543
f 8545 8547 8548
f 8548 8546 8545
f 8547 8549 8550
f 8550 8548 8547
f 8549 8551 8552
f 8552 8550 8549
f 8551 8553 8554
f 8554 8552 8551
f 8553 8555 8556
f 8556 8554 8553
f 8555 8557 8558
f 8558 8556 8555
f 8557 8559 8560
f 8560 8558 8557
f 8559 8561 8562
f 8562 8560 8559
f 8561 8563 8564
f 8564 8562 8561
f 8563 8565 8566
f 8566 8564 8563
f 8565 8535 8538
f 8538 8566 8565
f 8569 8568 8567
f 8569 8567 8570
f 8569 8570 8571
f 8569 8571 8572
f 8569 8572 8573
f 8569 8573 8574
f 8569 8574 8575
f 8569 8575 8576
f 8569 8576 8577
f 8569 8577 8578
f 8569 8578 8579
f 8569 8579 8580
f 8569 8580 8581
f 8569 8581 8582
f 8569 8582 8583
f 8569 8583 8568
f 8584 8585 8586
f 8586 8587 8584
f 8585 8588 8589
f 8589 8586 8585
f 8588 8590 8591
f 8591 8589 8588
f 8590 8592 8593
f 8593 8591 8590
f 8592 8594 8595
f 8595 8593 8592
f 8594 8596 8597
f 8597 8595 8594
f 8596 8598 8599
f 8599 8597 8596
f 8598 8600 8601
f 8601 8599 8598
f 8600 8602 8603
f 8603 8601 8600
f 8602 8604 8605
f 8605 8603 8602
f 8604 8606 8607
f 8607 8605 8604
f 8606 8608 8609
f 8609 8607 8606
f 8608 8610 8611
f 8611 8609 8608
f 8610 8612 8613
f 8613 8611 8610
f 8612 8614 8615
f 8615 8613 8612
f 8614 8584 8587
f 8587 8615 8614
f 8618 8617 8616
f 8618 8616 8619
f 8618 8619 8620
f 8618 8620 8621
f 8618 8621 8622
f 8618 8622 8623
f 8618 8623 8624
f 8618 8624 8625
f 8618 8625 8626
f 8618 8626 8627
f 8618 8627 8628
f 8618 8628 8629
f 8618 8629 8630
f 8618 8630 8631
f 8618 8631 8632
f 8618 8632 8617
f 8633 8634 8635
f 8635 8636 8633
f 8634 8637 8638
f 8638 8635 8634
f 8637 8639 8640
f 8640 8638 8637
f 8639 8641 8642
f 8642 8640 8639
f 8641 8643 8644
f 8644 8642 8641
f 8643 8645 8646
f 8646 8644 8643
f 8645 8647 8648
f 8648 8646 8645
f 8647 8649 8650
f 8650 8648 8647
f 8649 8651 8652
f 8652 8650 8649
f 8651 8653 8654
f 8654 8652 8651
f 8653 8655 8656
f 8656 8654 8653
f 8655 8657 8658
f 8658 8656 8655
f 8657 8659 8660
f 8660 8658 8657
f 8659 8661 8662
f 8662 8660 8659
f 8661 8663 8664
f 8664 8662 8661
f 8663 8633 8636
f 8636 8664 8663
f 8667 8666 8665
f 8667 8665 8668
f 8667 8668 8669
f 8667 8669 8670
f 8667 8670 8671
f 8667 8671 8672
f 8667 8672 8673
f 8667 8673 8674
f 8667 8674 8675
f 8667 8675 8676
f 8667 8676 8677
f 8667 8677 8678
f 8667 8678 8679
f 8667 8679 8680
f 8667 8680 8681
f 8667 8681 8666
f 8682 8683 8684
f 8684 8685 8682
f 8683 8686 8687
f 8687 8684 8683
f 8686 8688 8689
f 8689 8687 8686
f 8688 8690 8691
f 8691 8689 8688
f 8690 8692 8693
f 8693 8691 8690
f 8692 8694 8695
f 8695 8693 8692
f 8694 8696 8697
f 8697 8695 8694
f 8696 8698 8699
f 8699 8697 8696
f 8698 8700 8701
f 8701 8699 8698
f 8700 8702 8703
f 8703 8701 8700
f 8702 8704 8705
f 8705 8703 8702
f 8704 8706 8707
f 8707 8705 8704
f 8706 8708 8709
f 8709 8707 8706
f 8708 8710 8711
f 8711 8709 8708
f 8710 8712 8713
f 8713 8711 8710
f 8712 8682 8685
f 8685 8713 8712
f 8716 8715 8714
f 8716 8714 8717
f 8716 8717 8718
f 8716 8718 8719
f 8716 8719 8720
f 8716 8720 8721
f 8716 8721 8722
f 8716 8722 8723
f 8716 8723 8724
f 8716 8724 8725
f 8716 8725 8726
f 8716 8726 8727
f 8716 8727 8728
f 8716 8728 8729
f 8716 8729 8730
f 8716 8730 8715
f 8731 8732 8733
f 8733 8734 8731
f 8732 8735 8736
f 8736 8733 8732
f 8735 8737 8738
f 8738 8736 8735
f 8737 8739 8740
f 8740 8738 8737
f 8739 8741 8742
f 8742 8740 8739
f 8741 8743 8744
f 8744 8742 8741
f 8743 8745 8746
f 8746 8744 8743
f 8745 8747 8748
f 8748 8746 8745
f 8747 8749 8750
f 8750 8748 8747
f 8749 8751 8752
f 8752 8750 8749
f 8751 8753 8754
f 8754 8752 8751
f 8753 8755 8756
f 8756 8754 8753
f 8755 8757 8758
f 8758 8756 8755
f 8757 8759 8760
f 8760 8758 8757
f 8759 8761 8762
f 8762 8760 8759
f 8761 8731 8734
f 8734 8762 8761
f 8765 8764 8763
f 8765 8763 8766
f 8765 8766 8767
f 8765 8767 8768
f 8765 8768 8769
f 8765 8769 8770
f 8765 8770 8771
f 8765 8771 8772
f 8765 8772 8773
f 8765 8773 8774
f 8765 8774 8775
f 8765 8775 8776
f 8765 8776 8777
f 8765 8777 8778
f 8765 8778 8779
f 8765 8779 8764
f 8780 8781 8782
f 8782 8783 8780
f 8781 8784 8785
f 8785 8782 8781
f 8784 8786 8787
f 8787 8785 8784
f 8786 8788 8789
f 8789 8787 8786
f 8788 8790 8791
f 8791 8789 8788
f 8790 8792 8793
f 8793 8791 8790
f 8792 8794 8795
f 8795 8793 8792
f 8794 8796 8797
f 8797 8795 8794
f 8796 8798 8799
f 8799 8797 8796
f 8798 8800 8801
f 8801 8799 8798
f 8800 8802 8803
f 8803 8801 8800
f 8802 8804 8805
f 8805 8803 8802
f 8804 8806 8807
f 8807 8805 8804
f 8806 8808 8809
f 8809 8807 8806
f 8808 8810 8811
f 8811 8809 8808
f 8810 8780 8783
f 8783 8811 8810
f 8814 8813 8812
f 8814 8812 8815
f 8814 8815 8816
f 8814 8816 8817
f 8814 8817 8818
f 8814 8818 8819
f 8814 8819 8820
f 8814 8820 8821
f 8814 8821 8822
f 8814 8822 8823
f 8814 8823 8824
f 8814 8824 8825
f 8814 8825 8826
f 8814 8826 8827
f 8814 8827 8828
f 8814 8828 8813
f 8829 8830 8831
f 8831 8832 8829
f 8830 8833 8834
f 8834 8831 8830
f 8833 8835 8836
f 8836 8834 8833
f 8835 8837 8838
f 8838 8836 8835
f 8837 8839 8840
f 8840 8838 8837
f 8839 8841 8842
f 8842 8840 8839
f 8841 8843 8844
f 8844 8842 8841
f 8843 8845 8846
f 8846 8844 8843
f 8845 8847 8848
f 8848 8846 8845
f 8847 8849 8850
f 8850 8848 8847
f 8849 8851 8852
f 8852 8850 8849
f 8851 8853 8854
f 8854 8852 8851
f 8853 8855 8856
f 8856 8854 8853
f 8855 8857 8858
f 8858 8856 8855
f 8857 8859 8860
f 8860 8858 8857
f 8859 8829 8832
f 8832 8860 8859
f 8863 8862 8861
f 8863 8861 8864
f 8863 8864 8865
f 8863 8865 8866
f 8863 8866 8867
f 8863 8867 8868
f 8863 8868 8869
f 8863 8869 8870
f 8863 8870 8871
f 8863 8871 8872
f 8863 8872 8873
f 8863 8873 8874
f 8863 8874 8875
f 8863 8875 8876
f 8863 8876 8877
f 8863 8877 8862
f 8878 8879 8880
f 8880 8881 8878
f 8879 8882 8883
f 8883 8880 8879
f 8882 8884 8885
f 8885 8883 8882
f 8884 8886 8887
f 8887 8885 8884
f 8886 8888 8889
f 8889 8887 8886
f 8888 8890 8891
f 8891 8889 8888
f 8890 8892 8893
f 8893 8891 8890
f 8892 8894 8895
f 8895 8893 8892
f 8894 8896 8897
f 8897 8895 8894
f 8896 8898 8899
f 8899 8897 8896
f 8898 8900 8901
f 8901 8899 8898
f 8900 8902 8903
f 8903 8901 8900
f 8902 8904 8905
f 8905 8903 8902
f 8904 8906 8907
f 8907 8905 8904
f 8906 8908 8909
f 8909 8907 8906
f 8908 8878 8881
f 8881 8909 8908
f 8912 8911 8910
f 8912 8910 8913
f 8912 8913 8914
f 8912 8914 8915
f 8912 8915 8916
f 8912 8916 8917
f 8912 8917 8918
f 8912 8918 8919
f 8912 8919 8920
f 8912 8920 8921
f 8912 8921 8922
f 8912 8922 8923
f 8912 8923 8924
f 8912 8924 8925
f 8912 8925 8926
f 8912 8926 8911
f 8927 8928 8929
f 8929 8930 8927
f 8928 8931 8932
f 8932 8929 8928
f 8931 8933 8934
f 8934 8932 8931
f 8933 8935 8936
f 8936 8934 8933
f 8935 8937 8938
f 8938 8936 8935
f 8937 8939 8940
f 8940 8938 8937
f 8939 8941 8942
f 8942 8940 8939
f 8941 8943 8944
f 8944 8942 8941
f 8943 8945 8946
f 8946 8944 8943
f 8945 8947 8948
f 8948 8946 8945
f 8947 8949 8950
f 8950 8948 8947
f 8949 8951 8952
f 8952 8950 8949
f 8951 8953 8954
f 8954 8952 8951
f 8953 8955 8956
f 8956 8954 8953
f 8955 8957 8958
f 8958 8956 8955
f 8957 8927 8930
f 8930 8958 8957
f 8961 8960 8959
f 8961 8959 8962
f 8961 8962 8963
f 8961 8963 8964
f 8961 8964 8965
f 8961 8965 8966
f 8961 8966 8967
f 8961 8967 8968
f 8961 8968 8969
f 8961 8969 8970
f 8961 8970 8971
f 8961 8971 8972
f 8961 8972 8973
f 8961 8973 8974
f 8961 8974 8975
f 8961 8975 8960
f 8976 8977 8978
f 8978 8979 8976
f 8977 8980 8981
f 8981 8978 8977
f 8980 8982 8983
f 8983 8981 8980
f 8982 8984 8985
f 8985 8983 8982
f 8984 8986 8987
f 8987 8985 8984
f 8986 8988 8989
f 8989 8987 8986
f 8988 8990 8991
f 8991 8989 8988
f 8990 8992 8993
f 8993 8991 8990
f 8992 8994 8995
f 8995 8993 8992
f 8994 8996 8997
f 8997 8995 8994
f 8996 8998 8999
f 8999 8997 8996
f 8998 9000 9001
f 9001 8999 8998
f 9000 9002 9003
f 9003 9001 9000
f 9002 9004 9005
f 9005 9003 9002
f 9004 9006 9007
f 9007 9005 9004
f 9006 8976 8979
f 8979 9007 9006
f 9010 9009 9008
f 9010 9008 9011
f 9010 9011 9012
f 9010 9012 9013
f 9010 9013 9014
f 9010 9014 9015
f 9010 9015 9016
f 9010 9016 9017
f 9010 9017 9018
f 9010 9018 9019
f 9010 9019 9020
f 9010 9020 9021
f 9010 9021 9022
f 9010 9022 9023
f 9010 9023 9024
f 9010 9024 9009
f 9025 9026 9027
f 9027 9028 9025
f 9026 9029 9030
f 9030 9027 9026
f 9029 9031 9032
f 9032 9030 9029
f 9031 9033 9034
f 9034 9032 9031
f 9033 9035 9036
f 9036 9034 9033
f 9035 9037 9038
f 9038 9036 9035
f 9037 9039 9040
f 9040 9038 9037
f 9039 9041 9042
f 9042 9040 9039
f 9041 9043 9044
f 9044 9042 9041
f 9043 9045 9046
f 9046 9044 9043
f 9045 9047 9048
f 9048 9046 9045
f 9047 9049 9050
f 9050 9048 9047
f 9049 9051 9052
f 9052 9050 9049
f 9051 9053 9054
f 9054 9052 9051
f 9053 9055 9056
f 9056 9054 9053
f 9055 9025 9028
f 9028 9056 9055
f 9059 9058 9057
f 9059 9057 9060
f 9059 9060 9061
f 9059 9061 9062
f 9059 9062 9063
f 9059 9063 9064
f 9059 9064 9065
f 9059 9065 9066
f 9059 9066 9067
f 9059 9067 9068
f 9059 9068 9069
f 9059 9069 9070
f 9059 9070 9071
f 9059 9071 9072
f 9059 9072 9073
f 9059 9073 9058
f 9074 9075 9076
f 9076 9077 9074
f 9075 9078 9079
f 9079 9076 9075
f 9078 9080 9081
f 9081 9079 9078
f 9080 9082 9083
f 9083 9081 9080
f 9082 9084 9085
f 9085 9083 9082
f 9084 9086 9087
f 9087 9085 9084
f 9086 9088 9089
f 9089 9087 9086
f 9088 9090 9091
f 9091 9089 9088
f 9090 9092 9093
f 9093 9091 9090
f 9092 9094 9095
f 9095 9093 9092
f 9094 9096 9097
f 9097 9095 9094
f 9096 9098 9099
f 9099 9097 9096
f 9098 9100 9101
f 9101 9099 9098
f 9100 9102 9103
f 9103 9101 9100
f 9102 9104 9105
f 9105 9103 9102
f 9104 9074 9077
f 9077 9105 9104
f 9108 9107 9106
f 9108 9106 9109
f 9108 9109 9110
f 9108 9110 9111
f 9108 9111 9112
f 9108 9112 9113
f 9108 9113 9114
f 9108 9114 9115
f 9108 9115 9116
f 9108 9116 9117
f 9108 9117 9118
f 9108 9118 9119
f 9108 9119 9120
f 9108 9120 9121
f 9108 9121 9122
f 9108 9122 9107
f 9123 9124 9125
f 9125 9126 9123
f 9124 9127 9128
f 9128 9125 9124
f 9127 9129 9130
f 9130 9128 9127
f 9129 9131 9132
f 9132 9130 9129
f 9131 9133 9134
f 9134 9132 9131
f 9133 9135 9136
f 9136 9134 9133
f 9135 9137 9138
f 9138 9136 9135
f 9137 9139 9140
f 9140 9138 9137
f 9139 9141 9142
f 9142 9140 9139
f 9141 9143 9144
f 9144 9142 9141
f 9143 9145 9146
f 9146 9144 9143
f 9145 9147 9148
f 9148 9146 9145
f 9147 9149 9150
f 9150 9148 9147
f 9149 9151 9152
f 9152 9150 9149
f 9151 9153 9154
f 9154 9152 9151
f 9153 9123 9126
f 9126 9154 9153
f 9157 9156 9155
f 9157 9155 9158
f 9157 9158 9159
f 9157 9159 9160
f 9157 9160 9161
f 9157 9161 9162
f 9157 9162 9163
f 9157 9163 9164
f 9157 9164 9165
f 9157 9165 9166
f 9157 9166 9167
f 9157 9167 9168
f 9157 9168 9169
f 9157 9169 9170
f 9157 9170 9171
f 9157 9171 9156
f 9172 9173 9174
f 9174 9175 9172
f 9173 9176 9177
f 9177 9174 9173
f 9176 9178 9179
f 9179 9177 9176
f 9178 9180 9181
f 9181 9179 9178
f 9180 9182 9183
f 9183 9181 9180
f 9182 9184 9185
f 9185 9183 9182
f 9184 9186 9187
f 9187 9185 9184
f 9186 9188 9189
f 9189 9187 9186
f 9188 9190 9191
f 9191 9189 9188
f 9190 9192 9193
f 9193 9191 9190
f 9192 9194 9195
f 9195 9193 9192
f 9194 9196 9197
f 9197 9195 9194
f 9196 9198 9199
f 9199 9197 9196
f 9198 9200 9201
f 9201 9199 9198
f 9200 9202 9203
f 9203 9201 9200
f 9202 9172 9175
f 9175 9203 9202
f 9206 9205 9204
f 9206 9204 9207
f 9206 9207 9208
f 9206 9208 9209
f 9206 9209 9210
f 9206 9210 9211
f 9206 9211 9212
f 9206 9212 9213
f 9206 9213 9214
f 9206 9214 9215
f 9206 9215 9216
f 9206 9216 9217
f 9206 9217 9218
f 9206 9218 9219
f 9206 9219 9220
f 9206 9220 9205
f 9223 9222 9221
f 9221 9224 9223
f 9227 9226 9225
f 9225 9228 9227
f 9231 9230 9229
f 9229 9232 9231
f 9235 9234 9233
f 9233 9236 9235
f 9239 9238 9237
f 9237 9240 9239
f 9243 9242 9241
f 9241 9244 9243
f 9242 9246 9245
f 9245 9241 9242
f 9246 9248 9247
f 9247 9245 9246
f 9248 9243 9244
f 9244 9247 9248
f 9249 9250 9251
f 9251 9252 9249
f 9253 9254 9255
f 9255 9256 9253
f 9257 9258 9259
f 9259 9260 9257
f 9261 9262 9263
f 9263 9264 9261
f 9265 9266 9267
f 9267 9268 9265
f 9271 9270 9269
f 9269 9272 9271
f 9274 9273 9270
f 9270 9271 9274
f 9276 9275 9273
f 9273 9274 9276
f 9278 9277 9275
f 9275 9276 9278
f 9280 9279 9277
f 9277 9278 9280
f 9282 9281 9279
f 9279 9280 9282
f 9284 9283 9281
f 9281 9282 9284
f 9286 9285 9283
f 9283 9284 9286
f 9288 9287 9285
f 9285 9286 9288
f 9290 9289 9287
f 9287 9288 9290
f 9292 9291 9289
f 9289 9290 9292
f 9294 9293 9291
f 9291 9292 9294
f 9296 9295 9293
f 9293 9294 9296
f 9298 9297 9295
f 9295 9296 9298
f 9300 9299 9297
f 9297 9298 9300
f 9272 9269 9299
f 9299 9300 9272
f 9301 9302 9303
f 9303 9304 9301
f 9302 9305 9306
f 9306 9303 9302
f 9305 9307 9308
f 9308 9306 9305
f 9307 9309 9310
f 9310 9308 9307
f 9309 9311 9312
f 9312 9310 9309
f 9311 9313 9314
f 9314 9312 9311
f 9313 9315 9316
f 9316 9314 9313
f 9315 9317 9318
f 9318 9316 9315
f 9317 9319 9320
f 9320 9318 9317
f 9319 9321 9322
f 9322 9320 9319
f 9321 9323 9324
f 9324 9322 9321
f 9323 9325 9326
f 9326 9324 9323
f 9325 9327 9328
f 9328 9326 9325
f 9327 9329 9330
f 9330 9328 9327
f 9329 9331 9332
f 9332 9330 9329
f 9331 9301 9304
f 9304 9332 9331
f 9333 9334 9335
f 9335 9336 9333
f 9336 9335 9337
f 9337 9338 9336
f 9338 9337 9339
f 9339 9340 9338
f 9340 9339 9341
f 9341 9342 9340
f 9342 9341 9343
f 9343 9344 9342
f 9344 9343 9345
f 9345 9346 9344
f 9346 9345 9347
f 9347 9348 9346
f 9348 9347 9349
f 9349 9350 9348
f 9350 9349 9351
f 9351 9352 9350
f 9352 9351 9353
f 9353 9354 9352
f 9354 9353 9355
f 9355 9356 9354
f 9356 9355 9357
f 9357 9358 9356
f 9358 9357 9359
f 9359 9360 9358
f 9360 9359 9361
f 9361 9362 9360
f 9362 9361 9363
f 9363 9364 9362
f 9364 9363 9334
f 9334 9333 9364
f 9367 9366 9365
f 9365 9368 9367
f 9370 9369 9366
f 9366 9367 9370
f 9372 9371 9369
f 9369 9370 9372
f 9374 9373 9371
f 9371 9372 9374
f 9376 9375 9373
f 9373 9374 9376
f 9378 9377 9375
f 9375 9376 9378
f 9380 9379 9377
f 9377 9378 9380
f 9382 9381 9379
f 9379 9380 9382
f 9384 9383 9381
f 9381 9382 9384
f 9386 9385 9383
f 9383 9384 9386
f 9388 9387 9385
f 9385 9386 9388
f 9390 9389 9387
f 9387 9388 9390
f 9392 9391 9389
f 9389 9390 9392
f 9394 9393 9391
f 9391 9392 9394
f 9396 9395 9393
f 9393 9394 9396
f 9368 9365 9395
f 9395 9396 9368
f 9397 9398 9399
f 9399 9400 9397
f 9398 9401 9402
f 9402 9399 9398
f 9401 9403 9404
f 9404 9402 9401
f 9403 9405 9406
f 9406 9404 9403
f 9405 9407 9408
f 9408 9406 9405
f 9407 9409 9410
f 9410 9408 9407
f 9409 9411 9412
f 9412 9410 9409
f 9411 9413 9414
f 9414 9412 9411
f 9413 9415 9416
f 9416 9414 9413
f 9415 9417 9418
f 9418 9416 9415
f 9417 9419 9420
f 9420 9418 9417
f 9419 9421 9422
f 9422 9420 9419
f 9421 9423 9424
f 9424 9422 9421
f 9423 9425 9426
f 9426 9424 9423
f 9425 9427 9428
f 9428 9426 9425
f 9427 9397 9400
f 9400 9428 9427
f 9429 9430 9431
f 9431 9432 9429
f 9432 9431 9433
f 9433 9434 9432
f 9434 9433 9435
f 9435 9436 9434
f 9436 9435 9437
f 9437 9438 9436
f 9438 9437 9439
f 9439 9440 9438
f 9440 9439 9441
f 9441 9442 9440
f 9442 9441 9443
f 9443 9444 9442
f 9444 9443 9445
f 9445 9446 9444
f 9446 9445 9447
f 9447 9448 9446
f 9448 9447 9449
f 9449 9450 9448
f 9450 9449 9451
f 9451 9452 9450
f 9452 9451 9453
f 9453 9454 9452
f 9454 9453 9455
f 9455 9456 9454
f 9456 9455 9457
f 9457 9458 9456
f 9458 9457 9459
f 9459 9460 9458
f 9460 9459 9430
f 9430 9429 9460
f 9463 9462 9461
f 9461 9464 9463
f 9466 9465 9462
f 9462 9463 9466
f 9468 9467 9465
f 9465 9466 9468
f 9470 9469 9467
f 9467 9468 9470
f 9472 9471 9469
f 9469 9470 9472
f 9474 9473 9471
f 9471 9472 9474
f 9476 9475 9473
f 9473 9474 9476
f 9478 9477 9475
f 9475 9476 9478
f 9480 9479 9477
f 9477 9478 9480
f 9482 9481 9479
f 9479 9480 9482
f 9484 9483 9481
f 9481 9482 9484
f 9486 9485 9483
f 9483 9484 9486
f 9488 9487 9485
f 9485 9486 9488
f 9490 9489 9487
f 9487 9488 9490
f 9492 9491 9489
f 9489 9490 9492
f 9464 9461 9491
f 9491 9492 9464
f 9493 9494 9495
f 9495 9496 9493
f 9494 9497 9498
f 9498 9495 9494
f 9497 9499 9500
f 9500 9498 9497
f 9499 9501 9502
f 9502 9500 9499
f 9501 9503 9504
f 9504 9502 9501
f 9503 9505 9506
f 9506 9504 9503
f 9505 9507 9508
f 9508 9506 9505
f 9507 9509 9510
f 9510 9508 9507
f 9509 9511 9512
f 9512 9510 9509
f 9511 9513 9514
f 9514 9512 9511
f 9513 9515 9516
f 9516 9514 9513
f 9515 9517 9518
f 9518 9516 9515
f 9517 9519 9520
f 9520 9518 9517
f 9519 9521 9522
f 9522 9520 9519
f 9521 9523 9524
f 9524 9522 9521
f 9523 9493 9496
f 9496 9524 9523
f 9525 9526 9527
f 9527 9528 9525
f 9528 9527 9529
f 9529 9530 9528
f 9530 9529 9531
f 9531 9532 9530
f 9532 9531 9533
f 9533 9534 9532
f 9534 9533 9535
f 9535 9536 9534
f 9536 9535 9537
f 9537 9538 9536
f 9538 9537 9539
f 9539 9540 9538
f 9540 9539 9541
f 9541 9542 9540
f 9542 9541 9543
f 9543 9544 9542
f 9544 9543 9545
f 9545 9546 9544
f 9546 9545 9547
f 9547 9548 9546
f 9548 9547 9549
f 9549 9550 9548
f 9550 9549 9551
f 9551 9552 9550
f 9552 9551 9553
f 9553 9554 9552
f 9554 9553 9555
f 9555 9556 9554
f 9556 9555 9526
f 9526 9525 9556
f 9559 9558 9557
f 9557 9560 9559
f 9562 9561 9558
f 9558 9559 9562
f 9564 9563 9561
f 9561 9562 9564
f 9566 9565 9563
f 9563 9564 9566
f 9568 9567 9565
f 9565 9566 9568
f 9570 9569 9567
f 9567 9568 9570
f 9572 9571 9569
f 9569 9570 9572
f 9574 9573 9571
f 9571 9572 9574
f 9576 9575 9573
f 9573 9574 9576
f 9578 9577 9575
f 9575 9576 9578
f 9580 9579 9577
f 9577 9578 9580
f 9582 9581 9579
f 9579 9580 9582
f 9584 9583 9581
f 9581 9582 9584
f 9586 9585 9583
f 9583 9584 9586
f 9588 9587 9585
f 9585 9586 9588
f 9560 9557 9587
f 9587 9588 9560
f 9589 9590 9591
f 9591 9592 9589
f 9590 9593 9594
f 9594 9591 9590
f 9593 9595 9596
f 9596 9594 9593
f 9595 9597 9598
f 9598 9596 9595
f 9597 9599 9600
f 9600 9598 9597
f 9599 9601 9602
f 9602 9600 9599
f 9601 9603 9604
f 9604 9602 9601
f 9603 9605 9606
f 9606 9604 9603
f 9605 9607 9608
f 9608 9606 9605
f 9607 9609 9610
f 9610 9608 9607
f 9609 9611 9612
f 9612 9610 9609
f 9611 9613 9614
f 9614 9612 9611
f 9613 9615 9616
f 9616 9614 9613
f 9615 9617 9618
f 9618 9616 9615
f 9617 9619 9620
f 9620 9618 9617
f 9619 9589 9592
f 9592 9620 9619
f 9621 9622 9623
f 9623 9624 9621
f 9624 9623 9625
f 9625 9626 9624
f 9626 9625 9627
f 9627 9628 9626
f 9628 9627 9629
f 9629 9630 9628
f 9630 9629 9631
f 9631 9632 9630
f 9632 9631 9633
f 9633 9634 9632
f 9634 9633 9635
f 9635 9636 9634
f 9636 9635 9637
f 9637 9638 9636
f 9638 9637 9639
f 9639 9640 9638
f 9640 9639 9641
f 9641 9642 9640
f 9642 9641 9643
f 9643 9644 9642
f 9644 9643 9645
f 9645 9646 9644
f 9646 9645 9647
f 9647 9648 9646
f 9648 9647 9649
f 9649 9650 9648
f 9650 9649 9651
f 9651 9652 9650
f 9652 9651 9622
f 9622 9621 9652
f 9655 9654 9653
f 9653 9656 9655
f 9658 9657 9654
f 9654 9655 9658
f 9660 9659 9657
f 9657 9658 9660
f 9662 9661 9659
f 9659 9660 9662
f 9664 9663 9661
f 9661 9662 9664
f 9666 9665 9663
f 9663 9664 9666
f 9668 9667 9665
f 9665 9666 9668
f 9670 9669 9667
f 9667 9668 9670
f 9672 9671 9669
f 9669 9670 9672
f 9674 9673 9671
f 9671 9672 9674
f 9676 9675 9673
f 9673 9674 9676
f 9678 9677 9675
f 9675 9676 9678
f 9680 9679 9677
f 9677 9678 9680
f 9682 9681 9679
f 9679 9680 9682
f 9684 9683 9681
f 9681 9682 9684
f 9656 9653 9683
f 9683 9684 9656
f 9685 9686 9687
f 9687 9688 9685
f 9686 9689 9690
f 9690 9687 9686
f 9689 9691 9692
f 9692 9690 9689
f 9691 9693 9694
f 9694 9692 9691
f 9693 9695 9696
f 9696 9694 9693
f 9695 9697 9698
f 9698 9696 9695
f 9697 9699 9700
f 9700 9698 9697
f 9699 9701 9702
f 9702 9700 9699
f 9701 9703 9704
f 9704 9702 9701
f 9703 9705 9706
f 9706 9704 9703
f 9705 9707 9708
f 9708 9706 9705
f 9707 9709 9710
f 9710 9708 9707
f 9709 9711 9712
f 9712 9710 9709
f 9711 9713 9714
f 9714 9712 9711
f 9713 9715 9716
f 9716 9714 9713
f 9715 9685 9688
f 9688 9716 9715
f 9717 9718 9719
f 9719 9720 9717
f 9720 9719 9721
f 9721 9722 9720
f 9722 9721 9723
f 9723 9724 9722
f 9724 9723 9725
f 9725 9726 9724
f 9726 9725 9727
f 9727 9728 9726
f 9728 9727 9729
f 9729 9730 9728
f 9730 9729 9731
f 9731 9732 9730
f 9732 9731 9733
f 9733 9734 9732
f 9734 9733 9735
f 9735 9736 9734
f 9736 9735 9737
f 9737 9738 9736
f 9738 9737 9739
f 9739 9740 9738
f 9740 9739 9741
f 9741 9742 9740
f 9742 9741 9743
f 9743 9744 9742
f 9744 9743 9745
f 9745 9746 9744
f 9746 9745 9747
f 9747 9748 9746
f 9748 9747 9718
f 9718 9717 9748
f 9751 9750 9749
f 9749 9752 9751
f 9754 9753 9750
f 9750 9751 9754
f 9756 9755 9753
f 9753 9754 9756
f 9758 9757 9755
f 9755 9756 9758
f 9760 9759 9757
f 9757 9758 9760
f 9762 9761 9759
f 9759 9760 9762
f 9764 9763 9761
f 9761 9762 9764
f 9766 9765 9763
f 9763 9764 9766
f 9768 9767 9765
f 9765 9766 9768
f 9770 9769 9767
f 9767 9768 9770
f 9772 9771 9769
f 9769 9770 9772
f 9774 9773 9771
f 9771 9772 9774
f 9776 9775 9773
f 9773 9774 9776
f 9778 9777 9775
f 9775 9776 9778
f 9780 9779 9777
f 9777 9778 9780
f 9752 9749 9779
f 9779 9780 9752
f 9781 9782 9783
f 9783 9784 9781
f 9782 9785 9786
f 9786 9783 9782
f 9785 9787 9788
f 9788 9786 9785
f 9787 9789 9790
f 9790 9788 9787
f 9789 9791 9792
f 9792 9790 9789
f 9791 9793 9794
f 9794 9792 9791
f 9793 9795 9796
f 9796 9794 9793
f 9795 9797 9798
f 9798 9796 9795
f 9797 9799 9800
f 9800 9798 9797
f 9799 9801 9802
f 9802 9800 9799
f 9801 9803 9804
f 9804 9802 9801
f 9803 9805 9806
f 9806 9804 9803
f 9805 9807 9808
f 9808 9806 9805
f 9807 9809 9810
f 9810 9808 9807
f 9809 9811 9812
f 9812 9810 9809
f 9811 9781 9784
f 9784 9812 9811
f 9813 9814 9815
f 9815 9816 9813
f 9816 9815 9817
f 9817 9818 9816
f 9818 9817 9819
f 9819 9820 9818
f 9820 9819 9821
f 9821 9822 9820
f 9822 9821 9823
f 9823 9824 9822
f 9824 9823 9825
f 9825 9826 9824
f 9826 9825 9827
f 9827 9828 9826
f 9828 9827 9829
f 9829 9830 9828
f 9830 9829 9831
f 9831 9832 9830
f 9832 9831 9833
f 9833 9834 9832
f 9834 9833 9835
f 9835 9836 9834
f 9836 9835 9837
f 9837 9838 9836
f 9838 9837 9839
f 9839 9840 9838
f 9840 9839 9841
f 9841 9842 9840
f 9842 9841 9843
f 9843 9844 9842
f 9844 9843 9814
f 9814 9813 9844
f 9847 9846 9845
f 9845 9848 9847
f 9850 9849 9846
f 9846 9847 9850
f 9852 9851 9849
f 9849 9850 9852
f 9854 9853 9851
f 9851 9852 9854
f 9856 9855 9853
f 9853 9854 9856
f 9858 9857 9855
f 9855 9856 9858
f 9860 9859 9857
f 9857 9858 9860
f 9862 9861 9859
f 9859 9860 9862
f 9864 9863 9861
f 9861 9862 9864
f 9866 9865 9863
f 9863 9864 9866
f 9868 9867 9865
f 9865 9866 9868
f 9870 9869 9867
f 9867 9868 9870
f 9872 9871 9869
f 9869 9870 9872
f 9874 9873 9871
f 9871 9872 9874
f 9876 9875 9873
f 9873 9874 9876
f 9848 9845 9875
f 9875 9876 9848
f 9877 9878 9879
f 9879 9880 9877
f 9878 9881 9882
f 9882 9879 9878
f 9881 9883 9884
f 9884 9882 9881
f 9883 9885 9886
f 9886 9884 9883
f 9885 9887 9888
f 9888 9886 9885
f 9887 9889 9890
f 9890 9888 9887
f 9889 9891 9892
f 9892 9890 9889
f 9891 9893 9894
f 9894 9892 9891
f 9893 9895 9896
f 9896 9894 9893
f 9895 9897 9898
f 9898 9896 9895
f 9897 9899 9900
f 9900 9898 9897
f 9899 9901 9902
f 9902 9900 9899
f 9901 9903 9904
f 9904 9902 9901
f 9903 9905 9906
f 9906 9904 9903
f 9905 9907 9908
f 9908 9906 9905
f 9907 9877 9880
f 9880 9908 9907
f 9909 9910 9911
f 9911 9912 9909
f 9912 9911 9913
f 9913 9914 9912
f 9914 9913 9915
f 9915 9916 9914
f 9916 9915 9917
f 9917 9918 9916
f 9918 9917 9919
f 9919 9920 9918
f 9920 9919 9921
f 9921 9922 9920
f 9922 9921 9923
f 9923 9924 9922
f 9924 9923 9925
f 9925 9926 9924
f 9926 9925 9927
f 9927 9928 9926
f 9928 9927 9929
f 9929 9930 9928
f 9930 9929 9931
f 9931 9932 9930
f 9932 9931 9933
f 9933 9934 9932
f 9934 9933 9935
f 9935 9936 9934
f 9936 9935 9937
f 9937 9938 9936
f 9938 9937 9939
f 9939 9940 9938
f 9940 9939 9910
f 9910 9909 9940
f 9943 9942 9941
f 9941 9944 9943
f 9946 9945 9942
f 9942 9943 9946
f 9948 9947 9945
f 9945 9946 9948
f 9950 9949 9947
f 9947 9948 9950
f 9952 9951 9949
f 9949 9950 9952
f 9954 9953 9951
f 9951 9952 9954
f 9956 9955 9953
f 9953 9954 9956
f 9958 9957 9955
f 9955 9956 9958
f 9960 9959 9957
f 9957 9958 9960
f 9962 9961 9959
f 9959 9960 9962
f 9964 9963 9961
f 9961 9962 9964
f 9966 9965 9963
f 9963 9964 9966
f 9968 9967 9965
f 9965 9966 9968
f 9970 9969 9967
f 9967 9968 9970
f 9972 9971 9969
f 9969 9970 9972
f 9944 9941 9971
f 9971 9972 9944
f 9973 9974 9975
f 9975 9976 9973
f 9974 9977 9978
f 9978 9975 9974
f 9977 9979 9980
f 9980 9978 9977
f 9979 9981 9982
f 9982 9980 9979
f 9981 9983 9984
f 9984 9982 9981
f 9983 9985 9986
f 9986 9984 9983
f 9985 9987 9988
f 9988 9986 9985
f 9987 9989 9990
f 9990 9988 9987
f 9989 9991 9992
f 9992 9990 9989
f 9991 9993 9994
f 9994 9992 9991
f 9993 9995 9996
f 9996 9994 9993
f 9995 9997 9998
f 9998 9996 9995
f 9997 9999 10000
f 10000 9998 9997
f 9999 10001 10002
f 10002 10000 9999
f 10001 10003 10004
f 10004 10002 10001
f 10003 9973 9976
f 9976 10004 10003
f 10005 10006 10007
f 10007 10008 10005
f 10008 10007 10009
f 10009 10010 10008
f 10010 10009 10011
f 10011 10012 10010
f 10012 10011 10013
f 10013 10014 10012
f 10014 10013 10015
f 10015 10016 10014
f 10016 10015 10017
f 10017 10018 10016
f 10018 10017 10019
f 10019 10020 10018
f 10020 10019 10021
f 10021 10022 10020
f 10022 10021 10023
f 10023 10024 10022
f 10024 10023 10025
f 10025 10026 10024
f 10026 10025 10027
f 10027 10028 10026
f 10028 10027 10029
f 10029 10030 10028
f 10030 10029 10031
f 10031 10032 10030
f 10032 10031 10033
f 10033 10034 10032
f 10034 10033 10035
f 10035 10036 10034
f 10036 10035 10006
f 10006 10005 10036
f 10039 10038 10037
f 10037 10040 10039
f 10042 10041 10038
f 10038 10039 10042
f 10044 10043 10041
f 10041 10042 10044
f 10046 10045 10043
f 10043 10044 10046
f 10048 10047 10045
f 10045 10046 10048
f 10050 10049 10047
f 10047 10048 10050
f 10052 10051 10049
f 10049 10050 10052
f 10054 10053 10051
f 10051 10052 10054
f 10056 10055 10053
f 10053 10054 10056
f 10058 10057 10055
f 10055 10056 10058
f 10060 10059 10057
f 10057 10058 10060
f 10062 10061 10059
f 10059 10060 10062
f 10064 10063 10061
f 10061 10062 10064
f 10066 10065 10063
f 10063 10064 10066
f 10068 10067 10065
f 10065 10066 10068
f 10040 10037 10067
f 10067 10068 10040
f 10069 10070 10071
f 10071 10072 10069
f 10070 10073 10074
f 10074 10071 10070
f 10073 10075 10076
f 10076 10074 10073
f 10075 10077 10078
f 10078 10076 10075
f 10077 10079 10080
f 10080 10078 10077
f 10079 10081 10082
f 10082 10080 10079
f 10081 10083 10084
f 10084 10082 10081
f 10083 10085 10086
f 10086 10084 10083
f 10085 10087 10088
f 10088 10086 10085
f 10087 10089 10090
f 10090 10088 10087
f 10089 10091 10092
f 10092 10090 10089
f 10091 10093 10094
f 10094 10092 10091
f 10093 10095 10096
f 10096 10094 10093
f 10095 10097 10098
f 10098 10096 10095
f 10097 10099 10100
f 10100 10098 10097
f 10099 10069 10072
f 10072 10100 10099
f 10101 10102 10103
f 10103 10104 10101
f 10104 10103 10105
f 10105 10106 10104
f 10106 10105 10107
f 10107 10108 10106
f 10108 10107 10109
f 10109 10110 10108
f 10110 10109 10111
f 10111 10112 10110
f 10112 10111 10113
f 10113 10114 10112
f 10114 10113 10115
f 10115 10116 10114
f 10116 10115 10117
f 10117 10118 10116
f 10118 10117 10119
f 10119 10120 10118
f 10120 10119 10121
f 10121 10122 10120
f 10122 10121 10123
f 10123 10124 10122
f 10124 10123 10125
f 10125 10126 10124
f 10126 10125 10127
f 10127 10128 10126
f 10128 10127 10129
f 10129 10130 10128
f 10130 10129 10131
f 10131 10132 10130
f 10132 10131 10102
f 10102 10101 10132
f 10135 10134 10133
f 10133 10136 10135
f 10138 10137 10134
f 10134 10135 10138
f 10140 10139 10137
f 10137 10138 10140
f 10142 10141 10139
f 10139 10140 10142
f 10144 10143 10141
f 10141 10142 10144
f 10146 10145 10143
f 10143 10144 10146
f 10148 10147 10145
f 10145 10146 10148
f 10150 10149 10147
f 10147 10148 10150
f 10152 10151 10149
f 10149 10150 10152
f 10154 10153 10151
f 10151 10152 10154
f 10156 10155 10153
f 10153 10154 10156
f 10158 10157 10155
f 10155 10156 10158
f 10160 10159 10157
f 10157 10158 10160
f 10162 10161 10159
f 10159 10160 10162
f 10164 10163 10161
f 10161 10162 10164
f 10136 10133 10163
f 10163 10164 10136
f 10165 10166 10167
f 10167 10168 10165
f 10166 10169 10170
f 10170 10167 10166
f 10169 10171 10172
f 10172 10170 10169
f 10171 10173 10174
f 10174 10172 10171
f 10173 10175 10176
f 10176 10174 10173
f 10175 10177 10178
f 10178 10176 10175
f 10177 10179 10180
f 10180 10178 10177
f 10179 10181 10182
f 10182 10180 10179
f 10181 10183 10184
f 10184 10182 10181
f 10183 10185 10186
f 10186 10184 10183
f 10185 10187 10188
f 10188 10186 10185
f 10187 10189 10190
f 10190 10188 10187
f 10189 10191 10192
f 10192 10190 10189
f 10191 10193 10194
f 10194 10192 10191
f 10193 10195 10196
f 10196 10194 10193
f 10195 10165 10168
f 10168 10196 10195
f 10197 10198 10199
f 10199 10200 10197
f 10200 10199 10201
f 10201 10202 10200
f 10202 10201 10203
f 10203 10204 10202
f 10204 10203 10205
f 10205 10206 10204
f 10206 10205 10207
f 10207 10208 10206
f 10208 10207 10209
f 10209 10210 10208
f 10210 10209 10211
f 10211 10212 10210
f 10212 10211 10213
f 10213 10214 10212
f 10214 10213 10215
f 10215 10216 10214
f 10216 10215 10217
f 10217 10218 10216
f 10218 10217 10219
f 10219 10220 10218
f 10220 10219 10221
f 10221 10222 10220
f 10222 10221 10223
f 10223 10224 10222
f 10224 10223 10225
f 10225 10226 10224
f 10226 10225 10227
f 10227 10228 10226
f 10228 10227 10198
f 10198 10197 10228
f 10231 10230 10229
f 10229 10232 10231
f 10234 10233 10230
f 10230 10231 10234
f 10236 10235 10233
f 10233 10234 10236
f 10238 10237 10235
f 10235 10236 10238
f 10240 10239 10237
f 10237 10238 10240
f 10242 10241 10239
f 10239 10240 10242
f 10244 10243 10241
f 10241 10242 10244
f 10246 10245 10243
f 10243 10244 10246
f 10248 10247 10245
f 10245 10246 10248
f 10250 10249 10247
f 10247 10248 10250
f 10252 10251 10249
f 10249 10250 10252
f 10254 10253 10251
f 10251 10252 10254
f 10256 10255 10253
f 10253 10254 10256
f 10258 10257 10255
f 10255 10256 10258
f 10260 10259 10257
f 10257 10258 10260
f 10232 10229 10259
f 10259 10260 10232
f 10261 10262 10263
f 10263 10264 10261
f 10262 10265 10266
f 10266 10263 10262
f 10265 10267 10268
f 10268 10266 10265
f 10267 10269 10270
f 10270 10268 10267
f 10269 10271 10272
f 10272 10270 10269
f 10271 10273 10274
f 10274 10272 10271
f 10273 10275 10276
f 10276 10274 10273
f 10275 10277 10278
f 10278 10276 10275
f 10277 10279 10280
f 10280 10278 10277
f 10279 10281 10282
f 10282 10280 10279
f 10281 10283 10284
f 10284 10282 10281
f 10283 10285 10286
f 10286 10284 10283
f 10285 10287 10288
f 10288 10286 10285
f 10287 10289 10290
f 10290 10288 10287
f 10289 10291 10292
f 10292 10290 10289
f 10291 10261 10264
f 10264 10292 10291
f 10293 10294 10295
f 10295 10296 10293
f 10296 10295 10297
f 10297 10298 10296
f 10298 10297 10299
f 10299 10300 10298
f 10300 10299 10301
f 10301 10302 10300
f 10302 10301 10303
f 10303 10304 10302
f 10304 10303 10305
f 10305 10306 10304
f 10306 10305 10307
f 10307 10308 10306
f 10308 10307 10309
f 10309 10310 10308
f 10310 10309 10311
f 10311 10312 10310
f 10312 10311 10313
f 10313 10314 10312
f 10314 10313 10315
f 10315 10316 10314
f 10316 10315 10317
f 10317 10318 10316
f 10318 10317 10319
f 10319 10320 10318
f 10320 10319 10321
f 10321 10322 10320
f 10322 10321 10323
f 10323 10324 10322
f 10324 10323 10294
f 10294 10293 10324
f 10327 10326 10325
f 10325 10328 10327
f 10330 10329 10326
f 10326 10327 10330
f 10332 10331 10329
f 10329 10330 10332
f 10334 10333 10331
f 10331 10332 10334
f 10336 10335 10333
f 10333 10334 10336
f 10338 10337 10335
f 10335 10336 10338
f 10340 10339 10337
f 10337 10338 10340
f 10342 10341 10339
f 10339 10340 10342
f 10344 10343 10341
f 10341 10342 10344
f 10346 10345 10343
f 10343 10344 10346
f 10348 10347 10345
f 10345 10346 10348
f 10350 10349 10347
f 10347 10348 10350
f 10352 10351 10349
f 10349 10350 10352
f 10354 10353 10351
f 10351 10352 10354
f 10356 10355 10353
f 10353 10354 10356
f 10328 10325 10355
f 10355 10356 10328
f 10357 10358 10359
f 10359 10360 10357
f 10358 10361 10362
f 10362 10359 10358
f 10361 10363 10364
f 10364 10362 10361
f 10363 10365 10366
f 10366 10364 10363
f 10365 10367 10368
f 10368 10366 10365
f 10367 10369 10370
f 10370 10368 10367
f 10369 10371 10372
f 10372 10370 10369
f 10371 10373 10374
f 10374 10372 10371
f 10373 10375 10376
f 10376 10374 10373
f 10375 10377 10378
f 10378 10376 10375
f 10377 10379 10380
f 10380 10378 10377
f 10379 10381 10382
f 10382 10380 10379
f 10381 10383 10384
f 10384 10382 10381
f 10383 10385 10386
f 10386 10384 10383
f 10385 10387 10388
f 10388 10386 10385
f 10387 10357 10360
f 10360 10388 10387
f 10389 10390 10391
f 10391 10392 10389
f 10392 10391 10393
f 10393 10394 10392
f 10394 10393 10395
f 10395 10396 10394
f 10396 10395 10397
f 10397 10398 10396
f 10398 10397 10399
f 10399 10400 10398
f 10400 10399 10401
f 10401 10402 10400
f 10402 10401 10403
f 10403 10404 10402
f 10404 10403 10405
f 10405 10406 10404
f 10406 10405 10407
f 10407 10408 10406
f 10408 10407 10409
f 10409 10410 10408
f 10410 10409 10411
f 10411 10412 10410
f 10412 10411 10413
f 10413 10414 10412
f 10414 10413 10415
f 10415 10416 10414
f 10416 10415 10417
f 10417 10418 10416
f 10418 10417 10419
f 10419 10420 10418
f 10420 10419 10390
f 10390 10389 10420
f 10423 10422 10421
f 10421 10424 10423
f 10426 10425 10422
f 10422 10423 10426
f 10428 10427 10425
f 10425 10426 10428
f 10430 10429 10427
f 10427 10428 10430
f 10432 10431 10429
f 10429 10430 10432
f 10434 10433 10431
f 10431 10432 10434
f 10436 10435 10433
f 10433 10434 10436
f 10438 10437 10435
f 10435 10436 10438
f 10440 10439 10437
f 10437 10438 10440
f 10442 10441 10439
f 10439 10440 10442
f 10444 10443 10441
f 10441 10442 10444
f 10446 10445 10443
f 10443 10444 10446
f 10448 10447 10445
f 10445 10446 10448
f 10450 10449 10447
f 10447 10448 10450
f 10452 10451 10449
f 10449 10450 10452
f 10424 10421 10451
f 10451 10452 10424
f 10453 10454 10455
f 10455 10456 10453
f 10454 10457 10458
f 10458 10455 10454
f 10457 10459 10460
f 10460 10458 10457
f 10459 10461 10462
f 10462 10460 10459
f 10461 10463 10464
f 10464 10462 10461
f 10463 10465 10466
f 10466 10464 10463
f 10465 10467 10468
f 10468 10466 10465
f 10467 10469 10470
f 10470 10468 10467
f 10469 10471 10472
f 10472 10470 10469
f 10471 10473 10474
f 10474 10472 10471
f 10473 10475 10476
f 10476 10474 10473
f 10475 10477 10478
f 10478 10476 10475
f 10477 10479 10480
f 10480 10478 10477
f 10479 10481 10482
f 10482 10480 10479
f 10481 10483 10484
f 10484 10482 10481
f 10483 10453 10456
f 10456 10484 10483
f 10485 10486 10487
f 10487 10488 10485
f 10488 10487 10489
f 10489 10490 10488
f 10490 10489 10491
f 10491 10492 10490
f 10492 10491 10493
f 10493 10494 10492
f 10494 10493 10495
f 10495 10496 10494
f 10496 10495 10497
f 10497 10498 10496
f 10498 10497 10499
f 10499 10500 10498
f 10500 10499 10501
f 10501 10502 10500
f 10502 10501 10503
f 10503 10504 10502
f 10504 10503 10505
f 10505 10506 10504
f 10506 10505 10507
f 10507 10508 10506
f 10508 10507 10509
f 10509 10510 10508
f 10510 10509 10511
f 10511 10512 10510
f 10512 10511 10513
f 10513 10514 10512
f 10514 10513 10515
f 10515 10516 10514
f 10516 10515 10486
f 10486 10485 10516
f 10519 10518 10517
f 10517 10520 10519
f 10522 10521 10518
f 10518 10519 10522
f 10524 10523 10521
f 10521 10522 10524
f 10526 10525 10523
f 10523 10524 10526
f 10528 10527 10525
f 10525 10526 10528
f 10530 10529 10527
f 10527 10528 10530
f 10532 10531 10529
f 10529 10530 10532
f 10534 10533 10531
f 10531 10532 10534
f 10536 10535 10533
f 10533 10534 10536
f 10538 10537 10535
f 10535 10536 10538
f 10540 10539 10537
f 10537 10538 10540
f 10542 10541 10539
f 10539 10540 10542
f 10544 10543 10541
f 10541 10542 10544
f 10546 10545 10543
f 10543 10544 10546
f 10548 10547 10545
f 10545 10546 10548
f 10520 10517 10547
f 10547 10548 10520
f 10549 10550 10551
f 10551 10552 10549
f 10550 10553 10554
f 10554 10551 10550
f 10553 10555 10556
f 10556 10554 10553
f 10555 10557 10558
f 10558 10556 10555
f 10557 10559 10560
f 10560 10558 10557
f 10559 10561 10562
f 10562 10560 10559
f 10561 10563 10564
f 10564 10562 10561
f 10563 10565 10566
f 10566 10564 10563
f 10565 10567 10568
f 10568 10566 10565
f 10567 10569 10570
f 10570 10568 10567
f 10569 10571 10572
f 10572 10570 10569
f 10571 10573 10574
f 10574 10572 10571
f 10573 10575 10576
f 10576 10574 10573
f 10575 10577 10578
f 10578 10576 10575
f 10577 10579 10580
f 10580 10578 10577
f 10579 10549 10552
f 10552 10580 10579
f 10581 10582 10583
f 10583 10584 10581
f 10584 10583 10585
f 10585 10586 10584
f 10586 10585 10587
f 10587 10588 10586
f 10588 10587 10589
f 10589 10590 10588
f 10590 10589 10591
f 10591 10592 10590
f 10592 10591 10593
f 10593 10594 10592
f 10594 10593 10595
f 10595 10596 10594
f 10596 10595 10597
f 10597 10598 10596
f 10598 10597 10599
f 10599 10600 10598
f 10600 10599 10601
f 10601 10602 10600
f 10602 10601 10603
f 10603 10604 10602
f 10604 10603 10605
f 10605 10606 10604
f 10606 10605 10607
f 10607 10608 10606
f 10608 10607 10609
f 10609 10610 10608
f 10610 10609 10611
f 10611 10612 10610
f 10612 10611 10582
f 10582 10581 10612
f 10615 10614 10613
f 10613 10616 10615
f 10618 10617 10614
f 10614 10615 10618
f 10620 10619 10617
f 10617 10618 10620
f 10622 10621 10619
f 10619 10620 10622
f 10624 10623 10621
f 10621 10622 10624
f 10626 10625 10623
f 10623 10624 10626
f 10628 10627 10625
f 10625 10626 10628
f 10630 10629 10627
f 10627 10628 10630
f 10632 10631 10629
f 10629 10630 10632
f 10634 10633 10631
f 10631 10632 10634
f 10636 10635 10633
f 10633 10634 10636
f 10638 10637 10635
f 10635 10636 10638
f 10640 10639 10637
f 10637 10638 10640
f 10642 10641 10639
f 10639 10640 10642
f 10644 10643 10641
f 10641 10642 10644
f 10616 10613 10643
f 10643 10644 10616
f 10645 10646 10647
f 10647 10648 10645
f 10646 10649 10650
f 10650 10647 10646
f 10649 10651 10652
f 10652 10650 10649
f 10651 10653 10654
f 10654 10652 10651
f 10653 10655 10656
f 10656 10654 10653
f 10655 10657 10658
f 10658 10656 10655
f 10657 10659 10660
f 10660 10658 10657
f 10659 10661 10662
f 10662 10660 10659
f 10661 10663 10664
f 10664 10662 10661
f 10663 10665 10666
f 10666 10664 10663
f 10665 10667 10668
f 10668 10666 10665
f 10667 10669 10670
f 10670 10668 10667
f 10669 10671 10672
f 10672 10670 10669
f 10671 10673 10674
f 10674 10672 10671
f 10673 10675 10676
f 10676 10674 10673
f 10675 10645 10648
f 10648 10676 10675
f 10677 10678 10679
f 10679 10680 10677
f 10680 10679 10681
f 10681 10682 10680
f 10682 10681 10683
f 10683 10684 10682
f 10684 10683 10685
f 10685 10686 10684
f 10686 10685 10687
f 10687 10688 10686
f 10688 10687 10689
f 10689 10690 10688
f 10690 10689 10691
f 10691 10692 10690
f 10692 10691 10693
f 10693 10694 10692
f 10694 10693 10695
f 10695 10696 10694
f 10696 10695 10697
f 10697 10698 10696
f 10698 10697 10699
f 10699 10700 10698
f 10700 10699 10701
f 10701 10702 10700
f 10702 10701 10703
f 10703 10704 10702
f 10704 10703 10705
f 10705 10706 10704
f 10706 10705 10707
f 10707 10708 10706
f 10708 10707 10678
f 10678 10677 10708
f 10711 10710 10709
f 10709 10712 10711
f 10714 10713 10710
f 10710 10711 10714
f 10716 10715 10713
f 10713 10714 10716
f 10718 10717 10715
f 10715 10716 10718
f 10720 10719 10717
f 10717 10718 10720
f 10722 10721 10719
f 10719 10720 10722
f 10724 10723 10721
f 10721 10722 10724
f 10726 10725 10723
f 10723 10724 10726
f 10728 10727 10725
f 10725 10726 10728
f 10730 10729 10727
f 10727 10728 10730
f 10732 10731 10729
f 10729 10730 10732
f 10734 10733 10731
f 10731 10732 10734
f 10736 10735 10733
f 10733 10734 10736
f 10738 10737 10735
f 10735 10736 10738
f 10740 10739 10737
f 10737 10738 10740
f 10712 10709 10739
f 10739 10740 10712
f 10741 10742 10743
f 10743 10744 10741
f 10742 10745 10746
f 10746 10743 10742
f 10745 10747 10748
f 10748 10746 10745
f 10747 10749 10750
f 10750 10748 10747
f 10749 10751 10752
f 10752 10750 10749
f 10751 10753 10754
f 10754 10752 10751
f 10753 10755 10756
f 10756 10754 10753
f 10755 10757 10758
f 10758 10756 10755
f 10757 10759 10760
f 10760 10758 10757
f 10759 10761 10762
f 10762 10760 10759
f 10761 10763 10764
f 10764 10762 10761
f 10763 10765 10766
f 10766 10764 10763
f 10765 10767 10768
f 10768 10766 10765
f 10767 10769 10770
f 10770 10768 10767
f 10769 10771 10772
f 10772 10770 10769
f 10771 10741 10744
f 10744 10772 10771
f 10773 10774 10775
f 10775 10776 10773
f 10776 10775 10777
f 10777 10778 10776
f 10778 10777 10779
f 10779 10780 10778
f 10780 10779 10781
f 10781 10782 10780
f 10782 10781 10783
f 10783 10784 10782
f 10784 10783 10785
f 10785 10786 10784
f 10786 10785 10787
f 10787 10788 10786
f 10788 10787 10789
f 10789 10790 10788
f 10790 10789 10791
f 10791 10792 10790
f 10792 10791 10793
f 10793 10794 10792
f 10794 10793 10795
f 10795 10796 10794
f 10796 10795 10797
f 10797 10798 10796
f 10798 10797 10799
f 10799 10800 10798
f 10800 10799 10801
f 10801 10802 10800
f 10802 10801 10803
f 10803 10804 10802
f 10804 10803 10774
f 10774 10773 10804
f 10807 10806 10805
f 10805 10808 10807
f 10810 10809 10806
f 10806 10807 10810
f 10812 10811 10809
f 10809 10810 10812
f 10814 10813 10811
f 10811 10812 10814
f 10816 10815 10813
f 10813 10814 10816
f 10818 10817 10815
f 10815 10816 10818
f 10820 10819 10817
f 10817 10818 10820
f 10822 10821 10819
f 10819 10820 10822
f 10824 10823 10821
f 10821 10822 10824
f 10826 10825 10823
f 10823 10824 10826
f 10828 10827 10825
f 10825 10826 10828
f 10830 10829 10827
f 10827 10828 10830
f 10832 10831 10829
f 10829 10830 10832
f 10834 10833 10831
f 10831 10832 10834
f 10836 10835 10833
f 10833 10834 10836
f 10808 10805 10835
f 10835 10836 10808
f 10837 10838 10839
f 10839 10840 10837
f 10838 10841 10842
f 10842 10839 10838
f 10841 10843 10844
f 10844 10842 10841
f 10843 10845 10846
f 10846 10844 10843
f 10845 10847 10848
f 10848 10846 10845
f 10847 10849 10850
f 10850 10848 10847
f 10849 10851 10852
f 10852 10850 10849
f 10851 10853 10854
f 10854 10852 10851
f 10853 10855 10856
f 10856 10854 10853
f 10855 10857 10858
f 10858 10856 10855
f 10857 10859 10860
f 10860 10858 10857
f 10859 10861 10862
f 10862 10860 10859
f 10861 10863 10864
f 10864 10862 10861
f 10863 10865 10866
f 10866 10864 10863
f 10865 10867 10868
f 10868 10866 10865
f 10867 10837 10840
f 10840 10868 10867
f 10869 10870 10871
f 10871 10872 10869
f 10872 10871 10873
f 10873 10874 10872
f 10874 10873 10875
f 10875 10876 10874
f 10876 10875 10877
f 10877 10878 10876
f 10878 10877 10879
f 10879 10880 10878
f 10880 10879 10881
f 10881 10882 10880
f 10882 10881 10883
f 10883 10884 10882
f 10884 10883 10885
f 10885 10886 10884
f 10886 10885 10887
f 10887 10888 10886
f 10888 10887 10889
f 10889 10890 10888
f 10890 10889 10891
f 10891 10892 10890
f 10892 10891 10893
f 10893 10894 10892
f 10894 10893 10895
f 10895 10896 10894
f 10896 10895 10897
f 10897 10898 10896
f 10898 10897 10899
f 10899 10900 10898
f 10900 10899 10870
f 10870 10869 10900
f 10903 10902 10901
f 10901 10904 10903
f 10906 10905 10902
f 10902 10903 10906
f 10908 10907 10905
f 10905 10906 10908
f 10910 10909 10907
f 10907 10908 10910
f 10912 10911 10909
f 10909 10910 10912
f 10914 10913 10911
f 10911 10912 10914
f 10916 10915 10913
f 10913 10914 10916
f 10918 10917 10915
f 10915 10916 10918
f 10920 10919 10917
f 10917 10918 10920
f 10922 10921 10919
f 10919 10920 10922
f 10924 10923 10921
f 10921 10922 10924
f 10926 10925 10923
f 10923 10924 10926
f 10928 10927 10925
f 10925 10926 10928
f 10930 10929 10927
f 10927 10928 10930
f 10932 10931 10929
f 10929 10930 10932
f 10904 10901 10931
f 10931 10932 10904
f 10933 10934 10935
f 10935 10936 10933
f 10934 10937 10938
f 10938 10935 10934
f 10937 10939 10940
f 10940 10938 10937
f 10939 10941 10942
f 10942 10940 10939
f 10941 10943 10944
f 10944 10942 10941
f 10943 10945 10946
f 10946 10944 10943
f 10945 10947 10948
f 10948 10946 10945
f 10947 10949 10950
f 10950 10948 10947
f 10949 10951 10952
f 10952 10950 10949
f 10951 10953 10954
f 10954 10952 10951
f 10953 10955 10956
f 10956 10954 10953
f 10955 10957 10958
f 10958 10956 10955
f 10957 10959 10960
f 10960 10958 10957
f 10959 10961 10962
f 10962 10960 10959
f 10961 10963 10964
f 10964 10962 10961
f 10963 10933 10936
f 10936 10964 10963
f 10965 10966 10967
f 10967 10968 10965
f 10968 10967 10969
f 10969 10970 10968
f 10970 10969 10971
f 10971 10972 10970
f 10972 10971 10973
f 10973 10974 10972
f 10974 10973 10975
f 10975 10976 10974
f 10976 10975 10977
f 10977 10978 10976
f 10978 10977 10979
f 10979 10980 10978
f 10980 10979 10981
f 10981 10982 10980
f 10982 10981 10983
f 10983 10984 10982
f 10984 10983 10985
f 10985 10986 10984
f 10986 10985 10987
f 10987 10988 10986
f 10988 10987 10989
f 10989 10990 10988
f 10990 10989 10991
f 10991 10992 10990
f 10992 10991 10993
f 10993 10994 10992
f 10994 10993 10995
f 10995 10996 10994
f 10996 10995 10966
f 10966 10965 10996
f 10999 10998 10997
f 10997 11000 10999
f 11002 11001 10998
f 10998 10999 11002
f 11004 11003 11001
f 11001 11002 11004
f 11006 11005 11003
f 11003 11004 11006
f 11008 11007 11005
f 11005 11006 11008
f 11010 11009 11007
f 11007 11008 11010
f 11012 11011 11009
f 11009 11010 11012
f 11014 11013 11011
f 11011 11012 11014
f 11016 11015 11013
f 11013 11014 11016
f 11018 11017 11015
f 11015 11016 11018
f 11020 11019 11017
f 11017 11018 11020
f 11022 11021 11019
f 11019 11020 11022
f 11024 11023 11021
f 11021 11022 11024
f 11026 11025 11023
f 11023 11024 11026
f 11028 11027 11025
f 11025 11026 11028
f 11000 10997 11027
f 11027 11028 11000
f 11029 11030 11031
f 11031 11032 11029
f 11030 11033 11034
f 11034 11031 11030
f 11033 11035 11036
f 11036 11034 11033
f 11035 11037 11038
f 11038 11036 11035
f 11037 11039 11040
f 11040 11038 11037
f 11039 11041 11042
f 11042 11040 11039
f 11041 11043 11044
f 11044 11042 11041
f 11043 11045 11046
f 11046 11044 11043
f 11045 11047 11048
f 11048 11046 11045
f 11047 11049 11050
f 11050 11048 11047
f 11049 11051 11052
f 11052 11050 11049
f 11051 11053 11054
f 11054 11052 11051
f 11053 11055 11056
f 11056 11054 11053
f 11055 11057 11058
f 11058 11056 11055
f 11057 11059 11060
f 11060 11058 11057
f 11059 11029 11032
f 11032 11060 11059
f 11061 11062 11063
f 11063 11064 11061
f 11064 11063 11065
f 11065 11066 11064
f 11066 11065 11067
f 11067 11068 11066
f 11068 11067 11069
f 11069 11070 11068
f 11070 11069 11071
f 11071 11072 11070
f 11072 11071 11073
f 11073 11074 11072
f 11074 11073 11075
f 11075 11076 11074
f 11076 11075 11077
f 11077 11078 11076
f 11078 11077 11079
f 11079 11080 11078
f 11080 11079 11081
f 11081 11082 11080
f 11082 11081 11083
f 11083 11084 11082
f 11084 11083 11085
f 11085 11086 11084
f 11086 11085 11087
f 11087 11088 11086
f 11088 11087 11089
f 11089 11090 11088
f 11090 11089 11091
f 11091 11092 11090
f 11092 11091 11062
f 11062 11061 11092
f 11095 11094 11093
f 11093 11096 11095
f 11098 11097 11094
f 11094 11095 11098
f 11100 11099 11097
f 11097 11098 11100
f 11102 11101 11099
f 11099 11100 11102
f 11104 11103 11101
f 11101 11102 11104
f 11106 11105 11103
f 11103 11104 11106
f 11108 11107 11105
f 11105 11106 11108
f 11110 11109 11107
f 11107 11108 11110
f 11112 11111 11109
f 11109 11110 11112
f 11114 11113 11111
f 11111 11112 11114
f 11116 11115 11113
f 11113 11114 11116
f 11118 11117 11115
f 11115 11116 11118
f 11120 11119 11117
f 11117 11118 11120
f 11122 11121 11119
f 11119 11120 11122
f 11124 11123 11121
f 11121 11122 11124
f 11096 11093 11123
f 11123 11124 11096
f 11125 11126 11127
f 11127 11128 11125
f 11126 11129 11130
f 11130 11127 11126
f 11129 11131 11132
f 11132 11130 11129
f 11131 11133 11134
f 11134 11132 11131
f 11133 11135 11136
f 11136 11134 11133
f 11135 11137 11138
f 11138 11136 11135
f 11137 11139 11140
f 11140 11138 11137
f 11139 11141 11142
f 11142 11140 11139
f 11141 11143 11144
f 11144 11142 11141
f 11143 11145 11146
f 11146 11144 11143
f 11145 11147 11148
f 11148 11146 11145
f 11147 11149 11150
f 11150 11148 11147
f 11149 11151 11152
f 11152 11150 11149
f 11151 11153 11154
f 11154 11152 11151
f 11153 11155 11156
f 11156 11154 11153
f 11155 11125 11128
f 11128 11156 11155
f 11157 11158 11159
f 11159 11160 11157
f 11160 11159 11161
f 11161 11162 11160
f 11162 11161 11163
f 11163 11164 11162
f 11164 11163 11165
f 11165 11166 11164
f 11166 11165 11167
f 11167 11168 11166
f 11168 11167 11169
f 11169 11170 11168
f 11170 11169 11171
f 11171 11172 11170
f 11172 11171 11173
f 11173 11174 11172
f 11174 11173 11175
f 11175 11176 11174
f 11176 11175 11177
f 11177 11178 11176
f 11178 11177 11179
f 11179 11180 11178
f 11180 11179 11181
f 11181 11182 11180
f 11182 11181 11183
f 11183 11184 11182
f 11184 11183 11185
f 11185 11186 11184
f 11186 11185 11187
f 11187 11188 11186
f 11188 11187 11158
f 11158 11157 11188
f 11191 11190 11189
f 11189 11192 11191
f 11194 11193 11190
f 11190 11191 11194
f 11196 11195 11193
f 11193 11194 11196
f 11198 11197 11195
f 11195 11196 11198
f 11200 11199 11197
f 11197 11198 11200
f 11202 11201 11199
f 11199 11200 11202
f 11204 11203 11201
f 11201 11202 11204
f 11206 11205 11203
f 11203 11204 11206
f 11208 11207 11205
f 11205 11206 11208
f 11210 11209 11207
f 11207 11208 11210
f 11212 11211 11209
f 11209 11210 11212
f 11214 11213 11211
f 11211 11212 11214
f 11216 11215 11213
f 11213 11214 11216
f 11218 11217 11215
f 11215 11216 11218
f 11220 11219 11217
f 11217 11218 11220
f 11192 11189 11219
f 11219 11220 11192
f 11221 11222 11223
f 11223 11224 11221
f 11222 11225 11226
f 11226 11223 11222
f 11225 11227 11228
f 11228 11226 11225
f 11227 11229 11230
f 11230 11228 11227
f 11229 11231 11232
f 11232 11230 11229
f 11231 11233 11234
f 11234 11232 11231
f 11233 11235 11236
f 11236 11234 11233
f 11235 11237 11238
f 11238 11236 11235
f 11237 11239 11240
f 11240 11238 11237
f 11239 11241 11242
f 11242 11240 11239
f 11241 11243 11244
f 11244 11242 11241
f 11243 11245 11246
f 11246 11244 11243
f 11245 11247 11248
f 11248 11246 11245
f 11247 11249 11250
f 11250 11248 11247
f 11249 11251 11252
f 11252 11250 11249
f 11251 11221 11224
f 11224 11252 11251
f 11253 11254 11255
f 11255 11256 11253
f 11256 11255 11257
f 11257 11258 11256
f 11258 11257 11259
f 11259 11260 11258
f 11260 11259 11261
f 11261 11262 11260
f 11262 11261 11263
f 11263 11264 11262
f 11264 11263 11265
f 11265 11266 11264
f 11266 11265 11267
f 11267 11268 11266
f 11268 11267 11269
f 11269 11270 11268
f 11270 11269 11271
f 11271 11272 11270
f 11272 11271 11273
f 11273 11274 11272
f 11274 11273 11275
f 11275 11276 11274
f 11276 11275 11277
f 11277 11278 11276
f 11278 11277 11279
f 11279 11280 11278
f 11280 11279 11281
f 11281 11282 11280
f 11282 11281 11283
f 11283 11284 11282
f 11284 11283 11254
f 11254 11253 11284
f 11287 11286 11285
f 11285 11288 11287
f 11290 11289 11286
f 11286 11287 11290
f 11292 11291 11289
f 11289 11290 11292
f 11294 11293 11291
f 11291 11292 11294
f 11296 11295 11293
f 11293 11294 11296
f 11298 11297 11295
f 11295 11296 11298
f 11300 11299 11297
f 11297 11298 11300
f 11302 11301 11299
f 11299 11300 11302
f 11304 11303 11301
f 11301 11302 11304
f 11306 11305 11303
f 11303 11304 11306
f 11308 11307 11305
f 11305 11306 11308
f 11310 11309 11307
f 11307 11308 11310
f 11312 11311 11309
f 11309 11310 11312
f 11314 11313 11311
f 11311 11312 11314
f 11316 11315 11313
f 11313 11314 11316
f 11288 11285 11315
f 11315 11316 11288
f 11317 11318 11319
f 11319 11320 11317
f 11318 11321 11322
f 11322 11319 11318
f 11321 11323 11324
f 11324 11322 11321
f 11323 11325 11326
f 11326 11324 11323
f 11325 11327 11328
f 11328 11326 11325
f 11327 11329 11330
f 11330 11328 11327
f 11329 11331 11332
f 11332 11330 11329
f 11331 11333 11334
f 11334 11332 11331
f 11333 11335 11336
f 11336 11334 11333
f 11335 11337 11338
f 11338 11336 11335
f 11337 11339 11340
f 11340 11338 11337
f 11339 11341 11342
f 11342 11340 11339
f 11341 11343 11344
f 11344 11342 11341
f 11343 11345 11346
f 11346 11344 11343
f 11345 11347 11348
f 11348 11346 11345
f 11347 11317 11320
f 11320 11348 11347
f 11349 11350 11351
f 11351 11352 11349
f 11352 11351 11353
f 11353 11354 11352
f 11354 11353 11355
f 11355 11356 11354
f 11356 11355 11357
f 11357 11358 11356
f 11358 11357 11359
f 11359 11360 11358
f 11360 11359 11361
f 11361 11362 11360
f 11362 11361 11363
f 11363 11364 11362
f 11364 11363 11365
f 11365 11366 11364
f 11366 11365 11367
f 11367 11368 11366
f 11368 11367 11369
f 11369 11370 11368
f 11370 11369 11371
f 11371 11372 11370
f 11372 11371 11373
f 11373 11374 11372
f 11374 11373 11375
f 11375 11376 11374
f 11376 11375 11377
f 11377 11378 11376
f 11378 11377 11379
f 11379 11380 11378
f 11380 11379 11350
f 11350 11349 11380
f 11383 11382 11381
f 11381 11384 11383
f 11386 11385 11382
f 11382 11383 11386
f 11388 11387 11385
f 11385 11386 11388
f 11390 11389 11387
f 11387 11388 11390
f 11392 11391 11389
f 11389 11390 11392
f 11394 11393 11391
f 11391 11392 11394
f 11396 11395 11393
f 11393 11394 11396
f 11398 11397 11395
f 11395 11396 11398
f 11400 11399 11397
f 11397 11398 11400
f 11402 11401 11399
f 11399 11400 11402
f 11404 11403 11401
f 11401 11402 11404
f 11406 11405 11403
f 11403 11404 11406
f 11408 11407 11405
f 11405 11406 11408
f 11410 11409 11407
f 11407 11408 11410
f 11412 11411 11409
f 11409 11410 11412
f 11384 11381 11411
f 11411 11412 11384
f 11413 11414 11415
f 11415 11416 11413
f 11414 11417 11418
f 11418 11415 11414
f 11417 11419 11420
f 11420 11418 11417
f 11419 11421 11422
f 11422 11420 11419
f 11421 11423 11424
f 11424 11422 11421
f 11423 11425 11426
f 11426 11424 11423
f 11425 11427 11428
f 11428 11426 11425
f 11427 11429 11430
f 11430 11428 11427
f 11429 11431 11432
f 11432 11430 11429
f 11431 11433 11434
f 11434 11432 11431
f 11433 11435 11436
f 11436 11434 11433
f 11435 11437 11438
f 11438 11436 11435
f 11437 11439 11440
f 11440 11438 11437
f 11439 11441 11442
f 11442 11440 11439
f 11441 11443 11444
f 11444 11442 11441
f 11443 11413 11416
f 11416 11444 11443
f 11445 11446 11447
f 11447 11448 11445
f 11448 11447 11449
f 11449 11450 11448
f 11450 11449 11451
f 11451 11452 11450
f 11452 11451 11453
f 11453 11454 11452
f 11454 11453 11455
f 11455 11456 11454
f 11456 11455 11457
f 11457 11458 11456
f 11458 11457 11459
f 11459 11460 11458
f 11460 11459 11461
f 11461 11462 11460
f 11462 11461 11463
f 11463 11464 11462
f 11464 11463 11465
f 11465 11466 11464
f 11466 11465 11467
f 11467 11468 11466
f 11468 11467 11469
f 11469 11470 11468
f 11470 11469 11471
f 11471 11472 11470
f 11472 11471 11473
f 11473 11474 11472
f 11474 11473 11475
f 11475 11476 11474
f 11476 11475 11446
f 11446 11445 11476
f 11479 11478 11477
f 11477 11480 11479
f 11482 11481 11478
f 11478 11479 11482
f 11484 11483 11481
f 11481 11482 11484
f 11486 11485 11483
f 11483 11484 11486
f 11488 11487 11485
f 11485 11486 11488
f 11490 11489 11487
f 11487 11488 11490
f 11492 11491 11489
f 11489 11490 11492
f 11494 11493 11491
f 11491 11492 11494
f 11496 11495 11493
f 11493 11494 11496
f 11498 11497 11495
f 11495 11496 11498
f 11500 11499 11497
f 11497 11498 11500
f 11502 11501 11499
f 11499 11500 11502
f 11504 11503 11501
f 11501 11502 11504
f 11506 11505 11503
f 11503 11504 11506
f 11508 11507 11505
f 11505 11506 11508
f 11480 11477 11507
f 11507 11508 11480
f 11509 11510 11511
f 11511 11512 11509
f 11510 11513 11514
f 11514 11511 11510
f 11513 11515 11516
f 11516 11514 11513
f 11515 11517 11518
f 11518 11516 11515
f 11517 11519 11520
f 11520 11518 11517
f 11519 11521 11522
f 11522 11520 11519
f 11521 11523 11524
f 11524 11522 11521
f 11523 11525 11526
f 11526 11524 11523
f 11525 11527 11528
f 11528 11526 11525
f 11527 11529 11530
f 11530 11528 11527
f 11529 11531 11532
f 11532 11530 11529
f 11531 11533 11534
f 11534 11532 11531
f 11533 11535 11536
f 11536 11534 11533
f 11535 11537 11538
f 11538 11536 11535
f 11537 11539 11540
f 11540 11538 11537
f 11539 11509 11512
f 11512 11540 11539
f 11541 11542 11543
f 11543 11544 11541
f 11544 11543 11545
f 11545 11546 11544
f 11546 11545 11547
f 11547 11548 11546
f 11548 11547 11549
f 11549 11550 11548
f 11550 11549 11551
f 11551 11552 11550
f 11552 11551 11553
f 11553 11554 11552
f 11554 11553 11555
f 11555 11556 11554
f 11556 11555 11557
f 11557 11558 11556
f 11558 11557 11559
f 11559 11560 11558
f 11560 11559 11561
f 11561 11562 11560
f 11562 11561 11563
f 11563 11564 11562
f 11564 11563 11565
f 11565 11566 11564
f 11566 11565 11567
f 11567 11568 11566
f 11568 11567 11569
f 11569 11570 11568
f 11570 11569 11571
f 11571 11572 11570
f 11572 11571 11542
f 11542 11541 11572
f 11575 11574 11573
f 11573 11576 11575
f 11578 11577 11574
f 11574 11575 11578
f 11580 11579 11577
f 11577 11578 11580
f 11582 11581 11579
f 11579 11580 11582
f 11584 11583 11581
f 11581 11582 11584
f 11586 11585 11583
f 11583 11584 11586
f 11588 11587 11585
f 11585 11586 11588
f 11590 11589 11587
f 11587 11588 11590
f 11592 11591 11589
f 11589 11590 11592
f 11594 11593 11591
f 11591 11592 11594
f 11596 11595 11593
f 11593 11594 11596
f 11598 11597 11595
f 11595 11596 11598
f 11600 11599 11597
f 11597 11598 11600
f 11602 11601 11599
f 11599 11600 11602
f 11604 11603 11601
f 11601 11602 11604
f 11576 11573 11603
f 11603 11604 11576
f 11605 11606 11607
f 11607 11608 11605
f 11606 11609 11610
f 11610 11607 11606
f 11609 11611 11612
f 11612 11610 11609
f 11611 11613 11614
f 11614 11612 11611
f 11613 11615 11616
f 11616 11614 11613
f 11615 11617 11618
f 11618 11616 11615
f 11617 11619 11620
f 11620 11618 11617
f 11619 11621 11622
f 11622 11620 11619
f 11621 11623 11624
f 11624 11622 11621
f 11623 11625 11626
f 11626 11624 11623
f 11625 11627 11628
f 11628 11626 11625
f 11627 11629 11630
f 11630 11628 11627
f 11629 11631 11632
f 11632 11630 11629
f 11631 11633 11634
f 11634 11632 11631
f 11633 11635 11636
f 11636 11634 11633
f 11635 11605 11608
f 11608 11636 11635
f 11637 11638 11639
f 11639 11640 11637
f 11640 11639 11641
f 11641 11642 11640
f 11642 11641 11643
f 11643 11644 11642
f 11644 11643 11645
f 11645 11646 11644
f 11646 11645 11647
f 11647 11648 11646
f 11648 11647 11649
f 11649 11650 11648
f 11650 11649 11651
f 11651 11652 11650
f 11652 11651 11653
f 11653 11654 11652
f 11654 11653 11655
f 11655 11656 11654
f 11656 11655 11657
f 11657 11658 11656
f 11658 11657 11659
f 11659 11660 11658
f 11660 11659 11661
f 11661 11662 11660
f 11662 11661 11663
f 11663 11664 11662
f 11664 11663 11665
f 11665 11666 11664
f 11666 11665 11667
f 11667 11668 11666
f 11668 11667 11638
f 11638 11637 11668
f 11671 11670 11669
f 11669 11672 11671
f 11674 11673 11670
f 11670 11671 11674
f 11676 11675 11673
f 11673 11674 11676
f 11678 11677 11675
f 11675 11676 11678
f 11680 11679 11677
f 11677 11678 11680
f 11682 11681 11679
f 11679 11680 11682
f 11684 11683 11681
f 11681 11682 11684
f 11686 11685 11683
f 11683 11684 11686
f 11688 11687 11685
f 11685 11686 11688
f 11690 11689 11687
f 11687 11688 11690
f 11692 11691 11689
f 11689 11690 11692
f 11694 11693 11691
f 11691 11692 11694
f 11696 11695 11693
f 11693 11694 11696
f 11698 11697 11695
f 11695 11696 11698
f 11700 11699 11697
f 11697 11698 11700
f 11672 11669 11699
f 11699 11700 11672
f 11701 11702 11703
f 11703 11704 11701
f 11702 11705 11706
f 11706 11703 11702
f 11705 11707 11708
f 11708 11706 11705
f 11707 11709 11710
f 11710 11708 11707
f 11709 11711 11712
f 11712 11710 11709
f 11711 11713 11714
f 11714 11712 11711
f 11713 11715 11716
f 11716 11714 11713
f 11715 11717 11718
f 11718 11716 11715
f 11717 11719 11720
f 11720 11718 11717
f 11719 11721 11722
f 11722 11720 11719
f 11721 11723 11724
f 11724 11722 11721
f 11723 11725 11726
f 11726 11724 11723
f 11725 11727 11728
f 11728 11726 11725
f 11727 11729 11730
f 11730 11728 11727
f 11729 11731 11732
f 11732 11730 11729
f 11731 11701 11704
f 11704 11732 11731
f 11733 11734 11735
f 11735 11736 11733
f 11736 11735 11737
f 11737 11738 11736
f 11738 11737 11739
f 11739 11740 11738
f 11740 11739 11741
f 11741 11742 11740
f 11742 11741 11743
f 11743 11744 11742
f 11744 11743 11745
f 11745 11746 11744
f 11746 11745 11747
f 11747 11748 11746
f 11748 11747 11749
f 11749 11750 11748
f 11750 11749 11751
f 11751 11752 11750
f 11752 11751 11753
f 11753 11754 11752
f 11754 11753 11755
f 11755 11756 11754
f 11756 11755 11757
f 11757 11758 11756
f 11758 11757 11759
f 11759 11760 11758
f 11760 11759 11761
f 11761 11762 11760
f 11762 11761 11763
f 11763 11764 11762
f 11764 11763 11734
f 11734 11733 11764
f 11767 11766 11765
f 11765 11768 11767
f 11771 11770 11769
f 11769 11772 11771
f 11775 11774 11773
f 11773 11776 11775
f 11779 11778 11777
f 11777 11780 11779
f 11783 11782 11781
f 11781 11784 11783
f 11787 11786 11785
f 11785 11788 11787
f 11786 11790 11789
f 11789 11785 11786
f 11790 11792 11791
f 11791 11789 11790
f 11792 11787 11788
f 11788 11791 11792
f 11793 11794 11795
f 11795 11796 11793
f 11797 11798 11799
f 11799 11800 11797
f 11801 11802 11803
f 11803 11804 11801
f 11805 11806 11807
f 11807 11808 11805
f 11809 11810 11811
f 11811 11812 11809
f 11813 11814 11815
f 11815 11816 11813
f 11814 11817 11818
f 11818 11815 11814
f 11817 11819 11820
f 11820 11818 11817
f 11819 11821 11822
f 11822 11820 11819
f 11821 11823 11824
f 11824 11822 11821
f 11823 11825 11826
f 11826 11824 11823
f 11825 11827 11828
f 11828 11826 11825
f 11827 11829 11830
f 11830 11828 11827
f 11829 11831 11832
f 11832 11830 11829
f 11831 11833 11834
f 11834 11832 11831
f 11833 11835 11836
f 11836 11834 11833
f 11835 11837 11838
f 11838 11836 11835
f 11837 11839 11840
f 11840 11838 11837
f 11839 11841 11842
f 11842 11840 11839
f 11841 11843 11844
f 11844 11842 11841
f 11843 11813 11816
f 11816 11844 11843
f 11847 11846 11845
f 11847 11845 11848
f 11847 11848 11849
f 11847 11849 11850
f 11847 11850 11851
f 11847 11851 11852
f 11847 11852 11853
f 11847 11853 11854
f 11847 11854 11855
f 11847 11855 11856
f 11847 11856 11857
f 11847 11857 11858
f 11847 11858 11859
f 11847 11859 11860
f 11847 11860 11861
f 11847 11861 11846
f 11862 11863 11864
f 11864 11865 11862
f 11863 11866 11867
f 11867 11864 11863
f 11866 11868 11869
f 11869 11867 11866
f 11868 11870 11871
f 11871 11869 11868
f 11870 11872 11873
f 11873 11871 11870
f 11872 11874 11875
f 11875 11873 11872
f 11874 11876 11877
f 11877 11875 11874
f 11876 11878 11879
f 11879 11877 11876
f 11878 11880 11881
f 11881 11879 11878
f 11880 11882 11883
f 11883 11881 11880
f 11882 11884 11885
f 11885 11883 11882
f 11884 11886 11887
f 11887 11885 11884
f 11886 11888 11889
f 11889 11887 11886
f 11888 11890 11891
f 11891 11889 11888
f 11890 11892 11893
f 11893 11891 11890
f 11892 11862 11865
f 11865 11893 11892
f 11896 11895 11894
f 11896 11894 11897
f 11896 11897 11898
f 11896 11898 11899
f 11896 11899 11900
f 11896 11900 11901
f 11896 11901 11902
f 11896 11902 11903
f 11896 11903 11904
f 11896 11904 11905
f 11896 11905 11906
f 11896 11906 11907
f 11896 11907 11908
f 11896 11908 11909
f 11896 11909 11910
f 11896 11910 11895
f 11911 11912 11913
f 11913 11914 11911
f 11912 11915 11916
f 11916 11913 11912
f 11915 11917 11918
f 11918 11916 11915
f 11917 11919 11920
f 11920 11918 11917
f 11919 11921 11922
f 11922 11920 11919
f 11921 11923 11924
f 11924 11922 11921
f 11923 11925 11926
f 11926 11924 11923
f 11925 11927 11928
f 11928 11926 11925
f 11927 11929 11930
f 11930 11928 11927
f 11929 11931 11932
f 11932 11930 11929
f 11931 11933 11934
f 11934 11932 11931
f 11933 11935 11936
f 11936 11934 11933
f 11935 11937 11938
f 11938 11936 11935
f 11937 11939 11940
f 11940 11938 11937
f 11939 11941 11942
f 11942 11940 11939
f 11941 11911 11914
f 11914 11942 11941
f 11945 11944 11943
f 11945 11943 11946
f 11945 11946 11947
f 11945 11947 11948
f 11945 11948 11949
f 11945 11949 11950
f 11945 11950 11951
f 11945 11951 11952
f 11945 11952 11953
f 11945 11953 11954
f 11945 11954 11955
f 11945 11955 11956
f 11945 11956 11957
f 11945 11957 11958
f 11945 11958 11959
f 11945 11959 11944
f 11960 11961 11962
f 11962 11963 11960
f 11961 11964 11965
f 11965 11962 11961
f 11964 11966 11967
f 11967 11965 11964
f 11966 11968 11969
f 11969 11967 11966
f 11968 11970 11971
f 11971 11969 11968
f 11970 11972 11973
f 11973 11971 11970
f 11972 11974 11975
f 11975 11973 11972
f 11974 11976 11977
f 11977 11975 11974
f 11976 11978 11979
f 11979 11977 11976
f 11978 11980 11981
f 11981 11979 11978
f 11980 11982 11983
f 11983 11981 11980
f 11982 11984 11985
f 11985 11983 11982
f 11984 11986 11987
f 11987 11985 11984
f 11986 11988 11989
f 11989 11987 11986
f 11988 11990 11991
f 11991 11989 11988
f 11990 11960 11963
f 11963 11991 11990
f 11994 11993 11992
f 11994 11992 11995
f 11994 11995 11996
f 11994 11996 11997
f 11994 11997 11998
f 11994 11998 11999
f 11994 11999 12000
f 11994 12000 12001
f 11994 12001 12002
f 11994 12002 12003
f 11994 12003 12004
f 11994 12004 12005
f 11994 12005 12006
f 11994 12006 12007
f 11994 12007 12008
f 11994 12008 11993
f 12011 12010 12009
f 12009 12012 12011
f 12014 12013 12010
f 12010 12011 12014
f 12016 12015 12013
f 12013 12014 12016
f 12018 12017 12015
f 12015 12016 12018
f 12020 12019 12017
f 12017 12018 12020
f 12022 12021 12019
f 12019 12020 12022
f 12024 12023 12021
f 12021 12022 12024
f 12026 12025 12023
f 12023 12024 12026
f 12028 12027 12025
f 12025 12026 12028
f 12030 12029 12027
f 12027 12028 12030
f 12032 12031 12029
f 12029 12030 12032
f 12034 12033 12031
f 12031 12032 12034
f 12036 12035 12033
f 12033 12034 12036
f 12038 12037 12035
f 12035 12036 12038
f 12040 12039 12037
f 12037 12038 12040
f 12012 12009 12039
f 12039 12040 12012
f 12041 12042 12043
f 12043 12044 12041
f 12042 12045 12046
f 12046 12043 12042
f 12045 12047 12048
f 12048 12046 12045
f 12047 12049 12050
f 12050 12048 12047
f 12049 12051 12052
f 12052 12050 12049
f 12051 12053 12054
f 12054 12052 12051
f 12053 12055 12056
f 12056 12054 12053
f 12055 12057 12058
f 12058 12056 12055
f 12057 12059 12060
f 12060 12058 12057
f 12059 12061 12062
f 12062 12060 12059
f 12061 12063 12064
f 12064 12062 12061
f 12063 12065 12066
f 12066 12064 12063
f 12065 12067 12068
f 12068 12066 12065
f 12067 12069 12070
f 12070 12068 12067
f 12069 12071 12072
f 12072 12070 12069
f 12071 12041 12044
f 12044 12072 12071
f 12073 12074 12075
f 12075 12076 12073
f 12076 12075 12077
f 12077 12078 12076
f 12078 12077 12079
f 12079 12080 12078
f 12080 12079 12081
f 12081 12082 12080
f 12082 12081 12083
f 12083 12084 12082
f 12084 12083 12085
f 12085 12086 12084
f 12086 12085 12087
f 12087 12088 12086
f 12088 12087 12089
f 12089 12090 12088
f 12090 12089 12091
f 12091 12092 12090
f 12092 12091 12093
f 12093 12094 12092
f 12094 12093 12095
f 12095 12096 12094
f 12096 12095 12097
f 12097 12098 12096
f 12098 12097 12099
f 12099 12100 12098
f 12100 12099 12101
f 12101 12102 12100
f 12102 12101 12103
f 12103 12104 12102
f 12104 12103 12074
f 12074 12073 12104
f 12107 12106 12105
f 12105 12108 12107
f 12111 12110 12109
f 12109 12112 12111
f 12115 12114 12113
f 12113 12116 12115
f 12119 12118 12117
f 12117 12120 12119
f 12123 12122 12121
f 12121 12124 12123
f 12127 12126 12125
f 12125 12128 12127
f 12126 12130 12129
f 12129 12125 12126
f 12130 12132 12131
f 12131 12129 12130
f 12132 12127 12128
f 12128 12131 12132
f 12133 12134 12135
f 12135 12136 12133
f 12137 12138 12139
f 12139 12140 12137
f 12141 12142 12143
f 12143 12144 12141
f 12145 12146 12147
f 12147 12148 12145
f 12149 12150 12151
f 12151 12152 12149
f 12153 12154 12155
f 12155 12156 12153
f 12154 12157 12158
f 12158 12155 12154
f 12157 12159 12160
f 12160 12158 12157
f 12159 12161 12162
f 12162 12160 12159
f 12161 12163 12164
f 12164 12162 12161
f 12163 12165 12166
f 12166 12164 12163
f 12165 12167 12168
f 12168 12166 12165
f 12167 12169 12170
f 12170 12168 12167
f 12169 12171 12172
f 12172 12170 12169
f 12171 12173 12174
f 12174 12172 12171
f 12173 12175 12176
f 12176 12174 12173
f 12175 12177 12178
f 12178 12176 12175
f 12177 12179 12180
f 12180 12178 12177
f 12179 12181 12182
f 12182 12180 12179
f 12181 12183 12184
f 12184 12182 12181
f 12183 12153 12156
f 12156 12184 12183
f 12187 12186 12185
f 12187 12185 12188
f 12187 12188 12189
f 12187 12189 12190
f 12187 12190 12191
f 12187 12191 12192
f 12187 12192 12193
f 12187 12193 12194
f 12187 12194 12195
f 12187 12195 12196
f 12187 12196 12197
f 12187 12197 12198
f 12187 12198 12199
f 12187 12199 12200
f 12187 12200 12201
f 12187 12201 12186
f 12202 12203 12204
f 12204 12205 12202
f 12203 12206 12207
f 12207 12204 12203
f 12206 12208 12209
f 12209 12207 12206
f 12208 12210 12211
f 12211 12209 12208
f 12210 12212 12213
f 12213 12211 12210
f 12212 12214 12215
f 12215 12213 12212
f 12214 12216 12217
f 12217 12215 12214
f 12216 12218 12219
f 12219 12217 12216
f 12218 12220 12221
f 12221 12219 12218
f 12220 12222 12223
f 12223 12221 12220
f 12222 12224 12225
f 12225 12223 12222
f 12224 12226 12227
f 12227 12225 12224
f 12226 12228 12229
f 12229 12227 12226
f 12228 12230 12231
f 12231 12229 12228
f 12230 12232 12233
f 12233 12231 12230
f 12232 12202 12205
f 12205 12233 12232
f 12236 12235 12234
f 12236 12234 12237
f 12236 12237 12238
f 12236 12238 12239
f 12236 12239 12240
f 12236 12240 12241
f 12236 12241 12242
f 12236 12242 12243
f 12236 12243 12244
f 12236 12244 12245
f 12236 12245 12246
f 12236 12246 12247
f 12236 12247 12248
f 12236 12248 12249
f 12236 12249 12250
f 12236 12250 12235
f 12251 12252 12253
f 12253 12254 12251
f 12252 12255 12256
f 12256 12253 12252
f 12255 12257 12258
f 12258 12256 12255
f 12257 12259 12260
f 12260 12258 12257
f 12259 12261 12262
f 12262 12260 12259
f 12261 12263 12264
f 12264 12262 12261
f 12263 12265 12266
f 12266 12264 12263
f 12265 12267 12268
f 12268 12266 12265
f 12267 12269 12270
f 12270 12268 12267
f 12269 12271 12272
f 12272 12270 12269
f 12271 12273 12274
f 12274 12272 12271
f 12273 12275 12276
f 12276 12274 12273
f 12275 12277 12278
f 12278 12276 12275
f 12277 12279 12280
f 12280 12278 12277
f 12279 12281 12282
f 12282 12280 12279
f 12281 12251 12254
f 12254 12282 12281
f 12285 12284 12283
f 12285 12283 12286
f 12285 12286 12287
f 12285 12287 12288
f 12285 12288 12289
f 12285 12289 12290
f 12285 12290 12291
f 12285 12291 12292
f 12285 12292 12293
f 12285 12293 12294
f 12285 12294 12295
f 12285 12295 12296
f 12285 12296 12297
f 12285 12297 12298
f 12285 12298 12299
f 12285 12299 12284
f 12300 12301 12302
f 12302 12303 12300
f 12301 12304 12305
f 12305 12302 12301
f 12304 12306 12307
f 12307 12305 12304
f 12306 12308 12309
f 12309 12307 12306
f 12308 12310 12311
f 12311 12309 12308
f 12310 12312 12313
f 12313 12311 12310
f 12312 12314 12315
f 12315 12313 12312
f 12314 12316 12317
f 12317 12315 12314
f 12316 12318 12319
f 12319 12317 12316
f 12318 12320 12321
f 12321 12319 12318
f 12320 12322 12323
f 12323 12321 12320
f 12322 12324 12325
f 12325 12323 12322
f 12324 12326 12327
f 12327 12325 12324
f 12326 12328 12329
f 12329 12327 12326
f 12328 12330 12331
f 12331 12329 12328
f 12330 12300 12303
f 12303 12331 12330
f 12334 12333 12332
f 12334 12332 12335
f 12334 12335 12336
f 12334 12336 12337
f 12334 12337 12338
f 12334 12338 12339
f 12334 12339 12340
f 12334 12340 12341
f 12334 12341 12342
f 12334 12342 12343
f 12334 12343 12344
f 12334 12344 12345
f 12334 12345 12346
f 12334 12346 12347
f 12334 12347 12348
f 12334 12348 12333
f 12351 12350 12349
f 12349 12352 12351
f 12354 12353 12350
f 12350 12351 12354
f 12356 12355 12353
f 12353 12354 12356
f 12358 12357 12355
f 12355 12356 12358
f 12360 12359 12357
f 12357 12358 12360
f 12362 12361 12359
f 12359 12360 12362
f 12364 12363 12361
f 12361 12362 12364
f 12366 12365 12363
f 12363 12364 12366
f 12368 12367 12365
f 12365 12366 12368
f 12370 12369 12367
f 12367 12368 12370
f 12372 12371 12369
f 12369 12370 12372
f 12374 12373 12371
f 12371 12372 12374
f 12376 12375 12373
f 12373 12374 12376
f 12378 12377 12375
f 12375 12376 12378
f 12380 12379 12377
f 12377 12378 12380
f 12352 12349 12379
f 12379 12380 12352
f 12381 12382 12383
f 12383 12384 12381
f 12382 12385 12386
f 12386 12383 12382
f 12385 12387 12388
f 12388 12386 12385
f 12387 12389 12390
f 12390 12388 12387
f 12389 12391 12392
f 12392 12390 12389
f 12391 12393 12394
f 12394 12392 12391
f 12393 12395 12396
f 12396 12394 12393
f 12395 12397 12398
f 12398 12396 12395
f 12397 12399 12400
f 12400 12398 12397
f 12399 12401 12402
f 12402 12400 12399
f 12401 12403 12404
f 12404 12402 12401
f 12403 12405 12406
f 12406 12404 12403
f 12405 12407 12408
f 12408 12406 12405
f 12407 12409 12410
f 12410 12408 12407
f 12409 12411 12412
f 12412 12410 12409
f 12411 12381 12384
f 12384 12412 12411
f 12413 12414 12415
f 12415 12416 12413
f 12416 12415 12417
f 12417 12418 12416
f 12418 12417 12419
f 12419 12420 12418
f 12420 12419 12421
f 12421 12422 12420
f 12422 12421 12423
f 12423 12424 12422
f 12424 12423 12425
f 12425 12426 12424
f 12426 12425 12427
f 12427 12428 12426
f 12428 12427 12429
f 12429 12430 12428
f 12430 12429 12431
f 12431 12432 12430
f 12432 12431 12433
f 12433 12434 12432
f 12434 12433 12435
f 12435 12436 12434
f 12436 12435 12437
f 12437 12438 12436
f 12438 12437 12439
f 12439 12440 12438
f 12440 12439 12441
f 12441 12442 12440
f 12442 12441 12443
f 12443 12444 12442
f 12444 12443 12414
f 12414 12413 12444
f 12447 12446 12445
f 12445 12448 12447
f 12450 12449 12446
f 12446 12447 12450
f 12452 12451 12449
f 12449 12450 12452
f 12454 12453 12451
f 12451 12452 12454
f 12456 12455 12453
f 12453 12454 12456
f 12458 12457 12455
f 12455 12456 12458
f 12460 12459 12457
f 12457 12458 12460
f 12462 12461 12459
f 12459 12460 12462
f 12464 12463 12461
f 12461 12462 12464
f 12466 12465 12463
f 12463 12464 12466
f 12468 12467 12465
f 12465 12466 12468
f 12470 12469 12467
f 12467 12468 12470
f 12472 12471 12469
f 12469 12470 12472
f 12474 12473 12471
f 12471 12472 12474
f 12476 12475 12473
f 12473 12474 12476
f 12448 12445 12475
f 12475 12476 12448
f 12477 12478 12479
f 12479 12480 12477
f 12478 12481 12482
f 12482 12479 12478
f 12481 12483 12484
f 12484 12482 12481
f 12483 12485 12486
f 12486 12484 12483
f 12485 12487 12488
f 12488 12486 12485
f 12487 12489 12490
f 12490 12488 12487
f 12489 12491 12492
f 12492 12490 12489
f 12491 12493 12494
f 12494 12492 12491
f 12493 12495 12496
f 12496 12494 12493
f 12495 12497 12498
f 12498 12496 12495
f 12497 12499 12500
f 12500 12498 12497
f 12499 12501 12502
f 12502 12500 12499
f 12501 12503 12504
f 12504 12502 12501
f 12503 12505 12506
f 12506 12504 12503
f 12505 12507 12508
f 12508 12506 12505
f 12507 12477 12480
f 12480 12508 12507
f 12509 12510 12511
f 12511 12512 12509
f 12512 12511 12513
f 12513 12514 12512
f 12514 12513 12515
f 12515 12516 12514
f 12516 12515 12517
f 12517 12518 12516
f 12518 12517 12519
f 12519 12520 12518
f 12520 12519 12521
f 12521 12522 12520
f 12522 12521 12523
f 12523 12524 12522
f 12524 12523 12525
f 12525 12526 12524
f 12526 12525 12527
f 12527 12528 12526
f 12528 12527 12529
f 12529 12530 12528
f 12530 12529 12531
f 12531 12532 12530
f 12532 12531 12533
f 12533 12534 12532
f 12534 12533 12535
f 12535 12536 12534
f 12536 12535 12537
f 12537 12538 12536
f 12538 12537 12539
f 12539 12540 12538
f 12540 12539 12510
f 12510 12509 12540
f 12543 12542 12541
f 12541 12544 12543
f 12546 12545 12542
f 12542 12543 12546
f 12548 12547 12545
f 12545 12546 12548
f 12550 12549 12547
f 12547 12548 12550
f 12552 12551 12549
f 12549 12550 12552
f 12554 12553 12551
f 12551 12552 12554
f 12556 12555 12553
f 12553 12554 12556
f 12558 12557 12555
f 12555 12556 12558
f 12560 12559 12557
f 12557 12558 12560
f 12562 12561 12559
f 12559 12560 12562
f 12564 12563 12561
f 12561 12562 12564
f 12566 12565 12563
f 12563 12564 12566
f 12568 12567 12565
f 12565 12566 12568
f 12570 12569 12567
f 12567 12568 12570
f 12572 12571 12569
f 12569 12570 12572
f 12544 12541 12571
f 12571 12572 12544
f 12573 12574 12575
f 12575 12576 12573
f 12574 12577 12578
f 12578 12575 12574
f 12577 12579 12580
f 12580 12578 12577
f 12579 12581 12582
f 12582 12580 12579
f 12581 12583 12584
f 12584 12582 12581
f 12583 12585 12586
f 12586 12584 12583
f 12585 12587 12588
f 12588 12586 12585
f 12587 12589 12590
f 12590 12588 12587
f 12589 12591 12592
f 12592 12590 12589
f 12591 12593 12594
f 12594 12592 12591
f 12593 12595 12596
f 12596 12594 12593
f 12595 12597 12598
f 12598 12596 12595
f 12597 12599 12600
f 12600 12598 12597
f 12599 12601 12602
f 12602 12600 12599
f 12601 12603 12604
f 12604 12602 12601
f 12603 12573 12576
f 12576 12604 12603
f 12605 12606 12607
f 12607 12608 12605
f 12608 12607 12609
f 12609 12610 12608
f 12610 12609 12611
f 12611 12612 12610
f 12612 12611 12613
f 12613 12614 12612
f 12614 12613 12615
f 12615 12616 12614
f 12616 12615 12617
f 12617 12618 12616
f 12618 12617 12619
f 12619 12620 12618
f 12620 12619 12621
f 12621 12622 12620
f 12622 12621 12623
f 12623 12624 12622
f 12624 12623 12625
f 12625 12626 12624
f 12626 12625 12627
f 12627 12628 12626
f 12628 12627 12629
f 12629 12630 12628
f 12630 12629 12631
f 12631 12632 12630
f 12632 12631 12633
f 12633 12634 12632
f 12634 12633 12635
f 12635 12636 12634
f 12636 12635 12606
f 12606 12605 12636
f 12639 12638 12637
f 12637 12640 12639
f 12642 12641 12638
f 12638 12639 12642
f 12644 12643 12641
f 12641 12642 12644
f 12646 12645 12643
f 12643 12644 12646
f 12648 12647 12645
f 12645 12646 12648
f 12650 12649 12647
f 12647 12648 12650
f 12652 12651 12649
f 12649 12650 12652
f 12654 12653 12651
f 12651 12652 12654
f 12656 12655 12653
f 12653 12654 12656
f 12658 12657 12655
f 12655 12656 12658
f 12660 12659 12657
f 12657 12658 12660
f 12662 12661 12659
f 12659 12660 12662
f 12664 12663 12661
f 12661 12662 12664
f 12666 12665 12663
f 12663 12664 12666
f 12668 12667 12665
f 12665 12666 12668
f 12640 12637 12667
f 12667 12668 12640
f 12669 12670 12671
f 12671 12672 12669
f 12670 12673 12674
f 12674 12671 12670
f 12673 12675 12676
f 12676 12674 12673
f 12675 12677 12678
f 12678 12676 12675
f 12677 12679 12680
f 12680 12678 12677
f 12679 12681 12682
f 12682 12680 12679
f 12681 12683 12684
f 12684 12682 12681
f 12683 12685 12686
f 12686 12684 12683
f 12685 12687 12688
f 12688 12686 12685
f 12687 12689 12690
f 12690 12688 12687
f 12689 12691 12692
f 12692 12690 12689
f 12691 12693 12694
f 12694 12692 12691
f 12693 12695 12696
f 12696 12694 12693
f 12695 12697 12698
f 12698 12696 12695
f 12697 12699 12700
f 12700 12698 12697
f 12699 12669 12672
f 12672 12700 12699
f 12701 12702 12703
f 12703 12704 12701
f 12704 12703 12705
f 12705 12706 12704
f 12706 12705 12707
f 12707 12708 12706
f 12708 12707 12709
f 12709 12710 12708
f 12710 12709 12711
f 12711 12712 12710
f 12712 12711 12713
f 12713 12714 12712
f 12714 12713 12715
f 12715 12716 12714
f 12716 12715 12717
f 12717 12718 12716
f 12718 12717 12719
f 12719 12720 12718
f 12720 12719 12721
f 12721 12722 12720
f 12722 12721 12723
f 12723 12724 12722
f 12724 12723 12725
f 12725 12726 12724
f 12726 12725 12727
f 12727 12728 12726
f 12728 12727 12729
f 12729 12730 12728
f 12730 12729 12731
f 12731 12732 12730
f 12732 12731 12702
f 12702 12701 12732
f 12735 12734 12733
f 12733 12736 12735
f 12738 12737 12734
f 12734 12735 12738
f 12740 12739 12737
f 12737 12738 12740
f 12742 12741 12739
f 12739 12740 12742
f 12744 12743 12741
f 12741 12742 12744
f 12746 12745 12743
f 12743 12744 12746
f 12748 12747 12745
f 12745 12746 12748
f 12750 12749 12747
f 12747 12748 12750
f 12752 12751 12749
f 12749 12750 12752
f 12754 12753 12751
f 12751 12752 12754
f 12756 12755 12753
f 12753 12754 12756
f 12758 12757 12755
f 12755 12756 12758
f 12760 12759 12757
f 12757 12758 12760
f 12762 12761 12759
f 12759 12760 12762
f 12764 12763 12761
f 12761 12762 12764
f 12736 12733 12763
f 12763 12764 12736
f 12765 12766 12767
f 12767 12768 12765
f 12766 12769 12770
f 12770 12767 12766
f 12769 12771 12772
f 12772 12770 12769
f 12771 12773 12774
f 12774 12772 12771
f 12773 12775 12776
f 12776 12774 12773
f 12775 12777 12778
f 12778 12776 12775
f 12777 12779 12780
f 12780 12778 12777
f 12779 12781 12782
f 12782 12780 12779
f 12781 12783 12784
f 12784 12782 12781
f 12783 12785 12786
f 12786 12784 12783
f 12785 12787 12788
f 12788 12786 12785
f 12787 12789 12790
f 12790 12788 12787
f 12789 12791 12792
f 12792 12790 12789
f 12791 12793 12794
f 12794 12792 12791
f 12793 12795 12796
f 12796 12794 12793
f 12795 12765 12768
f 12768 12796 12795
f 12797 12798 12799
f 12799 12800 12797
f 12800 12799 12801
f 12801 12802 12800
f 12802 12801 12803
f 12803 12804 12802
f 12804 12803 12805
f 12805 12806 12804
f 12806 12805 12807
f 12807 12808 12806
f 12808 12807 12809
f 12809 12810 12808
f 12810 12809 12811
f 12811 12812 12810
f 12812 12811 12813
f 12813 12814 12812
f 12814 12813 12815
f 12815 12816 12814
f 12816 12815 12817
f 12817 12818 12816
f 12818 12817 12819
f 12819 12820 12818
f 12820 12819 12821
f 12821 12822 12820
f 12822 12821 12823
f 12823 12824 12822
f 12824 12823 12825
f 12825 12826 12824
f 12826 12825 12827
f 12827 12828 12826
f 12828 12827 12798
f 12798 12797 12828
f 12831 12830 12829
f 12829 12832 12831
f 12834 12833 12830
f 12830 12831 12834
f 12836 12835 12833
f 12833 12834 12836
f 12838 12837 12835
f 12835 12836 12838
f 12840 12839 12837
f 12837 12838 12840
f 12842 12841 12839
f 12839 12840 12842
f 12844 12843 12841
f 12841 12842 12844
f 12846 12845 12843
f 12843 12844 12846
f 12848 12847 12845
f 12845 12846 12848
f 12850 12849 12847
f 12847 12848 12850
f 12852 12851 12849
f 12849 12850 12852
f 12854 12853 12851
f 12851 12852 12854
f 12856 12855 12853
f 12853 12854 12856
f 12858 12857 12855
f 12855 12856 12858
f 12860 12859 12857
f 12857 12858 12860
f 12832 12829 12859
f 12859 12860 12832
f 12861 12862 12863
f 12863 12864 12861
f 12862 12865 12866
f 12866 12863 12862
f 12865 12867 12868
f 12868 12866 12865
f 12867 12869 12870
f 12870 12868 12867
f 12869 12871 12872
f 12872 12870 12869
f 12871 12873 12874
f 12874 12872 12871
f 12873 12875 12876
f 12876 12874 12873
f 12875 12877 12878
f 12878 12876 12875
f 12877 12879 12880
f 12880 12878 12877
f 12879 12881 12882
f 12882 12880 12879
f 12881 12883 12884
f 12884 12882 12881
f 12883 12885 12886
f 12886 12884 12883
f 12885 12887 12888
f 12888 12886 12885
f 12887 12889 12890
f 12890 12888 12887
f 12889 12891 12892
f 12892 12890 12889
f 12891 12861 12864
f 12864 12892 12891
f 12893 12894 12895
f 12895 12896 12893
f 12896 12895 12897
f 12897 12898 12896
f 12898 12897 12899
f 12899 12900 12898
f 12900 12899 12901
f 12901 12902 12900
f 12902 12901 12903
f 12903 12904 12902
f 12904 12903 12905
f 12905 12906 12904
f 12906 12905 12907
f 12907 12908 12906
f 12908 12907 12909
f 12909 12910 12908
f 12910 12909 12911
f 12911 12912 12910
f 12912 12911 12913
f 12913 12914 12912
f 12914 12913 12915
f 12915 12916 12914
f 12916 12915 12917
f 12917 12918 12916
f 12918 12917 12919
f 12919 12920 12918
f 12920 12919 12921
f 12921 12922 12920
f 12922 12921 12923
f 12923 12924 12922
f 12924 12923 12894
f 12894 12893 12924
f 12927 12926 12925
f 12925 12928 12927
f 12930 12929 12926
f 12926 12927 12930
f 12932 12931 12929
f 12929 12930 12932
f 12934 12933 12931
f 12931 12932 12934
f 12936 12935 12933
f 12933 12934 12936
f 12938 12937 12935
f 12935 12936 12938
f 12940 12939 12937
f 12937 12938 12940
f 12942 12941 12939
f 12939 12940 12942
f 12944 12943 12941
f 12941 12942 12944
f 12946 12945 12943
f 12943 12944 12946
f 12948 12947 12945
f 12945 12946 12948
f 12950 12949 12947
f 12947 12948 12950
f 12952 12951 12949
f 12949 12950 12952
f 12954 12953 12951
f 12951 12952 12954
f 12956 12955 12953
f 12953 12954 12956
f 12928 12925 12955
f 12955 12956 12928
f 12957 12958 12959
f 12959 12960 12957
f 12958 12961 12962
f 12962 12959 12958
f 12961 12963 12964
f 12964 12962 12961
f 12963 12965 12966
f 12966 12964 12963
f 12965 12967 12968
f 12968 12966 12965
f 12967 12969 12970
f 12970 12968 12967
f 12969 12971 12972
f 12972 12970 12969
f 12971 12973 12974
f 12974 12972 12971
f 12973 12975 12976
f 12976 12974 12973
f 12975 12977 12978
f 12978 12976 12975
f 12977 12979 12980
f 12980 12978 12977
f 12979 12981 12982
f 12982 12980 12979
f 12981 12983 12984
f 12984 12982 12981
f 12983 12985 12986
f 12986 12984 12983
f 12985 12987 12988
f 12988 12986 12985
f 12987 12957 12960
f 12960 12988 12987
f 12989 12990 12991
f 12991 12992 12989
f 12992 12991 12993
f 12993 12994 12992
f 12994 12993 12995
f 12995 12996 12994
f 12996 12995 12997
f 12997 12998 12996
f 12998 12997 12999
f 12999 13000 12998
f 13000 12999 13001
f 13001 13002 13000
f 13002 13001 13003
f 13003 13004 13002
f 13004 13003 13005
f 13005 13006 13004
f 13006 13005 13007
f 13007 13008 13006
f 13008 13007 13009
f 13009 13010 13008
f 13010 13009 13011
f 13011 13012 13010
f 13012 13011 13013
f 13013 13014 13012
f 13014 13013 13015
f 13015 13016 13014
f 13016 13015 13017
f 13017 13018 13016
f 13018 13017 13019
f 13019 13020 13018
f 13020 13019 12990
f 12990 12989 13020
f 13023 13022 13021
f 13021 13024 13023
f 13026 13025 13022
f 13022 13023 13026
f 13028 13027 13025
f 13025 13026 13028
f 13030 13029 13027
f 13027 13028 13030
f 13032 13031 13029
f 13029 13030 13032
f 13034 13033 13031
f 13031 13032 13034
f 13036 13035 13033
f 13033 13034 13036
f 13038 13037 13035
f 13035 13036 13038
f 13040 13039 13037
f 13037 13038 13040
f 13042 13041 13039
f 13039 13040 13042
f 13044 13043 13041
f 13041 13042 13044
f 13046 13045 13043
f 13043 13044 13046
f 13048 13047 13045
f 13045 13046 13048
f 13050 13049 13047
f 13047 13048 13050
f 13052 13051 13049
f 13049 13050 13052
f 13024 13021 13051
f 13051 13052 13024
f 13053 13054 13055
f 13055 13056 13053
f 13054 13057 13058
f 13058 13055 13054
f 13057 13059 13060
f 13060 13058 13057
f 13059 13061 13062
f 13062 13060 13059
f 13061 13063 13064
f 13064 13062 13061
f 13063 13065 13066
f 13066 13064 13063
f 13065 13067 13068
f 13068 13066 13065
f 13067 13069 13070
f 13070 13068 13067
f 13069 13071 13072
f 13072 13070 13069
f 13071 13073 13074
f 13074 13072 13071
f 13073 13075 13076
f 13076 13074 13073
f 13075 13077 13078
f 13078 13076 13075
f 13077 13079 13080
f 13080 13078 13077
f 13079 13081 13082
f 13082 13080 13079
f 13081 13083 13084
f 13084 13082 13081
f 13083 13053 13056
f 13056 13084 13083
f 13085 13086 13087
f 13087 13088 13085
f 13088 13087 13089
f 13089 13090 13088
f 13090 13089 13091
f 13091 13092 13090
f 13092 13091 13093
f 13093 13094 13092
f 13094 13093 13095
f 13095 13096 13094
f 13096 13095 13097
f 13097 13098 13096
f 13098 13097 13099
f 13099 13100 13098
f 13100 13099 13101
f 13101 13102 13100
f 13102 13101 13103
f 13103 13104 13102
f 13104 13103 13105
f 13105 13106 13104
f 13106 13105 13107
f 13107 13108 13106
f 13108 13107 13109
f 13109 13110 13108
f 13110 13109 13111
f 13111 13112 13110
f 13112 13111 13113
f 13113 13114 13112
f 13114 13113 13115
f 13115 13116 13114
f 13116 13115 13086
f 13086 13085 13116
f 13119 13118 13117
f 13117 13120 13119
f 13122 13121 13118
f 13118 13119 13122
f 13124 13123 13121
f 13121 13122 13124
f 13126 13125 13123
f 13123 13124 13126
f 13128 13127 13125
f 13125 13126 13128
f 13130 13129 13127
f 13127 13128 13130
f 13132 13131 13129
f 13129 13130 13132
f 13134 13133 13131
f 13131 13132 13134
f 13136 13135 13133
f 13133 13134 13136
f 13138 13137 13135
f 13135 13136 13138
f 13140 13139 13137
f 13137 13138 13140
f 13142 13141 13139
f 13139 13140 13142
f 13144 13143 13141
f 13141 13142 13144
f 13146 13145 13143
f 13143 13144 13146
f 13148 13147 13145
f 13145 13146 13148
f 13120 13117 13147
f 13147 13148 13120
f 13149 13150 13151
f 13151 13152 13149
f 13150 13153 13154
f 13154 13151 13150
f 13153 13155 13156
f 13156 13154 13153
f 13155 13157 13158
f 13158 13156 13155
f 13157 13159 13160
f 13160 13158 13157
f 13159 13161 13162
f 13162 13160 13159
f 13161 13163 13164
f 13164 13162 13161
f 13163 13165 13166
f 13166 13164 13163
f 13165 13167 13168
f 13168 13166 13165
f 13167 13169 13170
f 13170 13168 13167
f 13169 13171 13172
f 13172 13170 13169
f 13171 13173 13174
f 13174 13172 13171
f 13173 13175 13176
f 13176 13174 13173
f 13175 13177 13178
f 13178 13176 13175
f 13177 13179 13180
f 13180 13178 13177
f 13179 13149 13152
f 13152 13180 13179
f 13181 13182 13183
f 13183 13184 13181
f 13184 13183 13185
f 13185 13186 13184
f 13186 13185 13187
f 13187 13188 13186
f 13188 13187 13189
f 13189 13190 13188
f 13190 13189 13191
f 13191 13192 13190
f 13192 13191 13193
f 13193 13194 13192
f 13194 13193 13195
f 13195 13196 13194
f 13196 13195 13197
f 13197 13198 13196
f 13198 13197 13199
f 13199 13200 13198
f 13200 13199 13201
f 13201 13202 13200
f 13202 13201 13203
f 13203 13204 13202
f 13204 13203 13205
f 13205 13206 13204
f 13206 13205 13207
f 13207 13208 13206
f 13208 13207 13209
f 13209 13210 13208
f 13210 13209 13211
f 13211 13212 13210
f 13212 13211 13182
f 13182 13181 13212
f 13215 13214 13213
f 13213 13216 13215
f 13219 13218 13217
f 13217 13220 13219
f 13223 13222 13221
f 13221 13224 13223
f 13227 13226 13225
f 13225 13228 13227
f 13231 13230 13229
f 13229 13232 13231
f 13235 13234 13233
f 13233 13236 13235
f 13239 13238 13237
f 13237 13240 13239
f 13238 13235 13236
f 13236 13237 13238
f 13234 13239 13240
f 13240 13233 13234
f 13241 13242 13243
f 13243 13244 13241
f 13245 13246 13247
f 13247 13248 13245
f 13249 13250 13251
f 13251 13252 13249
f 13253 13254 13255
f 13255 13256 13253
f 13257 13258 13259
f 13259 13260 13257
f 13261 13262 13263
f 13263 13264 13261
f 13262 13265 13266
f 13266 13263 13262
f 13265 13267 13268
f 13268 13266 13265
f 13267 13269 13270
f 13270 13268 13267
f 13269 13271 13272
f 13272 13270 13269
f 13271 13273 13274
f 13274 13272 13271
f 13273 13275 13276
f 13276 13274 13273
f 13275 13277 13278
f 13278 13276 13275
f 13277 13279 13280
f 13280 13278 13277
f 13279 13281 13282
f 13282 13280 13279
f 13281 13283 13284
f 13284 13282 13281
f 13283 13285 13286
f 13286 13284 13283
f 13285 13287 13288
f 13288 13286 13285
f 13287 13289 13290
f 13290 13288 13287
f 13289 13291 13292
f 13292 13290 13289
f 13291 13261 13264
f 13264 13292 13291
f 13295 13294 13293
f 13295 13293 13296
f 13295 13296 13297
f 13295 13297 13298
f 13295 13298 13299
f 13295 13299 13300
f 13295 13300 13301
f 13295 13301 13302
f 13295 13302 13303
f 13295 13303 13304
f 13295 13304 13305
f 13295 13305 13306
f 13295 13306 13307
f 13295 13307 13308
f 13295 13308 13309
f 13295 13309 13294
f 13310 13311 13312
f 13312 13313 13310
f 13311 13314 13315
f 13315 13312 13311
f 13314 13316 13317
f 13317 13315 13314
f 13316 13318 13319
f 13319 13317 13316
f 13318 13320 13321
f 13321 13319 13318
f 13320 13322 13323
f 13323 13321 13320
f 13322 13324 13325
f 13325 13323 13322
f 13324 13326 13327
f 13327 13325 13324
f 13326 13328 13329
f 13329 13327 13326
f 13328 13330 13331
f 13331 13329 13328
f 13330 13332 13333
f 13333 13331 13330
f 13332 13334 13335
f 13335 13333 13332
f 13334 13336 13337
f 13337 13335 13334
f 13336 13338 13339
f 13339 13337 13336
f 13338 13340 13341
f 13341 13339 13338
f 13340 13310 13313
f 13313 13341 13340
f 13344 13343 13342
f 13344 13342 13345
f 13344 13345 13346
f 13344 13346 13347
f 13344 13347 13348
f 13344 13348 13349
f 13344 13349 13350
f 13344 13350 13351
f 13344 13351 13352
f 13344 13352 13353
f 13344 13353 13354
f 13344 13354 13355
f 13344 13355 13356
f 13344 13356 13357
f 13344 13357 13358
f 13344 13358 13343
f 13359 13360 13361
f 13361 13362 13359
f 13360 13363 13364
f 13364 13361 13360
f 13363 13365 13366
f 13366 13364 13363
f 13365 13367 13368
f 13368 13366 13365
f 13367 13369 13370
f 13370 13368 13367
f 13369 13371 13372
f 13372 13370 13369
f 13371 13373 13374
f 13374 13372 13371
f 13373 13375 13376
f 13376 13374 13373
f 13375 13377 13378
f 13378 13376 13375
f 13377 13379 13380
f 13380 13378 13377
f 13379 13381 13382
f 13382 13380 13379
f 13381 13383 13384
f 13384 13382 13381
f 13383 13385 13386
f 13386 13384 13383
f 13385 13387 13388
f 13388 13386 13385
f 13387 13389 13390
f 13390 13388 13387
f 13389 13359 13362
f 13362 13390 13389
f 13393 13392 13391
f 13393 13391 13394
f 13393 13394 13395
f 13393 13395 13396
f 13393 13396 13397
f 13393 13397 13398
f 13393 13398 13399
f 13393 13399 13400
f 13393 13400 13401
f 13393 13401 13402
f 13393 13402 13403
f 13393 13403 13404
f 13393 13404 13405
f 13393 13405 13406
f 13393 13406 13407
f 13393 13407 13392
f 13408 13409 13410
f 13410 13411 13408
f 13409 13412 13413
f 13413 13410 13409
f 13412 13414 13415
f 13415 13413 13412
f 13414 13416 13417
f 13417 13415 13414
f 13416 13418 13419
f 13419 13417 13416
f 13418 13420 13421
f 13421 13419 13418
f 13420 13422 13423
f 13423 13421 13420
f 13422 13424 13425
f 13425 13423 13422
f 13424 13426 13427
f 13427 13425 13424
f 13426 13428 13429
f 13429 13427 13426
f 13428 13430 13431
f 13431 13429 13428
f 13430 13432 13433
f 13433 13431 13430
f 13432 13434 13435
f 13435 13433 13432
f 13434 13436 13437
f 13437 13435 13434
f 13436 13438 13439
f 13439 13437 13436
f 13438 13408 13411
f 13411 13439 13438
f 13442 13441 13440
f 13442 13440 13443
f 13442 13443 13444
f 13442 13444 13445
f 13442 13445 13446
f 13442 13446 13447
f 13442 13447 13448
f 13442 13448 13449
f 13442 13449 13450
f 13442 13450 13451
f 13442 13451 13452
f 13442 13452 13453
f 13442 13453 13454
f 13442 13454 13455
f 13442 13455 13456
f 13442 13456 13441
f 13457 13458 13459
f 13459 13460 13457
f 13458 13461 13462
f 13462 13459 13458
f 13461 13463 13464
f 13464 13462 13461
f 13463 13465 13466
f 13466 13464 13463
f 13465 13467 13468
f 13468 13466 13465
f 13467 13469 13470
f 13470 13468 13467
f 13469 13471 13472
f 13472 13470 13469
f 13471 13473 13474
f 13474 13472 13471
f 13473 13475 13476
f 13476 13474 13473
f 13475 13477 13478
f 13478 13476 13475
f 13477 13479 13480
f 13480 13478 13477
f 13479 13481 13482
f 13482 13480 13479
f 13481 13483 13484
f 13484 13482 13481
f 13483 13485 13486
f 13486 13484 13483
f 13485 13487 13488
f 13488 13486 13485
f 13487 13457 13460
f 13460 13488 13487
f 13491 13490 13489
f 13491 13489 13492
f 13491 13492 13493
f 13491 13493 13494
f 13491 13494 13495
f 13491 13495 13496
f 13491 13496 13497
f 13491 13497 13498
f 13491 13498 13499
f 13491 13499 13500
f 13491 13500 13501
f 13491 13501 13502
f 13491 13502 13503
f 13491 13503 13504
f 13491 13504 13505
f 13491 13505 13490
f 13506 13507 13508
f 13508 13509 13506
f 13507 13510 13511
f 13511 13508 13507
f 13510 13512 13513
f 13513 13511 13510
f 13512 13514 13515
f 13515 13513 13512
f 13514 13516 13517
f 13517 13515 13514
f 13516 13518 13519
f 13519 13517 13516
f 13518 13520 13521
f 13521 13519 13518
f 13520 13522 13523
f 13523 13521 13520
f 13522 13524 13525
f 13525 13523 13522
f 13524 13526 13527
f 13527 13525 13524
f 13526 13528 13529
f 13529 13527 13526
f 13528 13530 13531
f 13531 13529 13528
f 13530 13532 13533
f 13533 13531 13530
f 13532 13534 13535
f 13535 13533 13532
f 13534 13536 13537
f 13537 13535 13534
f 13536 13506 13509
f 13509 13537 13536
f 13540 13539 13538
f 13540 13538 13541
f 13540 13541 13542
f 13540 13542 13543
f 13540 13543 13544
f 13540 13544 13545
f 13540 13545 13546
f 13540 13546 13547
f 13540 13547 13548
f 13540 13548 13549
f 13540 13549 13550
f 13540 13550 13551
f 13540 13551 13552
f 13540 13552 13553
f 13540 13553 13554
f 13540 13554 13539
f 13555 13556 13557
f 13557 13558 13555
f 13556 13559 13560
f 13560 13557 13556
f 13559 13561 13562
f 13562 13560 13559
f 13561 13563 13564
f 13564 13562 13561
f 13563 13565 13566
f 13566 13564 13563
f 13565 13567 13568
f 13568 13566 13565
f 13567 13569 13570
f 13570 13568 13567
f 13569 13571 13572
f 13572 13570 13569
f 13571 13573 13574
f 13574 13572 13571
f 13573 13575 13576
f 13576 13574 13573
f 13575 13577 13578
f 13578 13576 13575
f 13577 13579 13580
f 13580 13578 13577
f 13579 13581 13582
f 13582 13580 13579
f 13581 13583 13584
f 13584 13582 13581
f 13583 13585 13586
f 13586 13584 13583
f 13585 13555 13558
f 13558 13586 13585
f 13589 13588 13587
f 13589 13587 13590
f 13589 13590 13591
f 13589 13591 13592
f 13589 13592 13593
f 13589 13593 13594
f 13589 13594 13595
f 13589 13595 13596
f 13589 13596 13597
f 13589 13597 13598
f 13589 13598 13599
f 13589 13599 13600
f 13589 13600 13601
f 13589 13601 13602
f 13589 13602 13603
f 13589 13603 13588
f 13604 13605 13606
f 13606 13607 13604
f 13605 13608 13609
f 13609 13606 13605
f 13608 13610 13611
f 13611 13609 13608
f 13610 13612 13613
f 13613 13611 13610
f 13612 13614 13615
f 13615 13613 13612
f 13614 13616 13617
f 13617 13615 13614
f 13616 13618 13619
f 13619 13617 13616
f 13618 13620 13621
f 13621 13619 13618
f 13620 13622 13623
f 13623 13621 13620
f 13622 13624 13625
f 13625 13623 13622
f 13624 13626 13627
f 13627 13625 13624
f 13626 13628 13629
f 13629 13627 13626
f 13628 13630 13631
f 13631 13629 13628
f 13630 13632 13633
f 13633 13631 13630
f 13632 13634 13635
f 13635 13633 13632
f 13634 13604 13607
f 13607 13635 13634
f 13638 13637 13636
f 13638 13636 13639
f 13638 13639 13640
f 13638 13640 13641
f 13638 13641 13642
f 13638 13642 13643
f 13638 13643 13644
f 13638 13644 13645
f 13638 13645 13646
f 13638 13646 13647
f 13638 13647 13648
f 13638 13648 13649
f 13638 13649 13650
f 13638 13650 13651
f 13638 13651 13652
f 13638 13652 13637
f 13653 13654 13655
f 13655 13656 13653
f 13654 13657 13658
f 13658 13655 13654
f 13657 13659 13660
f 13660 13658 13657
f 13659 13661 13662
f 13662 13660 13659
f 13661 13663 13664
f 13664 13662 13661
f 13663 13665 13666
f 13666 13664 13663
f 13665 13667 13668
f 13668 13666 13665
f 13667 13669 13670
f 13670 13668 13667
f 13669 13671 13672
f 13672 13670 13669
f 13671 13673 13674
f 13674 13672 13671
f 13673 13675 13676
f 13676 13674 13673
f 13675 13677 13678
f 13678 13676 13675
f 13677 13679 13680
f 13680 13678 13677
f 13679 13681 13682
f 13682 13680 13679
f 13681 13683 13684
f 13684 13682 13681
f 13683 13653 13656
f 13656 13684 13683
f 13687 13686 13685
f 13687 13685 13688
f 13687 13688 13689
f 13687 13689 13690
f 13687 13690 13691
f 13687 13691 13692
f 13687 13692 13693
f 13687 13693 13694
f 13687 13694 13695
f 13687 13695 13696
f 13687 13696 13697
f 13687 13697 13698
f 13687 13698 13699
f 13687 13699 13700
f 13687 13700 13701
f 13687 13701 13686
f 13702 13703 13704
f 13704 13705 13702
f 13703 13706 13707
f 13707 13704 13703
f 13706 13708 13709
f 13709 13707 13706
f 13708 13710 13711
f 13711 13709 13708
f 13710 13712 13713
f 13713 13711 13710
f 13712 13714 13715
f 13715 13713 13712
f 13714 13716 13717
f 13717 13715 13714
f 13716 13718 13719
f 13719 13717 13716
f 13718 13720 13721
f 13721 13719 13718
f 13720 13722 13723
f 13723 13721 13720
f 13722 13724 13725
f 13725 13723 13722
f 13724 13726 13727
f 13727 13725 13724
f 13726 13728 13729
f 13729 13727 13726
f 13728 13730 13731
f 13731 13729 13728
f 13730 13732 13733
f 13733 13731 13730
f 13732 13702 13705
f 13705 13733 13732
f 13736 13735 13734
f 13736 13734 13737
f 13736 13737 13738
f 13736 13738 13739
f 13736 13739 13740
f 13736 13740 13741
f 13736 13741 13742
f 13736 13742 13743
f 13736 13743 13744
f 13736 13744 13745
f 13736 13745 13746
f 13736 13746 13747
f 13736 13747 13748
f 13736 13748 13749
f 13736 13749 13750
f 13736 13750 13735
f 13751 13752 13753
f 13753 13754 13751
f 13752 13755 13756
f 13756 13753 13752
f 13755 13757 13758
f 13758 13756 13755
f 13757 13759 13760
f 13760 13758 13757
f 13759 13761 13762
f 13762 13760 13759
f 13761 13763 13764
f 13764 13762 13761
f 13763 13765 13766
f 13766 13764 13763
f 13765 13767 13768
f 13768 13766 13765
f 13767 13769 13770
f 13770 13768 13767
f 13769 13771 13772
f 13772 13770 13769
f 13771 13773 13774
f 13774 13772 13771
f 13773 13775 13776
f 13776 13774 13773
f 13775 13777 13778
f 13778 13776 13775
f 13777 13779 13780
f 13780 13778 13777
f 13779 13781 13782
f 13782 13780 13779
f 13781 13751 13754
f 13754 13782 13781
f 13785 13784 13783
f 13785 13783 13786
f 13785 13786 13787
f 13785 13787 13788
f 13785 13788 13789
f 13785 13789 13790
f 13785 13790 13791
f 13785 13791 13792
f 13785 13792 13793
f 13785 13793 13794
f 13785 13794 13795
f 13785 13795 13796
f 13785 13796 13797
f 13785 13797 13798
f 13785 13798 13799
f 13785 13799 13784
f 13800 13801 13802
f 13802 13803 13800
f 13801 13804 13805
f 13805 13802 13801
f 13804 13806 13807
f 13807 13805 13804
f 13806 13808 13809
f 13809 13807 13806
f 13808 13810 13811
f 13811 13809 13808
f 13810 13812 13813
f 13813 13811 13810
f 13812 13814 13815
f 13815 13813 13812
f 13814 13816 13817
f 13817 13815 13814
f 13816 13818 13819
f 13819 13817 13816
f 13818 13820 13821
f 13821 13819 13818
f 13820 13822 13823
f 13823 13821 13820
f 13822 13824 13825
f 13825 13823 13822
f 13824 13826 13827
f 13827 13825 13824
f 13826 13828 13829
f 13829 13827 13826
f 13828 13830 13831
f 13831 13829 13828
f 13830 13800 13803
f 13803 13831 13830
f 13834 13833 13832
f 13834 13832 13835
f 13834 13835 13836
f 13834 13836 13837
f 13834 13837 13838
f 13834 13838 13839
f 13834 13839 13840
f 13834 13840 13841
f 13834 13841 13842
f 13834 13842 13843
f 13834 13843 13844
f 13834 13844 13845
f 13834 13845 13846
f 13834 13846 13847
f 13834 13847 13848
f 13834 13848 13833
f 13849 13850 13851
f 13851 13852 13849
f 13850 13853 13854
f 13854 13851 13850
f 13853 13855 13856
f 13856 13854 13853
f 13855 13857 13858
f 13858 13856 13855
f 13857 13859 13860
f 13860 13858 13857
f 13859 13861 13862
f 13862 13860 13859
f 13861 13863 13864
f 13864 13862 13861
f 13863 13865 13866
f 13866 13864 13863
f 13865 13867 13868
f 13868 13866 13865
f 13867 13869 13870
f 13870 13868 13867
f 13869 13871 13872
f 13872 13870 13869
f 13871 13873 13874
f 13874 13872 13871
f 13873 13875 13876
f 13876 13874 13873
f 13875 13877 13878
f 13878 13876 13875
f 13877 13879 13880
f 13880 13878 13877
f 13879 13849 13852
f 13852 13880 13879
f 13883 13882 13881
f 13883 13881 13884
f 13883 13884 13885
f 13883 13885 13886
f 13883 13886 13887
f 13883 13887 13888
f 13883 13888 13889
f 13883 13889 13890
f 13883 13890 13891
f 13883 13891 13892
f 13883 13892 13893
f 13883 13893 13894
f 13883 13894 13895
f 13883 13895 13896
f 13883 13896 13897
f 13883 13897 13882
f 13898 13899 13900
f 13900 13901 13898
f 13899 13902 13903
f 13903 13900 13899
f 13902 13904 13905
f 13905 13903 13902
f 13904 13906 13907
f 13907 13905 13904
f 13906 13908 13909
f 13909 13907 13906
f 13908 13910 13911
f 13911 13909 13908
f 13910 13912 13913
f 13913 13911 13910
f 13912 13914 13915
f 13915 13913 13912
f 13914 13916 13917
f 13917 13915 13914
f 13916 13918 13919
f 13919 13917 13916
f 13918 13920 13921
f 13921 13919 13918
f 13920 13922 13923
f 13923 13921 13920
f 13922 13924 13925
f 13925 13923 13922
f 13924 13926 13927
f 13927 13925 13924
f 13926 13928 13929
f 13929 13927 13926
f 13928 13898 13901
f 13901 13929 13928
f 13932 13931 13930
f 13932 13930 13933
f 13932 13933 13934
f 13932 13934 13935
f 13932 13935 13936
f 13932 13936 13937
f 13932 13937 13938
f 13932 13938 13939
f 13932 13939 13940
f 13932 13940 13941
f 13932 13941 13942
f 13932 13942 13943
f 13932 13943 13944
f 13932 13944 13945
f 13932 13945 13946
f 13932 13946 13931
f 13947 13948 13949
f 13949 13950 13947
f 13948 13951 13952
f 13952 13949 13948
f 13951 13953 13954
f 13954 13952 13951
f 13953 13955 13956
f 13956 13954 13953
f 13955 13957 13958
f 13958 13956 13955
f 13957 13959 13960
f 13960 13958 13957
f 13959 13961 13962
f 13962 13960 13959
f 13961 13963 13964
f 13964 13962 13961
f 13963 13965 13966
f 13966 13964 13963
f 13965 13967 13968
f 13968 13966 13965
f 13967 13969 13970
f 13970 13968 13967
f 13969 13971 13972
f 13972 13970 13969
f 13971 13973 13974
f 13974 13972 13971
f 13973 13975 13976
f 13976 13974 13973
f 13975 13977 13978
f 13978 13976 13975
f 13977 13947 13950
f 13950 13978 13977
f 13981 13980 13979
f 13981 13979 13982
f 13981 13982 13983
f 13981 13983 13984
f 13981 13984 13985
f 13981 13985 13986
f 13981 13986 13987
f 13981 13987 13988
f 13981 13988 13989
f 13981 13989 13990
f 13981 13990 13991
f 13981 13991 13992
f 13981 13992 13993
f 13981 13993 13994
f 13981 13994 13995
f 13981 13995 13980
f 13996 13997 13998
f 13998 13999 13996
f 13997 14000 14001
f 14001 13998 13997
f 14000 14002 14003
f 14003 14001 14000
f 14002 14004 14005
f 14005 14003 14002
f 14004 14006 14007
f 14007 14005 14004
f 14006 14008 14009
f 14009 14007 14006
f 14008 14010 14011
f 14011 14009 14008
f 14010 14012 14013
f 14013 14011 14010
f 14012 14014 14015
f 14015 14013 14012
f 14014 14016 14017
f 14017 14015 14014
f 14016 14018 14019
f 14019 14017 14016
f 14018 14020 14021
f 14021 14019 14018
f 14020 14022 14023
f 14023 14021 14020
f 14022 14024 14025
f 14025 14023 14022
f 14024 14026 14027
f 14027 14025 14024
f 14026 13996 13999
f 13999 14027 14026
f 14030 14029 14028
f 14030 14028 14031
f 14030 14031 14032
f 14030 14032 14033
f 14030 14033 14034
f 14030 14034 14035
f 14030 14035 14036
f 14030 14036 14037
f 14030 14037 14038
f 14030 14038 14039
f 14030 14039 14040
f 14030 14040 14041
f 14030 14041 14042
f 14030 14042 14043
f 14030 14043 14044
f 14030 14044 14029
f 14045 14046 14047
f 14048 14045 14047
f 14049 14048 14047
f 14050 14049 14047
f 14051 14050 14047
f 14052 14051 14047
f 14053 14052 14047
f 14054 14053 14047
f 14055 14054 14047
f 14056 14055 14047
f 14057 14056 14047
f 14058 14057 14047
f 14059 14058 14047
f 14060 14059 14047
f 14061 14060 14047
f 14046 14061 14047
f 14062 14063 14064
f 14064 14065 14062
f 14063 14066 14067
f 14067 14064 14063
f 14066 14068 14069
f 14069 14067 14066
f 14068 14070 14071
f 14071 14069 14068
f 14070 14072 14073
f 14073 14071 14070
f 14072 14074 14075
f 14075 14073 14072
f 14074 14076 14077
f 14077 14075 14074
f 14076 14078 14079
f 14079 14077 14076
f 14078 14080 14081
f 14081 14079 14078
f 14080 14082 14083
f 14083 14081 14080
f 14082 14084 14085
f 14085 14083 14082
f 14084 14086 14087
f 14087 14085 14084
f 14086 14088 14089
f 14089 14087 14086
f 14088 14090 14091
f 14091 14089 14088
f 14090 14092 14093
f 14093 14091 14090
f 14092 14062 14065
f 14065 14093 14092
f 14096 14095 14094
f 14094 14097 14096
f 14100 14099 14098
f 14098 14101 14100
f 14104 14103 14102
f 14102 14105 14104
f 14108 14107 14106
f 14106 14109 14108
f 14112 14111 14110
f 14110 14113 14112
f 14116 14115 14114
f 14114 14117 14116
f 14115 14119 14118
f 14118 14114 14115
f 14119 14121 14120
f 14120 14118 14119
f 14121 14116 14117
f 14117 14120 14121
f 14122 14123 14124
f 14124 14125 14122
f 14126 14127 14128
f 14128 14129 14126
f 14130 14131 14132
f 14132 14133 14130
f 14134 14135 14136
f 14136 14137 14134
f 14138 14139 14140
f 14140 14141 14138
f 14142 14143 14144
f 14144 14145 14142
f 14143 14146 14147
f 14147 14144 14143
f 14146 14148 14149
f 14149 14147 14146
f 14148 14150 14151
f 14151 14149 14148
f 14150 14152 14153
f 14153 14151 14150
f 14152 14154 14155
f 14155 14153 14152
f 14154 14156 14157
f 14157 14155 14154
f 14156 14158 14159
f 14159 14157 14156
f 14158 14160 14161
f 14161 14159 14158
f 14160 14162 14163
f 14163 14161 14160
f 14162 14164 14165
f 14165 14163 14162
f 14164 14166 14167
f 14167 14165 14164
f 14166 14168 14169
f 14169 14167 14166
f 14168 14170 14171
f 14171 14169 14168
f 14170 14172 14173
f 14173 14171 14170
f 14172 14142 14145
f 14145 14173 14172
f 14176 14175 14174
f 14176 14174 14177
f 14176 14177 14178
f 14176 14178 14179
f 14176 14179 14180
f 14176 14180 14181
f 14176 14181 14182
f 14176 14182 14183
f 14176 14183 14184
f 14176 14184 14185
f 14176 14185 14186
f 14176 14186 14187
f 14176 14187 14188
f 14176 14188 14189
f 14176 14189 14190
f 14176 14190 14175
f 14191 14192 14193
f 14193 14194 14191
f 14192 14195 14196
f 14196 14193 14192
f 14195 14197 14198
f 14198 14196 14195
f 14197 14199 14200
f 14200 14198 14197
f 14199 14201 14202
f 14202 14200 14199
f 14201 14203 14204
f 14204 14202 14201
f 14203 14205 14206
f 14206 14204 14203
f 14205 14207 14208
f 14208 14206 14205
f 14207 14209 14210
f 14210 14208 14207
f 14209 14211 14212
f 14212 14210 14209
f 14211 14213 14214
f 14214 14212 14211
f 14213 14215 14216
f 14216 14214 14213
f 14215 14217 14218
f 14218 14216 14215
f 14217 14219 14220
f 14220 14218 14217
f 14219 14221 14222
f 14222 14220 14219
f 14221 14191 14194
f 14194 14222 14221
f 14225 14224 14223
f 14225 14223 14226
f 14225 14226 14227
f 14225 14227 14228
f 14225 14228 14229
f 14225 14229 14230
f 14225 14230 14231
f 14225 14231 14232
f 14225 14232 14233
f 14225 14233 14234
f 14225 14234 14235
f 14225 14235 14236
f 14225 14236 14237
f 14225 14237 14238
f 14225 14238 14239
f 14225 14239 14224
f 14242 14241 14240
f 14240 14243 14242
f 14245 14244 14241
f 14241 14242 14245
f 14247 14246 14244
f 14244 14245 14247
f 14249 14248 14246
f 14246 14247 14249
f 14251 14250 14248
f 14248 14249 14251
f 14253 14252 14250
f 14250 14251 14253
f 14255 14254 14252
f 14252 14253 14255
f 14257 14256 14254
f 14254 14255 14257
f 14259 14258 14256
f 14256 14257 14259
f 14261 14260 14258
f 14258 14259 14261
f 14263 14262 14260
f 14260 14261 14263
f 14265 14264 14262
f 14262 14263 14265
f 14267 14266 14264
f 14264 14265 14267
f 14269 14268 14266
f 14266 14267 14269
f 14271 14270 14268
f 14268 14269 14271
f 14243 14240 14270
f 14270 14271 14243
f 14272 14273 14274
f 14274 14275 14272
f 14273 14276 14277
f 14277 14274 14273
f 14276 14278 14279
f 14279 14277 14276
f 14278 14280 14281
f 14281 14279 14278
f 14280 14282 14283
f 14283 14281 14280
f 14282 14284 14285
f 14285 14283 14282
f 14284 14286 14287
f 14287 14285 14284
f 14286 14288 14289
f 14289 14287 14286
f 14288 14290 14291
f 14291 14289 14288
f 14290 14292 14293
f 14293 14291 14290
f 14292 14294 14295
f 14295 14293 14292
f 14294 14296 14297
f 14297 14295 14294
f 14296 14298 14299
f 14299 14297 14296
f 14298 14300 14301
f 14301 14299 14298
f 14300 14302 14303
f 14303 14301 14300
f 14302 14272 14275
f 14275 14303 14302
f 14304 14305 14306
f 14306 14307 14304
f 14307 14306 14308
f 14308 14309 14307
f 14309 14308 14310
f 14310 14311 14309
f 14311 14310 14312
f 14312 14313 14311
f 14313 14312 14314
f 14314 14315 14313
f 14315 14314 14316
f 14316 14317 14315
f 14317 14316 14318
f 14318 14319 14317
f 14319 14318 14320
f 14320 14321 14319
f 14321 14320 14322
f 14322 14323 14321
f 14323 14322 14324
f 14324 14325 14323
f 14325 14324 14326
f 14326 14327 14325
f 14327 14326 14328
f 14328 14329 14327
f 14329 14328 14330
f 14330 14331 14329
f 14331 14330 14332
f 14332 14333 14331
f 14333 14332 14334
f 14334 14335 14333
f 14335 14334 14305
f 14305 14304 14335
f 14338 14337 14336
f 14336 14339 14338
f 14342 14341 14340
f 14340 14343 14342
f 14346 14345 14344
f 14344 14347 14346
f 14350 14349 14348
f 14348 14351 14350
f 14354 14353 14352
f 14352 14355 14354
f 14358 14357 14356
f 14356 14359 14358
f 14357 14361 14360
f 14360 14356 14357
f 14361 14363 14362
f 14362 14360 14361
f 14363 14358 14359
f 14359 14362 14363
f 14364 14365 14366
f 14366 14367 14364
f 14368 14369 14370
f 14370 14371 14368
f 14372 14373 14374
f 14374 14375 14372
f 14376 14377 14378
f 14378 14379 14376
f 14380 14381 14382
f 14382 14383 14380
f 14384 14385 14386
f 14386 14387 14384
f 14385 14388 14389
f 14389 14386 14385
f 14388 14390 14391
f 14391 14389 14388
f 14390 14392 14393
f 14393 14391 14390
f 14392 14394 14395
f 14395 14393 14392
f 14394 14396 14397
f 14397 14395 14394
f 14396 14398 14399
f 14399 14397 14396
f 14398 14400 14401
f 14401 14399 14398
f 14400 14402 14403
f 14403 14401 14400
f 14402 14404 14405
f 14405 14403 14402
f 14404 14406 14407
f 14407 14405 14404
f 14406 14408 14409
f 14409 14407 14406
f 14408 14410 14411
f 14411 14409 14408
f 14410 14412 14413
f 14413 14411 14410
f 14412 14414 14415
f 14415 14413 14412
f 14414 14384 14387
f 14387 14415 14414
f 14418 14417 14416
f 14418 14416 14419
f 14418 14419 14420
f 14418 14420 14421
f 14418 14421 14422
f 14418 14422 14423
f 14418 14423 14424
f 14418 14424 14425
f 14418 14425 14426
f 14418 14426 14427
f 14418 14427 14428
f 14418 14428 14429
f 14418 14429 14430
f 14418 14430 14431
f 14418 14431 14432
f 14418 14432 14417
f 14433 14434 14435
f 14435 14436 14433
f 14434 14437 14438
f 14438 14435 14434
f 14437 14439 14440
f 14440 14438 14437
f 14439 14441 14442
f 14442 14440 14439
f 14441 14443 14444
f 14444 14442 14441
f 14443 14445 14446
f 14446 14444 14443
f 14445 14447 14448
f 14448 14446 14445
f 14447 14449 14450
f 14450 14448 14447
f 14449 14451 14452
f 14452 14450 14449
f 14451 14453 14454
f 14454 14452 14451
f 14453 14455 14456
f 14456 14454 14453
f 14455 14457 14458
f 14458 14456 14455
f 14457 14459 14460
f 14460 14458 14457
f 14459 14461 14462
f 14462 14460 14459
f 14461 14463 14464
f 14464 14462 14461
f 14463 14433 14436
f 14436 14464 14463
f 14467 14466 14465
f 14467 14465 14468
f 14467 14468 14469
f 14467 14469 14470
f 14467 14470 14471
f 14467 14471 14472
f 14467 14472 14473
f 14467 14473 14474
f 14467 14474 14475
f 14467 14475 14476
f 14467 14476 14477
f 14467 14477 14478
f 14467 14478 14479
f 14467 14479 14480
f 14467 14480 14481
f 14467 14481 14466
f 14482 14483 14484
f 14484 14485 14482
f 14483 14486 14487
f 14487 14484 14483
f 14486 14488 14489
f 14489 14487 14486
f 14488 14490 14491
f 14491 14489 14488
f 14490 14492 14493
f 14493 14491 14490
f 14492 14494 14495
f 14495 14493 14492
f 14494 14496 14497
f 14497 14495 14494
f 14496 14498 14499
f 14499 14497 14496
f 14498 14500 14501
f 14501 14499 14498
f 14500 14502 14503
f 14503 14501 14500
f 14502 14504 14505
f 14505 14503 14502
f 14504 14506 14507
f 14507 14505 14504
f 14506 14508 14509
f 14509 14507 14506
f 14508 14510 14511
f 14511 14509 14508
f 14510 14512 14513
f 14513 14511 14510
f 14512 14482 14485
f 14485 14513 14512
f 14516 14515 14514
f 14516 14514 14517
f 14516 14517 14518
f 14516 14518 14519
f 14516 14519 14520
f 14516 14520 14521
f 14516 14521 14522
f 14516 14522 14523
f 14516 14523 14524
f 14516 14524 14525
f 14516 14525 14526
f 14516 14526 14527
f 14516 14527 14528
f 14516 14528 14529
f 14516 14529 14530
f 14516 14530 14515
f 14531 14532 14533
f 14533 14534 14531
f 14532 14535 14536
f 14536 14533 14532
f 14535 14537 14538
f 14538 14536 14535
f 14537 14539 14540
f 14540 14538 14537
f 14539 14541 14542
f 14542 14540 14539
f 14541 14543 14544
f 14544 14542 14541
f 14543 14545 14546
f 14546 14544 14543
f 14545 14547 14548
f 14548 14546 14545
f 14547 14549 14550
f 14550 14548 14547
f 14549 14551 14552
f 14552 14550 14549
f 14551 14553 14554
f 14554 14552 14551
f 14553 14555 14556
f 14556 14554 14553
f 14555 14557 14558
f 14558 14556 14555
f 14557 14559 14560
f 14560 14558 14557
f 14559 14561 14562
f 14562 14560 14559
f 14561 14531 14534
f 14534 14562 14561
f 14565 14564 14563
f 14565 14563 14566
f 14565 14566 14567
f 14565 14567 14568
f 14565 14568 14569
f 14565 14569 14570
f 14565 14570 14571
f 14565 14571 14572
f 14565 14572 14573
f 14565 14573 14574
f 14565 14574 14575
f 14565 14575 14576
f 14565 14576 14577
f 14565 14577 14578
f 14565 14578 14579
f 14565 14579 14564
f 14582 14581 14580
f 14580 14583 14582
f 14585 14584 14581
f 14581 14582 14585
f 14587 14586 14584
f 14584 14585 14587
f 14589 14588 14586
f 14586 14587 14589
f 14591 14590 14588
f 14588 14589 14591
f 14593 14592 14590
f 14590 14591 14593
f 14595 14594 14592
f 14592 14593 14595
f 14597 14596 14594
f 14594 14595 14597
f 14599 14598 14596
f 14596 14597 14599
f 14601 14600 14598
f 14598 14599 14601
f 14603 14602 14600
f 14600 14601 14603
f 14605 14604 14602
f 14602 14603 14605
f 14607 14606 14604
f 14604 14605 14607
f 14609 14608 14606
f 14606 14607 14609
f 14611 14610 14608
f 14608 14609 14611
f 14583 14580 14610
f 14610 14611 14583
f 14612 14613 14614
f 14614 14615 14612
f 14613 14616 14617
f 14617 14614 14613
f 14616 14618 14619
f 14619 14617 14616
f 14618 14620 14621
f 14621 14619 14618
f 14620 14622 14623
f 14623 14621 14620
f 14622 14624 14625
f 14625 14623 14622
f 14624 14626 14627
f 14627 14625 14624
f 14626 14628 14629
f 14629 14627 14626
f 14628 14630 14631
f 14631 14629 14628
f 14630 14632 14633
f 14633 14631 14630
f 14632 14634 14635
f 14635 14633 14632
f 14634 14636 14637
f 14637 14635 14634
f 14636 14638 14639
f 14639 14637 14636
f 14638 14640 14641
f 14641 14639 14638
f 14640 14642 14643
f 14643 14641 14640
f 14642 14612 14615
f 14615 14643 14642
f 14644 14645 14646
f 14646 14647 14644
f 14647 14646 14648
f 14648 14649 14647
f 14649 14648 14650
f 14650 14651 14649
f 14651 14650 14652
f 14652 14653 14651
f 14653 14652 14654
f 14654 14655 14653
f 14655 14654 14656
f 14656 14657 14655
f 14657 14656 14658
f 14658 14659 14657
f 14659 14658 14660
f 14660 14661 14659
f 14661 14660 14662
f 14662 14663 14661
f 14663 14662 14664
f 14664 14665 14663
f 14665 14664 14666
f 14666 14667 14665
f 14667 14666 14668
f 14668 14669 14667
f 14669 14668 14670
f 14670 14671 14669
f 14671 14670 14672
f 14672 14673 14671
f 14673 14672 14674
f 14674 14675 14673
f 14675 14674 14645
f 14645 14644 14675
f 14678 14677 14676
f 14676 14679 14678
f 14682 14681 14680
f 14680 14683 14682
f 14686 14685 14684
f 14684 14687 14686
f 14690 14689 14688
f 14688 14691 14690
f 14694 14693 14692
f 14692 14695 14694
f 14698 14697 14696
f 14696 14699 14698
f 14697 14701 14700
f 14700 14696 14697
f 14701 14703 14702
f 14702 14700 14701
f 14703 14698 14699
f 14699 14702 14703
f 14704 14705 14706
f 14706 14707 14704
f 14708 14709 14710
f 14710 14711 14708
f 14712 14713 14714
f 14714 14715 14712
f 14716 14717 14718
f 14718 14719 14716
f 14720 14721 14722
f 14722 14723 14720
f 14724 14725 14726
f 14726 14727 14724
f 14725 14728 14729
f 14729 14726 14725
f 14728 14730 14731
f 14731 14729 14728
f 14730 14732 14733
f 14733 14731 14730
f 14732 14734 14735
f 14735 14733 14732
f 14734 14736 14737
f 14737 14735 14734
f 14736 14738 14739
f 14739 14737 14736
f 14738 14740 14741
f 14741 14739 14738
f 14740 14742 14743
f 14743 14741 14740
f 14742 14744 14745
f 14745 14743 14742
f 14744 14746 14747
f 14747 14745 14744
f 14746 14748 14749
f 14749 14747 14746
f 14748 14750 14751
f 14751 14749 14748
f 14750 14752 14753
f 14753 14751 14750
f 14752 14754 14755
f 14755 14753 14752
f 14754 14724 14727
f 14727 14755 14754
f 14758 14757 14756
f 14758 14756 14759
f 14758 14759 14760
f 14758 14760 14761
f 14758 14761 14762
f 14758 14762 14763
f 14758 14763 14764
f 14758 14764 14765
f 14758 14765 14766
f 14758 14766 14767
f 14758 14767 14768
f 14758 14768 14769
f 14758 14769 14770
f 14758 14770 14771
f 14758 14771 14772
f 14758 14772 14757
f 14773 14774 14775
f 14775 14776 14773
f 14774 14777 14778
f 14778 14775 14774
f 14777 14779 14780
f 14780 14778 14777
f 14779 14781 14782
f 14782 14780 14779
f 14781 14783 14784
f 14784 14782 14781
f 14783 14785 14786
f 14786 14784 14783
f 14785 14787 14788
f 14788 14786 14785
f 14787 14789 14790
f 14790 14788 14787
f 14789 14791 14792
f 14792 14790 14789
f 14791 14793 14794
f 14794 14792 14791
f 14793 14795 14796
f 14796 14794 14793
f 14795 14797 14798
f 14798 14796 14795
f 14797 14799 14800
f 14800 14798 14797
f 14799 14801 14802
f 14802 14800 14799
f 14801 14803 14804
f 14804 14802 14801
f 14803 14773 14776
f 14776 14804 14803
f 14807 14806 14805
f 14807 14805 14808
f 14807 14808 14809
f 14807 14809 14810
f 14807 14810 14811
f 14807 14811 14812
f 14807 14812 14813
f 14807 14813 14814
f 14807 14814 14815
f 14807 14815 14816
f 14807 14816 14817
f 14807 14817 14818
f 14807 14818 14819
f 14807 14819 14820
f 14807 14820 14821
f 14807 14821 14806
f 14822 14823 14824
f 14824 14825 14822
f 14823 14826 14827
f 14827 14824 14823
f 14826 14828 14829
f 14829 14827 14826
f 14828 14830 14831
f 14831 14829 14828
f 14830 14832 14833
f 14833 14831 14830
f 14832 14834 14835
f 14835 14833 14832
f 14834 14836 14837
f 14837 14835 14834
f 14836 14838 14839
f 14839 14837 14836
f 14838 14840 14841
f 14841 14839 14838
f 14840 14842 14843
f 14843 14841 14840
f 14842 14844 14845
f 14845 14843 14842
f 14844 14846 14847
f 14847 14845 14844
f 14846 14848 14849
f 14849 14847 14846
f 14848 14850 14851
f 14851 14849 14848
f 14850 14852 14853
f 14853 14851 14850
f 14852 14822 14825
f 14825 14853 14852
f 14856 14855 14854
f 14856 14854 14857
f 14856 14857 14858
f 14856 14858 14859
f 14856 14859 14860
f 14856 14860 14861
f 14856 14861 14862
f 14856 14862 14863
f 14856 14863 14864
f 14856 14864 14865
f 14856 14865 14866
f 14856 14866 14867
f 14856 14867 14868
f 14856 14868 14869
f 14856 14869 14870
f 14856 14870 14855
f 14871 14872 14873
f 14873 14874 14871
f 14872 14875 14876
f 14876 14873 14872
f 14875 14877 14878
f 14878 14876 14875
f 14877 14879 14880
f 14880 14878 14877
f 14879 14881 14882
f 14882 14880 14879
f 14881 14883 14884
f 14884 14882 14881
f 14883 14885 14886
f 14886 14884 14883
f 14885 14887 14888
f 14888 14886 14885
f 14887 14889 14890
f 14890 14888 14887
f 14889 14891 14892
f 14892 14890 14889
f 14891 14893 14894
f 14894 14892 14891
f 14893 14895 14896
f 14896 14894 14893
f 14895 14897 14898
f 14898 14896 14895
f 14897 14899 14900
f 14900 14898 14897
f 14899 14901 14902
f 14902 14900 14899
f 14901 14871 14874
f 14874 14902 14901
f 14905 14904 14903
f 14905 14903 14906
f 14905 14906 14907
f 14905 14907 14908
f 14905 14908 14909
f 14905 14909 14910
f 14905 14910 14911
f 14905 14911 14912
f 14905 14912 14913
f 14905 14913 14914
f 14905 14914 14915
f 14905 14915 14916
f 14905 14916 14917
f 14905 14917 14918
f 14905 14918 14919
f 14905 14919 14904
f 14922 14921 14920
f 14920 14923 14922
f 14925 14924 14921
f 14921 14922 14925
f 14927 14926 14924
f 14924 14925 14927
f 14929 14928 14926
f 14926 14927 14929
f 14931 14930 14928
f 14928 14929 14931
f 14933 14932 14930
f 14930 14931 14933
f 14935 14934 14932
f 14932 14933 14935
f 14937 14936 14934
f 14934 14935 14937
f 14939 14938 14936
f 14936 14937 14939
f 14941 14940 14938
f 14938 14939 14941
f 14943 14942 14940
f 14940 14941 14943
f 14945 14944 14942
f 14942 14943 14945
f 14947 14946 14944
f 14944 14945 14947
f 14949 14948 14946
f 14946 14947 14949
f 14951 14950 14948
f 14948 14949 14951
f 14923 14920 14950
f 14950 14951 14923
f 14952 14953 14954
f 14954 14955 14952
f 14953 14956 14957
f 14957 14954 14953
f 14956 14958 14959
f 14959 14957 14956
f 14958 14960 14961
f 14961 14959 14958
f 14960 14962 14963
f 14963 14961 14960
f 14962 14964 14965
f 14965 14963 14962
f 14964 14966 14967
f 14967 14965 14964
f 14966 14968 14969
f 14969 14967 14966
f 14968 14970 14971
f 14971 14969 14968
f 14970 14972 14973
f 14973 14971 14970
f 14972 14974 14975
f 14975 14973 14972
f 14974 14976 14977
f 14977 14975 14974
f 14976 14978 14979
f 14979 14977 14976
f 14978 14980 14981
f 14981 14979 14978
f 14980 14982 14983
f 14983 14981 14980
f 14982 14952 14955
f 14955 14983 14982
f 14984 14985 14986
f 14986 14987 14984
f 14987 14986 14988
f 14988 14989 14987
f 14989 14988 14990
f 14990 14991 14989
f 14991 14990 14992
f 14992 14993 14991
f 14993 14992 14994
f 14994 14995 14993
f 14995 14994 14996
f 14996 14997 14995
f 14997 14996 14998
f 14998 14999 14997
f 14999 14998 15000
f 15000 15001 14999
f 15001 15000 15002
f 15002 15003 15001
f 15003 15002 15004
f 15004 15005 15003
f 15005 15004 15006
f 15006 15007 15005
f 15007 15006 15008
f 15008 15009 15007
f 15009 15008 15010
f 15010 15011 15009
f 15011 15010 15012
f 15012 15013 15011
f 15013 15012 15014
f 15014 15015 15013
f 15015 15014 14985
f 14985 14984 15015
f 15018 15017 15016
f 15016 15019 15018
f 15022 15021 15020
f 15020 15023 15022
f 15026 15025 15024
f 15024 15027 15026
f 15030 15029 15028
f 15028 15031 15030
f 15034 15033 15032
f 15032 15035 15034
f 15038 15037 15036
f 15036 15039 15038
f 15037 15041 15040
f 15040 15036 15037
f 15041 15043 15042
f 15042 15040 15041
f 15043 15038 15039
f 15039 15042 15043
f 15044 15045 15046
f 15046 15047 15044
f 15048 15049 15050
f 15050 15051 15048
f 15052 15053 15054
f 15054 15055 15052
f 15056 15057 15058
f 15058 15059 15056
f 15060 15061 15062
f 15062 15063 15060
f 15064 15065 15066
f 15066 15067 15064
f 15065 15068 15069
f 15069 15066 15065
f 15068 15070 15071
f 15071 15069 15068
f 15070 15072 15073
f 15073 15071 15070
f 15072 15074 15075
f 15075 15073 15072
f 15074 15076 15077
f 15077 15075 15074
f 15076 15078 15079
f 15079 15077 15076
f 15078 15080 15081
f 15081 15079 15078
f 15080 15082 15083
f 15083 15081 15080
f 15082 15084 15085
f 15085 15083 15082
f 15084 15086 15087
f 15087 15085 15084
f 15086 15088 15089
f 15089 15087 15086
f 15088 15090 15091
f 15091 15089 15088
f 15090 15092 15093
f 15093 15091 15090
f 15092 15094 15095
f 15095 15093 15092
f 15094 15064 15067
f 15067 15095 15094
f 15098 15097 15096
f 15098 15096 15099
f 15098 15099 15100
f 15098 15100 15101
f 15098 15101 15102
f 15098 15102 15103
f 15098 15103 15104
f 15098 15104 15105
f 15098 15105 15106
f 15098 15106 15107
f 15098 15107 15108
f 15098 15108 15109
f 15098 15109 15110
f 15098 15110 15111
f 15098 15111 15112
f 15098 15112 15097
f 15113 15114 15115
f 15115 15116 15113
f 15114 15117 15118
f 15118 15115 15114
f 15117 15119 15120
f 15120 15118 15117
f 15119 15121 15122
f 15122 15120 15119
f 15121 15123 15124
f 15124 15122 15121
f 15123 15125 15126
f 15126 15124 15123
f 15125 15127 15128
f 15128 15126 15125
f 15127 15129 15130
f 15130 15128 15127
f 15129 15131 15132
f 15132 15130 15129
f 15131 15133 15134
f 15134 15132 15131
f 15133 15135 15136
f 15136 15134 15133
f 15135 15137 15138
f 15138 15136 15135
f 15137 15139 15140
f 15140 15138 15137
f 15139 15141 15142
f 15142 15140 15139
f 15141 15143 15144
f 15144 15142 15141
f 15143 15113 15116
f 15116 15144 15143
f 15147 15146 15145
f 15147 15145 15148
f 15147 15148 15149
f 15147 15149 15150
f 15147 15150 15151
f 15147 15151 15152
f 15147 15152 15153
f 15147 15153 15154
f 15147 15154 15155
f 15147 15155 15156
f 15147 15156 15157
f 15147 15157 15158
f 15147 15158 15159
f 15147 15159 15160
f 15147 15160 15161
f 15147 15161 15146
f 15162 15163 15164
f 15164 15165 15162
f 15163 15166 15167
f 15167 15164 15163
f 15166 15168 15169
f 15169 15167 15166
f 15168 15170 15171
f 15171 15169 15168
f 15170 15172 15173
f 15173 15171 15170
f 15172 15174 15175
f 15175 15173 15172
f 15174 15176 15177
f 15177 15175 15174
f 15176 15178 15179
f 15179 15177 15176
f 15178 15180 15181
f 15181 15179 15178
f 15180 15182 15183
f 15183 15181 15180
f 15182 15184 15185
f 15185 15183 15182
f 15184 15186 15187
f 15187 15185 15184
f 15186 15188 15189
f 15189 15187 15186
f 15188 15190 15191
f 15191 15189 15188
f 15190 15192 15193
f 15193 15191 15190
f 15192 15162 15165
f 15165 15193 15192
f 15196 15195 15194
f 15196 15194 15197
f 15196 15197 15198
f 15196 15198 15199
f 15196 15199 15200
f 15196 15200 15201
f 15196 15201 15202
f 15196 15202 15203
f 15196 15203 15204
f 15196 15204 15205
f 15196 15205 15206
f 15196 15206 15207
f 15196 15207 15208
f 15196 15208 15209
f 15196 15209 15210
f 15196 15210 15195
f 15211 15212 15213
f 15213 15214 15211
f 15212 15215 15216
f 15216 15213 15212
f 15215 15217 15218
f 15218 15216 15215
f 15217 15219 15220
f 15220 15218 15217
f 15219 15221 15222
f 15222 15220 15219
f 15221 15223 15224
f 15224 15222 15221
f 15223 15225 15226
f 15226 15224 15223
f 15225 15227 15228
f 15228 15226 15225
f 15227 15229 15230
f 15230 15228 15227
f 15229 15231 15232
f 15232 15230 15229
f 15231 15233 15234
f 15234 15232 15231
f 15233 15235 15236
f 15236 15234 15233
f 15235 15237 15238
f 15238 15236 15235
f 15237 15239 15240
f 15240 15238 15237
f 15239 15241 15242
f 15242 15240 15239
f 15241 15211 15214
f 15214 15242 15241
f 15245 15244 15243
f 15245 15243 15246
f 15245 15246 15247
f 15245 15247 15248
f 15245 15248 15249
f 15245 15249 15250
f 15245 15250 15251
f 15245 15251 15252
f 15245 15252 15253
f 15245 15253 15254
f 15245 15254 15255
f 15245 15255 15256
f 15245 15256 15257
f 15245 15257 15258
f 15245 15258 15259
f 15245 15259 15244
f 15260 15261 15262
f 15263 15260 15262
f 15264 15263 15262
f 15265 15264 15262
f 15266 15265 15262
f 15267 15266 15262
f 15268 15267 15262
f 15269 15268 15262
f 15270 15269 15262
f 15271 15270 15262
f 15272 15271 15262
f 15273 15272 15262
f 15274 15273 15262
f 15275 15274 15262
f 15276 15275 15262
f 15261 15276 15262
f 15277 15278 15279
f 15279 15280 15277
f 15278 15281 15282
f 15282 15279 15278
f 15281 15283 15284
f 15284 15282 15281
f 15283 15285 15286
f 15286 15284 15283
f 15285 15287 15288
f 15288 15286 15285
f 15287 15289 15290
f 15290 15288 15287
f 15289 15291 15292
f 15292 15290 15289
f 15291 15293 15294
f 15294 15292 15291
f 15293 15295 15296
f 15296 15294 15293
f 15295 15297 15298
f 15298 15296 15295
f 15297 15299 15300
f 15300 15298 15297
f 15299 15301 15302
f 15302 15300 15299
f 15301 15303 15304
f 15304 15302 15301
f 15303 15305 15306
f 15306 15304 15303
f 15305 15307 15308
f 15308 15306 15305
f 15307 15277 15280
f 15280 15308 15307
f 15309 15310 15311
f 15310 15312 15313
f 15313 15311 15310
f 15312 15314 15315
f 15315 15313 15312
f 15314 15316 15317
f 15317 15315 15314
f 15319 15318 15309
f 15321 15320 15318
f 15318 15319 15321
f 15323 15322 15320
f 15320 15321 15323
f 15325 15324 15322
f 15322 15323 15325
f 15326 15317 15280
f 15280 15279 15326
f 15327 15326 15279
f 15279 15282 15327
f 15328 15327 15282
f 15282 15284 15328
f 15329 15328 15284
f 15284 15286 15329
f 15330 15329 15286
f 15286 15288 15330
f 15331 15330 15288
f 15288 15290 15331
f 15332 15331 15290
f 15290 15292 15332
f 15325 15332 15292
f 15292 15294 15325
f 15280 15316 15314
f 15314 15308 15280
f 15308 15314 15312
f 15312 15306 15308
f 15306 15312 15310
f 15310 15304 15306
f 15304 15310 15309
f 15309 15302 15304
f 15302 15309 15318
f 15318 15300 15302
f 15300 15318 15320
f 15320 15298 15300
f 15298 15320 15322
f 15322 15296 15298
f 15296 15322 15324
f 15324 15294 15296
f 15335 15334 15333
f 15333 15336 15335
f 15334 15338 15337
f 15337 15333 15334
f 15338 15340 15339
f 15339 15337 15338
f 15340 15335 15336
f 15336 15339 15340
f 15343 15342 15341
f 15341 15344 15343
f 15347 15346 15345
f 15345 15348 15347
f 15351 15350 15349
f 15349 15352 15351
f 15355 15354 15353
f 15353 15356 15355
f 15359 15358 15357
f 15357 15360 15359
f 15363 15362 15361
f 15361 15364 15363
f 15367 15366 15365
f 15365 15368 15367
f 15367 15369 15366
f 15372 15371 15370
f 15370 15373 15372
f 15373 15374 15372
f 15377 15376 15375
f 15375 15378 15377
f 15377 15379 15376
f 15382 15381 15380
f 15380 15383 15382
f 15383 15384 15382
f 15387 15386 15385
f 15385 15388 15387
f 15389 15390 15391
f 15391 15392 15389
f 15390 15393 15394
f 15394 15391 15390
f 15393 15395 15396
f 15396 15394 15393
f 15395 15397 15398
f 15398 15396 15395
f 15397 15399 15400
f 15400 15398 15397
f 15399 15401 15402
f 15402 15400 15399
f 15401 15403 15404
f 15404 15402 15401
f 15403 15405 15406
f 15406 15404 15403
f 15405 15407 15408
f 15408 15406 15405
f 15407 15409 15410
f 15410 15408 15407
f 15409 15411 15412
f 15412 15410 15409
f 15411 15413 15414
f 15414 15412 15411
f 15413 15415 15416
f 15416 15414 15413
f 15415 15417 15418
f 15418 15416 15415
f 15417 15419 15420
f 15420 15418 15417
f 15419 15389 15392
f 15392 15420 15419
f 15423 15422 15421
f 15423 15421 15424
f 15423 15424 15425
f 15423 15425 15426
f 15423 15426 15427
f 15423 15427 15428
f 15423 15428 15429
f 15423 15429 15430
f 15423 15430 15431
f 15423 15431 15432
f 15423 15432 15433
f 15423 15433 15434
f 15423 15434 15435
f 15423 15435 15436
f 15423 15436 15437
f 15423 15437 15422
f 15440 15439 15438
f 15438 15441 15440
f 15442 15443 15444
f 15445 15442 15444
f 15446 15445 15444
f 15447 15446 15444
f 15448 15447 15444
f 15449 15448 15444
f 15450 15449 15444
f 15451 15450 15444
f 15452 15451 15444
f 15453 15452 15444
f 15454 15453 15444
f 15455 15454 15444
f 15456 15455 15444
f 15457 15456 15444
f 15458 15457 15444
f 15443 15458 15444
f 15459 15460 15461
f 15461 15462 15459
f 15460 15463 15464
f 15464 15461 15460
f 15463 15465 15466
f 15466 15464 15463
f 15465 15467 15468
f 15468 15466 15465
f 15467 15469 15470
f 15470 15468 15467
f 15469 15471 15472
f 15472 15470 15469
f 15471 15473 15474
f 15474 15472 15471
f 15473 15475 15476
f 15476 15474 15473
f 15475 15477 15478
f 15478 15476 15475
f 15477 15479 15480
f 15480 15478 15477
f 15479 15481 15482
f 15482 15480 15479
f 15481 15483 15484
f 15484 15482 15481
f 15483 15485 15486
f 15486 15484 15483
f 15485 15487 15488
f 15488 15486 15485
f 15487 15489 15490
f 15490 15488 15487
f 15489 15459 15462
f 15462 15490 15489
f 15491 15492 15493
f 15492 15494 15495
f 15495 15493 15492
f 15494 15496 15497
f 15497 15495 15494
f 15496 15498 15499
f 15499 15497 15496
f 15501 15500 15491
f 15503 15502 15500
f 15500 15501 15503
f 15505 15504 15502
f 15502 15503 15505
f 15507 15506 15504
f 15504 15505 15507
f 15508 15499 15462
f 15462 15461 15508
f 15509 15508 15461
f 15461 15464 15509
f 15510 15509 15464
f 15464 15466 15510
f 15511 15510 15466
f 15466 15468 15511
f 15512 15511 15468
f 15468 15470 15512
f 15513 15512 15470
f 15470 15472 15513
f 15514 15513 15472
f 15472 15474 15514
f 15507 15514 15474
f 15474 15476 15507
f 15462 15498 15496
f 15496 15490 15462
f 15490 15496 15494
f 15494 15488 15490
f 15488 15494 15492
f 15492 15486 15488
f 15486 15492 15491
f 15491 15484 15486
f 15484 15491 15500
f 15500 15482 15484
f 15482 15500 15502
f 15502 15480 15482
f 15480 15502 15504
f 15504 15478 15480
f 15478 15504 15506
f 15506 15476 15478
f 15517 15516 15515
f 15515 15518 15517
f 15516 15520 15519
f 15519 15515 15516
f 15520 15522 15521
f 15521 15519 15520
f 15522 15517 15518
f 15518 15521 15522
f 15525 15524 15523
f 15523 15526 15525
f 15529 15528 15527
f 15527 15530 15529
f 15533 15532 15531
f 15531 15534 15533
f 15537 15536 15535
f 15535 15538 15537
f 15541 15540 15539
f 15539 15542 15541
f 15545 15544 15543
f 15543 15546 15545
f 15549 15548 15547
f 15547 15550 15549
f 15549 15551 15548
f 15554 15553 15552
f 15552 15555 15554
f 15555 15556 15554
f 15559 15558 15557
f 15557 15560 15559
f 15559 15561 15558
f 15564 15563 15562
f 15562 15565 15564
f 15565 15566 15564
f 15569 15568 15567
f 15567 15570 15569
f 15571 15572 15573
f 15573 15574 15571
f 15572 15575 15576
f 15576 15573 15572
f 15575 15577 15578
f 15578 15576 15575
f 15577 15579 15580
f 15580 15578 15577
f 15579 15581 15582
f 15582 15580 15579
f 15581 15583 15584
f 15584 15582 15581
f 15583 15585 15586
f 15586 15584 15583
f 15585 15587 15588
f 15588 15586 15585
f 15587 15589 15590
f 15590 15588 15587
f 15589 15591 15592
f 15592 15590 15589
f 15591 15593 15594
f 15594 15592 15591
f 15593 15595 15596
f 15596 15594 15593
f 15595 15597 15598
f 15598 15596 15595
f 15597 15599 15600
f 15600 15598 15597
f 15599 15601 15602
f 15602 15600 15599
f 15601 15571 15574
f 15574 15602 15601
f 15605 15604 15603
f 15605 15603 15606
f 15605 15606 15607
f 15605 15607 15608
f 15605 15608 15609
f 15605 15609 15610
f 15605 15610 15611
f 15605 15611 15612
f 15605 15612 15613
f 15605 15613 15614
f 15605 15614 15615
f 15605 15615 15616
f 15605 15616 15617
f 15605 15617 15618
f 15605 15618 15619
f 15605 15619 15604
f 15622 15621 15620
f 15620 15623 15622
f 15624 15625 15626
f 15627 15624 15626
f 15628 15627 15626
f 15629 15628 15626
f 15630 15629 15626
f 15631 15630 15626
f 15632 15631 15626
f 15633 15632 15626
f 15634 15633 15626
f 15635 15634 15626
f 15636 15635 15626
f 15637 15636 15626
f 15638 15637 15626
f 15639 15638 15626
f 15640 15639 15626
f 15625 15640 15626
f 15641 15642 15643
f 15643 15644 15641
f 15642 15645 15646
f 15646 15643 15642
f 15645 15647 15648
f 15648 15646 15645
f 15647 15649 15650
f 15650 15648 15647
f 15649 15651 15652
f 15652 15650 15649
f 15651 15653 15654
f 15654 15652 15651
f 15653 15655 15656
f 15656 15654 15653
f 15655 15657 15658
f 15658 15656 15655
f 15657 15659 15660
f 15660 15658 15657
f 15659 15661 15662
f 15662 15660 15659
f 15661 15663 15664
f 15664 15662 15661
f 15663 15665 15666
f 15666 15664 15663
f 15665 15667 15668
f 15668 15666 15665
f 15667 15669 15670
f 15670 15668 15667
f 15669 15671 15672
f 15672 15670 15669
f 15671 15641 15644
f 15644 15672 15671
f 15673 15674 15675
f 15674 15676 15677
f 15677 15675 15674
f 15676 15678 15679
f 15679 15677 15676
f 15678 15680 15681
f 15681 15679 15678
f 15683 15682 15673
f 15685 15684 15682
f 15682 15683 15685
f 15687 15686 15684
f 15684 15685 15687
f 15689 15688 15686
f 15686 15687 15689
f 15690 15681 15644
f 15644 15643 15690
f 15691 15690 15643
f 15643 15646 15691
f 15692 15691 15646
f 15646 15648 15692
f 15693 15692 15648
f 15648 15650 15693
f 15694 15693 15650
f 15650 15652 15694
f 15695 15694 15652
f 15652 15654 15695
f 15696 15695 15654
f 15654 15656 15696
f 15689 15696 15656
f 15656 15658 15689
f 15644 15680 15678
f 15678 15672 15644
f 15672 15678 15676
f 15676 15670 15672
f 15670 15676 15674
f 15674 15668 15670
f 15668 15674 15673
f 15673 15666 15668
f 15666 15673 15682
f 15682 15664 15666
f 15664 15682 15684
f 15684 15662 15664
f 15662 15684 15686
f 15686 15660 15662
f 15660 15686 15688
f 15688 15658 15660
f 15699 15698 15697
f 15697 15700 15699
f 15698 15702 15701
f 15701 15697 15698
f 15702 15704 15703
f 15703 15701 15702
f 15704 15699 15700
f 15700 15703 15704
f 15707 15706 15705
f 15705 15708 15707
f 15711 15710 15709
f 15709 15712 15711
f 15715 15714 15713
f 15713 15716 15715
f 15719 15718 15717
f 15717 15720 15719
f 15723 15722 15721
f 15721 15724 15723
f 15727 15726 15725
f 15725 15728 15727
f 15731 15730 15729
f 15729 15732 15731
f 15731 15733 15730
f 15736 15735 15734
f 15734 15737 15736
f 15737 15738 15736
f 15741 15740 15739
f 15739 15742 15741
f 15741 15743 15740
f 15746 15745 15744
f 15744 15747 15746
f 15747 15748 15746
f 15751 15750 15749
f 15749 15752 15751
f 15753 15754 15755
f 15755 15756 15753
f 15754 15757 15758
f 15758 15755 15754
f 15757 15759 15760
f 15760 15758 15757
f 15759 15761 15762
f 15762 15760 15759
f 15761 15763 15764
f 15764 15762 15761
f 15763 15765 15766
f 15766 15764 15763
f 15765 15767 15768
f 15768 15766 15765
f 15767 15769 15770
f 15770 15768 15767
f 15769 15771 15772
f 15772 15770 15769
f 15771 15773 15774
f 15774 15772 15771
f 15773 15775 15776
f 15776 15774 15773
f 15775 15777 15778
f 15778 15776 15775
f 15777 15779 15780
f 15780 15778 15777
f 15779 15781 15782
f 15782 15780 15779
f 15781 15783 15784
f 15784 15782 15781
f 15783 15753 15756
f 15756 15784 15783
f 15787 15786 15785
f 15787 15785 15788
f 15787 15788 15789
f 15787 15789 15790
f 15787 15790 15791
f 15787 15791 15792
f 15787 15792 15793
f 15787 15793 15794
f 15787 15794 15795
f 15787 15795 15796
f 15787 15796 15797
f 15787 15797 15798
f 15787 15798 15799
f 15787 15799 15800
f 15787 15800 15801
f 15787 15801 15786
f 15804 15803 15802
f 15802 15805 15804
f 15806 15807 15808
f 15809 15806 15808
f 15810 15809 15808
f 15811 15810 15808
f 15812 15811 15808
f 15813 15812 15808
f 15814 15813 15808
f 15815 15814 15808
f 15816 15815 15808
f 15817 15816 15808
f 15818 15817 15808
f 15819 15818 15808
f 15820 15819 15808
f 15821 15820 15808
f 15822 15821 15808
f 15807 15822 15808
f 15823 15824 15825
f 15825 15826 15823
f 15824 15827 15828
f 15828 15825 15824
f 15827 15829 15830
f 15830 15828 15827
f 15829 15831 15832
f 15832 15830 15829
f 15831 15833 15834
f 15834 15832 15831
f 15833 15835 15836
f 15836 15834 15833
f 15835 15837 15838
f 15838 15836 15835
f 15837 15839 15840
f 15840 15838 15837
f 15839 15841 15842
f 15842 15840 15839
f 15841 15843 15844
f 15844 15842 15841
f 15843 15845 15846
f 15846 15844 15843
f 15845 15847 15848
f 15848 15846 15845
f 15847 15849 15850
f 15850 15848 15847
f 15849 15851 15852
f 15852 15850 15849
f 15851 15853 15854
f 15854 15852 15851
f 15853 15823 15826
f 15826 15854 15853
f 15855 15856 15857
f 15856 15858 15859
f 15859 15857 15856
f 15858 15860 15861
f 15861 15859 15858
f 15860 15862 15863
f 15863 15861 15860
f 15865 15864 15855
f 15867 15866 15864
f 15864 15865 15867
f 15869 15868 15866
f 15866 15867 15869
f 15871 15870 15868
f 15868 15869 15871
f 15872 15863 15826
f 15826 15825 15872
f 15873 15872 15825
f 15825 15828 15873
f 15874 15873 15828
f 15828 15830 15874
f 15875 15874 15830
f 15830 15832 15875
f 15876 15875 15832
f 15832 15834 15876
f 15877 15876 15834
f 15834 15836 15877
f 15878 15877 15836
f 15836 15838 15878
f 15871 15878 15838
f 15838 15840 15871
f 15826 15862 15860
f 15860 15854 15826
f 15854 15860 15858
f 15858 15852 15854
f 15852 15858 15856
f 15856 15850 15852
f 15850 15856 15855
f 15855 15848 15850
f 15848 15855 15864
f 15864 15846 15848
f 15846 15864 15866
f 15866 15844 15846
f 15844 15866 15868
f 15868 15842 15844
f 15842 15868 15870
f 15870 15840 15842
f 15881 15880 15879
f 15879 15882 15881
f 15880 15884 15883
f 15883 15879 15880
f 15884 15886 15885
f 15885 15883 15884
f 15886 15881 15882
f 15882 15885 15886
f 15889 15888 15887
f 15887 15890 15889
f 15893 15892 15891
f 15891 15894 15893
f 15897 15896 15895
f 15895 15898 15897
f 15901 15900 15899
f 15899 15902 15901
f 15905 15904 15903
f 15903 15906 15905
f 15909 15908 15907
f 15907 15910 15909
f 15913 15912 15911
f 15911 15914 15913
f 15913 15915 15912
f 15918 15917 15916
f 15916 15919 15918
f 15919 15920 15918
f 15923 15922 15921
f 15921 15924 15923
f 15923 15925 15922
f 15928 15927 15926
f 15926 15929 15928
f 15929 15930 15928
f 15933 15932 15931
f 15931 15934 15933
f 15935 15936 15937
f 15937 15938 15935
f 15936 15939 15940
f 15940 15937 15936
f 15939 15941 15942
f 15942 15940 15939
f 15941 15943 15944
f 15944 15942 15941
f 15943 15945 15946
f 15946 15944 15943
f 15945 15947 15948
f 15948 15946 15945
f 15947 15949 15950
f 15950 15948 15947
f 15949 15951 15952
f 15952 15950 15949
f 15951 15953 15954
f 15954 15952 15951
f 15953 15955 15956
f 15956 15954 15953
f 15955 15957 15958
f 15958 15956 15955
f 15957 15959 15960
f 15960 15958 15957
f 15959 15961 15962
f 15962 15960 15959
f 15961 15963 15964
f 15964 15962 15961
f 15963 15965 15966
f 15966 15964 15963
f 15965 15935 15938
f 15938 15966 15965
f 15969 15968 15967
f 15969 15967 15970
f 15969 15970 15971
f 15969 15971 15972
f 15969 15972 15973
f 15969 15973 15974
f 15969 15974 15975
f 15969 15975 15976
f 15969 15976 15977
f 15969 15977 15978
f 15969 15978 15979
f 15969 15979 15980
f 15969 15980 15981
f 15969 15981 15982
f 15969 15982 15983
f 15969 15983 15968
f 15986 15985 15984
f 15984 15987 15986
f 15990 15989 15988
f 15988 15991 15990
f 15993 15992 15989
f 15989 15990 15993
f 15995 15994 15992
f 15992 15993 15995
f 15997 15996 15994
f 15994 15995 15997
f 15999 15998 15996
f 15996 15997 15999
f 16001 16000 15998
f 15998 15999 16001
f 16003 16002 16000
f 16000 16001 16003
f 16005 16004 16002
f 16002 16003 16005
f 16007 16006 16004
f 16004 16005 16007
f 16009 16008 16006
f 16006 16007 16009
f 16011 16010 16008
f 16008 16009 16011
f 16013 16012 16010
f 16010 16011 16013
f 16015 16014 16012
f 16012 16013 16015
f 16017 16016 16014
f 16014 16015 16017
f 16019 16018 16016
f 16016 16017 16019
f 15991 15988 16018
f 16018 16019 15991
f 16020 16021 16022
f 16022 16023 16020
f 16021 16024 16025
f 16025 16022 16021
f 16024 16026 16027
f 16027 16025 16024
f 16026 16028 16029
f 16029 16027 16026
f 16028 16030 16031
f 16031 16029 16028
f 16030 16032 16033
f 16033 16031 16030
f 16032 16034 16035
f 16035 16033 16032
f 16034 16036 16037
f 16037 16035 16034
f 16036 16038 16039
f 16039 16037 16036
f 16038 16040 16041
f 16041 16039 16038
f 16040 16042 16043
f 16043 16041 16040
f 16042 16044 16045
f 16045 16043 16042
f 16044 16046 16047
f 16047 16045 16044
f 16046 16048 16049
f 16049 16047 16046
f 16048 16050 16051
f 16051 16049 16048
f 16050 16020 16023
f 16023 16051 16050
f 16052 16053 16054
f 16054 16055 16052
f 16055 16054 16056
f 16056 16057 16055
f 16057 16056 16058
f 16058 16059 16057
f 16059 16058 16060
f 16060 16061 16059
f 16061 16060 16062
f 16062 16063 16061
f 16063 16062 16064
f 16064 16065 16063
f 16065 16064 16066
f 16066 16067 16065
f 16067 16066 16068
f 16068 16069 16067
f 16069 16068 16070
f 16070 16071 16069
f 16071 16070 16072
f 16072 16073 16071
f 16073 16072 16074
f 16074 16075 16073
f 16075 16074 16076
f 16076 16077 16075
f 16077 16076 16078
f 16078 16079 16077
f 16079 16078 16080
f 16080 16081 16079
f 16081 16080 16082
f 16082 16083 16081
f 16083 16082 16053
f 16053 16052 16083
f 16022 16085 16084
f 16084 16023 16022
f 16025 16086 16085
f 16085 16022 16025
f 16027 16087 16086
f 16086 16025 16027
f 16029 16088 16087
f 16087 16027 16029
f 16031 16089 16088
f 16088 16029 16031
f 16033 16090 16089
f 16089 16031 16033
f 16035 16091 16090
f 16090 16033 16035
f 16037 16092 16091
f 16091 16035 16037
f 16039 16093 16092
f 16092 16037 16039
f 16041 16094 16093
f 16093 16039 16041
f 16043 16095 16094
f 16094 16041 16043
f 16045 16096 16095
f 16095 16043 16045
f 16047 16097 16096
f 16096 16045 16047
f 16049 16098 16097
f 16097 16047 16049
f 16051 16099 16098
f 16098 16049 16051
f 16023 16084 16099
f 16099 16051 16023
f 16102 16101 16100
f 16105 16104 16103
f 16108 16107 16106
f 16111 16110 16109
f 16102 16100 16112
f 16114 16113 16102
f 16102 16112 16114
f 16112 16100 16115
f 16115 16116 16112
f 16117 16105 16103
f 16119 16118 16105
f 16105 16117 16119
f 16120 16117 16103
f 16103 16121 16120
f 16123 16108 16122
f 16122 16124 16123
f 16108 16106 16122
f 16126 16125 16122
f 16122 16106 16126
f 16111 16109 16127
f 16111 16127 16128
f 16128 16129 16111
f 16127 16109 16130
f 16130 16131 16127
f 16134 16133 16132
f 16137 16136 16135
f 16140 16139 16138
f 16143 16142 16141
f 16134 16132 16144
f 16146 16145 16134
f 16134 16144 16146
f 16144 16132 16147
f 16147 16148 16144
f 16149 16137 16135
f 16151 16150 16137
f 16137 16149 16151
f 16152 16149 16135
f 16135 16153 16152
f 16155 16140 16154
f 16154 16156 16155
f 16140 16138 16154
f 16158 16157 16154
f 16154 16138 16158
f 16143 16141 16159
f 16143 16159 16160
f 16160 16161 16143
f 16159 16141 16162
f 16162 16163 16159
f 16166 16165 16164
f 16164 15991 16166
f 16169 16168 16167
f 16167 16170 16169
f 16167 16172 16171
f 16171 16170 16167
f 16175 16174 16173
f 16173 16176 16175
f 16174 16178 16177
f 16177 16173 16174
f 16180 15997 16179
f 16179 16181 16180
f 16180 16183 16182
f 16182 15997 16180
f 16186 16185 16184
f 16184 16187 16186
f 16184 16189 16188
f 16188 16187 16184
f 16192 16191 16190
f 16190 16193 16192
f 16191 16195 16194
f 16194 16190 16191
f 16197 16196 16005
f 16005 16198 16197
f 16196 16200 16199
f 16199 16005 16196
f 16203 16202 16201
f 16201 16204 16203
f 16202 16206 16205
f 16205 16201 16202
f 16209 16208 16207
f 16207 16210 16209
f 16208 16212 16211
f 16211 16207 16208
f 16214 16013 16213
f 16213 16215 16214
f 16214 16217 16216
f 16216 16013 16214
f 16220 16219 16218
f 16218 16221 16220
f 16219 16223 16222
f 16222 16218 16219
f 16226 16225 16224
f 16224 16227 16226
f 16225 16229 16228
f 16228 16224 16225
f 16230 16166 15991
f 15991 16231 16230
f 16234 16233 16232
f 16232 16235 16234
f 16236 16234 16235
f 16235 16237 16236
f 16238 16239 16240
f 16243 16242 16241
f 16241 16244 16243
f 16245 16243 16244
f 16244 16246 16245
f 16247 16248 16249
f 16252 16251 16250
f 16250 16253 16252
f 16254 16252 16253
f 16253 16255 16254
f 16256 16257 16258
f 16261 16260 16259
f 16259 16262 16261
f 16263 16261 16262
f 16262 16264 16263
f 16265 16266 16267
f 16270 16269 16268
f 16268 16271 16270
f 16274 16273 16272
f 16272 16275 16274
f 16278 16277 16276
f 16276 16279 16278
f 16282 16281 16280
f 16280 16283 16282
f 16286 16285 16284
f 16284 16287 16286
f 16290 16289 16288
f 16288 16291 16290
f 16294 16293 16292
f 16292 16295 16294
f 16298 16297 16296
f 16296 16299 16298
f 16302 16301 16300
f 16300 16303 16302
f 16306 16305 16304
f 16304 16307 16306
f 16310 16309 16308
f 16308 16311 16310
f 16314 16313 16312
f 16312 16315 16314
f 16318 16317 16316
f 16316 16319 16318
f 16322 16321 16320
f 16320 16323 16322
f 16326 16325 16324
f 16324 16327 16326
f 16330 16329 16328
f 16328 16331 16330
f 16332 16333 16334
f 16334 16335 16332
f 16335 16334 16336
f 16336 16337 16335
f 16337 16336 16338
f 16338 16339 16337
f 16339 16338 16340
f 16340 16341 16339
f 16341 16340 16342
f 16342 16343 16341
f 16343 16342 16344
f 16344 16345 16343
f 16345 16344 16346
f 16346 16347 16345
f 16347 16346 16348
f 16348 16349 16347
f 16349 16348 16350
f 16350 16351 16349
f 16351 16350 16352
f 16352 16353 16351
f 16353 16352 16354
f 16354 16355 16353
f 16355 16354 16356
f 16356 16357 16355
f 16357 16356 16358
f 16358 16359 16357
f 16359 16358 16360
f 16360 16361 16359
f 16361 16360 16362
f 16362 16363 16361
f 16363 16362 16333
f 16333 16332 16363
f 16364 16365 16366
f 16366 16367 16364
f 16365 16368 16369
f 16369 16366 16365
f 16368 16370 16371
f 16371 16369 16368
f 16370 16372 16373
f 16373 16371 16370
f 16372 16374 16375
f 16375 16373 16372
f 16374 16376 16377
f 16377 16375 16374
f 16376 16378 16379
f 16379 16377 16376
f 16378 16380 16381
f 16381 16379 16378
f 16380 16382 16383
f 16383 16381 16380
f 16382 16384 16385
f 16385 16383 16382
f 16384 16386 16387
f 16387 16385 16384
f 16386 16388 16389
f 16389 16387 16386
f 16388 16390 16391
f 16391 16389 16388
f 16390 16392 16393
f 16393 16391 16390
f 16392 16394 16395
f 16395 16393 16392
f 16394 16364 16367
f 16367 16395 16394
f 16398 16397 16396
f 16400 16399 16396
f 16396 16397 16400
f 16401 16399 16400
f 16400 16402 16401
f 16403 16401 16402
f 16406 16405 16404
f 16405 16408 16407
f 16407 16404 16405
f 16407 16408 16409
f 16409 16410 16407
f 16403 16410 16409
f 16398 16412 16411
f 16412 16414 16413
f 16413 16411 16412
f 16413 16414 16415
f 16415 16416 16413
f 16417 16416 16415
f 16406 16419 16418
f 16421 16420 16418
f 16418 16419 16421
f 16422 16420 16421
f 16421 16423 16422
f 16417 16422 16423
f 16100 16101 16424
f 16425 16100 16424
f 16105 16425 16424
f 16104 16105 16424
f 16103 16104 16426
f 16427 16103 16426
f 16108 16427 16426
f 16107 16108 16426
f 16106 16107 16428
f 16429 16106 16428
f 16111 16429 16428
f 16110 16111 16428
f 16109 16110 16430
f 16431 16109 16430
f 16102 16431 16430
f 16101 16102 16430
f 16434 16433 16432
f 16432 16435 16434
f 16436 16434 16435
f 16437 16433 16438
f 16438 16439 16437
f 16439 16438 16440
f 16442 16441 16437
f 16437 16443 16442
f 16444 16442 16443
f 16432 16441 16445
f 16445 16446 16432
f 16446 16445 16447
f 16428 16426 16437
f 16437 16441 16428
f 16437 16426 16424
f 16424 16433 16437
f 16433 16424 16430
f 16430 16432 16433
f 16432 16430 16428
f 16428 16441 16432
f 16450 16449 16448
f 16448 16451 16450
f 16452 16450 16451
f 16451 16453 16452
f 16454 16452 16453
f 16453 16455 16454
f 16456 16454 16455
f 16455 16457 16456
f 16458 16456 16457
f 16457 16459 16458
f 16460 16458 16459
f 16459 16461 16460
f 16462 16460 16461
f 16461 16463 16462
f 16464 16462 16463
f 16463 16465 16464
f 16466 16464 16465
f 16465 16467 16466
f 16468 16466 16467
f 16467 16469 16468
f 16470 16468 16469
f 16469 16471 16470
f 16472 16470 16471
f 16471 16473 16472
f 16476 16475 16474
f 16476 16474 16477
f 16476 16477 16478
f 16476 16478 16479
f 16476 16479 16480
f 16476 16480 16481
f 16476 16481 16482
f 16476 16482 16483
f 16476 16483 16484
f 16476 16484 16485
f 16476 16485 16486
f 16476 16486 16487
f 16487 16488 16476
f 16488 16489 16476
f 16489 16490 16476
f 16490 16475 16476
f 16492 16491 16472
f 16472 16473 16492
f 16494 16493 16491
f 16491 16492 16494
f 16496 16495 16493
f 16493 16494 16496
f 16448 16449 16495
f 16495 16496 16448
f 16499 16498 16497
f 16497 16500 16499
f 16501 16499 16500
f 16500 16502 16501
f 16503 16501 16502
f 16502 16504 16503
f 16505 16503 16504
f 16504 16506 16505
f 16507 16505 16506
f 16506 16508 16507
f 16509 16507 16508
f 16508 16510 16509
f 16511 16509 16510
f 16510 16512 16511
f 16513 16511 16512
f 16512 16514 16513
f 16515 16513 16514
f 16514 16516 16515
f 16517 16515 16516
f 16516 16518 16517
f 16519 16517 16518
f 16518 16520 16519
f 16521 16519 16520
f 16520 16522 16521
f 16525 16524 16523
f 16525 16523 16526
f 16525 16526 16527
f 16525 16527 16528
f 16525 16528 16529
f 16525 16529 16530
f 16525 16530 16531
f 16525 16531 16532
f 16525 16532 16533
f 16525 16533 16534
f 16525 16534 16535
f 16525 16535 16536
f 16536 16537 16525
f 16537 16538 16525
f 16538 16539 16525
f 16539 16524 16525
f 16541 16540 16521
f 16521 16522 16541
f 16543 16542 16540
f 16540 16541 16543
f 16545 16544 16542
f 16542 16543 16545
f 16497 16498 16544
f 16544 16545 16497
f 16548 16547 16546
f 16546 16549 16548
f 16550 16548 16549
f 16549 16551 16550
f 16552 16550 16551
f 16551 16553 16552
f 16554 16552 16553
f 16553 16555 16554
f 16556 16554 16555
f 16555 16557 16556
f 16558 16556 16557
f 16557 16559 16558
f 16560 16558 16559
f 16559 16561 16560
f 16562 16560 16561
f 16561 16563 16562
f 16564 16562 16563
f 16563 16565 16564
f 16566 16564 16565
f 16565 16567 16566
f 16568 16566 16567
f 16567 16569 16568
f 16570 16568 16569
f 16569 16571 16570
f 16574 16573 16572
f 16574 16572 16575
f 16574 16575 16576
f 16574 16576 16577
f 16574 16577 16578
f 16574 16578 16579
f 16574 16579 16580
f 16574 16580 16581
f 16574 16581 16582
f 16574 16582 16583
f 16574 16583 16584
f 16574 16584 16585
f 16585 16586 16574
f 16586 16587 16574
f 16587 16588 16574
f 16588 16573 16574
f 16590 16589 16570
f 16570 16571 16590
f 16592 16591 16589
f 16589 16590 16592
f 16594 16593 16591
f 16591 16592 16594
f 16546 16547 16593
f 16593 16594 16546
f 16597 16596 16595
f 16595 16598 16597
f 16599 16597 16598
f 16598 16600 16599
f 16601 16599 16600
f 16600 16602 16601
f 16603 16601 16602
f 16602 16604 16603
f 16605 16603 16604
f 16604 16606 16605
f 16607 16605 16606
f 16606 16608 16607
f 16609 16607 16608
f 16608 16610 16609
f 16611 16609 16610
f 16610 16612 16611
f 16613 16611 16612
f 16612 16614 16613
f 16615 16613 16614
f 16614 16616 16615
f 16617 16615 16616
f 16616 16618 16617
f 16619 16617 16618
f 16618 16620 16619
f 16623 16622 16621
f 16623 16621 16624
f 16623 16624 16625
f 16623 16625 16626
f 16623 16626 16627
f 16623 16627 16628
f 16623 16628 16629
f 16623 16629 16630
f 16623 16630 16631
f 16623 16631 16632
f 16623 16632 16633
f 16623 16633 16634
f 16634 16635 16623
f 16635 16636 16623
f 16636 16637 16623
f 16637 16622 16623
f 16639 16638 16619
f 16619 16620 16639
f 16641 16640 16638
f 16638 16639 16641
f 16643 16642 16640
f 16640 16641 16643
f 16595 16596 16642
f 16642 16643 16595
f 16646 16645 16644
f 16644 16647 16646
f 16648 16494 16645
f 16645 16646 16648
f 16260 16649 16494
f 16494 16648 16260
f 16651 16650 16649
f 16649 16260 16651
f 16653 16652 16650
f 16650 16651 16653
f 16654 16543 16652
f 16652 16653 16654
f 16251 16655 16543
f 16543 16654 16251
f 16657 16656 16655
f 16655 16251 16657
f 16659 16658 16656
f 16656 16657 16659
f 16660 16641 16658
f 16658 16659 16660
f 16242 16661 16641
f 16641 16660 16242
f 16663 16662 16661
f 16661 16242 16663
f 16665 16664 16662
f 16662 16663 16665
f 16666 16592 16664
f 16664 16665 16666
f 16233 16667 16592
f 16592 16666 16233
f 16647 16644 16667
f 16667 16233 16647
f 16670 16669 16668
f 16668 16671 16670
f 16673 16672 16669
f 16669 16670 16673
f 16675 16674 16672
f 16672 16673 16675
f 16677 16676 16674
f 16674 16675 16677
f 16679 16678 16676
f 16676 16677 16679
f 16681 16680 16678
f 16678 16679 16681
f 16683 16682 16680
f 16680 16681 16683
f 16685 16684 16682
f 16682 16683 16685
f 16687 16686 16684
f 16684 16685 16687
f 16689 16688 16686
f 16686 16687 16689
f 16691 16690 16688
f 16688 16689 16691
f 16693 16692 16690
f 16690 16691 16693
f 16695 16694 16692
f 16692 16693 16695
f 16697 16696 16694
f 16694 16695 16697
f 16699 16698 16696
f 16696 16697 16699
f 16671 16668 16698
f 16698 16699 16671
f 16700 16701 16702
f 16702 16703 16700
f 16701 16704 16705
f 16705 16702 16701
f 16704 16706 16707
f 16707 16705 16704
f 16706 16708 16709
f 16709 16707 16706
f 16708 16710 16711
f 16711 16709 16708
f 16710 16712 16713
f 16713 16711 16710
f 16712 16714 16715
f 16715 16713 16712
f 16714 16716 16717
f 16717 16715 16714
f 16716 16718 16719
f 16719 16717 16716
f 16718 16720 16721
f 16721 16719 16718
f 16720 16722 16723
f 16723 16721 16720
f 16722 16724 16725
f 16725 16723 16722
f 16724 16726 16727
f 16727 16725 16724
f 16726 16728 16729
f 16729 16727 16726
f 16728 16730 16731
f 16731 16729 16728
f 16730 16700 16703
f 16703 16731 16730
f 16732 16733 16734
f 16734 16735 16732
f 16735 16734 16736
f 16736 16737 16735
f 16737 16736 16738
f 16738 16739 16737
f 16739 16738 16740
f 16740 16741 16739
f 16741 16740 16742
f 16742 16743 16741
f 16743 16742 16744
f 16744 16745 16743
f 16745 16744 16746
f 16746 16747 16745
f 16747 16746 16748
f 16748 16749 16747
f 16749 16748 16750
f 16750 16751 16749
f 16751 16750 16752
f 16752 16753 16751
f 16753 16752 16754
f 16754 16755 16753
f 16755 16754 16756
f 16756 16757 16755
f 16757 16756 16758
f 16758 16759 16757
f 16759 16758 16760
f 16760 16761 16759
f 16761 16760 16762
f 16762 16763 16761
f 16763 16762 16733
f 16733 16732 16763
f 16702 16765 16764
f 16764 16703 16702
f 16705 16766 16765
f 16765 16702 16705
f 16707 16767 16766
f 16766 16705 16707
f 16709 16768 16767
f 16767 16707 16709
f 16711 16769 16768
f 16768 16709 16711
f 16713 16770 16769
f 16769 16711 16713
f 16715 16771 16770
f 16770 16713 16715
f 16717 16772 16771
f 16771 16715 16717
f 16719 16773 16772
f 16772 16717 16719
f 16721 16774 16773
f 16773 16719 16721
f 16723 16775 16774
f 16774 16721 16723
f 16725 16776 16775
f 16775 16723 16725
f 16727 16777 16776
f 16776 16725 16727
f 16729 16778 16777
f 16777 16727 16729
f 16731 16779 16778
f 16778 16729 16731
f 16703 16764 16779
f 16779 16731 16703
f 16782 16781 16780
f 16785 16784 16783
f 16788 16787 16786
f 16791 16790 16789
f 16782 16780 16792
f 16794 16793 16782
f 16782 16792 16794
f 16792 16780 16795
f 16795 16796 16792
f 16797 16785 16783
f 16799 16798 16785
f 16785 16797 16799
f 16800 16797 16783
f 16783 16801 16800
f 16803 16788 16802
f 16802 16804 16803
f 16788 16786 16802
f 16806 16805 16802
f 16802 16786 16806
f 16791 16789 16807
f 16791 16807 16808
f 16808 16809 16791
f 16807 16789 16810
f 16810 16811 16807
f 16814 16813 16812
f 16817 16816 16815
f 16820 16819 16818
f 16823 16822 16821
f 16814 16812 16824
f 16826 16825 16814
f 16814 16824 16826
f 16824 16812 16827
f 16827 16828 16824
f 16829 16817 16815
f 16831 16830 16817
f 16817 16829 16831
f 16832 16829 16815
f 16815 16833 16832
f 16835 16820 16834
f 16834 16836 16835
f 16820 16818 16834
f 16838 16837 16834
f 16834 16818 16838
f 16823 16821 16839
f 16823 16839 16840
f 16840 16841 16823
f 16839 16821 16842
f 16842 16843 16839
f 16846 16845 16844
f 16844 16671 16846
f 16849 16848 16847
f 16847 16850 16849
f 16847 16852 16851
f 16851 16850 16847
f 16855 16854 16853
f 16853 16856 16855
f 16854 16858 16857
f 16857 16853 16854
f 16860 16677 16859
f 16859 16861 16860
f 16860 16863 16862
f 16862 16677 16860
f 16866 16865 16864
f 16864 16867 16866
f 16864 16869 16868
f 16868 16867 16864
f 16872 16871 16870
f 16870 16873 16872
f 16871 16875 16874
f 16874 16870 16871
f 16877 16876 16685
f 16685 16878 16877
f 16876 16880 16879
f 16879 16685 16876
f 16883 16882 16881
f 16881 16884 16883
f 16882 16886 16885
f 16885 16881 16882
f 16889 16888 16887
f 16887 16890 16889
f 16888 16892 16891
f 16891 16887 16888
f 16894 16693 16893
f 16893 16895 16894
f 16894 16897 16896
f 16896 16693 16894
f 16900 16899 16898
f 16898 16901 16900
f 16899 16903 16902
f 16902 16898 16899
f 16906 16905 16904
f 16904 16907 16906
f 16905 16909 16908
f 16908 16904 16905
f 16910 16846 16671
f 16671 16911 16910
f 16914 16913 16912
f 16912 16915 16914
f 16916 16914 16915
f 16915 16917 16916
f 16918 16919 16920
f 16923 16922 16921
f 16921 16924 16923
f 16925 16923 16924
f 16924 16926 16925
f 16927 16928 16929
f 16932 16931 16930
f 16930 16933 16932
f 16934 16932 16933
f 16933 16935 16934
f 16936 16937 16938
f 16941 16940 16939
f 16939 16942 16941
f 16943 16941 16942
f 16942 16944 16943
f 16945 16946 16947
f 16950 16949 16948
f 16948 16951 16950
f 16954 16953 16952
f 16952 16955 16954
f 16958 16957 16956
f 16956 16959 16958
f 16962 16961 16960
f 16960 16963 16962
f 16966 16965 16964
f 16964 16967 16966
f 16970 16969 16968
f 16968 16971 16970
f 16974 16973 16972
f 16972 16975 16974
f 16978 16977 16976
f 16976 16979 16978
f 16982 16981 16980
f 16980 16983 16982
f 16986 16985 16984
f 16984 16987 16986
f 16990 16989 16988
f 16988 16991 16990
f 16994 16993 16992
f 16992 16995 16994
f 16998 16997 16996
f 16996 16999 16998
f 17002 17001 17000
f 17000 17003 17002
f 17006 17005 17004
f 17004 17007 17006
f 17010 17009 17008
f 17008 17011 17010
f 17012 17013 17014
f 17014 17015 17012
f 17015 17014 17016
f 17016 17017 17015
f 17017 17016 17018
f 17018 17019 17017
f 17019 17018 17020
f 17020 17021 17019
f 17021 17020 17022
f 17022 17023 17021
f 17023 17022 17024
f 17024 17025 17023
f 17025 17024 17026
f 17026 17027 17025
f 17027 17026 17028
f 17028 17029 17027
f 17029 17028 17030
f 17030 17031 17029
f 17031 17030 17032
f 17032 17033 17031
f 17033 17032 17034
f 17034 17035 17033
f 17035 17034 17036
f 17036 17037 17035
f 17037 17036 17038
f 17038 17039 17037
f 17039 17038 17040
f 17040 17041 17039
f 17041 17040 17042
f 17042 17043 17041
f 17043 17042 17013
f 17013 17012 17043
f 17044 17045 17046
f 17046 17047 17044
f 17045 17048 17049
f 17049 17046 17045
f 17048 17050 17051
f 17051 17049 17048
f 17050 17052 17053
f 17053 17051 17050
f 17052 17054 17055
f 17055 17053 17052
f 17054 17056 17057
f 17057 17055 17054
f 17056 17058 17059
f 17059 17057 17056
f 17058 17060 17061
f 17061 17059 17058
f 17060 17062 17063
f 17063 17061 17060
f 17062 17064 17065
f 17065 17063 17062
f 17064 17066 17067
f 17067 17065 17064
f 17066 17068 17069
f 17069 17067 17066
f 17068 17070 17071
f 17071 17069 17068
f 17070 17072 17073
f 17073 17071 17070
f 17072 17074 17075
f 17075 17073 17072
f 17074 17044 17047
f 17047 17075 17074
f 17078 17077 17076
f 17080 17079 17076
f 17076 17077 17080
f 17081 17079 17080
f 17080 17082 17081
f 17083 17081 17082
f 17086 17085 17084
f 17085 17088 17087
f 17087 17084 17085
f 17087 17088 17089
f 17089 17090 17087
f 17083 17090 17089
f 17078 17092 17091
f 17092 17094 17093
f 17093 17091 17092
f 17093 17094 17095
f 17095 17096 17093
f 17097 17096 17095
f 17086 17099 17098
f 17101 17100 17098
f 17098 17099 17101
f 17102 17100 17101
f 17101 17103 17102
f 17097 17102 17103
f 16780 16781 17104
f 17105 16780 17104
f 16785 17105 17104
f 16784 16785 17104
f 16783 16784 17106
f 17107 16783 17106
f 16788 17107 17106
f 16787 16788 17106
f 16786 16787 17108
f 17109 16786 17108
f 16791 17109 17108
f 16790 16791 17108
f 16789 16790 17110
f 17111 16789 17110
f 16782 17111 17110
f 16781 16782 17110
f 17114 17113 17112
f 17112 17115 17114
f 17116 17114 17115
f 17117 17113 17118
f 17118 17119 17117
f 17119 17118 17120
f 17122 17121 17117
f 17117 17123 17122
f 17124 17122 17123
f 17112 17121 17125
f 17125 17126 17112
f 17126 17125 17127
f 17108 17106 17117
f 17117 17121 17108
f 17117 17106 17104
f 17104 17113 17117
f 17113 17104 17110
f 17110 17112 17113
f 17112 17110 17108
f 17108 17121 17112
f 17130 17129 17128
f 17128 17131 17130
f 17132 17130 17131
f 17131 17133 17132
f 17134 17132 17133
f 17133 17135 17134
f 17136 17134 17135
f 17135 17137 17136
f 17138 17136 17137
f 17137 17139 17138
f 17140 17138 17139
f 17139 17141 17140
f 17142 17140 17141
f 17141 17143 17142
f 17144 17142 17143
f 17143 17145 17144
f 17146 17144 17145
f 17145 17147 17146
f 17148 17146 17147
f 17147 17149 17148
f 17150 17148 17149
f 17149 17151 17150
f 17152 17150 17151
f 17151 17153 17152
f 17156 17155 17154
f 17156 17154 17157
f 17156 17157 17158
f 17156 17158 17159
f 17156 17159 17160
f 17156 17160 17161
f 17156 17161 17162
f 17156 17162 17163
f 17156 17163 17164
f 17156 17164 17165
f 17156 17165 17166
f 17156 17166 17167
f 17167 17168 17156
f 17168 17169 17156
f 17169 17170 17156
f 17170 17155 17156
f 17172 17171 17152
f 17152 17153 17172
f 17174 17173 17171
f 17171 17172 17174
f 17176 17175 17173
f 17173 17174 17176
f 17128 17129 17175
f 17175 17176 17128
f 17179 17178 17177
f 17177 17180 17179
f 17181 17179 17180
f 17180 17182 17181
f 17183 17181 17182
f 17182 17184 17183
f 17185 17183 17184
f 17184 17186 17185
f 17187 17185 17186
f 17186 17188 17187
f 17189 17187 17188
f 17188 17190 17189
f 17191 17189 17190
f 17190 17192 17191
f 17193 17191 17192
f 17192 17194 17193
f 17195 17193 17194
f 17194 17196 17195
f 17197 17195 17196
f 17196 17198 17197
f 17199 17197 17198
f 17198 17200 17199
f 17201 17199 17200
f 17200 17202 17201
f 17205 17204 17203
f 17205 17203 17206
f 17205 17206 17207
f 17205 17207 17208
f 17205 17208 17209
f 17205 17209 17210
f 17205 17210 17211
f 17205 17211 17212
f 17205 17212 17213
f 17205 17213 17214
f 17205 17214 17215
f 17205 17215 17216
f 17216 17217 17205
f 17217 17218 17205
f 17218 17219 17205
f 17219 17204 17205
f 17221 17220 17201
f 17201 17202 17221
f 17223 17222 17220
f 17220 17221 17223
f 17225 17224 17222
f 17222 17223 17225
f 17177 17178 17224
f 17224 17225 17177
f 17228 17227 17226
f 17226 17229 17228
f 17230 17228 17229
f 17229 17231 17230
f 17232 17230 17231
f 17231 17233 17232
f 17234 17232 17233
f 17233 17235 17234
f 17236 17234 17235
f 17235 17237 17236
f 17238 17236 17237
f 17237 17239 17238
f 17240 17238 17239
f 17239 17241 17240
f 17242 17240 17241
f 17241 17243 17242
f 17244 17242 17243
f 17243 17245 17244
f 17246 17244 17245
f 17245 17247 17246
f 17248 17246 17247
f 17247 17249 17248
f 17250 17248 17249
f 17249 17251 17250
f 17254 17253 17252
f 17254 17252 17255
f 17254 17255 17256
f 17254 17256 17257
f 17254 17257 17258
f 17254 17258 17259
f 17254 17259 17260
f 17254 17260 17261
f 17254 17261 17262
f 17254 17262 17263
f 17254 17263 17264
f 17254 17264 17265
f 17265 17266 17254
f 17266 17267 17254
f 17267 17268 17254
f 17268 17253 17254
f 17270 17269 17250
f 17250 17251 17270
f 17272 17271 17269
f 17269 17270 17272
f 17274 17273 17271
f 17271 17272 17274
f 17226 17227 17273
f 17273 17274 17226
f 17277 17276 17275
f 17275 17278 17277
f 17279 17277 17278
f 17278 17280 17279
f 17281 17279 17280
f 17280 17282 17281
f 17283 17281 17282
f 17282 17284 17283
f 17285 17283 17284
f 17284 17286 17285
f 17287 17285 17286
f 17286 17288 17287
f 17289 17287 17288
f 17288 17290 17289
f 17291 17289 17290
f 17290 17292 17291
f 17293 17291 17292
f 17292 17294 17293
f 17295 17293 17294
f 17294 17296 17295
f 17297 17295 17296
f 17296 17298 17297
f 17299 17297 17298
f 17298 17300 17299
f 17303 17302 17301
f 17303 17301 17304
f 17303 17304 17305
f 17303 17305 17306
f 17303 17306 17307
f 17303 17307 17308
f 17303 17308 17309
f 17303 17309 17310
f 17303 17310 17311
f 17303 17311 17312
f 17303 17312 17313
f 17303 17313 17314
f 17314 17315 17303
f 17315 17316 17303
f 17316 17317 17303
f 17317 17302 17303
f 17319 17318 17299
f 17299 17300 17319
f 17321 17320 17318
f 17318 17319 17321
f 17323 17322 17320
f 17320 17321 17323
f 17275 17276 17322
f 17322 17323 17275
f 17326 17325 17324
f 17324 17327 17326
f 17328 17174 17325
f 17325 17326 17328
f 16940 17329 17174
f 17174 17328 16940
f 17331 17330 17329
f 17329 16940 17331
f 17333 17332 17330
f 17330 17331 17333
f 17334 17223 17332
f 17332 17333 17334
f 16931 17335 17223
f 17223 17334 16931
f 17337 17336 17335
f 17335 16931 17337
f 17339 17338 17336
f 17336 17337 17339
f 17340 17321 17338
f 17338 17339 17340
f 16922 17341 17321
f 17321 17340 16922
f 17343 17342 17341
f 17341 16922 17343
f 17345 17344 17342
f 17342 17343 17345
f 17346 17272 17344
f 17344 17345 17346
f 16913 17347 17272
f 17272 17346 16913
f 17327 17324 17347
f 17347 16913 17327
f 17350 17349 17348
f 17348 17351 17350
f 17353 17352 17349
f 17349 17350 17353
f 17355 17354 17352
f 17352 17353 17355
f 17357 17356 17354
f 17354 17355 17357
f 17359 17358 17356
f 17356 17357 17359
f 17361 17360 17358
f 17358 17359 17361
f 17363 17362 17360
f 17360 17361 17363
f 17365 17364 17362
f 17362 17363 17365
f 17367 17366 17364
f 17364 17365 17367
f 17369 17368 17366
f 17366 17367 17369
f 17371 17370 17368
f 17368 17369 17371
f 17373 17372 17370
f 17370 17371 17373
f 17375 17374 17372
f 17372 17373 17375
f 17377 17376 17374
f 17374 17375 17377
f 17379 17378 17376
f 17376 17377 17379
f 17351 17348 17378
f 17378 17379 17351
f 17380 17381 17382
f 17382 17383 17380
f 17381 17384 17385
f 17385 17382 17381
f 17384 17386 17387
f 17387 17385 17384
f 17386 17388 17389
f 17389 17387 17386
f 17388 17390 17391
f 17391 17389 17388
f 17390 17392 17393
f 17393 17391 17390
f 17392 17394 17395
f 17395 17393 17392
f 17394 17396 17397
f 17397 17395 17394
f 17396 17398 17399
f 17399 17397 17396
f 17398 17400 17401
f 17401 17399 17398
f 17400 17402 17403
f 17403 17401 17400
f 17402 17404 17405
f 17405 17403 17402
f 17404 17406 17407
f 17407 17405 17404
f 17406 17408 17409
f 17409 17407 17406
f 17408 17410 17411
f 17411 17409 17408
f 17410 17380 17383
f 17383 17411 17410
f 17412 17413 17414
f 17414 17415 17412
f 17415 17414 17416
f 17416 17417 17415
f 17417 17416 17418
f 17418 17419 17417
f 17419 17418 17420
f 17420 17421 17419
f 17421 17420 17422
f 17422 17423 17421
f 17423 17422 17424
f 17424 17425 17423
f 17425 17424 17426
f 17426 17427 17425
f 17427 17426 17428
f 17428 17429 17427
f 17429 17428 17430
f 17430 17431 17429
f 17431 17430 17432
f 17432 17433 17431
f 17433 17432 17434
f 17434 17435 17433
f 17435 17434 17436
f 17436 17437 17435
f 17437 17436 17438
f 17438 17439 17437
f 17439 17438 17440
f 17440 17441 17439
f 17441 17440 17442
f 17442 17443 17441
f 17443 17442 17413
f 17413 17412 17443
f 17446 17445 17444
f 17448 17447 17445
f 17445 17446 17448
f 17450 17449 17447
f 17447 17448 17450
f 17452 17451 17449
f 17449 17450 17452
f 17444 17453 17454
f 17453 17455 17456
f 17456 17454 17453
f 17455 17457 17458
f 17458 17456 17455
f 17457 17459 17460
f 17460 17458 17457
f 17351 17452 17461
f 17461 17350 17351
f 17350 17461 17462
f 17462 17353 17350
f 17353 17462 17463
f 17463 17355 17353
f 17355 17463 17464
f 17464 17357 17355
f 17357 17464 17465
f 17465 17359 17357
f 17359 17465 17466
f 17466 17361 17359
f 17361 17466 17467
f 17467 17363 17361
f 17363 17467 17460
f 17460 17365 17363
f 17449 17451 17351
f 17351 17379 17449
f 17447 17449 17379
f 17379 17377 17447
f 17445 17447 17377
f 17377 17375 17445
f 17444 17445 17375
f 17375 17373 17444
f 17453 17444 17373
f 17373 17371 17453
f 17455 17453 17371
f 17371 17369 17455
f 17457 17455 17369
f 17369 17367 17457
f 17459 17457 17367
f 17367 17365 17459
f 17468 17469 17470
f 17469 17471 17472
f 17472 17470 17469
f 17471 17473 17474
f 17474 17472 17471
f 17473 17475 17476
f 17476 17474 17473
f 17478 17477 17468
f 17480 17479 17477
f 17477 17478 17480
f 17482 17481 17479
f 17479 17480 17482
f 17484 17483 17481
f 17481 17482 17484
f 17485 17476 17383
f 17383 17382 17485
f 17486 17485 17382
f 17382 17385 17486
f 17487 17486 17385
f 17385 17387 17487
f 17488 17487 17387
f 17387 17389 17488
f 17489 17488 17389
f 17389 17391 17489
f 17490 17489 17391
f 17391 17393 17490
f 17491 17490 17393
f 17393 17395 17491
f 17484 17491 17395
f 17395 17397 17484
f 17383 17475 17473
f 17473 17411 17383
f 17411 17473 17471
f 17471 17409 17411
f 17409 17471 17469
f 17469 17407 17409
f 17407 17469 17468
f 17468 17405 17407
f 17405 17468 17477
f 17477 17403 17405
f 17403 17477 17479
f 17479 17401 17403
f 17401 17479 17481
f 17481 17399 17401
f 17399 17481 17483
f 17483 17397 17399
f 17494 17493 17492
f 17492 17495 17494
f 17493 17497 17496
f 17496 17492 17493
f 17497 17499 17498
f 17498 17496 17497
f 17499 17494 17495
f 17495 17498 17499
f 17502 17501 17500
f 17500 17503 17502
f 17506 17505 17504
f 17504 17507 17506
f 17510 17509 17508
f 17508 17511 17510
f 17514 17513 17512
f 17512 17515 17514
f 17518 17517 17516
f 17516 17519 17518
f 17522 17521 17520
f 17520 17523 17522
f 17526 17525 17524
f 17524 17527 17526
f 17526 17528 17525
f 17531 17530 17529
f 17529 17532 17531
f 17532 17533 17531
f 17536 17535 17534
f 17534 17537 17536
f 17536 17538 17535
f 17541 17540 17539
f 17539 17542 17541
f 17542 17543 17541
f 17546 17545 17544
f 17544 17547 17546
f 17548 17549 17550
f 17550 17551 17548
f 17549 17552 17553
f 17553 17550 17549
f 17552 17554 17555
f 17555 17553 17552
f 17554 17556 17557
f 17557 17555 17554
f 17556 17558 17559
f 17559 17557 17556
f 17558 17560 17561
f 17561 17559 17558
f 17560 17562 17563
f 17563 17561 17560
f 17562 17564 17565
f 17565 17563 17562
f 17564 17566 17567
f 17567 17565 17564
f 17566 17568 17569
f 17569 17567 17566
f 17568 17570 17571
f 17571 17569 17568
f 17570 17572 17573
f 17573 17571 17570
f 17572 17574 17575
f 17575 17573 17572
f 17574 17576 17577
f 17577 17575 17574
f 17576 17578 17579
f 17579 17577 17576
f 17578 17548 17551
f 17551 17579 17578
f 17582 17581 17580
f 17582 17580 17583
f 17582 17583 17584
f 17582 17584 17585
f 17582 17585 17586
f 17582 17586 17587
f 17582 17587 17588
f 17582 17588 17589
f 17582 17589 17590
f 17582 17590 17591
f 17582 17591 17592
f 17582 17592 17593
f 17582 17593 17594
f 17582 17594 17595
f 17582 17595 17596
f 17582 17596 17581
f 17597 17598 17599
f 17599 17600 17597
f 17598 17601 17602
f 17602 17599 17598
f 17601 17603 17604
f 17604 17602 17601
f 17603 17605 17606
f 17606 17604 17603
f 17605 17607 17608
f 17608 17606 17605
f 17607 17609 17610
f 17610 17608 17607
f 17609 17611 17612
f 17612 17610 17609
f 17611 17613 17614
f 17614 17612 17611
f 17613 17615 17616
f 17616 17614 17613
f 17615 17617 17618
f 17618 17616 17615
f 17617 17619 17620
f 17620 17618 17617
f 17619 17621 17622
f 17622 17620 17619
f 17621 17623 17624
f 17624 17622 17621
f 17623 17625 17626
f 17626 17624 17623
f 17625 17627 17628
f 17628 17626 17625
f 17627 17597 17600
f 17600 17628 17627
f 17631 17630 17629
f 17631 17629 17632
f 17631 17632 17633
f 17631 17633 17634
f 17631 17634 17635
f 17631 17635 17636
f 17631 17636 17637
f 17631 17637 17638
f 17631 17638 17639
f 17631 17639 17640
f 17631 17640 17641
f 17631 17641 17642
f 17631 17642 17643
f 17631 17643 17644
f 17631 17644 17645
f 17631 17645 17630
f 17648 17647 17646
f 17646 17649 17648
f 17652 17651 17650
f 17650 17653 17652
f 17655 17654 17651
f 17651 17652 17655
f 17657 17656 17654
f 17654 17655 17657
f 17659 17658 17656
f 17656 17657 17659
f 17661 17660 17658
f 17658 17659 17661
f 17663 17662 17660
f 17660 17661 17663
f 17665 17664 17662
f 17662 17663 17665
f 17667 17666 17664
f 17664 17665 17667
f 17669 17668 17666
f 17666 17667 17669
f 17671 17670 17668
f 17668 17669 17671
f 17673 17672 17670
f 17670 17671 17673
f 17675 17674 17672
f 17672 17673 17675
f 17677 17676 17674
f 17674 17675 17677
f 17679 17678 17676
f 17676 17677 17679
f 17681 17680 17678
f 17678 17679 17681
f 17653 17650 17680
f 17680 17681 17653
f 17682 17683 17684
f 17684 17685 17682
f 17683 17686 17687
f 17687 17684 17683
f 17686 17688 17689
f 17689 17687 17686
f 17688 17690 17691
f 17691 17689 17688
f 17690 17692 17693
f 17693 17691 17690
f 17692 17694 17695
f 17695 17693 17692
f 17694 17696 17697
f 17697 17695 17694
f 17696 17698 17699
f 17699 17697 17696
f 17698 17700 17701
f 17701 17699 17698
f 17700 17702 17703
f 17703 17701 17700
f 17702 17704 17705
f 17705 17703 17702
f 17704 17706 17707
f 17707 17705 17704
f 17706 17708 17709
f 17709 17707 17706
f 17708 17710 17711
f 17711 17709 17708
f 17710 17712 17713
f 17713 17711 17710
f 17712 17682 17685
f 17685 17713 17712
f 17714 17715 17716
f 17716 17717 17714
f 17717 17716 17718
f 17718 17719 17717
f 17719 17718 17720
f 17720 17721 17719
f 17721 17720 17722
f 17722 17723 17721
f 17723 17722 17724
f 17724 17725 17723
f 17725 17724 17726
f 17726 17727 17725
f 17727 17726 17728
f 17728 17729 17727
f 17729 17728 17730
f 17730 17731 17729
f 17731 17730 17732
f 17732 17733 17731
f 17733 17732 17734
f 17734 17735 17733
f 17735 17734 17736
f 17736 17737 17735
f 17737 17736 17738
f 17738 17739 17737
f 17739 17738 17740
f 17740 17741 17739
f 17741 17740 17742
f 17742 17743 17741
f 17743 17742 17744
f 17744 17745 17743
f 17745 17744 17715
f 17715 17714 17745
f 17748 17747 17746
f 17750 17749 17747
f 17747 17748 17750
f 17752 17751 17749
f 17749 17750 17752
f 17754 17753 17751
f 17751 17752 17754
f 17746 17755 17756
f 17755 17757 17758
f 17758 17756 17755
f 17757 17759 17760
f 17760 17758 17757
f 17759 17761 17762
f 17762 17760 17759
f 17653 17754 17763
f 17763 17652 17653
f 17652 17763 17764
f 17764 17655 17652
f 17655 17764 17765
f 17765 17657 17655
f 17657 17765 17766
f 17766 17659 17657
f 17659 17766 17767
f 17767 17661 17659
f 17661 17767 17768
f 17768 17663 17661
f 17663 17768 17769
f 17769 17665 17663
f 17665 17769 17762
f 17762 17667 17665
f 17751 17753 17653
f 17653 17681 17751
f 17749 17751 17681
f 17681 17679 17749
f 17747 17749 17679
f 17679 17677 17747
f 17746 17747 17677
f 17677 17675 17746
f 17755 17746 17675
f 17675 17673 17755
f 17757 17755 17673
f 17673 17671 17757
f 17759 17757 17671
f 17671 17669 17759
f 17761 17759 17669
f 17669 17667 17761
f 17770 17771 17772
f 17771 17773 17774
f 17774 17772 17771
f 17773 17775 17776
f 17776 17774 17773
f 17775 17777 17778
f 17778 17776 17775
f 17780 17779 17770
f 17782 17781 17779
f 17779 17780 17782
f 17784 17783 17781
f 17781 17782 17784
f 17786 17785 17783
f 17783 17784 17786
f 17787 17778 17685
f 17685 17684 17787
f 17788 17787 17684
f 17684 17687 17788
f 17789 17788 17687
f 17687 17689 17789
f 17790 17789 17689
f 17689 17691 17790
f 17791 17790 17691
f 17691 17693 17791
f 17792 17791 17693
f 17693 17695 17792
f 17793 17792 17695
f 17695 17697 17793
f 17786 17793 17697
f 17697 17699 17786
f 17685 17777 17775
f 17775 17713 17685
f 17713 17775 17773
f 17773 17711 17713
f 17711 17773 17771
f 17771 17709 17711
f 17709 17771 17770
f 17770 17707 17709
f 17707 17770 17779
f 17779 17705 17707
f 17705 17779 17781
f 17781 17703 17705
f 17703 17781 17783
f 17783 17701 17703
f 17701 17783 17785
f 17785 17699 17701
f 17796 17795 17794
f 17794 17797 17796
f 17795 17799 17798
f 17798 17794 17795
f 17799 17801 17800
f 17800 17798 17799
f 17801 17796 17797
f 17797 17800 17801
f 17804 17803 17802
f 17802 17805 17804
f 17808 17807 17806
f 17806 17809 17808
f 17812 17811 17810
f 17810 17813 17812
f 17816 17815 17814
f 17814 17817 17816
f 17820 17819 17818
f 17818 17821 17820
f 17824 17823 17822
f 17822 17825 17824
f 17828 17827 17826
f 17826 17829 17828
f 17828 17830 17827
f 17833 17832 17831
f 17831 17834 17833
f 17834 17835 17833
f 17838 17837 17836
f 17836 17839 17838
f 17838 17840 17837
f 17843 17842 17841
f 17841 17844 17843
f 17844 17845 17843
f 17848 17847 17846
f 17846 17849 17848
f 17850 17851 17852
f 17852 17853 17850
f 17851 17854 17855
f 17855 17852 17851
f 17854 17856 17857
f 17857 17855 17854
f 17856 17858 17859
f 17859 17857 17856
f 17858 17860 17861
f 17861 17859 17858
f 17860 17862 17863
f 17863 17861 17860
f 17862 17864 17865
f 17865 17863 17862
f 17864 17866 17867
f 17867 17865 17864
f 17866 17868 17869
f 17869 17867 17866
f 17868 17870 17871
f 17871 17869 17868
f 17870 17872 17873
f 17873 17871 17870
f 17872 17874 17875
f 17875 17873 17872
f 17874 17876 17877
f 17877 17875 17874
f 17876 17878 17879
f 17879 17877 17876
f 17878 17880 17881
f 17881 17879 17878
f 17880 17850 17853
f 17853 17881 17880
f 17884 17883 17882
f 17884 17882 17885
f 17884 17885 17886
f 17884 17886 17887
f 17884 17887 17888
f 17884 17888 17889
f 17884 17889 17890
f 17884 17890 17891
f 17884 17891 17892
f 17884 17892 17893
f 17884 17893 17894
f 17884 17894 17895
f 17884 17895 17896
f 17884 17896 17897
f 17884 17897 17898
f 17884 17898 17883
f 17899 17900 17901
f 17901 17902 17899
f 17900 17903 17904
f 17904 17901 17900
f 17903 17905 17906
f 17906 17904 17903
f 17905 17907 17908
f 17908 17906 17905
f 17907 17909 17910
f 17910 17908 17907
f 17909 17911 17912
f 17912 17910 17909
f 17911 17913 17914
f 17914 17912 17911
f 17913 17915 17916
f 17916 17914 17913
f 17915 17917 17918
f 17918 17916 17915
f 17917 17919 17920
f 17920 17918 17917
f 17919 17921 17922
f 17922 17920 17919
f 17921 17923 17924
f 17924 17922 17921
f 17923 17925 17926
f 17926 17924 17923
f 17925 17927 17928
f 17928 17926 17925
f 17927 17929 17930
f 17930 17928 17927
f 17929 17899 17902
f 17902 17930 17929
f 17933 17932 17931
f 17933 17931 17934
f 17933 17934 17935
f 17933 17935 17936
f 17933 17936 17937
f 17933 17937 17938
f 17933 17938 17939
f 17933 17939 17940
f 17933 17940 17941
f 17933 17941 17942
f 17933 17942 17943
f 17933 17943 17944
f 17933 17944 17945
f 17933 17945 17946
f 17933 17946 17947
f 17933 17947 17932
f 17950 17949 17948
f 17948 17951 17950
